  0
SECTION
  2
HEADER
  9
$ANGBASE
  50
0.0
  9
$ANGDIR
  70
1
  9
$MEASUREMENT
  70
1
  0
ENDSEC
  0
SECTION
  2
TABLES
  0
TABLE
  2
LTYPE
  70
4
  0
LTYPE
  5
40F
  2
CONTINUOUS
  70
0
  3
Solid line
  72
65
  73
0
  40
0.0
  0
LTYPE
  5
410
  2
DASHDOT
 70
0
  3
Dash Dot ____ _ ____ _
 72
65
 73
4
 40
2.0
 49
1.25
 49
-0.25
 49
0.25
 49
-0.25
  0
LTYPE
  5
411
  2
DASHED
 70
0
  3
Dashed __ __ __ __ __
 72
65
 73
2
 40
0.75
 49
0.5
 49
-0.25
  0
LTYPE
  5
43B
  2
DOTTED
 70
0
  3
Dotted .  .  .  .
 72
65
 73
2
 40
0.2
 49
0.0
 49
-0.2
  0
ENDTAB
  0
TABLE
  2
STYLE
  70
4
  0
STYLE
  2
KICAD
  70
0
  40
0
  41
1
  42
1
  50
0
  71
0
  3
isocp.shx
  0
STYLE
  2
KICADB
  70
0
  40
0
  41
1
  42
1
  50
0
  71
0
  3
isocp.shx
  0
STYLE
  2
KICADI
  70
0
  40
0
  41
1
  42
1
  50
15
  71
0
  3
isocp.shx
  0
STYLE
  2
KICADBI
  70
0
  40
0
  41
1
  42
1
  50
15
  71
0
  3
isocp.shx
  0
ENDTAB
  0
TABLE
  2
LAYER
  70
1
  0
LAYER
  2
BLACK
  70
0
  62
7
  6
CONTINUOUS
  0
ENDTAB
  0
ENDSEC
  0
SECTION
  2
ENTITIES
0
LINE
8
BLACK
6
CONTINUOUS
10
99.4124029999999976
20
-95.2989180000000005
11
99.4610660000000024
21
-95.3314340000000016
0
LINE
8
BLACK
6
CONTINUOUS
10
99.4610660000000024
20
-95.3314340000000016
11
99.4935819999999893
21
-95.3800969999999921
0
LINE
8
BLACK
6
CONTINUOUS
10
99.4935819999999893
20
-95.3800969999999921
11
99.5049999999999955
21
-95.4375
0
LINE
8
BLACK
6
CONTINUOUS
10
99.5049999999999955
20
-95.4375
11
99.5049999999999955
21
-96.4624999999999915
0
LINE
8
BLACK
6
CONTINUOUS
10
99.5049999999999955
20
-96.4624999999999915
11
99.4935819999999893
21
-96.5199029999999993
0
LINE
8
BLACK
6
CONTINUOUS
10
99.4935819999999893
20
-96.5199029999999993
11
99.4610660000000024
21
-96.5685659999999899
0
LINE
8
BLACK
6
CONTINUOUS
10
99.4610660000000024
20
-96.5685659999999899
11
99.4549999999999983
21
-96.5726189999999889
0
LINE
8
BLACK
6
CONTINUOUS
10
99.4549999999999983
20
-96.5726189999999889
11
99.4549999999999983
21
-97.2049999999999983
0
LINE
8
BLACK
6
CONTINUOUS
10
99.4549999999999983
20
-97.2049999999999983
11
99.6349859999999978
21
-97.2049999999999983
0
LINE
8
BLACK
6
CONTINUOUS
10
99.6349859999999978
20
-97.2049999999999983
11
99.6505789999999934
21
-97.1266129999999919
0
LINE
8
BLACK
6
CONTINUOUS
10
99.6505789999999934
20
-97.1266129999999919
11
99.702061999999998
21
-97.0495619999999946
0
LINE
8
BLACK
6
CONTINUOUS
10
99.702061999999998
20
-97.0495619999999946
11
99.7791129999999953
21
-96.9980789999999899
0
LINE
8
BLACK
6
CONTINUOUS
10
99.7791129999999953
20
-96.9980789999999899
11
99.8699999999999903
21
-96.9799999999999898
0
LINE
8
BLACK
6
CONTINUOUS
10
99.8699999999999903
20
-96.9799999999999898
11
100.3699999999999903
21
-96.9799999999999898
0
LINE
8
BLACK
6
CONTINUOUS
10
100.3699999999999903
20
-96.9799999999999898
11
100.4608869999999996
21
-96.9980789999999899
0
LINE
8
BLACK
6
CONTINUOUS
10
100.4608869999999996
20
-96.9980789999999899
11
100.5379379999999969
21
-97.0495619999999946
0
LINE
8
BLACK
6
CONTINUOUS
10
100.5379379999999969
20
-97.0495619999999946
11
100.5894210000000015
21
-97.1266129999999919
0
LINE
8
BLACK
6
CONTINUOUS
10
100.5894210000000015
20
-97.1266129999999919
11
100.6075000000000017
21
-97.2175000000000011
0
LINE
8
BLACK
6
CONTINUOUS
10
100.6075000000000017
20
-97.2175000000000011
11
100.6075000000000017
21
-97.6924999999999955
0
LINE
8
BLACK
6
CONTINUOUS
10
100.6075000000000017
20
-97.6924999999999955
11
100.5894210000000015
21
-97.7833869999999905
0
LINE
8
BLACK
6
CONTINUOUS
10
100.5894210000000015
20
-97.7833869999999905
11
100.5379379999999969
21
-97.860438000000002
0
LINE
8
BLACK
6
CONTINUOUS
10
100.5379379999999969
20
-97.860438000000002
11
100.4608869999999996
21
-97.9119209999999924
0
LINE
8
BLACK
6
CONTINUOUS
10
100.4608869999999996
20
-97.9119209999999924
11
100.3699999999999903
21
-97.9299999999999926
0
LINE
8
BLACK
6
CONTINUOUS
10
100.3699999999999903
20
-97.9299999999999926
11
99.8699999999999903
21
-97.9299999999999926
0
LINE
8
BLACK
6
CONTINUOUS
10
99.8699999999999903
20
-97.9299999999999926
11
99.7791129999999953
21
-97.9119209999999924
0
LINE
8
BLACK
6
CONTINUOUS
10
99.7791129999999953
20
-97.9119209999999924
11
99.702061999999998
21
-97.860438000000002
0
LINE
8
BLACK
6
CONTINUOUS
10
99.702061999999998
20
-97.860438000000002
11
99.6505789999999934
21
-97.7833869999999905
0
LINE
8
BLACK
6
CONTINUOUS
10
99.6505789999999934
20
-97.7833869999999905
11
99.6349859999999978
21
-97.7049999999999983
0
LINE
8
BLACK
6
CONTINUOUS
10
99.6349859999999978
20
-97.7049999999999983
11
99.4549999999999983
21
-97.7049999999999983
0
LINE
8
BLACK
6
CONTINUOUS
10
99.4549999999999983
20
-97.7049999999999983
11
99.4549999999999983
21
-99.8649999999999949
0
LINE
8
BLACK
6
CONTINUOUS
10
99.4549999999999983
20
-99.8649999999999949
11
99.7849999999999966
21
-99.8649999999999949
0
LINE
8
BLACK
6
CONTINUOUS
10
99.7849999999999966
20
-99.8649999999999949
11
99.7849999999999966
21
-100.0849999999999937
0
LINE
8
BLACK
6
CONTINUOUS
10
99.7849999999999966
20
-100.0849999999999937
11
100.5549859999999995
21
-100.0849999999999937
0
LINE
8
BLACK
6
CONTINUOUS
10
100.5549859999999995
20
-100.0849999999999937
11
100.5705789999999951
21
-100.0066130000000015
0
LINE
8
BLACK
6
CONTINUOUS
10
100.5705789999999951
20
-100.0066130000000015
11
100.6220619999999997
21
-99.92956199999999
0
LINE
8
BLACK
6
CONTINUOUS
10
100.6220619999999997
20
-99.92956199999999
11
100.699112999999997
21
-99.8780789999999996
0
LINE
8
BLACK
6
CONTINUOUS
10
100.699112999999997
20
-99.8780789999999996
11
100.789999999999992
21
-99.8599999999999994
0
LINE
8
BLACK
6
CONTINUOUS
10
100.789999999999992
20
-99.8599999999999994
11
101.3900000000000006
21
-99.8599999999999994
0
LINE
8
BLACK
6
CONTINUOUS
10
101.3900000000000006
20
-99.8599999999999994
11
101.4808869999999956
21
-99.8780789999999996
0
LINE
8
BLACK
6
CONTINUOUS
10
101.4808869999999956
20
-99.8780789999999996
11
101.5579379999999929
21
-99.92956199999999
0
LINE
8
BLACK
6
CONTINUOUS
10
101.5579379999999929
20
-99.92956199999999
11
101.6094209999999975
21
-100.0066130000000015
0
LINE
8
BLACK
6
CONTINUOUS
10
101.6094209999999975
20
-100.0066130000000015
11
101.6274999999999977
21
-100.0974999999999966
0
LINE
8
BLACK
6
CONTINUOUS
10
101.6274999999999977
20
-100.0974999999999966
11
101.6274999999999977
21
-100.5724999999999909
0
LINE
8
BLACK
6
CONTINUOUS
10
101.6274999999999977
20
-100.5724999999999909
11
101.6094209999999975
21
-100.6633870000000002
0
LINE
8
BLACK
6
CONTINUOUS
10
101.6094209999999975
20
-100.6633870000000002
11
101.5579379999999929
21
-100.7404379999999975
0
LINE
8
BLACK
6
CONTINUOUS
10
101.5579379999999929
20
-100.7404379999999975
11
101.4808869999999956
21
-100.7919210000000021
0
LINE
8
BLACK
6
CONTINUOUS
10
101.4808869999999956
20
-100.7919210000000021
11
101.3900000000000006
21
-100.8100000000000023
0
LINE
8
BLACK
6
CONTINUOUS
10
101.3900000000000006
20
-100.8100000000000023
11
100.789999999999992
21
-100.8100000000000023
0
LINE
8
BLACK
6
CONTINUOUS
10
100.789999999999992
20
-100.8100000000000023
11
100.699112999999997
21
-100.7919210000000021
0
LINE
8
BLACK
6
CONTINUOUS
10
100.699112999999997
20
-100.7919210000000021
11
100.6220619999999997
21
-100.7404379999999975
0
LINE
8
BLACK
6
CONTINUOUS
10
100.6220619999999997
20
-100.7404379999999975
11
100.5705789999999951
21
-100.6633870000000002
0
LINE
8
BLACK
6
CONTINUOUS
10
100.5705789999999951
20
-100.6633870000000002
11
100.5549859999999995
21
-100.5849999999999937
0
LINE
8
BLACK
6
CONTINUOUS
10
100.5549859999999995
20
-100.5849999999999937
11
99.7849999999999966
21
-100.5849999999999937
0
LINE
8
BLACK
6
CONTINUOUS
10
99.7849999999999966
20
-100.5849999999999937
11
99.7849999999999966
21
-100.8649999999999949
0
LINE
8
BLACK
6
CONTINUOUS
10
99.7849999999999966
20
-100.8649999999999949
11
98.7849999999999966
21
-100.8649999999999949
0
LINE
8
BLACK
6
CONTINUOUS
10
98.7849999999999966
20
-100.8649999999999949
11
98.7849999999999966
21
-99.8649999999999949
0
LINE
8
BLACK
6
CONTINUOUS
10
98.7849999999999966
20
-99.8649999999999949
11
98.9549999999999983
21
-99.8649999999999949
0
LINE
8
BLACK
6
CONTINUOUS
10
98.9549999999999983
20
-99.8649999999999949
11
98.9549999999999983
21
-97.3449999999999989
0
LINE
8
BLACK
6
CONTINUOUS
10
98.9549999999999983
20
-97.3449999999999989
11
98.9549999999999983
21
-96.5726189999999889
0
LINE
8
BLACK
6
CONTINUOUS
10
98.9549999999999983
20
-96.5726189999999889
11
98.9489339999999942
21
-96.5685659999999899
0
LINE
8
BLACK
6
CONTINUOUS
10
98.9489339999999942
20
-96.5685659999999899
11
98.9164179999999931
21
-96.5199029999999993
0
LINE
8
BLACK
6
CONTINUOUS
10
98.9164179999999931
20
-96.5199029999999993
11
98.9050000000000011
21
-96.4624999999999915
0
LINE
8
BLACK
6
CONTINUOUS
10
98.9050000000000011
20
-96.4624999999999915
11
98.9050000000000011
21
-95.4375
0
LINE
8
BLACK
6
CONTINUOUS
10
98.9050000000000011
20
-95.4375
11
98.9164179999999931
21
-95.3800969999999921
0
LINE
8
BLACK
6
CONTINUOUS
10
98.9164179999999931
20
-95.3800969999999921
11
98.9489339999999942
21
-95.3314340000000016
0
LINE
8
BLACK
6
CONTINUOUS
10
98.9489339999999942
20
-95.3314340000000016
11
98.997596999999999
21
-95.2989180000000005
0
LINE
8
BLACK
6
CONTINUOUS
10
98.997596999999999
20
-95.2989180000000005
11
99.0549999999999926
21
-95.2874999999999943
0
LINE
8
BLACK
6
CONTINUOUS
10
99.0549999999999926
20
-95.2874999999999943
11
99.3549999999999898
21
-95.2874999999999943
0
LINE
8
BLACK
6
CONTINUOUS
10
99.3549999999999898
20
-95.2874999999999943
11
99.4124029999999976
21
-95.2989180000000005
0
LINE
8
BLACK
6
CONTINUOUS
10
124.3075389999999913
20
-90.0351849999999985
11
124.3532939999999911
21
-90.0879889999999932
0
LINE
8
BLACK
6
CONTINUOUS
10
124.3532939999999911
20
-90.0879889999999932
11
124.3644999999999925
21
-90.1394999999999982
0
LINE
8
BLACK
6
CONTINUOUS
10
124.3644999999999925
20
-90.1394999999999982
11
124.3644999999999925
21
-90.9345029999999923
0
LINE
8
BLACK
6
CONTINUOUS
10
124.3644999999999925
20
-90.9345029999999923
11
124.344814999999997
21
-91.0015420000000006
0
LINE
8
BLACK
6
CONTINUOUS
10
124.344814999999997
20
-91.0015420000000006
11
124.292010999999988
21
-91.0472970000000004
0
LINE
8
BLACK
6
CONTINUOUS
10
124.292010999999988
20
-91.0472970000000004
11
124.2257180000000005
21
-91.0576190000000025
0
LINE
8
BLACK
6
CONTINUOUS
10
124.2257180000000005
20
-91.0576190000000025
11
124.1856509999999929
21
-91.0528079999999989
0
LINE
8
BLACK
6
CONTINUOUS
10
124.1856509999999929
20
-91.0528079999999989
11
124.1581019999999995
21
-91.0494999999999948
0
LINE
8
BLACK
6
CONTINUOUS
10
124.1581019999999995
20
-91.0494999999999948
11
123.1218979999999874
21
-91.0494999999999948
0
LINE
8
BLACK
6
CONTINUOUS
10
123.1218979999999874
20
-91.0494999999999948
11
123.0828530000000001
21
-91.0541879999999964
0
LINE
8
BLACK
6
CONTINUOUS
10
123.0828530000000001
20
-91.0541879999999964
11
123.0334379999999896
21
-91.0601219999999927
0
LINE
8
BLACK
6
CONTINUOUS
10
123.0334379999999896
20
-91.0601219999999927
11
122.8926559999999881
21
-91.1156390000000016
0
LINE
8
BLACK
6
CONTINUOUS
10
122.8926559999999881
20
-91.1156390000000016
11
122.7720769999999959
21
-91.2070769999999982
0
LINE
8
BLACK
6
CONTINUOUS
10
122.7720769999999959
20
-91.2070769999999982
11
122.6806389999999993
21
-91.3276559999999904
0
LINE
8
BLACK
6
CONTINUOUS
10
122.6806389999999993
20
-91.3276559999999904
11
122.6251219999999904
21
-91.4684379999999919
0
LINE
8
BLACK
6
CONTINUOUS
10
122.6251219999999904
20
-91.4684379999999919
11
122.6198419999999913
21
-91.5124129999999951
0
LINE
8
BLACK
6
CONTINUOUS
10
122.6198419999999913
20
-91.5124129999999951
11
122.6144999999999925
21
-91.5568979999999897
0
LINE
8
BLACK
6
CONTINUOUS
10
122.6144999999999925
20
-91.5568979999999897
11
122.6144999999999925
21
-93.0431019999999904
0
LINE
8
BLACK
6
CONTINUOUS
10
122.6144999999999925
20
-93.0431019999999904
11
122.6201259999999991
21
-93.0899539999999917
0
LINE
8
BLACK
6
CONTINUOUS
10
122.6201259999999991
20
-93.0899539999999917
11
122.6251219999999904
21
-93.1315609999999907
0
LINE
8
BLACK
6
CONTINUOUS
10
122.6251219999999904
20
-93.1315609999999907
11
122.6251219999999904
21
-93.1315629999999999
0
LINE
8
BLACK
6
CONTINUOUS
10
122.6251219999999904
20
-93.1315629999999999
11
122.6251229999999879
21
-93.1315639999999973
0
LINE
8
BLACK
6
CONTINUOUS
10
122.6251229999999879
20
-93.1315639999999973
11
122.6280249999999938
21
-93.1389229999999912
0
LINE
8
BLACK
6
CONTINUOUS
10
122.6280249999999938
20
-93.1389229999999912
11
122.6806389999999993
21
-93.2723429999999922
0
LINE
8
BLACK
6
CONTINUOUS
10
122.6806389999999993
20
-93.2723429999999922
11
122.7720769999999959
21
-93.3929219999999987
0
LINE
8
BLACK
6
CONTINUOUS
10
122.7720769999999959
20
-93.3929219999999987
11
122.8670749999999998
21
-93.4649610000000024
0
LINE
8
BLACK
6
CONTINUOUS
10
122.8670749999999998
20
-93.4649610000000024
11
122.8926579999999973
21
-93.4843609999999927
0
LINE
8
BLACK
6
CONTINUOUS
10
122.8926579999999973
20
-93.4843609999999927
11
122.910987999999989
21
-93.4915889999999905
0
LINE
8
BLACK
6
CONTINUOUS
10
122.910987999999989
20
-93.4915889999999905
11
122.9661319999999876
21
-93.5344929999999977
0
LINE
8
BLACK
6
CONTINUOUS
10
122.9661319999999876
20
-93.5344929999999977
11
122.9893269999999887
21
-93.6004009999999909
0
LINE
8
BLACK
6
CONTINUOUS
10
122.9893269999999887
20
-93.6004009999999909
11
122.9894999999999925
21
-93.6069439999999986
0
LINE
8
BLACK
6
CONTINUOUS
10
122.9894999999999925
20
-93.6069439999999986
11
122.9894999999999925
21
-93.6999359999999939
0
LINE
8
BLACK
6
CONTINUOUS
10
122.9894999999999925
20
-93.6999359999999939
11
122.969814999999997
21
-93.7669750000000022
0
LINE
8
BLACK
6
CONTINUOUS
10
122.969814999999997
20
-93.7669750000000022
11
122.917010999999988
21
-93.812730000000002
0
LINE
8
BLACK
6
CONTINUOUS
10
122.917010999999988
20
-93.812730000000002
11
122.8478530000000006
21
-93.8226739999999921
0
LINE
8
BLACK
6
CONTINUOUS
10
122.8478530000000006
20
-93.8226739999999921
11
122.8200099999999964
21
-93.815291000000002
0
LINE
8
BLACK
6
CONTINUOUS
10
122.8200099999999964
20
-93.815291000000002
11
122.7105880000000013
21
-93.7721399999999932
0
LINE
8
BLACK
6
CONTINUOUS
10
122.7105880000000013
20
-93.7721399999999932
11
122.6672419999999875
21
-93.7669349999999895
0
LINE
8
BLACK
6
CONTINUOUS
10
122.6672419999999875
20
-93.7669349999999895
11
122.6261439999999965
21
-93.7620000000000005
0
LINE
8
BLACK
6
CONTINUOUS
10
122.6261439999999965
20
-93.7620000000000005
11
121.6938559999999967
21
-93.7620000000000005
0
LINE
8
BLACK
6
CONTINUOUS
10
121.6938559999999967
20
-93.7620000000000005
11
121.6558409999999952
21
-93.7665649999999999
0
LINE
8
BLACK
6
CONTINUOUS
10
121.6558409999999952
20
-93.7665649999999999
11
121.6094109999999944
21
-93.7721399999999932
0
LINE
8
BLACK
6
CONTINUOUS
10
121.6094109999999944
20
-93.7721399999999932
11
121.4750229999999931
21
-93.8251360000000005
0
LINE
8
BLACK
6
CONTINUOUS
10
121.4750229999999931
20
-93.8251360000000005
11
121.3599209999999999
21
-93.9124209999999948
0
LINE
8
BLACK
6
CONTINUOUS
10
121.3599209999999999
20
-93.9124209999999948
11
121.2726359999999914
21
-94.0275230000000022
0
LINE
8
BLACK
6
CONTINUOUS
10
121.2726359999999914
20
-94.0275230000000022
11
121.2196399999999983
21
-94.1619109999999893
0
LINE
8
BLACK
6
CONTINUOUS
10
121.2196399999999983
20
-94.1619109999999893
11
121.2140649999999908
21
-94.2083409999999901
0
LINE
8
BLACK
6
CONTINUOUS
10
121.2140649999999908
20
-94.2083409999999901
11
121.2094999999999914
21
-94.2463559999999916
0
LINE
8
BLACK
6
CONTINUOUS
10
121.2094999999999914
20
-94.2463559999999916
11
121.2094999999999914
21
-94.7786439999999999
0
LINE
8
BLACK
6
CONTINUOUS
10
121.2094999999999914
20
-94.7786439999999999
11
121.2138509999999911
21
-94.814871999999994
0
LINE
8
BLACK
6
CONTINUOUS
10
121.2138509999999911
20
-94.814871999999994
11
121.2196399999999983
21
-94.8630879999999905
0
LINE
8
BLACK
6
CONTINUOUS
10
121.2196399999999983
20
-94.8630879999999905
11
121.2726359999999914
21
-94.9974759999999918
0
LINE
8
BLACK
6
CONTINUOUS
10
121.2726359999999914
20
-94.9974759999999918
11
121.3599209999999999
21
-95.1125779999999992
0
LINE
8
BLACK
6
CONTINUOUS
10
121.3599209999999999
20
-95.1125779999999992
11
121.4750229999999931
21
-95.1998629999999935
0
LINE
8
BLACK
6
CONTINUOUS
10
121.4750229999999931
20
-95.1998629999999935
11
121.4750239999999906
21
-95.1998629999999935
0
LINE
8
BLACK
6
CONTINUOUS
10
121.4750239999999906
20
-95.1998629999999935
11
121.475024999999988
21
-95.1998639999999909
0
LINE
8
BLACK
6
CONTINUOUS
10
121.475024999999988
20
-95.1998639999999909
11
121.6094099999999969
21
-95.2528590000000008
0
LINE
8
BLACK
6
CONTINUOUS
10
121.6094099999999969
20
-95.2528590000000008
11
121.6938559999999967
21
-95.262999999999991
0
LINE
8
BLACK
6
CONTINUOUS
10
121.6938559999999967
20
-95.262999999999991
11
121.6938619999999958
21
-95.262999999999991
0
LINE
8
BLACK
6
CONTINUOUS
10
121.6938619999999958
20
-95.262999999999991
11
122.6261379999999974
21
-95.262999999999991
0
LINE
8
BLACK
6
CONTINUOUS
10
122.6261379999999974
20
-95.262999999999991
11
122.6261439999999965
21
-95.262999999999991
0
LINE
8
BLACK
6
CONTINUOUS
10
122.6261439999999965
20
-95.262999999999991
11
122.7105899999999963
21
-95.2528590000000008
0
LINE
8
BLACK
6
CONTINUOUS
10
122.7105899999999963
20
-95.2528590000000008
11
122.8449749999999909
21
-95.1998639999999909
0
LINE
8
BLACK
6
CONTINUOUS
10
122.8449749999999909
20
-95.1998639999999909
11
122.8603589999999883
21
-95.1881979999999999
0
LINE
8
BLACK
6
CONTINUOUS
10
122.8603589999999883
20
-95.1881979999999999
11
122.9256699999999967
21
-95.1633729999999929
0
LINE
8
BLACK
6
CONTINUOUS
10
122.9256699999999967
20
-95.1633729999999929
11
122.9352859999999907
21
-95.1629999999999967
0
LINE
8
BLACK
6
CONTINUOUS
10
122.9352859999999907
20
-95.1629999999999967
11
123.704070999999999
21
-95.1629999999999967
0
LINE
8
BLACK
6
CONTINUOUS
10
123.704070999999999
20
-95.1629999999999967
11
123.8303389999999951
21
-95.1378830000000022
0
LINE
8
BLACK
6
CONTINUOUS
10
123.8303389999999951
20
-95.1378830000000022
11
123.8545309999999944
21
-95.1354999999999933
0
LINE
8
BLACK
6
CONTINUOUS
10
123.8545309999999944
20
-95.1354999999999933
11
124.089618999999999
21
-95.1354999999999933
0
LINE
8
BLACK
6
CONTINUOUS
10
124.089618999999999
20
-95.1354999999999933
11
124.1112320000000011
21
-95.1329039999999964
0
LINE
8
BLACK
6
CONTINUOUS
10
124.1112320000000011
20
-95.1329039999999964
11
124.1760769999999923
21
-95.1251169999999888
0
LINE
8
BLACK
6
CONTINUOUS
10
124.1760769999999923
20
-95.1251169999999888
11
124.1950089999999989
21
-95.1176499999999976
0
LINE
8
BLACK
6
CONTINUOUS
10
124.1950089999999989
20
-95.1176499999999976
11
124.2645959999999974
21
-95.1113689999999963
0
LINE
8
BLACK
6
CONTINUOUS
10
124.2645959999999974
20
-95.1113689999999963
11
124.3265320000000003
21
-95.1437049999999971
0
LINE
8
BLACK
6
CONTINUOUS
10
124.3265320000000003
20
-95.1437049999999971
11
124.3611539999999991
21
-95.2043939999999935
0
LINE
8
BLACK
6
CONTINUOUS
10
124.3611539999999991
20
-95.2043939999999935
11
124.3644999999999925
21
-95.2330049999999915
0
LINE
8
BLACK
6
CONTINUOUS
10
124.3644999999999925
20
-95.2330049999999915
11
124.3644999999999925
21
-97.8256559999999951
0
LINE
8
BLACK
6
CONTINUOUS
10
124.3644999999999925
20
-97.8256559999999951
11
124.344814999999997
21
-97.8926949999999891
0
LINE
8
BLACK
6
CONTINUOUS
10
124.344814999999997
20
-97.8926949999999891
11
124.292010999999988
21
-97.9384499999999889
0
LINE
8
BLACK
6
CONTINUOUS
10
124.292010999999988
20
-97.9384499999999889
11
124.2239819999999924
21
-97.9482309999999927
0
LINE
8
BLACK
6
CONTINUOUS
10
124.2239819999999924
20
-97.9482309999999927
11
124.2239709999999917
21
-97.948330999999996
0
LINE
8
BLACK
6
CONTINUOUS
10
124.2239709999999917
20
-97.948330999999996
11
124.2235999999999905
21
-97.948285999999996
0
LINE
8
BLACK
6
CONTINUOUS
10
124.2235999999999905
20
-97.948285999999996
11
124.2228530000000006
21
-97.9483939999999933
0
LINE
8
BLACK
6
CONTINUOUS
10
124.2228530000000006
20
-97.9483939999999933
11
124.2203019999999896
21
-97.947890000000001
0
LINE
8
BLACK
6
CONTINUOUS
10
124.2203019999999896
20
-97.947890000000001
11
124.129618999999991
21
-97.9369999999999976
0
LINE
8
BLACK
6
CONTINUOUS
10
124.129618999999991
20
-97.9369999999999976
11
124.1296179999999936
21
-97.9369999999999976
0
LINE
8
BLACK
6
CONTINUOUS
10
124.1296179999999936
20
-97.9369999999999976
11
123.5703819999999951
21
-97.9369999999999976
0
LINE
8
BLACK
6
CONTINUOUS
10
123.5703819999999951
20
-97.9369999999999976
11
123.5703809999999976
21
-97.9369999999999976
0
LINE
8
BLACK
6
CONTINUOUS
10
123.5703809999999976
20
-97.9369999999999976
11
123.4839249999999993
21
-97.9473819999999904
0
LINE
8
BLACK
6
CONTINUOUS
10
123.4839249999999993
20
-97.9473819999999904
11
123.4839239999999876
21
-97.9473819999999904
0
LINE
8
BLACK
6
CONTINUOUS
10
123.4839239999999876
20
-97.9473819999999904
11
123.3819249999999954
21
-97.9876050000000021
0
LINE
8
BLACK
6
CONTINUOUS
10
123.3819249999999954
20
-97.9876050000000021
11
123.3463419999999928
21
-98.0016379999999998
0
LINE
8
BLACK
6
CONTINUOUS
10
123.3463419999999928
20
-98.0016379999999998
11
123.3463409999999953
21
-98.0016379999999998
0
LINE
8
BLACK
6
CONTINUOUS
10
123.3463409999999953
20
-98.0016379999999998
11
123.3463399999999979
21
-98.0016389999999973
0
LINE
8
BLACK
6
CONTINUOUS
10
123.3463399999999979
20
-98.0016389999999973
11
123.2701050000000009
21
-98.0594490000000008
0
LINE
8
BLACK
6
CONTINUOUS
10
123.2701050000000009
20
-98.0594490000000008
11
123.2047939999999926
21
-98.0842710000000011
0
LINE
8
BLACK
6
CONTINUOUS
10
123.2047939999999926
20
-98.0842710000000011
11
123.1364299999999901
21
-98.0698419999999942
0
LINE
8
BLACK
6
CONTINUOUS
10
123.1364299999999901
20
-98.0698419999999942
11
123.086718999999988
21
-98.0207439999999934
0
LINE
8
BLACK
6
CONTINUOUS
10
123.086718999999988
20
-98.0207439999999934
11
123.0714439999999996
21
-97.9525649999999928
0
LINE
8
BLACK
6
CONTINUOUS
10
123.0714439999999996
20
-97.9525649999999928
11
123.0798249999999996
21
-97.9151589999999885
0
LINE
8
BLACK
6
CONTINUOUS
10
123.0798249999999996
20
-97.9151589999999885
11
123.1003589999999974
21
-97.8630899999999997
0
LINE
8
BLACK
6
CONTINUOUS
10
123.1003589999999974
20
-97.8630899999999997
11
123.1104999999999876
21
-97.7786439999999999
0
LINE
8
BLACK
6
CONTINUOUS
10
123.1104999999999876
20
-97.7786439999999999
11
123.1104999999999876
21
-97.2463559999999916
0
LINE
8
BLACK
6
CONTINUOUS
10
123.1104999999999876
20
-97.2463559999999916
11
123.1003589999999974
21
-97.1619099999999918
0
LINE
8
BLACK
6
CONTINUOUS
10
123.1003589999999974
20
-97.1619099999999918
11
123.0473639999999875
21
-97.0275249999999971
0
LINE
8
BLACK
6
CONTINUOUS
10
123.0473639999999875
20
-97.0275249999999971
11
123.0473629999999901
21
-97.0275239999999997
0
LINE
8
BLACK
6
CONTINUOUS
10
123.0473629999999901
20
-97.0275239999999997
11
123.0473629999999901
21
-97.0275230000000022
0
LINE
8
BLACK
6
CONTINUOUS
10
123.0473629999999901
20
-97.0275230000000022
11
122.9600779999999958
21
-96.9124209999999948
0
LINE
8
BLACK
6
CONTINUOUS
10
122.9600779999999958
20
-96.9124209999999948
11
122.8449759999999884
21
-96.8251360000000005
0
LINE
8
BLACK
6
CONTINUOUS
10
122.8449759999999884
20
-96.8251360000000005
11
122.7105880000000013
21
-96.7721399999999932
0
LINE
8
BLACK
6
CONTINUOUS
10
122.7105880000000013
20
-96.7721399999999932
11
122.6672419999999875
21
-96.7669349999999895
0
LINE
8
BLACK
6
CONTINUOUS
10
122.6672419999999875
20
-96.7669349999999895
11
122.6261439999999965
21
-96.7620000000000005
0
LINE
8
BLACK
6
CONTINUOUS
10
122.6261439999999965
20
-96.7620000000000005
11
121.6938559999999967
21
-96.7620000000000005
0
LINE
8
BLACK
6
CONTINUOUS
10
121.6938559999999967
20
-96.7620000000000005
11
121.6558409999999952
21
-96.7665649999999999
0
LINE
8
BLACK
6
CONTINUOUS
10
121.6558409999999952
20
-96.7665649999999999
11
121.6094109999999944
21
-96.7721399999999932
0
LINE
8
BLACK
6
CONTINUOUS
10
121.6094109999999944
20
-96.7721399999999932
11
121.4750229999999931
21
-96.8251360000000005
0
LINE
8
BLACK
6
CONTINUOUS
10
121.4750229999999931
20
-96.8251360000000005
11
121.3599209999999999
21
-96.9124209999999948
0
LINE
8
BLACK
6
CONTINUOUS
10
121.3599209999999999
20
-96.9124209999999948
11
121.2726359999999914
21
-97.0275230000000022
0
LINE
8
BLACK
6
CONTINUOUS
10
121.2726359999999914
20
-97.0275230000000022
11
121.2196399999999983
21
-97.1619109999999893
0
LINE
8
BLACK
6
CONTINUOUS
10
121.2196399999999983
20
-97.1619109999999893
11
121.2140649999999908
21
-97.2083409999999901
0
LINE
8
BLACK
6
CONTINUOUS
10
121.2140649999999908
20
-97.2083409999999901
11
121.2094999999999914
21
-97.2463559999999916
0
LINE
8
BLACK
6
CONTINUOUS
10
121.2094999999999914
20
-97.2463559999999916
11
121.2094999999999914
21
-97.7786439999999999
0
LINE
8
BLACK
6
CONTINUOUS
10
121.2094999999999914
20
-97.7786439999999999
11
121.2145960000000002
21
-97.8210770000000025
0
LINE
8
BLACK
6
CONTINUOUS
10
121.2145960000000002
20
-97.8210770000000025
11
121.2196399999999983
21
-97.8630879999999905
0
LINE
8
BLACK
6
CONTINUOUS
10
121.2196399999999983
20
-97.8630879999999905
11
121.2726359999999914
21
-97.9974759999999918
0
LINE
8
BLACK
6
CONTINUOUS
10
121.2726359999999914
20
-97.9974759999999918
11
121.3599209999999999
21
-98.1125779999999992
0
LINE
8
BLACK
6
CONTINUOUS
10
121.3599209999999999
20
-98.1125779999999992
11
121.3756429999999966
21
-98.1244999999999976
0
LINE
8
BLACK
6
CONTINUOUS
10
121.3756429999999966
20
-98.1244999999999976
11
121.4604250000000008
21
-98.1887919999999923
0
LINE
8
BLACK
6
CONTINUOUS
10
121.4604250000000008
20
-98.1887919999999923
11
121.5019479999999987
21
-98.2449840000000023
0
LINE
8
BLACK
6
CONTINUOUS
10
121.5019479999999987
20
-98.2449840000000023
11
121.5094999999999885
21
-98.2875959999999935
0
LINE
8
BLACK
6
CONTINUOUS
10
121.5094999999999885
20
-98.2875959999999935
11
121.5094999999999885
21
-98.405943999999991
0
LINE
8
BLACK
6
CONTINUOUS
10
121.5094999999999885
20
-98.405943999999991
11
121.4956679999999949
21
-98.4611649999999941
0
LINE
8
BLACK
6
CONTINUOUS
10
121.4956679999999949
20
-98.4611649999999941
11
121.4958659999999924
21
-98.4612470000000002
0
LINE
8
BLACK
6
CONTINUOUS
10
121.4958659999999924
20
-98.4612470000000002
11
121.4953139999999934
21
-98.4625779999999935
0
LINE
8
BLACK
6
CONTINUOUS
10
121.4953139999999934
20
-98.4625779999999935
11
121.4948599999999885
21
-98.4643930000000012
0
LINE
8
BLACK
6
CONTINUOUS
10
121.4948599999999885
20
-98.4643930000000012
11
121.4935389999999984
21
-98.4668640000000011
0
LINE
8
BLACK
6
CONTINUOUS
10
121.4935389999999984
20
-98.4668640000000011
11
121.4935349999999943
21
-98.4668709999999976
0
LINE
8
BLACK
6
CONTINUOUS
10
121.4935349999999943
20
-98.4668709999999976
11
121.4935349999999943
21
-98.4668729999999925
0
LINE
8
BLACK
6
CONTINUOUS
10
121.4935349999999943
20
-98.4668729999999925
11
121.4926849999999945
21
-98.4689249999999987
0
LINE
8
BLACK
6
CONTINUOUS
10
121.4926849999999945
20
-98.4689249999999987
11
121.4502069999999918
21
-98.5714739999999949
0
LINE
8
BLACK
6
CONTINUOUS
10
121.4502069999999918
20
-98.5714739999999949
11
121.4233279999999979
21
-98.6117009999999965
0
LINE
8
BLACK
6
CONTINUOUS
10
121.4233279999999979
20
-98.6117009999999965
11
121.3377929999999907
21
-98.6972359999999895
0
LINE
8
BLACK
6
CONTINUOUS
10
121.3377929999999907
20
-98.6972359999999895
11
121.2924149999999912
21
-98.8000059999999962
0
LINE
8
BLACK
6
CONTINUOUS
10
121.2924149999999912
20
-98.8000059999999962
11
121.2924149999999912
21
-98.8000079999999912
0
LINE
8
BLACK
6
CONTINUOUS
10
121.2924149999999912
20
-98.8000079999999912
11
121.2894999999999897
21
-98.8251309999999989
0
LINE
8
BLACK
6
CONTINUOUS
10
121.2894999999999897
20
-98.8251309999999989
11
121.2894999999999897
21
-99.9148560000000003
0
LINE
8
BLACK
6
CONTINUOUS
10
121.2894999999999897
20
-99.9148560000000003
11
121.2895019999999988
21
-99.9148819999999915
0
LINE
8
BLACK
6
CONTINUOUS
10
121.2895019999999988
20
-99.9148819999999915
11
121.2924129999999963
21
-99.9399870000000021
0
LINE
8
BLACK
6
CONTINUOUS
10
121.2924129999999963
20
-99.9399870000000021
11
121.2924149999999912
21
-99.939990999999992
0
LINE
8
BLACK
6
CONTINUOUS
10
121.2924149999999912
20
-99.939990999999992
11
121.3377929999999907
21
-100.0427639999999911
0
LINE
8
BLACK
6
CONTINUOUS
10
121.3377929999999907
20
-100.0427639999999911
11
121.3377939999999882
21
-100.0427649999999886
0
LINE
8
BLACK
6
CONTINUOUS
10
121.3377939999999882
20
-100.0427649999999886
11
121.4172349999999909
21
-100.1222059999999914
0
LINE
8
BLACK
6
CONTINUOUS
10
121.4172349999999909
20
-100.1222059999999914
11
121.5200089999999875
21
-100.1675850000000025
0
LINE
8
BLACK
6
CONTINUOUS
10
121.5200089999999875
20
-100.1675850000000025
11
121.5451349999999877
21
-100.1704999999999899
0
LINE
8
BLACK
6
CONTINUOUS
10
121.5451349999999877
20
-100.1704999999999899
11
122.6348639999999932
21
-100.1704989999999924
0
LINE
8
BLACK
6
CONTINUOUS
10
122.6348639999999932
20
-100.1704989999999924
11
122.634878999999998
21
-100.1704969999999975
0
LINE
8
BLACK
6
CONTINUOUS
10
122.634878999999998
20
-100.1704969999999975
11
122.6348819999999904
21
-100.1704969999999975
0
LINE
8
BLACK
6
CONTINUOUS
10
122.6348819999999904
20
-100.1704969999999975
11
122.659987000000001
21
-100.167586
0
LINE
8
BLACK
6
CONTINUOUS
10
122.659987000000001
20
-100.167586
11
122.6599879999999985
21
-100.1675850000000025
0
LINE
8
BLACK
6
CONTINUOUS
10
122.6599879999999985
20
-100.1675850000000025
11
122.6599909999999909
21
-100.1675850000000025
0
LINE
8
BLACK
6
CONTINUOUS
10
122.6599909999999909
20
-100.1675850000000025
11
122.7627649999999875
21
-100.1222059999999914
0
LINE
8
BLACK
6
CONTINUOUS
10
122.7627649999999875
20
-100.1222059999999914
11
122.8422059999999902
21
-100.0427649999999886
0
LINE
8
BLACK
6
CONTINUOUS
10
122.8422059999999902
20
-100.0427649999999886
11
122.8875850000000014
21
-99.939990999999992
0
LINE
8
BLACK
6
CONTINUOUS
10
122.8875850000000014
20
-99.939990999999992
11
122.8904999999999887
21
-99.9148649999999918
0
LINE
8
BLACK
6
CONTINUOUS
10
122.8904999999999887
20
-99.9148649999999918
11
122.8904999999999887
21
-99.5494999999999948
0
LINE
8
BLACK
6
CONTINUOUS
10
122.8904999999999887
20
-99.5494999999999948
11
122.9101849999999985
21
-99.4824610000000007
0
LINE
8
BLACK
6
CONTINUOUS
10
122.9101849999999985
20
-99.4824610000000007
11
122.9629889999999932
21
-99.4367060000000009
0
LINE
8
BLACK
6
CONTINUOUS
10
122.9629889999999932
20
-99.4367060000000009
11
123.0144999999999982
21
-99.4254999999999995
0
LINE
8
BLACK
6
CONTINUOUS
10
123.0144999999999982
20
-99.4254999999999995
11
123.1436379999999957
21
-99.4254999999999995
0
LINE
8
BLACK
6
CONTINUOUS
10
123.1436379999999957
20
-99.4254999999999995
11
123.2106769999999898
21
-99.4451849999999951
0
LINE
8
BLACK
6
CONTINUOUS
10
123.2106769999999898
20
-99.4451849999999951
11
123.221634999999992
21
-99.4540149999999983
0
LINE
8
BLACK
6
CONTINUOUS
10
123.221634999999992
20
-99.4540149999999983
11
123.2217419999999919
21
-99.4538749999999965
0
LINE
8
BLACK
6
CONTINUOUS
10
123.2217419999999919
20
-99.4538749999999965
11
123.3439070000000015
21
-99.5465159999999969
0
LINE
8
BLACK
6
CONTINUOUS
10
123.3439070000000015
20
-99.5465159999999969
11
123.3463419999999928
21
-99.5483619999999974
0
LINE
8
BLACK
6
CONTINUOUS
10
123.3463419999999928
20
-99.5483619999999974
11
123.4839229999999901
21
-99.6026169999999951
0
LINE
8
BLACK
6
CONTINUOUS
10
123.4839229999999901
20
-99.6026169999999951
11
123.541561999999999
21
-99.6095389999999981
0
LINE
8
BLACK
6
CONTINUOUS
10
123.541561999999999
20
-99.6095389999999981
11
123.5703809999999976
21
-99.6129999999999995
0
LINE
8
BLACK
6
CONTINUOUS
10
123.5703809999999976
20
-99.6129999999999995
11
123.5703819999999951
21
-99.6129999999999995
0
LINE
8
BLACK
6
CONTINUOUS
10
123.5703819999999951
20
-99.6129999999999995
11
124.129618999999991
21
-99.6129999999999995
0
LINE
8
BLACK
6
CONTINUOUS
10
124.129618999999991
20
-99.6129999999999995
11
124.2239709999999917
21
-99.6016690000000011
0
LINE
8
BLACK
6
CONTINUOUS
10
124.2239709999999917
20
-99.6016690000000011
11
124.2243309999999923
21
-99.6046659999999946
0
LINE
8
BLACK
6
CONTINUOUS
10
124.2243309999999923
20
-99.6046659999999946
11
124.2799209999999874
21
-99.6067759999999964
0
LINE
8
BLACK
6
CONTINUOUS
10
124.2799209999999874
20
-99.6067759999999964
11
124.337223999999992
21
-99.6467519999999922
0
LINE
8
BLACK
6
CONTINUOUS
10
124.337223999999992
20
-99.6467519999999922
11
124.3638189999999923
21
-99.7113619999999941
0
LINE
8
BLACK
6
CONTINUOUS
10
124.3638189999999923
20
-99.7113619999999941
11
124.3644999999999925
21
-99.7243429999999904
0
LINE
8
BLACK
6
CONTINUOUS
10
124.3644999999999925
20
-99.7243429999999904
11
124.3644999999999925
21
-100.5805000000000007
0
LINE
8
BLACK
6
CONTINUOUS
10
124.3644999999999925
20
-100.5805000000000007
11
124.344814999999997
21
-100.6475389999999948
0
LINE
8
BLACK
6
CONTINUOUS
10
124.344814999999997
20
-100.6475389999999948
11
124.292010999999988
21
-100.6932939999999945
0
LINE
8
BLACK
6
CONTINUOUS
10
124.292010999999988
20
-100.6932939999999945
11
124.2404999999999973
21
-100.7044999999999959
0
LINE
8
BLACK
6
CONTINUOUS
10
124.2404999999999973
20
-100.7044999999999959
11
104.6949999999999932
21
-100.7044999999999959
0
LINE
8
BLACK
6
CONTINUOUS
10
104.6949999999999932
20
-100.7044999999999959
11
104.6949999999999932
21
-100.7349999999999994
0
LINE
8
BLACK
6
CONTINUOUS
10
104.6949999999999932
20
-100.7349999999999994
11
103.6949999999999932
21
-100.7349999999999994
0
LINE
8
BLACK
6
CONTINUOUS
10
103.6949999999999932
20
-100.7349999999999994
11
103.6949999999999932
21
-100.7044999999999959
0
LINE
8
BLACK
6
CONTINUOUS
10
103.6949999999999932
20
-100.7044999999999959
11
103.306950999999998
21
-100.7044999999999959
0
LINE
8
BLACK
6
CONTINUOUS
10
103.306950999999998
20
-100.7044999999999959
11
103.2829380000000015
21
-100.7404379999999975
0
LINE
8
BLACK
6
CONTINUOUS
10
103.2829380000000015
20
-100.7404379999999975
11
103.2058869999999899
21
-100.7919210000000021
0
LINE
8
BLACK
6
CONTINUOUS
10
103.2058869999999899
20
-100.7919210000000021
11
103.1149999999999949
21
-100.8100000000000023
0
LINE
8
BLACK
6
CONTINUOUS
10
103.1149999999999949
20
-100.8100000000000023
11
102.5150000000000006
21
-100.8100000000000023
0
LINE
8
BLACK
6
CONTINUOUS
10
102.5150000000000006
20
-100.8100000000000023
11
102.4241129999999913
21
-100.7919210000000021
0
LINE
8
BLACK
6
CONTINUOUS
10
102.4241129999999913
20
-100.7919210000000021
11
102.347061999999994
21
-100.7404379999999975
0
LINE
8
BLACK
6
CONTINUOUS
10
102.347061999999994
20
-100.7404379999999975
11
102.3230489999999975
21
-100.7044999999999959
0
LINE
8
BLACK
6
CONTINUOUS
10
102.3230489999999975
20
-100.7044999999999959
11
102.0519999999999925
21
-100.7044999999999959
0
LINE
8
BLACK
6
CONTINUOUS
10
102.0519999999999925
20
-100.7044999999999959
11
101.9849609999999984
21
-100.6848150000000004
0
LINE
8
BLACK
6
CONTINUOUS
10
101.9849609999999984
20
-100.6848150000000004
11
101.9392059999999987
21
-100.6320109999999914
0
LINE
8
BLACK
6
CONTINUOUS
10
101.9392059999999987
20
-100.6320109999999914
11
101.9279999999999973
21
-100.5805000000000007
0
LINE
8
BLACK
6
CONTINUOUS
10
101.9279999999999973
20
-100.5805000000000007
11
101.9279999999999973
21
-100.055380999999997
0
LINE
8
BLACK
6
CONTINUOUS
10
101.9279999999999973
20
-100.055380999999997
11
101.9176169999999928
21
-99.9689249999999987
0
LINE
8
BLACK
6
CONTINUOUS
10
101.9176169999999928
20
-99.9689249999999987
11
101.9176169999999928
21
-99.9689240000000012
0
LINE
8
BLACK
6
CONTINUOUS
10
101.9176169999999928
20
-99.9689240000000012
11
101.9062079999999924
21
-99.9399930000000012
0
LINE
8
BLACK
6
CONTINUOUS
10
101.9062079999999924
20
-99.9399930000000012
11
101.8633619999999951
21
-99.8313419999999923
0
LINE
8
BLACK
6
CONTINUOUS
10
101.8633619999999951
20
-99.8313419999999923
11
101.8221149999999966
21
-99.7769490000000019
0
LINE
8
BLACK
6
CONTINUOUS
10
101.8221149999999966
20
-99.7769490000000019
11
101.7740000000000009
21
-99.7134989999999988
0
LINE
8
BLACK
6
CONTINUOUS
10
101.7740000000000009
20
-99.7134989999999988
11
101.7198399999999907
21
-99.6724289999999939
0
LINE
8
BLACK
6
CONTINUOUS
10
101.7198399999999907
20
-99.6724289999999939
11
101.6783169999999927
21
-99.6162369999999981
0
LINE
8
BLACK
6
CONTINUOUS
10
101.6783169999999927
20
-99.6162369999999981
11
101.6737649999999888
21
-99.5465159999999969
0
LINE
8
BLACK
6
CONTINUOUS
10
101.6737649999999888
20
-99.5465159999999969
11
101.7076299999999947
21
-99.485400999999996
0
LINE
8
BLACK
6
CONTINUOUS
10
101.7076299999999947
20
-99.485400999999996
11
101.7198410000000024
21
-99.474819999999994
0
LINE
8
BLACK
6
CONTINUOUS
10
101.7198410000000024
20
-99.474819999999994
11
101.7319150000000008
21
-99.4656639999999896
0
LINE
8
BLACK
6
CONTINUOUS
10
101.7319150000000008
20
-99.4656639999999896
11
101.7439999999999998
21
-99.4564999999999912
0
LINE
8
BLACK
6
CONTINUOUS
10
101.7439999999999998
20
-99.4564999999999912
11
101.8333619999999939
21
-99.3386579999999952
0
LINE
8
BLACK
6
CONTINUOUS
10
101.8333619999999939
20
-99.3386579999999952
11
101.8876169999999917
21
-99.201076999999998
0
LINE
8
BLACK
6
CONTINUOUS
10
101.8876169999999917
20
-99.201076999999998
11
101.8979999999999961
21
-99.114617999999993
0
LINE
8
BLACK
6
CONTINUOUS
10
101.8979999999999961
20
-99.114617999999993
11
101.8979999999999961
21
-98.5553819999999945
0
LINE
8
BLACK
6
CONTINUOUS
10
101.8979999999999961
20
-98.5553819999999945
11
101.8876169999999917
21
-98.4689229999999895
0
LINE
8
BLACK
6
CONTINUOUS
10
101.8876169999999917
20
-98.4689229999999895
11
101.8604319999999888
21
-98.3999879999999933
0
LINE
8
BLACK
6
CONTINUOUS
10
101.8604319999999888
20
-98.3999879999999933
11
101.8541519999999991
21
-98.3304029999999898
0
LINE
8
BLACK
6
CONTINUOUS
10
101.8541519999999991
20
-98.3304029999999898
11
101.8864889999999974
21
-98.2684670000000011
0
LINE
8
BLACK
6
CONTINUOUS
10
101.8864889999999974
20
-98.2684670000000011
11
101.9471779999999939
21
-98.2338459999999998
0
LINE
8
BLACK
6
CONTINUOUS
10
101.9471779999999939
20
-98.2338459999999998
11
101.9757879999999943
21
-98.2304999999999922
0
LINE
8
BLACK
6
CONTINUOUS
10
101.9757879999999943
20
-98.2304999999999922
11
102.2371189999999928
21
-98.2304999999999922
0
LINE
8
BLACK
6
CONTINUOUS
10
102.2371189999999928
20
-98.2304999999999922
11
102.2587319999999949
21
-98.2279039999999952
0
LINE
8
BLACK
6
CONTINUOUS
10
102.2587319999999949
20
-98.2279039999999952
11
102.3235770000000002
21
-98.2201170000000019
0
LINE
8
BLACK
6
CONTINUOUS
10
102.3235770000000002
20
-98.2201170000000019
11
102.4611579999999975
21
-98.16586199999999
0
LINE
8
BLACK
6
CONTINUOUS
10
102.4611579999999975
20
-98.16586199999999
11
102.5789999999999935
21
-98.0764999999999958
0
LINE
8
BLACK
6
CONTINUOUS
10
102.5789999999999935
20
-98.0764999999999958
11
102.6683620000000019
21
-97.9586579999999998
0
LINE
8
BLACK
6
CONTINUOUS
10
102.6683620000000019
20
-97.9586579999999998
11
102.7226169999999996
21
-97.8210770000000025
0
LINE
8
BLACK
6
CONTINUOUS
10
102.7226169999999996
20
-97.8210770000000025
11
102.7329999999999899
21
-97.7346179999999976
0
LINE
8
BLACK
6
CONTINUOUS
10
102.7329999999999899
20
-97.7346179999999976
11
102.7329999999999899
21
-97.4261759999999981
0
LINE
8
BLACK
6
CONTINUOUS
10
102.7329999999999899
20
-97.4261759999999981
11
102.7526849999999996
21
-97.3591369999999898
0
LINE
8
BLACK
6
CONTINUOUS
10
102.7526849999999996
20
-97.3591369999999898
11
102.7693189999999959
21
-97.3384949999999947
0
LINE
8
BLACK
6
CONTINUOUS
10
102.7693189999999959
20
-97.3384949999999947
11
102.8666559999999919
21
-97.2411579999999987
0
LINE
8
BLACK
6
CONTINUOUS
10
102.8666559999999919
20
-97.2411579999999987
11
102.9754999999999967
21
-97.1323139999999938
0
LINE
8
BLACK
6
CONTINUOUS
10
102.9754999999999967
20
-97.1323139999999938
11
103.023225999999994
21
-97.0496499999999997
0
LINE
8
BLACK
6
CONTINUOUS
10
103.023225999999994
20
-97.0496499999999997
11
103.0413920000000019
21
-97.018186
0
LINE
8
BLACK
6
CONTINUOUS
10
103.0413920000000019
20
-97.018186
11
103.075499999999991
21
-96.8908919999999938
0
LINE
8
BLACK
6
CONTINUOUS
10
103.075499999999991
20
-96.8908919999999938
11
103.075499999999991
21
-96.8908890000000014
0
LINE
8
BLACK
6
CONTINUOUS
10
103.075499999999991
20
-96.8908890000000014
11
103.0767049999999898
21
-96.8863920000000007
0
LINE
8
BLACK
6
CONTINUOUS
10
103.0767049999999898
20
-96.8863920000000007
11
103.1130699999999933
21
-96.8267309999999952
0
LINE
8
BLACK
6
CONTINUOUS
10
103.1130699999999933
20
-96.8267309999999952
11
103.1759160000000008
21
-96.7962019999999939
0
LINE
8
BLACK
6
CONTINUOUS
10
103.1759160000000008
20
-96.7962019999999939
11
103.2452919999999921
21
-96.8044960000000003
0
LINE
8
BLACK
6
CONTINUOUS
10
103.2452919999999921
20
-96.8044960000000003
11
103.2991699999999895
21
-96.8489819999999924
0
LINE
8
BLACK
6
CONTINUOUS
10
103.2991699999999895
20
-96.8489819999999924
11
103.3044779999999889
21
-96.8590489999999988
0
LINE
8
BLACK
6
CONTINUOUS
10
103.3044779999999889
20
-96.8590489999999988
11
103.3049819999999954
21
-96.8587659999999886
0
LINE
8
BLACK
6
CONTINUOUS
10
103.3049819999999954
20
-96.8587659999999886
11
103.3091390000000018
21
-96.8661599999999936
0
LINE
8
BLACK
6
CONTINUOUS
10
103.3091390000000018
20
-96.8661599999999936
11
103.398499000000001
21
-96.9839999999999947
0
LINE
8
BLACK
6
CONTINUOUS
10
103.398499000000001
20
-96.9839999999999947
11
103.5163390000000021
21
-97.0733599999999939
0
LINE
8
BLACK
6
CONTINUOUS
10
103.5163390000000021
20
-97.0733599999999939
11
103.5163419999999945
21
-97.0733619999999888
0
LINE
8
BLACK
6
CONTINUOUS
10
103.5163419999999945
20
-97.0733619999999888
11
103.6539229999999918
21
-97.1276170000000008
0
LINE
8
BLACK
6
CONTINUOUS
10
103.6539229999999918
20
-97.1276170000000008
11
103.7115620000000007
21
-97.1345389999999895
0
LINE
8
BLACK
6
CONTINUOUS
10
103.7115620000000007
20
-97.1345389999999895
11
103.7403809999999993
21
-97.137999999999991
0
LINE
8
BLACK
6
CONTINUOUS
10
103.7403809999999993
20
-97.137999999999991
11
103.7403819999999968
21
-97.137999999999991
0
LINE
8
BLACK
6
CONTINUOUS
10
103.7403819999999968
20
-97.137999999999991
11
104.2996189999999928
21
-97.137999999999991
0
LINE
8
BLACK
6
CONTINUOUS
10
104.2996189999999928
20
-97.137999999999991
11
104.3223419999999919
21
-97.1352709999999888
0
LINE
8
BLACK
6
CONTINUOUS
10
104.3223419999999919
20
-97.1352709999999888
11
104.3860770000000002
21
-97.1276170000000008
0
LINE
8
BLACK
6
CONTINUOUS
10
104.3860770000000002
20
-97.1276170000000008
11
104.5236579999999975
21
-97.0733619999999888
0
LINE
8
BLACK
6
CONTINUOUS
10
104.5236579999999975
20
-97.0733619999999888
11
104.6414999999999935
21
-96.9839999999999947
0
LINE
8
BLACK
6
CONTINUOUS
10
104.6414999999999935
20
-96.9839999999999947
11
104.7308620000000019
21
-96.8661579999999987
0
LINE
8
BLACK
6
CONTINUOUS
10
104.7308620000000019
20
-96.8661579999999987
11
104.7851169999999996
21
-96.7285770000000014
0
LINE
8
BLACK
6
CONTINUOUS
10
104.7851169999999996
20
-96.7285770000000014
11
104.7954999999999899
21
-96.6421179999999964
0
LINE
8
BLACK
6
CONTINUOUS
10
104.7954999999999899
20
-96.6421179999999964
11
104.7954999999999899
21
-96.0578819999999922
0
LINE
8
BLACK
6
CONTINUOUS
10
104.7954999999999899
20
-96.0578819999999922
11
104.7851169999999996
21
-95.9714230000000015
0
LINE
8
BLACK
6
CONTINUOUS
10
104.7851169999999996
20
-95.9714230000000015
11
104.7671079999999932
21
-95.9257569999999902
0
LINE
8
BLACK
6
CONTINUOUS
10
104.7671079999999932
20
-95.9257569999999902
11
104.7608269999999919
21
-95.8561720000000008
0
LINE
8
BLACK
6
CONTINUOUS
10
104.7608269999999919
20
-95.8561720000000008
11
104.7671069999999958
21
-95.8347819999999899
0
LINE
8
BLACK
6
CONTINUOUS
10
104.7671069999999958
20
-95.8347819999999899
11
104.8001170000000002
21
-95.7510769999999951
0
LINE
8
BLACK
6
CONTINUOUS
10
104.8001170000000002
20
-95.7510769999999951
11
104.8104999999999905
21
-95.6646179999999902
0
LINE
8
BLACK
6
CONTINUOUS
10
104.8104999999999905
20
-95.6646179999999902
11
104.8104999999999905
21
-95.0053819999999973
0
LINE
8
BLACK
6
CONTINUOUS
10
104.8104999999999905
20
-95.0053819999999973
11
104.8095500000000015
21
-94.9974749999999943
0
LINE
8
BLACK
6
CONTINUOUS
10
104.8095500000000015
20
-94.9974749999999943
11
104.8001170000000002
21
-94.9189250000000015
0
LINE
8
BLACK
6
CONTINUOUS
10
104.8001170000000002
20
-94.9189250000000015
11
104.8001170000000002
21
-94.9189239999999899
0
LINE
8
BLACK
6
CONTINUOUS
10
104.8001170000000002
20
-94.9189239999999899
11
104.7955970000000008
21
-94.9074609999999979
0
LINE
8
BLACK
6
CONTINUOUS
10
104.7955970000000008
20
-94.9074609999999979
11
104.7458619999999883
21
-94.7813419999999951
0
LINE
8
BLACK
6
CONTINUOUS
10
104.7458619999999883
20
-94.7813419999999951
11
104.7438109999999938
21
-94.7786369999999891
0
LINE
8
BLACK
6
CONTINUOUS
10
104.7438109999999938
20
-94.7786369999999891
11
104.6564999999999941
21
-94.6634990000000016
0
LINE
8
BLACK
6
CONTINUOUS
10
104.6564999999999941
20
-94.6634990000000016
11
104.538659999999993
21
-94.5741390000000024
0
LINE
8
BLACK
6
CONTINUOUS
10
104.538659999999993
20
-94.5741390000000024
11
104.5312660000000022
21
-94.569981999999996
0
LINE
8
BLACK
6
CONTINUOUS
10
104.5312660000000022
20
-94.569981999999996
11
104.5323530000000005
21
-94.5680469999999929
0
LINE
8
BLACK
6
CONTINUOUS
10
104.5323530000000005
20
-94.5680469999999929
11
104.4866009999999932
21
-94.5324529999999896
0
LINE
8
BLACK
6
CONTINUOUS
10
104.4866009999999932
20
-94.5324529999999896
11
104.4634049999999945
21
-94.4665459999999939
0
LINE
8
BLACK
6
CONTINUOUS
10
104.4634049999999945
20
-94.4665459999999939
11
104.4795230000000004
21
-94.3985610000000008
0
LINE
8
BLACK
6
CONTINUOUS
10
104.4795230000000004
20
-94.3985610000000008
11
104.529837999999998
21
-94.3500820000000004
0
LINE
8
BLACK
6
CONTINUOUS
10
104.529837999999998
20
-94.3500820000000004
11
104.5368330000000014
21
-94.3468869999999953
0
LINE
8
BLACK
6
CONTINUOUS
10
104.5368330000000014
20
-94.3468869999999953
11
104.538651999999999
21
-94.3458639999999917
0
LINE
8
BLACK
6
CONTINUOUS
10
104.538651999999999
20
-94.3458639999999917
11
104.5386579999999981
21
-94.3458619999999968
0
LINE
8
BLACK
6
CONTINUOUS
10
104.5386579999999981
20
-94.3458619999999968
11
104.6564999999999941
21
-94.2565000000000026
0
LINE
8
BLACK
6
CONTINUOUS
10
104.6564999999999941
20
-94.2565000000000026
11
104.7458619999999883
21
-94.1386579999999924
0
LINE
8
BLACK
6
CONTINUOUS
10
104.7458619999999883
20
-94.1386579999999924
11
104.8001170000000002
21
-94.0010769999999951
0
LINE
8
BLACK
6
CONTINUOUS
10
104.8001170000000002
20
-94.0010769999999951
11
104.8104999999999905
21
-93.9146179999999902
0
LINE
8
BLACK
6
CONTINUOUS
10
104.8104999999999905
20
-93.9146179999999902
11
104.8104999999999905
21
-93.2553819999999973
0
LINE
8
BLACK
6
CONTINUOUS
10
104.8104999999999905
20
-93.2553819999999973
11
104.8001170000000002
21
-93.1689229999999924
0
LINE
8
BLACK
6
CONTINUOUS
10
104.8001170000000002
20
-93.1689229999999924
11
104.7458619999999883
21
-93.0313419999999951
0
LINE
8
BLACK
6
CONTINUOUS
10
104.7458619999999883
20
-93.0313419999999951
11
104.7264429999999891
21
-93.0057339999999897
0
LINE
8
BLACK
6
CONTINUOUS
10
104.7264429999999891
20
-93.0057339999999897
11
104.6564999999999941
21
-92.9134990000000016
0
LINE
8
BLACK
6
CONTINUOUS
10
104.6564999999999941
20
-92.9134990000000016
11
104.538659999999993
21
-92.8241390000000024
0
LINE
8
BLACK
6
CONTINUOUS
10
104.538659999999993
20
-92.8241390000000024
11
104.5386579999999981
21
-92.8241379999999907
0
LINE
8
BLACK
6
CONTINUOUS
10
104.5386579999999981
20
-92.8241379999999907
11
104.4394109999999927
21
-92.7849999999999966
0
LINE
8
BLACK
6
CONTINUOUS
10
104.4394109999999927
20
-92.7849999999999966
11
103.6305879999999888
21
-92.7849999999999966
0
LINE
8
BLACK
6
CONTINUOUS
10
103.6305879999999888
20
-92.7849999999999966
11
103.5313389999999885
21
-92.8241390000000024
0
LINE
8
BLACK
6
CONTINUOUS
10
103.5313389999999885
20
-92.8241390000000024
11
103.4134969999999925
21
-92.9135009999999966
0
LINE
8
BLACK
6
CONTINUOUS
10
103.4134969999999925
20
-92.9135009999999966
11
103.4075019999999938
21
-92.9194969999999927
0
LINE
8
BLACK
6
CONTINUOUS
10
103.4075019999999938
20
-92.9194969999999927
11
103.4060439999999943
21
-92.9180389999999932
0
LINE
8
BLACK
6
CONTINUOUS
10
103.4060439999999943
20
-92.9180389999999932
11
103.3589659999999952
21
-92.9528159999999986
0
LINE
8
BLACK
6
CONTINUOUS
10
103.3589659999999952
20
-92.9528159999999986
11
103.2892439999999965
21
-92.9573559999999901
0
LINE
8
BLACK
6
CONTINUOUS
10
103.2892439999999965
20
-92.9573559999999901
11
103.2281359999999921
21
-92.9234809999999953
0
LINE
8
BLACK
6
CONTINUOUS
10
103.2281359999999921
20
-92.9234809999999953
11
103.2175689999999975
21
-92.9112839999999949
0
LINE
8
BLACK
6
CONTINUOUS
10
103.2175689999999975
20
-92.9112839999999949
11
103.1965000000000003
21
-92.883499999999998
0
LINE
8
BLACK
6
CONTINUOUS
10
103.1965000000000003
20
-92.883499999999998
11
103.1964989999999887
21
-92.8834990000000005
0
LINE
8
BLACK
6
CONTINUOUS
10
103.1964989999999887
20
-92.8834990000000005
11
103.0786599999999993
21
-92.7941390000000013
0
LINE
8
BLACK
6
CONTINUOUS
10
103.0786599999999993
20
-92.7941390000000013
11
103.0786579999999901
21
-92.7941379999999896
0
LINE
8
BLACK
6
CONTINUOUS
10
103.0786579999999901
20
-92.7941379999999896
11
102.9410769999999928
21
-92.7398829999999919
0
LINE
8
BLACK
6
CONTINUOUS
10
102.9410769999999928
20
-92.7398829999999919
11
102.9410759999999954
21
-92.7398819999999944
0
LINE
8
BLACK
6
CONTINUOUS
10
102.9410759999999954
20
-92.7398819999999944
11
102.9410740000000004
21
-92.7398819999999944
0
LINE
8
BLACK
6
CONTINUOUS
10
102.9410740000000004
20
-92.7398819999999944
11
102.8546189999999996
21
-92.7295000000000016
0
LINE
8
BLACK
6
CONTINUOUS
10
102.8546189999999996
20
-92.7295000000000016
11
102.8546180000000021
21
-92.7295000000000016
0
LINE
8
BLACK
6
CONTINUOUS
10
102.8546180000000021
20
-92.7295000000000016
11
102.2953819999999894
21
-92.7295000000000016
0
LINE
8
BLACK
6
CONTINUOUS
10
102.2953819999999894
20
-92.7295000000000016
11
102.2953809999999919
21
-92.7295000000000016
0
LINE
8
BLACK
6
CONTINUOUS
10
102.2953809999999919
20
-92.7295000000000016
11
102.2089249999999936
21
-92.7398819999999944
0
LINE
8
BLACK
6
CONTINUOUS
10
102.2089249999999936
20
-92.7398819999999944
11
102.2089239999999961
21
-92.7398819999999944
0
LINE
8
BLACK
6
CONTINUOUS
10
102.2089239999999961
20
-92.7398819999999944
11
102.0713389999999947
21
-92.7941390000000013
0
LINE
8
BLACK
6
CONTINUOUS
10
102.0713389999999947
20
-92.7941390000000013
11
101.9534989999999937
21
-92.8834990000000005
0
LINE
8
BLACK
6
CONTINUOUS
10
101.9534989999999937
20
-92.8834990000000005
11
101.874888999999996
21
-92.9871639999999928
0
LINE
8
BLACK
6
CONTINUOUS
10
101.874888999999996
20
-92.9871639999999928
11
101.8186970000000002
21
-93.0286869999999908
0
LINE
8
BLACK
6
CONTINUOUS
10
101.8186970000000002
20
-93.0286869999999908
11
101.7489750000000015
21
-93.0332389999999947
0
LINE
8
BLACK
6
CONTINUOUS
10
101.7489750000000015
20
-93.0332389999999947
11
101.6878609999999981
21
-92.9993739999999889
0
LINE
8
BLACK
6
CONTINUOUS
10
101.6878609999999981
20
-92.9993739999999889
11
101.6590449999999919
21
-92.9531959999999913
0
LINE
8
BLACK
6
CONTINUOUS
10
101.6590449999999919
20
-92.9531959999999913
11
101.6577929999999981
21
-92.949618000000001
0
LINE
8
BLACK
6
CONTINUOUS
10
101.6577929999999981
20
-92.949618000000001
11
101.5771499999999889
21
-92.8403500000000008
0
LINE
8
BLACK
6
CONTINUOUS
10
101.5771499999999889
20
-92.8403500000000008
11
101.4678819999999888
21
-92.7597069999999917
0
LINE
8
BLACK
6
CONTINUOUS
10
101.4678819999999888
20
-92.7597069999999917
11
101.4678799999999939
21
-92.7597059999999942
0
LINE
8
BLACK
6
CONTINUOUS
10
101.4678799999999939
20
-92.7597059999999942
11
101.3396999999999935
21
-92.7148529999999909
0
LINE
8
BLACK
6
CONTINUOUS
10
101.3396999999999935
20
-92.7148529999999909
11
101.3092699999999979
21
-92.7119999999999891
0
LINE
8
BLACK
6
CONTINUOUS
10
101.3092699999999979
20
-92.7119999999999891
11
101.3092659999999938
21
-92.7119999999999891
0
LINE
8
BLACK
6
CONTINUOUS
10
101.3092659999999938
20
-92.7119999999999891
11
100.9007339999999999
21
-92.7119999999999891
0
LINE
8
BLACK
6
CONTINUOUS
10
100.9007339999999999
20
-92.7119999999999891
11
100.9007299999999958
21
-92.7119999999999891
0
LINE
8
BLACK
6
CONTINUOUS
10
100.9007299999999958
20
-92.7119999999999891
11
100.8703000000000003
21
-92.7148529999999909
0
LINE
8
BLACK
6
CONTINUOUS
10
100.8703000000000003
20
-92.7148529999999909
11
100.8702979999999911
21
-92.7148529999999909
0
LINE
8
BLACK
6
CONTINUOUS
10
100.8702979999999911
20
-92.7148529999999909
11
100.7421190000000024
21
-92.7597059999999942
0
LINE
8
BLACK
6
CONTINUOUS
10
100.7421190000000024
20
-92.7597059999999942
11
100.7421169999999933
21
-92.7597069999999917
0
LINE
8
BLACK
6
CONTINUOUS
10
100.7421169999999933
20
-92.7597069999999917
11
100.6328499999999906
21
-92.8403500000000008
0
LINE
8
BLACK
6
CONTINUOUS
10
100.6328499999999906
20
-92.8403500000000008
11
100.5522069999999957
21
-92.9496169999999893
0
LINE
8
BLACK
6
CONTINUOUS
10
100.5522069999999957
20
-92.9496169999999893
11
100.5522059999999982
21
-92.9496189999999984
0
LINE
8
BLACK
6
CONTINUOUS
10
100.5522059999999982
20
-92.9496189999999984
11
100.5073529999999948
21
-93.0777980000000014
0
LINE
8
BLACK
6
CONTINUOUS
10
100.5073529999999948
20
-93.0777980000000014
11
100.5073529999999948
21
-93.0777999999999963
0
LINE
8
BLACK
6
CONTINUOUS
10
100.5073529999999948
20
-93.0777999999999963
11
100.5044999999999931
21
-93.1082299999999918
0
LINE
8
BLACK
6
CONTINUOUS
10
100.5044999999999931
20
-93.1082299999999918
11
100.5044999999999931
21
-94.2417689999999908
0
LINE
8
BLACK
6
CONTINUOUS
10
100.5044999999999931
20
-94.2417689999999908
11
100.5073529999999948
21
-94.2721990000000005
0
LINE
8
BLACK
6
CONTINUOUS
10
100.5073529999999948
20
-94.2721990000000005
11
100.5073529999999948
21
-94.2722009999999955
0
LINE
8
BLACK
6
CONTINUOUS
10
100.5073529999999948
20
-94.2722009999999955
11
100.5521139999999889
21
-94.4001169999999945
0
LINE
8
BLACK
6
CONTINUOUS
10
100.5521139999999889
20
-94.4001169999999945
11
100.5522069999999957
21
-94.4003819999999934
0
LINE
8
BLACK
6
CONTINUOUS
10
100.5522069999999957
20
-94.4003819999999934
11
100.6328499999999906
21
-94.5096499999999935
0
LINE
8
BLACK
6
CONTINUOUS
10
100.6328499999999906
20
-94.5096499999999935
11
100.7421179999999907
21
-94.5902930000000026
0
LINE
8
BLACK
6
CONTINUOUS
10
100.7421179999999907
20
-94.5902930000000026
11
100.78484499999999
21
-94.605243999999999
0
LINE
8
BLACK
6
CONTINUOUS
10
100.78484499999999
20
-94.605243999999999
11
100.8702989999999886
21
-94.6351459999999918
0
LINE
8
BLACK
6
CONTINUOUS
10
100.8702989999999886
20
-94.6351459999999918
11
100.9007299999999958
21
-94.637999999999991
0
LINE
8
BLACK
6
CONTINUOUS
10
100.9007299999999958
20
-94.637999999999991
11
100.9007339999999999
21
-94.637999999999991
0
LINE
8
BLACK
6
CONTINUOUS
10
100.9007339999999999
20
-94.637999999999991
11
101.3092699999999979
21
-94.637999999999991
0
LINE
8
BLACK
6
CONTINUOUS
10
101.3092699999999979
20
-94.637999999999991
11
101.339698999999996
21
-94.6351459999999918
0
LINE
8
BLACK
6
CONTINUOUS
10
101.339698999999996
20
-94.6351459999999918
11
101.3397009999999909
21
-94.6351459999999918
0
LINE
8
BLACK
6
CONTINUOUS
10
101.3397009999999909
20
-94.6351459999999918
11
101.4176179999999903
21
-94.6078809999999919
0
LINE
8
BLACK
6
CONTINUOUS
10
101.4176179999999903
20
-94.6078809999999919
11
101.4678819999999888
21
-94.5902930000000026
0
LINE
8
BLACK
6
CONTINUOUS
10
101.4678819999999888
20
-94.5902930000000026
11
101.5771499999999889
21
-94.5096499999999935
0
LINE
8
BLACK
6
CONTINUOUS
10
101.5771499999999889
20
-94.5096499999999935
11
101.6577929999999981
21
-94.4003819999999934
0
LINE
8
BLACK
6
CONTINUOUS
10
101.6577929999999981
20
-94.4003819999999934
11
101.685890999999998
21
-94.3200819999999993
0
LINE
8
BLACK
6
CONTINUOUS
10
101.685890999999998
20
-94.3200819999999993
11
101.7051389999999884
21
-94.2650769999999909
0
LINE
8
BLACK
6
CONTINUOUS
10
101.7051389999999884
20
-94.2650769999999909
11
101.706547999999998
21
-94.2655699999999968
0
LINE
8
BLACK
6
CONTINUOUS
10
101.706547999999998
20
-94.2655699999999968
11
101.7360029999999966
21
-94.2117409999999893
0
LINE
8
BLACK
6
CONTINUOUS
10
101.7360029999999966
20
-94.2117409999999893
11
101.7973559999999935
21
-94.1783109999999937
0
LINE
8
BLACK
6
CONTINUOUS
10
101.7973559999999935
20
-94.1783109999999937
11
101.8236069999999955
21
-94.1754999999999995
0
LINE
8
BLACK
6
CONTINUOUS
10
101.8236069999999955
20
-94.1754999999999995
11
101.8532369999999929
21
-94.1754999999999995
0
LINE
8
BLACK
6
CONTINUOUS
10
101.8532369999999929
20
-94.1754999999999995
11
101.9202760000000012
21
-94.1951849999999951
0
LINE
8
BLACK
6
CONTINUOUS
10
101.9202760000000012
20
-94.1951849999999951
11
101.9520389999999992
21
-94.2245729999999924
0
LINE
8
BLACK
6
CONTINUOUS
10
101.9520389999999992
20
-94.2245729999999924
11
101.9534999999999911
21
-94.2265000000000015
0
LINE
8
BLACK
6
CONTINUOUS
10
101.9534999999999911
20
-94.2265000000000015
11
102.0713420000000013
21
-94.3158619999999956
0
LINE
8
BLACK
6
CONTINUOUS
10
102.0713420000000013
20
-94.3158619999999956
11
102.0713429999999988
21
-94.3158619999999956
0
LINE
8
BLACK
6
CONTINUOUS
10
102.0713429999999988
20
-94.3158619999999956
11
102.0787339999999972
21
-94.3200179999999904
0
LINE
8
BLACK
6
CONTINUOUS
10
102.0787339999999972
20
-94.3200179999999904
11
102.0776469999999989
21
-94.3219509999999985
0
LINE
8
BLACK
6
CONTINUOUS
10
102.0776469999999989
20
-94.3219509999999985
11
102.1234029999999962
21
-94.3575539999999933
0
LINE
8
BLACK
6
CONTINUOUS
10
102.1234029999999962
20
-94.3575539999999933
11
102.1465949999999907
21
-94.4234629999999981
0
LINE
8
BLACK
6
CONTINUOUS
10
102.1465949999999907
20
-94.4234629999999981
11
102.1304719999999975
21
-94.4914469999999937
0
LINE
8
BLACK
6
CONTINUOUS
10
102.1304719999999975
20
-94.4914469999999937
11
102.0801539999999932
21
-94.53992199999999
0
LINE
8
BLACK
6
CONTINUOUS
10
102.0801539999999932
20
-94.53992199999999
11
102.0731629999999939
21
-94.5431129999999911
0
LINE
8
BLACK
6
CONTINUOUS
10
102.0731629999999939
20
-94.5431129999999911
11
102.0713389999999947
21
-94.5441390000000013
0
LINE
8
BLACK
6
CONTINUOUS
10
102.0713389999999947
20
-94.5441390000000013
11
101.9534989999999937
21
-94.6334990000000005
0
LINE
8
BLACK
6
CONTINUOUS
10
101.9534989999999937
20
-94.6334990000000005
11
101.8641389999999944
21
-94.7513390000000015
0
LINE
8
BLACK
6
CONTINUOUS
10
101.8641389999999944
20
-94.7513390000000015
11
101.8098820000000018
21
-94.8889239999999887
0
LINE
8
BLACK
6
CONTINUOUS
10
101.8098820000000018
20
-94.8889239999999887
11
101.8098820000000018
21
-94.8889250000000004
0
LINE
8
BLACK
6
CONTINUOUS
10
101.8098820000000018
20
-94.8889250000000004
11
101.7994999999999948
21
-94.9753809999999987
0
LINE
8
BLACK
6
CONTINUOUS
10
101.7994999999999948
20
-94.9753809999999987
11
101.7994999999999948
21
-95.0397919999999914
0
LINE
8
BLACK
6
CONTINUOUS
10
101.7994999999999948
20
-95.0397919999999914
11
101.7798149999999993
21
-95.1068309999999997
0
LINE
8
BLACK
6
CONTINUOUS
10
101.7798149999999993
20
-95.1068309999999997
11
101.7270109999999903
21
-95.1525859999999994
0
LINE
8
BLACK
6
CONTINUOUS
10
101.7270109999999903
20
-95.1525859999999994
11
101.6578529999999887
21
-95.1625299999999896
0
LINE
8
BLACK
6
CONTINUOUS
10
101.6578529999999887
20
-95.1625299999999896
11
101.5942969999999974
21
-95.1335049999999995
0
LINE
8
BLACK
6
CONTINUOUS
10
101.5942969999999974
20
-95.1335049999999995
11
101.5819130000000001
21
-95.1201129999999893
0
LINE
8
BLACK
6
CONTINUOUS
10
101.5819130000000001
20
-95.1201129999999893
11
101.5771510000000006
21
-95.1153509999999898
0
LINE
8
BLACK
6
CONTINUOUS
10
101.5771510000000006
20
-95.1153509999999898
11
101.5168699999999973
21
-95.0708619999999911
0
LINE
8
BLACK
6
CONTINUOUS
10
101.5168699999999973
20
-95.0708619999999911
11
101.4678819999999888
21
-95.0347069999999974
0
LINE
8
BLACK
6
CONTINUOUS
10
101.4678819999999888
20
-95.0347069999999974
11
101.4678799999999939
21
-95.0347059999999999
0
LINE
8
BLACK
6
CONTINUOUS
10
101.4678799999999939
20
-95.0347059999999999
11
101.3396999999999935
21
-94.9898529999999965
0
LINE
8
BLACK
6
CONTINUOUS
10
101.3396999999999935
20
-94.9898529999999965
11
101.3092699999999979
21
-94.9869999999999948
0
LINE
8
BLACK
6
CONTINUOUS
10
101.3092699999999979
20
-94.9869999999999948
11
101.3092659999999938
21
-94.9869999999999948
0
LINE
8
BLACK
6
CONTINUOUS
10
101.3092659999999938
20
-94.9869999999999948
11
100.9007339999999999
21
-94.9869999999999948
0
LINE
8
BLACK
6
CONTINUOUS
10
100.9007339999999999
20
-94.9869999999999948
11
100.9007299999999958
21
-94.9869999999999948
0
LINE
8
BLACK
6
CONTINUOUS
10
100.9007299999999958
20
-94.9869999999999948
11
100.8703000000000003
21
-94.9898529999999965
0
LINE
8
BLACK
6
CONTINUOUS
10
100.8703000000000003
20
-94.9898529999999965
11
100.8702979999999911
21
-94.9898529999999965
0
LINE
8
BLACK
6
CONTINUOUS
10
100.8702979999999911
20
-94.9898529999999965
11
100.7421190000000024
21
-95.0347059999999999
0
LINE
8
BLACK
6
CONTINUOUS
10
100.7421190000000024
20
-95.0347059999999999
11
100.7421169999999933
21
-95.0347069999999974
0
LINE
8
BLACK
6
CONTINUOUS
10
100.7421169999999933
20
-95.0347069999999974
11
100.6328499999999906
21
-95.1153499999999923
0
LINE
8
BLACK
6
CONTINUOUS
10
100.6328499999999906
20
-95.1153499999999923
11
100.5522069999999957
21
-95.224616999999995
0
LINE
8
BLACK
6
CONTINUOUS
10
100.5522069999999957
20
-95.224616999999995
11
100.5522059999999982
21
-95.2246189999999899
0
LINE
8
BLACK
6
CONTINUOUS
10
100.5522059999999982
20
-95.2246189999999899
11
100.5073529999999948
21
-95.3527979999999928
0
LINE
8
BLACK
6
CONTINUOUS
10
100.5073529999999948
20
-95.3527979999999928
11
100.5073529999999948
21
-95.352800000000002
0
LINE
8
BLACK
6
CONTINUOUS
10
100.5073529999999948
20
-95.352800000000002
11
100.5044999999999931
21
-95.3832299999999975
0
LINE
8
BLACK
6
CONTINUOUS
10
100.5044999999999931
20
-95.3832299999999975
11
100.5044999999999931
21
-96.5167709999999914
0
LINE
8
BLACK
6
CONTINUOUS
10
100.5044999999999931
20
-96.5167709999999914
11
100.5070460000000026
21
-96.5439239999999899
0
LINE
8
BLACK
6
CONTINUOUS
10
100.5070460000000026
20
-96.5439239999999899
11
100.4937059999999889
21
-96.6125079999999912
0
LINE
8
BLACK
6
CONTINUOUS
10
100.4937059999999889
20
-96.6125079999999912
11
100.4454049999999938
21
-96.6629930000000002
0
LINE
8
BLACK
6
CONTINUOUS
10
100.4454049999999938
20
-96.6629930000000002
11
100.3835879999999889
21
-96.6794999999999902
0
LINE
8
BLACK
6
CONTINUOUS
10
100.3835879999999889
20
-96.6794999999999902
11
99.9264119999999991
21
-96.6794999999999902
0
LINE
8
BLACK
6
CONTINUOUS
10
99.9264119999999991
20
-96.6794999999999902
11
99.8593729999999908
21
-96.6598149999999947
0
LINE
8
BLACK
6
CONTINUOUS
10
99.8593729999999908
20
-96.6598149999999947
11
99.8136179999999911
21
-96.607011
0
LINE
8
BLACK
6
CONTINUOUS
10
99.8136179999999911
20
-96.607011
11
99.8029539999999997
21
-96.5439239999999899
0
LINE
8
BLACK
6
CONTINUOUS
10
99.8029539999999997
20
-96.5439239999999899
11
99.805499999999995
21
-96.5167709999999914
0
LINE
8
BLACK
6
CONTINUOUS
10
99.805499999999995
20
-96.5167709999999914
11
99.805499999999995
21
-95.3832299999999975
0
LINE
8
BLACK
6
CONTINUOUS
10
99.805499999999995
20
-95.3832299999999975
11
99.8026459999999958
21
-95.352800000000002
0
LINE
8
BLACK
6
CONTINUOUS
10
99.8026459999999958
20
-95.352800000000002
11
99.8026459999999958
21
-95.3527979999999928
0
LINE
8
BLACK
6
CONTINUOUS
10
99.8026459999999958
20
-95.3527979999999928
11
99.7644999999999982
21
-95.2437850000000026
0
LINE
8
BLACK
6
CONTINUOUS
10
99.7644999999999982
20
-95.2437850000000026
11
99.7577929999999924
21
-95.2246179999999924
0
LINE
8
BLACK
6
CONTINUOUS
10
99.7577929999999924
20
-95.2246179999999924
11
99.6771499999999975
21
-95.1153499999999923
0
LINE
8
BLACK
6
CONTINUOUS
10
99.6771499999999975
20
-95.1153499999999923
11
99.5678819999999973
21
-95.0347069999999974
0
LINE
8
BLACK
6
CONTINUOUS
10
99.5678819999999973
20
-95.0347069999999974
11
99.5678800000000024
21
-95.0347059999999999
0
LINE
8
BLACK
6
CONTINUOUS
10
99.5678800000000024
20
-95.0347059999999999
11
99.439700000000002
21
-94.9898529999999965
0
LINE
8
BLACK
6
CONTINUOUS
10
99.439700000000002
20
-94.9898529999999965
11
99.4092699999999923
21
-94.9869999999999948
0
LINE
8
BLACK
6
CONTINUOUS
10
99.4092699999999923
20
-94.9869999999999948
11
99.4092660000000024
21
-94.9869999999999948
0
LINE
8
BLACK
6
CONTINUOUS
10
99.4092660000000024
20
-94.9869999999999948
11
99.0007339999999942
21
-94.9869999999999948
0
LINE
8
BLACK
6
CONTINUOUS
10
99.0007339999999942
20
-94.9869999999999948
11
99.0007299999999901
21
-94.9869999999999948
0
LINE
8
BLACK
6
CONTINUOUS
10
99.0007299999999901
20
-94.9869999999999948
11
98.9702999999999946
21
-94.9898529999999965
0
LINE
8
BLACK
6
CONTINUOUS
10
98.9702999999999946
20
-94.9898529999999965
11
98.9702979999999997
21
-94.9898529999999965
0
LINE
8
BLACK
6
CONTINUOUS
10
98.9702979999999997
20
-94.9898529999999965
11
98.8421189999999967
21
-95.0347059999999999
0
LINE
8
BLACK
6
CONTINUOUS
10
98.8421189999999967
20
-95.0347059999999999
11
98.8338990000000024
21
-95.0390510000000006
0
LINE
8
BLACK
6
CONTINUOUS
10
98.8338990000000024
20
-95.0390510000000006
11
98.8331369999999936
21
-95.0376089999999891
0
LINE
8
BLACK
6
CONTINUOUS
10
98.8331369999999936
20
-95.0376089999999891
11
98.7774989999999917
21
-95.0579290000000015
0
LINE
8
BLACK
6
CONTINUOUS
10
98.7774989999999917
20
-95.0579290000000015
11
98.7093299999999942
21
-95.0426099999999963
0
LINE
8
BLACK
6
CONTINUOUS
10
98.7093299999999942
20
-95.0426099999999963
11
98.660263999999998
21
-94.9928680000000014
0
LINE
8
BLACK
6
CONTINUOUS
10
98.660263999999998
20
-94.9928680000000014
11
98.6454999999999984
21
-94.9341869999999943
0
LINE
8
BLACK
6
CONTINUOUS
10
98.6454999999999984
20
-94.9341869999999943
11
98.6454999999999984
21
-94.690811999999994
0
LINE
8
BLACK
6
CONTINUOUS
10
98.6454999999999984
20
-94.690811999999994
11
98.6651849999999939
21
-94.6237729999999999
0
LINE
8
BLACK
6
CONTINUOUS
10
98.6651849999999939
20
-94.6237729999999999
11
98.7179889999999887
21
-94.5780180000000001
0
LINE
8
BLACK
6
CONTINUOUS
10
98.7179889999999887
20
-94.5780180000000001
11
98.7871469999999903
21
-94.5680739999999957
0
LINE
8
BLACK
6
CONTINUOUS
10
98.7871469999999903
20
-94.5680739999999957
11
98.8333310000000012
21
-94.5870219999999904
0
LINE
8
BLACK
6
CONTINUOUS
10
98.8333310000000012
20
-94.5870219999999904
11
98.8338990000000024
21
-94.5859489999999994
0
LINE
8
BLACK
6
CONTINUOUS
10
98.8338990000000024
20
-94.5859489999999994
11
98.8421149999999926
21
-94.5902909999999935
0
LINE
8
BLACK
6
CONTINUOUS
10
98.8421149999999926
20
-94.5902909999999935
11
98.8421179999999993
21
-94.5902930000000026
0
LINE
8
BLACK
6
CONTINUOUS
10
98.8421179999999993
20
-94.5902930000000026
11
98.8848449999999985
21
-94.605243999999999
0
LINE
8
BLACK
6
CONTINUOUS
10
98.8848449999999985
20
-94.605243999999999
11
98.9702989999999971
21
-94.6351459999999918
0
LINE
8
BLACK
6
CONTINUOUS
10
98.9702989999999971
20
-94.6351459999999918
11
99.0007299999999901
21
-94.637999999999991
0
LINE
8
BLACK
6
CONTINUOUS
10
99.0007299999999901
20
-94.637999999999991
11
99.0007339999999942
21
-94.637999999999991
0
LINE
8
BLACK
6
CONTINUOUS
10
99.0007339999999942
20
-94.637999999999991
11
99.4092699999999923
21
-94.637999999999991
0
LINE
8
BLACK
6
CONTINUOUS
10
99.4092699999999923
20
-94.637999999999991
11
99.4396989999999903
21
-94.6351459999999918
0
LINE
8
BLACK
6
CONTINUOUS
10
99.4396989999999903
20
-94.6351459999999918
11
99.4397009999999995
21
-94.6351459999999918
0
LINE
8
BLACK
6
CONTINUOUS
10
99.4397009999999995
20
-94.6351459999999918
11
99.5176179999999988
21
-94.6078809999999919
0
LINE
8
BLACK
6
CONTINUOUS
10
99.5176179999999988
20
-94.6078809999999919
11
99.5678819999999973
21
-94.5902930000000026
0
LINE
8
BLACK
6
CONTINUOUS
10
99.5678819999999973
20
-94.5902930000000026
11
99.6771499999999975
21
-94.5096499999999935
0
LINE
8
BLACK
6
CONTINUOUS
10
99.6771499999999975
20
-94.5096499999999935
11
99.7577929999999924
21
-94.4003819999999934
0
LINE
8
BLACK
6
CONTINUOUS
10
99.7577929999999924
20
-94.4003819999999934
11
99.7858909999999923
21
-94.3200819999999993
0
LINE
8
BLACK
6
CONTINUOUS
10
99.7858909999999923
20
-94.3200819999999993
11
99.8026459999999958
21
-94.2722009999999955
0
LINE
8
BLACK
6
CONTINUOUS
10
99.8026459999999958
20
-94.2722009999999955
11
99.8026459999999958
21
-94.2721990000000005
0
LINE
8
BLACK
6
CONTINUOUS
10
99.8026459999999958
20
-94.2721990000000005
11
99.805499999999995
21
-94.2417689999999908
0
LINE
8
BLACK
6
CONTINUOUS
10
99.805499999999995
20
-94.2417689999999908
11
99.805499999999995
21
-93.1082299999999918
0
LINE
8
BLACK
6
CONTINUOUS
10
99.805499999999995
20
-93.1082299999999918
11
99.8026459999999958
21
-93.0777999999999963
0
LINE
8
BLACK
6
CONTINUOUS
10
99.8026459999999958
20
-93.0777999999999963
11
99.8026459999999958
21
-93.0777980000000014
0
LINE
8
BLACK
6
CONTINUOUS
10
99.8026459999999958
20
-93.0777980000000014
11
99.7577939999999899
21
-92.9496209999999934
0
LINE
8
BLACK
6
CONTINUOUS
10
99.7577939999999899
20
-92.9496209999999934
11
99.7577929999999924
21
-92.9496189999999984
0
LINE
8
BLACK
6
CONTINUOUS
10
99.7577929999999924
20
-92.9496189999999984
11
99.7577929999999924
21
-92.949618000000001
0
LINE
8
BLACK
6
CONTINUOUS
10
99.7577929999999924
20
-92.949618000000001
11
99.75779
21
-92.9496149999999943
0
LINE
8
BLACK
6
CONTINUOUS
10
99.75779
20
-92.9496149999999943
11
99.755361999999991
21
-92.9450199999999995
0
LINE
8
BLACK
6
CONTINUOUS
10
99.755361999999991
20
-92.9450199999999995
11
99.7414399999999972
21
-92.8765509999999921
0
LINE
8
BLACK
6
CONTINUOUS
10
99.7414399999999972
20
-92.8765509999999921
11
99.7667439999999885
21
-92.8114249999999998
0
LINE
8
BLACK
6
CONTINUOUS
10
99.7667439999999885
20
-92.8114249999999998
11
99.819502
21
-92.7717229999999944
0
LINE
8
BLACK
6
CONTINUOUS
10
99.819502
20
-92.7717229999999944
11
99.8235729999999961
21
-92.7701169999999991
0
LINE
8
BLACK
6
CONTINUOUS
10
99.8235729999999961
20
-92.7701169999999991
11
99.8235770000000002
21
-92.7701169999999991
0
LINE
8
BLACK
6
CONTINUOUS
10
99.8235770000000002
20
-92.7701169999999991
11
99.9611579999999975
21
-92.7158620000000013
0
LINE
8
BLACK
6
CONTINUOUS
10
99.9611579999999975
20
-92.7158620000000013
11
100.0789999999999935
21
-92.626499999999993
0
LINE
8
BLACK
6
CONTINUOUS
10
100.0789999999999935
20
-92.626499999999993
11
100.1683620000000019
21
-92.5086579999999969
0
LINE
8
BLACK
6
CONTINUOUS
10
100.1683620000000019
20
-92.5086579999999969
11
100.2226169999999996
21
-92.3710769999999997
0
LINE
8
BLACK
6
CONTINUOUS
10
100.2226169999999996
20
-92.3710769999999997
11
100.2329999999999899
21
-92.2846179999999947
0
LINE
8
BLACK
6
CONTINUOUS
10
100.2329999999999899
20
-92.2846179999999947
11
100.2329999999999899
21
-91.9261759999999981
0
LINE
8
BLACK
6
CONTINUOUS
10
100.2329999999999899
20
-91.9261759999999981
11
100.2526849999999996
21
-91.8591369999999898
0
LINE
8
BLACK
6
CONTINUOUS
10
100.2526849999999996
20
-91.8591369999999898
11
100.2693189999999959
21
-91.8384949999999947
0
LINE
8
BLACK
6
CONTINUOUS
10
100.2693189999999959
20
-91.8384949999999947
11
100.4409950000000009
21
-91.6668189999999896
0
LINE
8
BLACK
6
CONTINUOUS
10
100.4409950000000009
20
-91.6668189999999896
11
100.5023180000000025
21
-91.6333339999999907
0
LINE
8
BLACK
6
CONTINUOUS
10
100.5023180000000025
20
-91.6333339999999907
11
100.5286759999999902
21
-91.6304999999999978
0
LINE
8
BLACK
6
CONTINUOUS
10
100.5286759999999902
20
-91.6304999999999978
11
100.6313899999999961
21
-91.6304999999999978
0
LINE
8
BLACK
6
CONTINUOUS
10
100.6313899999999961
20
-91.6304999999999978
11
100.6520620000000008
21
-91.5995619999999917
0
LINE
8
BLACK
6
CONTINUOUS
10
100.6520620000000008
20
-91.5995619999999917
11
100.7291129999999981
21
-91.5480790000000013
0
LINE
8
BLACK
6
CONTINUOUS
10
100.7291129999999981
20
-91.5480790000000013
11
100.8199999999999932
21
-91.5300000000000011
0
LINE
8
BLACK
6
CONTINUOUS
10
100.8199999999999932
20
-91.5300000000000011
11
101.4200000000000017
21
-91.5300000000000011
0
LINE
8
BLACK
6
CONTINUOUS
10
101.4200000000000017
20
-91.5300000000000011
11
101.5108869999999968
21
-91.5480790000000013
0
LINE
8
BLACK
6
CONTINUOUS
10
101.5108869999999968
20
-91.5480790000000013
11
101.5879379999999941
21
-91.5995619999999917
0
LINE
8
BLACK
6
CONTINUOUS
10
101.5879379999999941
20
-91.5995619999999917
11
101.6086099999999988
21
-91.6304999999999978
0
LINE
8
BLACK
6
CONTINUOUS
10
101.6086099999999988
20
-91.6304999999999978
11
101.6305009999999953
21
-91.6304999999999978
0
LINE
8
BLACK
6
CONTINUOUS
10
101.6305009999999953
20
-91.6304999999999978
11
101.6975399999999894
21
-91.6501849999999934
0
LINE
8
BLACK
6
CONTINUOUS
10
101.6975399999999894
20
-91.6501849999999934
11
101.7432949999999892
21
-91.7029890000000023
0
LINE
8
BLACK
6
CONTINUOUS
10
101.7432949999999892
20
-91.7029890000000023
11
101.7545009999999905
21
-91.7544999999999931
0
LINE
8
BLACK
6
CONTINUOUS
10
101.7545009999999905
20
-91.7544999999999931
11
101.7545009999999905
21
-91.989855999999989
0
LINE
8
BLACK
6
CONTINUOUS
10
101.7545009999999905
20
-91.989855999999989
11
101.7545020000000022
21
-91.9898819999999944
0
LINE
8
BLACK
6
CONTINUOUS
10
101.7545020000000022
20
-91.9898819999999944
11
101.7574129999999997
21
-92.0149869999999908
0
LINE
8
BLACK
6
CONTINUOUS
10
101.7574129999999997
20
-92.0149869999999908
11
101.7574149999999946
21
-92.0149909999999949
0
LINE
8
BLACK
6
CONTINUOUS
10
101.7574149999999946
20
-92.0149909999999949
11
101.8027929999999941
21
-92.117763999999994
0
LINE
8
BLACK
6
CONTINUOUS
10
101.8027929999999941
20
-92.117763999999994
11
101.8027939999999916
21
-92.1177649999999915
0
LINE
8
BLACK
6
CONTINUOUS
10
101.8027939999999916
20
-92.1177649999999915
11
101.8822349999999943
21
-92.1972059999999942
0
LINE
8
BLACK
6
CONTINUOUS
10
101.8822349999999943
20
-92.1972059999999942
11
101.9850089999999909
21
-92.2425849999999912
0
LINE
8
BLACK
6
CONTINUOUS
10
101.9850089999999909
20
-92.2425849999999912
11
102.0101349999999911
21
-92.2454999999999927
0
LINE
8
BLACK
6
CONTINUOUS
10
102.0101349999999911
20
-92.2454999999999927
11
103.0998639999999966
21
-92.2454989999999952
0
LINE
8
BLACK
6
CONTINUOUS
10
103.0998639999999966
20
-92.2454989999999952
11
103.0998790000000014
21
-92.2454970000000003
0
LINE
8
BLACK
6
CONTINUOUS
10
103.0998790000000014
20
-92.2454970000000003
11
103.0998819999999938
21
-92.2454970000000003
0
LINE
8
BLACK
6
CONTINUOUS
10
103.0998819999999938
20
-92.2454970000000003
11
103.1249869999999902
21
-92.2425860000000029
0
LINE
8
BLACK
6
CONTINUOUS
10
103.1249869999999902
20
-92.2425860000000029
11
103.1249880000000019
21
-92.2425849999999912
0
LINE
8
BLACK
6
CONTINUOUS
10
103.1249880000000019
20
-92.2425849999999912
11
103.1249909999999943
21
-92.2425849999999912
0
LINE
8
BLACK
6
CONTINUOUS
10
103.1249909999999943
20
-92.2425849999999912
11
103.2277649999999909
21
-92.1972059999999942
0
LINE
8
BLACK
6
CONTINUOUS
10
103.2277649999999909
20
-92.1972059999999942
11
103.3072059999999937
21
-92.1177649999999915
0
LINE
8
BLACK
6
CONTINUOUS
10
103.3072059999999937
20
-92.1177649999999915
11
103.3525849999999906
21
-92.0149909999999949
0
LINE
8
BLACK
6
CONTINUOUS
10
103.3525849999999906
20
-92.0149909999999949
11
103.3554999999999922
21
-91.9898649999999947
0
LINE
8
BLACK
6
CONTINUOUS
10
103.3554999999999922
20
-91.9898649999999947
11
103.3554999999999922
21
-91.7544999999999931
0
LINE
8
BLACK
6
CONTINUOUS
10
103.3554999999999922
20
-91.7544999999999931
11
103.3751850000000019
21
-91.687460999999999
0
LINE
8
BLACK
6
CONTINUOUS
10
103.3751850000000019
20
-91.687460999999999
11
103.4279889999999966
21
-91.6417059999999992
0
LINE
8
BLACK
6
CONTINUOUS
10
103.4279889999999966
20
-91.6417059999999992
11
103.4795000000000016
21
-91.6304999999999978
0
LINE
8
BLACK
6
CONTINUOUS
10
103.4795000000000016
20
-91.6304999999999978
11
105.0013239999999968
21
-91.6304999999999978
0
LINE
8
BLACK
6
CONTINUOUS
10
105.0013239999999968
20
-91.6304999999999978
11
105.0683629999999908
21
-91.6501849999999934
0
LINE
8
BLACK
6
CONTINUOUS
10
105.0683629999999908
20
-91.6501849999999934
11
105.0890050000000002
21
-91.6668189999999896
0
LINE
8
BLACK
6
CONTINUOUS
10
105.0890050000000002
20
-91.6668189999999896
11
105.5051859999999948
21
-92.0829999999999984
0
LINE
8
BLACK
6
CONTINUOUS
10
105.5051859999999948
20
-92.0829999999999984
11
105.6193139999999886
21
-92.1488919999999894
0
LINE
8
BLACK
6
CONTINUOUS
10
105.6193139999999886
20
-92.1488919999999894
11
105.7350890000000021
21
-92.1799129999999991
0
LINE
8
BLACK
6
CONTINUOUS
10
105.7350890000000021
20
-92.1799129999999991
11
105.7947479999999985
21
-92.2162759999999935
0
LINE
8
BLACK
6
CONTINUOUS
10
105.7947479999999985
20
-92.2162759999999935
11
105.8252779999999973
21
-92.2791229999999985
0
LINE
8
BLACK
6
CONTINUOUS
10
105.8252779999999973
20
-92.2791229999999985
11
105.8261099999999999
21
-92.3144669999999934
0
LINE
8
BLACK
6
CONTINUOUS
10
105.8261099999999999
20
-92.3144669999999934
11
105.8245000000000005
21
-92.3278820000000024
0
LINE
8
BLACK
6
CONTINUOUS
10
105.8245000000000005
20
-92.3278820000000024
11
105.8245000000000005
21
-92.3278869999999898
0
LINE
8
BLACK
6
CONTINUOUS
10
105.8245000000000005
20
-92.3278869999999898
11
105.8245000000000005
21
-92.6363240000000019
0
LINE
8
BLACK
6
CONTINUOUS
10
105.8245000000000005
20
-92.6363240000000019
11
105.8048149999999907
21
-92.703362999999996
0
LINE
8
BLACK
6
CONTINUOUS
10
105.8048149999999907
20
-92.703362999999996
11
105.7881809999999945
21
-92.7240049999999911
0
LINE
8
BLACK
6
CONTINUOUS
10
105.7881809999999945
20
-92.7240049999999911
11
105.5595019999999948
21
-92.9526829999999933
0
LINE
8
BLACK
6
CONTINUOUS
10
105.5595019999999948
20
-92.9526829999999933
11
105.5594999999999999
21
-92.9526859999999999
0
LINE
8
BLACK
6
CONTINUOUS
10
105.5594999999999999
20
-92.9526859999999999
11
105.4936079999999947
21
-93.0668119999999988
0
LINE
8
BLACK
6
CONTINUOUS
10
105.4936079999999947
20
-93.0668119999999988
11
105.4634190000000018
21
-93.1794809999999956
0
LINE
8
BLACK
6
CONTINUOUS
10
105.4634190000000018
20
-93.1794809999999956
11
105.4594999999999914
21
-93.1941079999999999
0
LINE
8
BLACK
6
CONTINUOUS
10
105.4594999999999914
20
-93.1941079999999999
11
105.4594999999999914
21
-95.6841079999999948
0
LINE
8
BLACK
6
CONTINUOUS
10
105.4594999999999914
20
-95.6841079999999948
11
105.4594999999999914
21
-95.815891999999991
0
LINE
8
BLACK
6
CONTINUOUS
10
105.4594999999999914
20
-95.815891999999991
11
105.4702929999999981
21
-95.8561720000000008
0
LINE
8
BLACK
6
CONTINUOUS
10
105.4702929999999981
20
-95.8561720000000008
11
105.4936079999999947
21
-95.9431869999999947
0
LINE
8
BLACK
6
CONTINUOUS
10
105.4936079999999947
20
-95.9431869999999947
11
105.5099119999999999
21
-95.9714249999999964
0
LINE
8
BLACK
6
CONTINUOUS
10
105.5099119999999999
20
-95.9714249999999964
11
105.5594999999999999
21
-96.057313999999991
0
LINE
8
BLACK
6
CONTINUOUS
10
105.5594999999999999
20
-96.057313999999991
11
105.8826859999999925
21
-96.3804999999999978
0
LINE
8
BLACK
6
CONTINUOUS
10
105.8826859999999925
20
-96.3804999999999978
11
105.9968140000000005
21
-96.4463919999999888
0
LINE
8
BLACK
6
CONTINUOUS
10
105.9968140000000005
20
-96.4463919999999888
11
106.1241069999999951
21
-96.4804999999999922
0
LINE
8
BLACK
6
CONTINUOUS
10
106.1241069999999951
20
-96.4804999999999922
11
106.1241079999999926
21
-96.4804999999999922
0
LINE
8
BLACK
6
CONTINUOUS
10
106.1241079999999926
20
-96.4804999999999922
11
107.8330109999999991
21
-96.4804999999999922
0
LINE
8
BLACK
6
CONTINUOUS
10
107.8330109999999991
20
-96.4804999999999922
11
107.9000499999999931
21
-96.5001850000000019
0
LINE
8
BLACK
6
CONTINUOUS
10
107.9000499999999931
20
-96.5001850000000019
11
107.9458049999999929
21
-96.5529889999999966
0
LINE
8
BLACK
6
CONTINUOUS
10
107.9458049999999929
20
-96.5529889999999966
11
107.9463919999999888
21
-96.5542949999999962
0
LINE
8
BLACK
6
CONTINUOUS
10
107.9463919999999888
20
-96.5542949999999962
11
107.9677939999999978
21
-96.6027649999999909
0
LINE
8
BLACK
6
CONTINUOUS
10
107.9677939999999978
20
-96.6027649999999909
11
108.0472350000000006
21
-96.6822059999999937
0
LINE
8
BLACK
6
CONTINUOUS
10
108.0472350000000006
20
-96.6822059999999937
11
108.1500089999999972
21
-96.7275849999999906
0
LINE
8
BLACK
6
CONTINUOUS
10
108.1500089999999972
20
-96.7275849999999906
11
108.1751349999999974
21
-96.7304999999999922
0
LINE
8
BLACK
6
CONTINUOUS
10
108.1751349999999974
20
-96.7304999999999922
11
109.9648639999999915
21
-96.7304989999999947
0
LINE
8
BLACK
6
CONTINUOUS
10
109.9648639999999915
20
-96.7304989999999947
11
109.9648789999999963
21
-96.7304969999999997
0
LINE
8
BLACK
6
CONTINUOUS
10
109.9648789999999963
20
-96.7304969999999997
11
109.9648819999999887
21
-96.7304969999999997
0
LINE
8
BLACK
6
CONTINUOUS
10
109.9648819999999887
20
-96.7304969999999997
11
109.9899869999999993
21
-96.7275860000000023
0
LINE
8
BLACK
6
CONTINUOUS
10
109.9899869999999993
20
-96.7275860000000023
11
109.9899879999999968
21
-96.7275849999999906
0
LINE
8
BLACK
6
CONTINUOUS
10
109.9899879999999968
20
-96.7275849999999906
11
109.9899909999999892
21
-96.7275849999999906
0
LINE
8
BLACK
6
CONTINUOUS
10
109.9899909999999892
20
-96.7275849999999906
11
110.092765
21
-96.6822059999999937
0
LINE
8
BLACK
6
CONTINUOUS
10
110.092765
20
-96.6822059999999937
11
110.1722059999999885
21
-96.6027649999999909
0
LINE
8
BLACK
6
CONTINUOUS
10
110.1722059999999885
20
-96.6027649999999909
11
110.2175849999999997
21
-96.4999909999999943
0
LINE
8
BLACK
6
CONTINUOUS
10
110.2175849999999997
20
-96.4999909999999943
11
110.2205000000000013
21
-96.4748649999999941
0
LINE
8
BLACK
6
CONTINUOUS
10
110.2205000000000013
20
-96.4748649999999941
11
110.2205000000000013
21
-96.4144999999999897
0
LINE
8
BLACK
6
CONTINUOUS
10
110.2205000000000013
20
-96.4144999999999897
11
110.2401849999999968
21
-96.3474609999999956
0
LINE
8
BLACK
6
CONTINUOUS
10
110.2401849999999968
20
-96.3474609999999956
11
110.2929889999999915
21
-96.3017059999999958
0
LINE
8
BLACK
6
CONTINUOUS
10
110.2929889999999915
20
-96.3017059999999958
11
110.3444999999999965
21
-96.2904999999999944
0
LINE
8
BLACK
6
CONTINUOUS
10
110.3444999999999965
20
-96.2904999999999944
11
110.621816999999993
21
-96.2904999999999944
0
LINE
8
BLACK
6
CONTINUOUS
10
110.621816999999993
20
-96.2904999999999944
11
110.6888560000000012
21
-96.3101849999999899
0
LINE
8
BLACK
6
CONTINUOUS
10
110.6888560000000012
20
-96.3101849999999899
11
110.734611000000001
21
-96.3629889999999989
0
LINE
8
BLACK
6
CONTINUOUS
10
110.734611000000001
20
-96.3629889999999989
11
110.7449319999999915
21
-96.4292870000000022
0
LINE
8
BLACK
6
CONTINUOUS
10
110.7449319999999915
20
-96.4292870000000022
11
110.7444999999999879
21
-96.4328829999999897
0
LINE
8
BLACK
6
CONTINUOUS
10
110.7444999999999879
20
-96.4328829999999897
11
110.7444999999999879
21
-97.0171179999999964
0
LINE
8
BLACK
6
CONTINUOUS
10
110.7444999999999879
20
-97.0171179999999964
11
110.7548819999999949
21
-97.1035739999999947
0
LINE
8
BLACK
6
CONTINUOUS
10
110.7548819999999949
20
-97.1035739999999947
11
110.7548819999999949
21
-97.1035749999999922
0
LINE
8
BLACK
6
CONTINUOUS
10
110.7548819999999949
20
-97.1035749999999922
11
110.8091390000000018
21
-97.2411599999999936
0
LINE
8
BLACK
6
CONTINUOUS
10
110.8091390000000018
20
-97.2411599999999936
11
110.898499000000001
21
-97.3589999999999947
0
LINE
8
BLACK
6
CONTINUOUS
10
110.898499000000001
20
-97.3589999999999947
11
110.9870849999999933
21
-97.4261759999999981
0
LINE
8
BLACK
6
CONTINUOUS
10
110.9870849999999933
20
-97.4261759999999981
11
111.0163419999999945
21
-97.4483619999999888
0
LINE
8
BLACK
6
CONTINUOUS
10
111.0163419999999945
20
-97.4483619999999888
11
111.0809919999999948
21
-97.4738559999999978
0
LINE
8
BLACK
6
CONTINUOUS
10
111.0809919999999948
20
-97.4738559999999978
11
111.1361339999999984
21
-97.5167610000000025
0
LINE
8
BLACK
6
CONTINUOUS
10
111.1361339999999984
20
-97.5167610000000025
11
111.1593269999999904
21
-97.5826689999999957
0
LINE
8
BLACK
6
CONTINUOUS
10
111.1593269999999904
20
-97.5826689999999957
11
111.1594999999999942
21
-97.5892099999999942
0
LINE
8
BLACK
6
CONTINUOUS
10
111.1594999999999942
20
-97.5892099999999942
11
111.1594999999999942
21
-98.4081059999999894
0
LINE
8
BLACK
6
CONTINUOUS
10
111.1594999999999942
20
-98.4081059999999894
11
111.1398149999999987
21
-98.4751449999999977
0
LINE
8
BLACK
6
CONTINUOUS
10
111.1398149999999987
20
-98.4751449999999977
11
111.0870109999999897
21
-98.5208999999999975
0
LINE
8
BLACK
6
CONTINUOUS
10
111.0870109999999897
20
-98.5208999999999975
11
111.0497889999999899
21
-98.5312799999999953
0
LINE
8
BLACK
6
CONTINUOUS
10
111.0497889999999899
20
-98.5312799999999953
11
111.0400099999999952
21
-98.5324139999999886
0
LINE
8
BLACK
6
CONTINUOUS
10
111.0400099999999952
20
-98.5324139999999886
11
111.0400080000000003
21
-98.5324150000000003
0
LINE
8
BLACK
6
CONTINUOUS
10
111.0400080000000003
20
-98.5324150000000003
11
110.9372350000000012
21
-98.5777929999999998
0
LINE
8
BLACK
6
CONTINUOUS
10
110.9372350000000012
20
-98.5777929999999998
11
110.8577939999999984
21
-98.6572340000000025
0
LINE
8
BLACK
6
CONTINUOUS
10
110.8577939999999984
20
-98.6572340000000025
11
110.8124150000000014
21
-98.76000599999999
0
LINE
8
BLACK
6
CONTINUOUS
10
110.8124150000000014
20
-98.76000599999999
11
110.8124150000000014
21
-98.7600079999999991
0
LINE
8
BLACK
6
CONTINUOUS
10
110.8124150000000014
20
-98.7600079999999991
11
110.8094999999999999
21
-98.7851309999999927
0
LINE
8
BLACK
6
CONTINUOUS
10
110.8094999999999999
20
-98.7851309999999927
11
110.8094999999999999
21
-99.8748559999999941
0
LINE
8
BLACK
6
CONTINUOUS
10
110.8094999999999999
20
-99.8748559999999941
11
110.8095019999999948
21
-99.8748819999999995
0
LINE
8
BLACK
6
CONTINUOUS
10
110.8095019999999948
20
-99.8748819999999995
11
110.8124129999999923
21
-99.8999869999999959
0
LINE
8
BLACK
6
CONTINUOUS
10
110.8124129999999923
20
-99.8999869999999959
11
110.8124150000000014
21
-99.899991
0
LINE
8
BLACK
6
CONTINUOUS
10
110.8124150000000014
20
-99.899991
11
110.8577930000000009
21
-100.0027639999999991
0
LINE
8
BLACK
6
CONTINUOUS
10
110.8577930000000009
20
-100.0027639999999991
11
110.8577939999999984
21
-100.0027649999999966
0
LINE
8
BLACK
6
CONTINUOUS
10
110.8577939999999984
20
-100.0027649999999966
11
110.9372350000000012
21
-100.0822059999999993
0
LINE
8
BLACK
6
CONTINUOUS
10
110.9372350000000012
20
-100.0822059999999993
11
111.0400089999999977
21
-100.1275849999999963
0
LINE
8
BLACK
6
CONTINUOUS
10
111.0400089999999977
20
-100.1275849999999963
11
111.0651349999999979
21
-100.1304999999999978
0
LINE
8
BLACK
6
CONTINUOUS
10
111.0651349999999979
20
-100.1304999999999978
11
112.1548639999999892
21
-100.1304990000000004
0
LINE
8
BLACK
6
CONTINUOUS
10
112.1548639999999892
20
-100.1304990000000004
11
112.154878999999994
21
-100.1304969999999912
0
LINE
8
BLACK
6
CONTINUOUS
10
112.154878999999994
20
-100.1304969999999912
11
112.1548820000000006
21
-100.1304969999999912
0
LINE
8
BLACK
6
CONTINUOUS
10
112.1548820000000006
20
-100.1304969999999912
11
112.179986999999997
21
-100.1275859999999938
0
LINE
8
BLACK
6
CONTINUOUS
10
112.179986999999997
20
-100.1275859999999938
11
112.1799879999999945
21
-100.1275849999999963
0
LINE
8
BLACK
6
CONTINUOUS
10
112.1799879999999945
20
-100.1275849999999963
11
112.1799910000000011
21
-100.1275849999999963
0
LINE
8
BLACK
6
CONTINUOUS
10
112.1799910000000011
20
-100.1275849999999963
11
112.2827649999999977
21
-100.0822059999999993
0
LINE
8
BLACK
6
CONTINUOUS
10
112.2827649999999977
20
-100.0822059999999993
11
112.3375179999999887
21
-100.0274519999999967
0
LINE
8
BLACK
6
CONTINUOUS
10
112.3375179999999887
20
-100.0274519999999967
11
112.3988370000000003
21
-99.9939699999999903
0
LINE
8
BLACK
6
CONTINUOUS
10
112.3988370000000003
20
-99.9939699999999903
11
112.4685289999999895
21
-99.9989539999999977
0
LINE
8
BLACK
6
CONTINUOUS
10
112.4685289999999895
20
-99.9989539999999977
11
112.500118999999998
21
-100.0163309999999939
0
LINE
8
BLACK
6
CONTINUOUS
10
112.500118999999998
20
-100.0163309999999939
11
112.5147879999999958
21
-100.0274549999999891
0
LINE
8
BLACK
6
CONTINUOUS
10
112.5147879999999958
20
-100.0274549999999891
11
112.5516149999999982
21
-100.0553819999999945
0
LINE
8
BLACK
6
CONTINUOUS
10
112.5516149999999982
20
-100.0553819999999945
11
112.5588419999999985
21
-100.0608620000000002
0
LINE
8
BLACK
6
CONTINUOUS
10
112.5588419999999985
20
-100.0608620000000002
11
112.6964229999999958
21
-100.1151169999999979
0
LINE
8
BLACK
6
CONTINUOUS
10
112.6964229999999958
20
-100.1151169999999979
11
112.7540619999999905
21
-100.1220390000000009
0
LINE
8
BLACK
6
CONTINUOUS
10
112.7540619999999905
20
-100.1220390000000009
11
112.7828809999999891
21
-100.1255000000000024
0
LINE
8
BLACK
6
CONTINUOUS
10
112.7828809999999891
20
-100.1255000000000024
11
112.7828820000000007
21
-100.1255000000000024
0
LINE
8
BLACK
6
CONTINUOUS
10
112.7828820000000007
20
-100.1255000000000024
11
113.3671189999999882
21
-100.1255000000000024
0
LINE
8
BLACK
6
CONTINUOUS
10
113.3671189999999882
20
-100.1255000000000024
11
113.3945549999999969
21
-100.1222049999999939
0
LINE
8
BLACK
6
CONTINUOUS
10
113.3945549999999969
20
-100.1222049999999939
11
113.4535769999999957
21
-100.1151169999999979
0
LINE
8
BLACK
6
CONTINUOUS
10
113.4535769999999957
20
-100.1151169999999979
11
113.591157999999993
21
-100.0608620000000002
0
LINE
8
BLACK
6
CONTINUOUS
10
113.591157999999993
20
-100.0608620000000002
11
113.708999999999989
21
-99.9714999999999918
0
LINE
8
BLACK
6
CONTINUOUS
10
113.708999999999989
20
-99.9714999999999918
11
113.7983619999999974
21
-99.8536579999999958
0
LINE
8
BLACK
6
CONTINUOUS
10
113.7983619999999974
20
-99.8536579999999958
11
113.8526169999999951
21
-99.7160769999999985
0
LINE
8
BLACK
6
CONTINUOUS
10
113.8526169999999951
20
-99.7160769999999985
11
113.8629999999999995
21
-99.6296179999999936
0
LINE
8
BLACK
6
CONTINUOUS
10
113.8629999999999995
20
-99.6296179999999936
11
113.8629999999999995
21
-99.0703819999999951
0
LINE
8
BLACK
6
CONTINUOUS
10
113.8629999999999995
20
-99.0703819999999951
11
113.8526169999999951
21
-98.9839229999999901
0
LINE
8
BLACK
6
CONTINUOUS
10
113.8526169999999951
20
-98.9839229999999901
11
113.7983619999999974
21
-98.8463419999999928
0
LINE
8
BLACK
6
CONTINUOUS
10
113.7983619999999974
20
-98.8463419999999928
11
113.7983599999999882
21
-98.8463390000000004
0
LINE
8
BLACK
6
CONTINUOUS
10
113.7983599999999882
20
-98.8463390000000004
11
113.708999999999989
21
-98.7284989999999993
0
LINE
8
BLACK
6
CONTINUOUS
10
113.708999999999989
20
-98.7284989999999993
11
113.6495749999999987
21
-98.6834360000000004
0
LINE
8
BLACK
6
CONTINUOUS
10
113.6495749999999987
20
-98.6834360000000004
11
113.608050999999989
21
-98.6272429999999929
0
LINE
8
BLACK
6
CONTINUOUS
10
113.608050999999989
20
-98.6272429999999929
11
113.6004999999999967
21
-98.5846319999999992
0
LINE
8
BLACK
6
CONTINUOUS
10
113.6004999999999967
20
-98.5846319999999992
11
113.6004999999999967
21
-97.3732299999999924
0
LINE
8
BLACK
6
CONTINUOUS
10
113.6004999999999967
20
-97.3732299999999924
11
113.5976459999999975
21
-97.3428009999999944
0
LINE
8
BLACK
6
CONTINUOUS
10
113.5976459999999975
20
-97.3428009999999944
11
113.5968450000000018
21
-97.3405109999999922
0
LINE
8
BLACK
6
CONTINUOUS
10
113.5968450000000018
20
-97.3405109999999922
11
113.5967529999999925
21
-97.3387099999999919
0
LINE
8
BLACK
6
CONTINUOUS
10
113.5967529999999925
20
-97.3387099999999919
11
113.596035999999998
21
-97.3354269999999957
0
LINE
8
BLACK
6
CONTINUOUS
10
113.596035999999998
20
-97.3354269999999957
11
113.5965789999999913
21
-97.3353079999999977
0
LINE
8
BLACK
6
CONTINUOUS
10
113.5965789999999913
20
-97.3353079999999977
11
113.593283999999997
21
-97.2707319999999953
0
LINE
8
BLACK
6
CONTINUOUS
10
113.593283999999997
20
-97.2707319999999953
11
113.6280129999999957
21
-97.2101049999999987
0
LINE
8
BLACK
6
CONTINUOUS
10
113.6280129999999957
20
-97.2101049999999987
11
113.6900069999999943
21
-97.1778779999999927
0
LINE
8
BLACK
6
CONTINUOUS
10
113.6900069999999943
20
-97.1778779999999927
11
113.7254639999999881
21
-97.1760989999999936
0
LINE
8
BLACK
6
CONTINUOUS
10
113.7254639999999881
20
-97.1760989999999936
11
113.7457339999999988
21
-97.1779999999999973
0
LINE
8
BLACK
6
CONTINUOUS
10
113.7457339999999988
20
-97.1779999999999973
11
114.1542699999999968
21
-97.1779999999999973
0
LINE
8
BLACK
6
CONTINUOUS
10
114.1542699999999968
20
-97.1779999999999973
11
114.1846989999999948
21
-97.175145999999998
0
LINE
8
BLACK
6
CONTINUOUS
10
114.1846989999999948
20
-97.175145999999998
11
114.1847009999999898
21
-97.175145999999998
0
LINE
8
BLACK
6
CONTINUOUS
10
114.1847009999999898
20
-97.175145999999998
11
114.2487899999999996
21
-97.1527189999999905
0
LINE
8
BLACK
6
CONTINUOUS
10
114.2487899999999996
20
-97.1527189999999905
11
114.3128820000000019
21
-97.1302929999999947
0
LINE
8
BLACK
6
CONTINUOUS
10
114.3128820000000019
20
-97.1302929999999947
11
114.4221499999999878
21
-97.0496499999999997
0
LINE
8
BLACK
6
CONTINUOUS
10
114.4221499999999878
20
-97.0496499999999997
11
114.5027929999999969
21
-96.9403819999999996
0
LINE
8
BLACK
6
CONTINUOUS
10
114.5027929999999969
20
-96.9403819999999996
11
114.5347749999999962
21
-96.8489819999999924
0
LINE
8
BLACK
6
CONTINUOUS
10
114.5347749999999962
20
-96.8489819999999924
11
114.5476460000000003
21
-96.8122010000000017
0
LINE
8
BLACK
6
CONTINUOUS
10
114.5476460000000003
20
-96.8122010000000017
11
114.5476460000000003
21
-96.8121989999999926
0
LINE
8
BLACK
6
CONTINUOUS
10
114.5476460000000003
20
-96.8121989999999926
11
114.5504999999999995
21
-96.781768999999997
0
LINE
8
BLACK
6
CONTINUOUS
10
114.5504999999999995
20
-96.781768999999997
11
114.5504999999999995
21
-95.4982299999999924
0
LINE
8
BLACK
6
CONTINUOUS
10
114.5504999999999995
20
-95.4982299999999924
11
114.5476460000000003
21
-95.4677999999999969
0
LINE
8
BLACK
6
CONTINUOUS
10
114.5476460000000003
20
-95.4677999999999969
11
114.5476460000000003
21
-95.4677980000000019
0
LINE
8
BLACK
6
CONTINUOUS
10
114.5476460000000003
20
-95.4677980000000019
11
114.5074059999999889
21
-95.3528009999999995
0
LINE
8
BLACK
6
CONTINUOUS
10
114.5074059999999889
20
-95.3528009999999995
11
114.5027929999999969
21
-95.3396180000000015
0
LINE
8
BLACK
6
CONTINUOUS
10
114.5027929999999969
20
-95.3396180000000015
11
114.4221499999999878
21
-95.2303500000000014
0
LINE
8
BLACK
6
CONTINUOUS
10
114.4221499999999878
20
-95.2303500000000014
11
114.3128820000000019
21
-95.1497069999999923
0
LINE
8
BLACK
6
CONTINUOUS
10
114.3128820000000019
20
-95.1497069999999923
11
114.3128799999999927
21
-95.1497059999999948
0
LINE
8
BLACK
6
CONTINUOUS
10
114.3128799999999927
20
-95.1497059999999948
11
114.1846999999999923
21
-95.1048529999999914
0
LINE
8
BLACK
6
CONTINUOUS
10
114.1846999999999923
20
-95.1048529999999914
11
114.1542699999999968
21
-95.1019999999999897
0
LINE
8
BLACK
6
CONTINUOUS
10
114.1542699999999968
20
-95.1019999999999897
11
114.1542659999999927
21
-95.1019999999999897
0
LINE
8
BLACK
6
CONTINUOUS
10
114.1542659999999927
20
-95.1019999999999897
11
113.7457339999999988
21
-95.1019999999999897
0
LINE
8
BLACK
6
CONTINUOUS
10
113.7457339999999988
20
-95.1019999999999897
11
113.7457299999999947
21
-95.1019999999999897
0
LINE
8
BLACK
6
CONTINUOUS
10
113.7457299999999947
20
-95.1019999999999897
11
113.7152999999999992
21
-95.1048529999999914
0
LINE
8
BLACK
6
CONTINUOUS
10
113.7152999999999992
20
-95.1048529999999914
11
113.71529799999999
21
-95.1048529999999914
0
LINE
8
BLACK
6
CONTINUOUS
10
113.71529799999999
20
-95.1048529999999914
11
113.5871190000000013
21
-95.1497059999999948
0
LINE
8
BLACK
6
CONTINUOUS
10
113.5871190000000013
20
-95.1497059999999948
11
113.5871169999999921
21
-95.1497069999999923
0
LINE
8
BLACK
6
CONTINUOUS
10
113.5871169999999921
20
-95.1497069999999923
11
113.4778499999999894
21
-95.2303500000000014
0
LINE
8
BLACK
6
CONTINUOUS
10
113.4778499999999894
20
-95.2303500000000014
11
113.3975639999999885
21
-95.3391340000000014
0
LINE
8
BLACK
6
CONTINUOUS
10
113.3975639999999885
20
-95.3391340000000014
11
113.3419159999999977
21
-95.3813839999999971
0
LINE
8
BLACK
6
CONTINUOUS
10
113.3419159999999977
20
-95.3813839999999971
11
113.2977939999999961
21
-95.3894999999999982
0
LINE
8
BLACK
6
CONTINUOUS
10
113.2977939999999961
20
-95.3894999999999982
11
112.4115779999999916
21
-95.3894999999999982
0
LINE
8
BLACK
6
CONTINUOUS
10
112.4115779999999916
20
-95.3894999999999982
11
112.3445389999999975
21
-95.3698150000000027
0
LINE
8
BLACK
6
CONTINUOUS
10
112.3445389999999975
20
-95.3698150000000027
11
112.2987839999999977
21
-95.3170109999999937
0
LINE
8
BLACK
6
CONTINUOUS
10
112.2987839999999977
20
-95.3170109999999937
11
112.288462999999993
21
-95.2507149999999996
0
LINE
8
BLACK
6
CONTINUOUS
10
112.288462999999993
20
-95.2507149999999996
11
112.2954999999999899
21
-95.1921179999999936
0
LINE
8
BLACK
6
CONTINUOUS
10
112.2954999999999899
20
-95.1921179999999936
11
112.2954999999999899
21
-94.9744999999999919
0
LINE
8
BLACK
6
CONTINUOUS
10
112.2954999999999899
20
-94.9744999999999919
11
112.3151849999999996
21
-94.9074609999999979
0
LINE
8
BLACK
6
CONTINUOUS
10
112.3151849999999996
20
-94.9074609999999979
11
112.3679889999999943
21
-94.8617059999999981
0
LINE
8
BLACK
6
CONTINUOUS
10
112.3679889999999943
20
-94.8617059999999981
11
112.4194999999999993
21
-94.8504999999999967
0
LINE
8
BLACK
6
CONTINUOUS
10
112.4194999999999993
20
-94.8504999999999967
11
114.1658899999999903
21
-94.8504999999999967
0
LINE
8
BLACK
6
CONTINUOUS
10
114.1658899999999903
20
-94.8504999999999967
11
114.1658919999999995
21
-94.8504999999999967
0
LINE
8
BLACK
6
CONTINUOUS
10
114.1658919999999995
20
-94.8504999999999967
11
114.2931859999999915
21
-94.8163919999999933
0
LINE
8
BLACK
6
CONTINUOUS
10
114.2931859999999915
20
-94.8163919999999933
11
114.4073139999999995
21
-94.7505000000000024
0
LINE
8
BLACK
6
CONTINUOUS
10
114.4073139999999995
20
-94.7505000000000024
11
115.0955000000000013
21
-94.0623140000000006
0
LINE
8
BLACK
6
CONTINUOUS
10
115.0955000000000013
20
-94.0623140000000006
11
115.1613919999999922
21
-93.9481859999999926
0
LINE
8
BLACK
6
CONTINUOUS
10
115.1613919999999922
20
-93.9481859999999926
11
115.1954999999999956
21
-93.8208929999999981
0
LINE
8
BLACK
6
CONTINUOUS
10
115.1954999999999956
20
-93.8208929999999981
11
115.1954999999999956
21
-93.6891079999999903
0
LINE
8
BLACK
6
CONTINUOUS
10
115.1954999999999956
20
-93.6891079999999903
11
115.1954999999999956
21
-93.0344999999999942
0
LINE
8
BLACK
6
CONTINUOUS
10
115.1954999999999956
20
-93.0344999999999942
11
115.2151849999999911
21
-92.9674610000000001
0
LINE
8
BLACK
6
CONTINUOUS
10
115.2151849999999911
20
-92.9674610000000001
11
115.267989
21
-92.9217060000000004
0
LINE
8
BLACK
6
CONTINUOUS
10
115.267989
20
-92.9217060000000004
11
115.3194999999999908
21
-92.910499999999999
0
LINE
8
BLACK
6
CONTINUOUS
10
115.3194999999999908
20
-92.910499999999999
11
115.5941669999999988
21
-92.910499999999999
0
LINE
8
BLACK
6
CONTINUOUS
10
115.5941669999999988
20
-92.910499999999999
11
115.6612059999999929
21
-92.9301849999999945
0
LINE
8
BLACK
6
CONTINUOUS
10
115.6612059999999929
20
-92.9301849999999945
11
115.681847999999988
21
-92.9468189999999908
0
LINE
8
BLACK
6
CONTINUOUS
10
115.681847999999988
20
-92.9468189999999908
11
115.7372349999999983
21
-93.002206000000001
0
LINE
8
BLACK
6
CONTINUOUS
10
115.7372349999999983
20
-93.002206000000001
11
115.8400089999999949
21
-93.047584999999998
0
LINE
8
BLACK
6
CONTINUOUS
10
115.8400089999999949
20
-93.047584999999998
11
115.8651349999999951
21
-93.0504999999999995
0
LINE
8
BLACK
6
CONTINUOUS
10
115.8651349999999951
20
-93.0504999999999995
11
116.9548640000000006
21
-93.0504990000000021
0
LINE
8
BLACK
6
CONTINUOUS
10
116.9548640000000006
20
-93.0504990000000021
11
116.9548789999999912
21
-93.0504969999999929
0
LINE
8
BLACK
6
CONTINUOUS
10
116.9548789999999912
20
-93.0504969999999929
11
116.9548819999999978
21
-93.0504969999999929
0
LINE
8
BLACK
6
CONTINUOUS
10
116.9548819999999978
20
-93.0504969999999929
11
116.9799869999999942
21
-93.0475859999999955
0
LINE
8
BLACK
6
CONTINUOUS
10
116.9799869999999942
20
-93.0475859999999955
11
116.9799879999999916
21
-93.047584999999998
0
LINE
8
BLACK
6
CONTINUOUS
10
116.9799879999999916
20
-93.047584999999998
11
116.9799909999999983
21
-93.047584999999998
0
LINE
8
BLACK
6
CONTINUOUS
10
116.9799909999999983
20
-93.047584999999998
11
117.0827649999999949
21
-93.002206000000001
0
LINE
8
BLACK
6
CONTINUOUS
10
117.0827649999999949
20
-93.002206000000001
11
117.1023189999999943
21
-92.9826520000000016
0
LINE
8
BLACK
6
CONTINUOUS
10
117.1023189999999943
20
-92.9826520000000016
11
117.1636419999999958
21
-92.9491670000000028
0
LINE
8
BLACK
6
CONTINUOUS
10
117.1636419999999958
20
-92.9491670000000028
11
117.2333339999999993
21
-92.954150999999996
0
LINE
8
BLACK
6
CONTINUOUS
10
117.2333339999999993
20
-92.954150999999996
11
117.2776810000000012
21
-92.9826520000000016
0
LINE
8
BLACK
6
CONTINUOUS
10
117.2776810000000012
20
-92.9826520000000016
11
117.2777940000000001
21
-92.9827650000000006
0
LINE
8
BLACK
6
CONTINUOUS
10
117.2777940000000001
20
-92.9827650000000006
11
117.3572349999999886
21
-93.0622059999999891
0
LINE
8
BLACK
6
CONTINUOUS
10
117.3572349999999886
20
-93.0622059999999891
11
117.4600089999999994
21
-93.1075850000000003
0
LINE
8
BLACK
6
CONTINUOUS
10
117.4600089999999994
20
-93.1075850000000003
11
117.4851349999999996
21
-93.1105000000000018
0
LINE
8
BLACK
6
CONTINUOUS
10
117.4851349999999996
20
-93.1105000000000018
11
118.1324209999999937
21
-93.1104989999999901
0
LINE
8
BLACK
6
CONTINUOUS
10
118.1324209999999937
20
-93.1104989999999901
11
118.1994599999999878
21
-93.1301830000000024
0
LINE
8
BLACK
6
CONTINUOUS
10
118.1994599999999878
20
-93.1301830000000024
11
118.2452150000000017
21
-93.1829869999999971
0
LINE
8
BLACK
6
CONTINUOUS
10
118.2452150000000017
20
-93.1829869999999971
11
118.2477749999999901
21
-93.1890080000000012
0
LINE
8
BLACK
6
CONTINUOUS
10
118.2477749999999901
20
-93.1890080000000012
11
118.2806379999999962
21
-93.2723409999999973
0
LINE
8
BLACK
6
CONTINUOUS
10
118.2806379999999962
20
-93.2723409999999973
11
118.3720769999999902
21
-93.3929219999999987
0
LINE
8
BLACK
6
CONTINUOUS
10
118.3720769999999902
20
-93.3929219999999987
11
118.4926559999999967
21
-93.4843599999999952
0
LINE
8
BLACK
6
CONTINUOUS
10
118.4926559999999967
20
-93.4843599999999952
11
118.4926569999999941
21
-93.4843599999999952
0
LINE
8
BLACK
6
CONTINUOUS
10
118.4926569999999941
20
-93.4843599999999952
11
118.4926579999999916
21
-93.4843609999999927
0
LINE
8
BLACK
6
CONTINUOUS
10
118.4926579999999916
20
-93.4843609999999927
11
118.633435999999989
21
-93.5398769999999899
0
LINE
8
BLACK
6
CONTINUOUS
10
118.633435999999989
20
-93.5398769999999899
11
118.7218979999999959
21
-93.5504999999999995
0
LINE
8
BLACK
6
CONTINUOUS
10
118.7218979999999959
20
-93.5504999999999995
11
118.7219029999999975
21
-93.5504999999999995
0
LINE
8
BLACK
6
CONTINUOUS
10
118.7219029999999975
20
-93.5504999999999995
11
119.7580969999999922
21
-93.5504999999999995
0
LINE
8
BLACK
6
CONTINUOUS
10
119.7580969999999922
20
-93.5504999999999995
11
119.7581019999999938
21
-93.5504999999999995
0
LINE
8
BLACK
6
CONTINUOUS
10
119.7581019999999938
20
-93.5504999999999995
11
119.8465640000000008
21
-93.5398769999999899
0
LINE
8
BLACK
6
CONTINUOUS
10
119.8465640000000008
20
-93.5398769999999899
11
119.9873419999999982
21
-93.4843609999999927
0
LINE
8
BLACK
6
CONTINUOUS
10
119.9873419999999982
20
-93.4843609999999927
11
120.1079219999999879
21
-93.3929219999999987
0
LINE
8
BLACK
6
CONTINUOUS
10
120.1079219999999879
20
-93.3929219999999987
11
120.1993609999999961
21
-93.2723419999999948
0
LINE
8
BLACK
6
CONTINUOUS
10
120.1993609999999961
20
-93.2723419999999948
11
120.2548769999999934
21
-93.1315639999999973
0
LINE
8
BLACK
6
CONTINUOUS
10
120.2548769999999934
20
-93.1315639999999973
11
120.2654999999999887
21
-93.0431019999999904
0
LINE
8
BLACK
6
CONTINUOUS
10
120.2654999999999887
20
-93.0431019999999904
11
120.2654999999999887
21
-91.5568979999999897
0
LINE
8
BLACK
6
CONTINUOUS
10
120.2654999999999887
20
-91.5568979999999897
11
120.2548769999999934
21
-91.468435999999997
0
LINE
8
BLACK
6
CONTINUOUS
10
120.2548769999999934
20
-91.468435999999997
11
120.1993609999999961
21
-91.3276579999999996
0
LINE
8
BLACK
6
CONTINUOUS
10
120.1993609999999961
20
-91.3276579999999996
11
120.1993599999999986
21
-91.3276570000000021
0
LINE
8
BLACK
6
CONTINUOUS
10
120.1993599999999986
20
-91.3276570000000021
11
120.1993599999999986
21
-91.3276559999999904
0
LINE
8
BLACK
6
CONTINUOUS
10
120.1993599999999986
20
-91.3276559999999904
11
120.1079219999999879
21
-91.2070769999999982
0
LINE
8
BLACK
6
CONTINUOUS
10
120.1079219999999879
20
-91.2070769999999982
11
119.9873429999999956
21
-91.1156390000000016
0
LINE
8
BLACK
6
CONTINUOUS
10
119.9873429999999956
20
-91.1156390000000016
11
119.8911919999999895
21
-91.0777219999999943
0
LINE
8
BLACK
6
CONTINUOUS
10
119.8911919999999895
20
-91.0777219999999943
11
119.8465640000000008
21
-91.0601229999999902
0
LINE
8
BLACK
6
CONTINUOUS
10
119.8465640000000008
20
-91.0601229999999902
11
119.8465629999999891
21
-91.0601219999999927
0
LINE
8
BLACK
6
CONTINUOUS
10
119.8465629999999891
20
-91.0601219999999927
11
119.8465609999999941
21
-91.0601219999999927
0
LINE
8
BLACK
6
CONTINUOUS
10
119.8465609999999941
20
-91.0601219999999927
11
119.8009259999999898
21
-91.0546420000000012
0
LINE
8
BLACK
6
CONTINUOUS
10
119.8009259999999898
20
-91.0546420000000012
11
119.7581019999999938
21
-91.0494999999999948
0
LINE
8
BLACK
6
CONTINUOUS
10
119.7581019999999938
20
-91.0494999999999948
11
118.7218979999999959
21
-91.0494999999999948
0
LINE
8
BLACK
6
CONTINUOUS
10
118.7218979999999959
20
-91.0494999999999948
11
118.6828529999999944
21
-91.0541879999999964
0
LINE
8
BLACK
6
CONTINUOUS
10
118.6828529999999944
20
-91.0541879999999964
11
118.6334379999999982
21
-91.0601219999999927
0
LINE
8
BLACK
6
CONTINUOUS
10
118.6334379999999982
20
-91.0601219999999927
11
118.4926559999999967
21
-91.1156390000000016
0
LINE
8
BLACK
6
CONTINUOUS
10
118.4926559999999967
20
-91.1156390000000016
11
118.3720769999999902
21
-91.2070769999999982
0
LINE
8
BLACK
6
CONTINUOUS
10
118.3720769999999902
20
-91.2070769999999982
11
118.2806379999999962
21
-91.3276579999999996
0
LINE
8
BLACK
6
CONTINUOUS
10
118.2806379999999962
20
-91.3276579999999996
11
118.2806369999999987
21
-91.3276599999999945
0
LINE
8
BLACK
6
CONTINUOUS
10
118.2806369999999987
20
-91.3276599999999945
11
118.2398889999999909
21
-91.4309899999999942
0
LINE
8
BLACK
6
CONTINUOUS
10
118.2398889999999909
20
-91.4309899999999942
11
118.1969829999999888
21
-91.4861339999999927
0
LINE
8
BLACK
6
CONTINUOUS
10
118.1969829999999888
20
-91.4861339999999927
11
118.1310759999999931
21
-91.509326999999999
0
LINE
8
BLACK
6
CONTINUOUS
10
118.1310759999999931
20
-91.509326999999999
11
118.1245349999999945
21
-91.5095000000000027
0
LINE
8
BLACK
6
CONTINUOUS
10
118.1245349999999945
20
-91.5095000000000027
11
117.4851429999999937
21
-91.5095000000000027
0
LINE
8
BLACK
6
CONTINUOUS
10
117.4851429999999937
20
-91.5095000000000027
11
117.4851169999999883
21
-91.5095019999999977
0
LINE
8
BLACK
6
CONTINUOUS
10
117.4851169999999883
20
-91.5095019999999977
11
117.4600119999999919
21
-91.5124129999999951
0
LINE
8
BLACK
6
CONTINUOUS
10
117.4600119999999919
20
-91.5124129999999951
11
117.4600079999999878
21
-91.5124149999999901
0
LINE
8
BLACK
6
CONTINUOUS
10
117.4600079999999878
20
-91.5124149999999901
11
117.3572349999999886
21
-91.5577929999999895
0
LINE
8
BLACK
6
CONTINUOUS
10
117.3572349999999886
20
-91.5577929999999895
11
117.3572339999999912
21
-91.5577940000000012
0
LINE
8
BLACK
6
CONTINUOUS
10
117.3572339999999912
20
-91.5577940000000012
11
117.3418479999999988
21
-91.5731809999999911
0
LINE
8
BLACK
6
CONTINUOUS
10
117.3418479999999988
20
-91.5731809999999911
11
117.2805249999999972
21
-91.6066659999999899
0
LINE
8
BLACK
6
CONTINUOUS
10
117.2805249999999972
20
-91.6066659999999899
11
117.2541669999999954
21
-91.609499999999997
0
LINE
8
BLACK
6
CONTINUOUS
10
117.2541669999999954
20
-91.609499999999997
11
117.2458329999999904
21
-91.609499999999997
0
LINE
8
BLACK
6
CONTINUOUS
10
117.2458329999999904
20
-91.609499999999997
11
117.1787939999999963
21
-91.5898150000000015
0
LINE
8
BLACK
6
CONTINUOUS
10
117.1787939999999963
20
-91.5898150000000015
11
117.1581520000000012
21
-91.5731809999999911
0
LINE
8
BLACK
6
CONTINUOUS
10
117.1581520000000012
20
-91.5731809999999911
11
117.0827649999999949
21
-91.497793999999999
0
LINE
8
BLACK
6
CONTINUOUS
10
117.0827649999999949
20
-91.497793999999999
11
116.9799919999999958
21
-91.452415000000002
0
LINE
8
BLACK
6
CONTINUOUS
10
116.9799919999999958
20
-91.452415000000002
11
116.9548649999999981
21
-91.4495000000000005
0
LINE
8
BLACK
6
CONTINUOUS
10
116.9548649999999981
20
-91.4495000000000005
11
115.8651429999999891
21
-91.4495000000000005
0
LINE
8
BLACK
6
CONTINUOUS
10
115.8651429999999891
20
-91.4495000000000005
11
115.8651169999999979
21
-91.4495019999999954
0
LINE
8
BLACK
6
CONTINUOUS
10
115.8651169999999979
20
-91.4495019999999954
11
115.8400120000000015
21
-91.4524129999999928
0
LINE
8
BLACK
6
CONTINUOUS
10
115.8400120000000015
20
-91.4524129999999928
11
115.8400079999999974
21
-91.452415000000002
0
LINE
8
BLACK
6
CONTINUOUS
10
115.8400079999999974
20
-91.452415000000002
11
115.7372349999999983
21
-91.4977930000000015
0
LINE
8
BLACK
6
CONTINUOUS
10
115.7372349999999983
20
-91.4977930000000015
11
115.7372340000000008
21
-91.497793999999999
0
LINE
8
BLACK
6
CONTINUOUS
10
115.7372340000000008
20
-91.497793999999999
11
115.661847999999992
21
-91.5731809999999911
0
LINE
8
BLACK
6
CONTINUOUS
10
115.661847999999992
20
-91.5731809999999911
11
115.6005249999999904
21
-91.6066659999999899
0
LINE
8
BLACK
6
CONTINUOUS
10
115.6005249999999904
20
-91.6066659999999899
11
115.5741669999999885
21
-91.609499999999997
0
LINE
8
BLACK
6
CONTINUOUS
10
115.5741669999999885
20
-91.609499999999997
11
114.6309289999999947
21
-91.609499999999997
0
LINE
8
BLACK
6
CONTINUOUS
10
114.6309289999999947
20
-91.609499999999997
11
114.5052609999999902
21
-91.6344969999999961
0
LINE
8
BLACK
6
CONTINUOUS
10
114.5052609999999902
20
-91.6344969999999961
11
114.5052510000000012
21
-91.6345000000000027
0
LINE
8
BLACK
6
CONTINUOUS
10
114.5052510000000012
20
-91.6345000000000027
11
114.4676849999999888
21
-91.6500609999999938
0
LINE
8
BLACK
6
CONTINUOUS
10
114.4676849999999888
20
-91.6500609999999938
11
114.4202329999999961
21
-91.6594999999999942
0
LINE
8
BLACK
6
CONTINUOUS
10
114.4202329999999961
20
-91.6594999999999942
11
114.0532299999999992
21
-91.6594999999999942
0
LINE
8
BLACK
6
CONTINUOUS
10
114.0532299999999992
20
-91.6594999999999942
11
114.0227999999999895
21
-91.662352999999996
0
LINE
8
BLACK
6
CONTINUOUS
10
114.0227999999999895
20
-91.662352999999996
11
114.0227979999999945
21
-91.6623539999999934
0
LINE
8
BLACK
6
CONTINUOUS
10
114.0227979999999945
20
-91.6623539999999934
11
114.0204999999999984
21
-91.6631579999999957
0
LINE
8
BLACK
6
CONTINUOUS
10
114.0204999999999984
20
-91.6631579999999957
11
114.0186959999999914
21
-91.6632489999999933
0
LINE
8
BLACK
6
CONTINUOUS
10
114.0186959999999914
20
-91.6632489999999933
11
114.0154269999999883
21
-91.6639639999999929
0
LINE
8
BLACK
6
CONTINUOUS
10
114.0154269999999883
20
-91.6639639999999929
11
114.0153079999999903
21
-91.6634219999999971
0
LINE
8
BLACK
6
CONTINUOUS
10
114.0153079999999903
20
-91.6634219999999971
11
113.9507210000000015
21
-91.6667119999999898
0
LINE
8
BLACK
6
CONTINUOUS
10
113.9507210000000015
20
-91.6667119999999898
11
113.8900969999999973
21
-91.6319779999999895
0
LINE
8
BLACK
6
CONTINUOUS
10
113.8900969999999973
20
-91.6319779999999895
11
113.8578759999999903
21
-91.5699809999999985
0
LINE
8
BLACK
6
CONTINUOUS
10
113.8578759999999903
20
-91.5699809999999985
11
113.8560990000000004
21
-91.5345339999999936
0
LINE
8
BLACK
6
CONTINUOUS
10
113.8560990000000004
20
-91.5345339999999936
11
113.8579999999999899
21
-91.5142659999999921
0
LINE
8
BLACK
6
CONTINUOUS
10
113.8579999999999899
20
-91.5142659999999921
11
113.8579999999999899
21
-91.1057339999999982
0
LINE
8
BLACK
6
CONTINUOUS
10
113.8579999999999899
20
-91.1057339999999982
11
113.8575869999999952
21
-91.1013339999999943
0
LINE
8
BLACK
6
CONTINUOUS
10
113.8575869999999952
20
-91.1013339999999943
11
113.8551459999999906
21
-91.0752999999999986
0
LINE
8
BLACK
6
CONTINUOUS
10
113.8551459999999906
20
-91.0752999999999986
11
113.8551459999999906
21
-91.0752979999999894
0
LINE
8
BLACK
6
CONTINUOUS
10
113.8551459999999906
20
-91.0752979999999894
11
113.8102930000000015
21
-90.9471190000000007
0
LINE
8
BLACK
6
CONTINUOUS
10
113.8102930000000015
20
-90.9471190000000007
11
113.8102919999999898
21
-90.9471169999999915
0
LINE
8
BLACK
6
CONTINUOUS
10
113.8102919999999898
20
-90.9471169999999915
11
113.7296499999999924
21
-90.8378499999999889
0
LINE
8
BLACK
6
CONTINUOUS
10
113.7296499999999924
20
-90.8378499999999889
11
113.6203819999999922
21
-90.757206999999994
0
LINE
8
BLACK
6
CONTINUOUS
10
113.6203819999999922
20
-90.757206999999994
11
113.6203799999999973
21
-90.7572059999999965
0
LINE
8
BLACK
6
CONTINUOUS
10
113.6203799999999973
20
-90.7572059999999965
11
113.4921999999999969
21
-90.7123529999999931
0
LINE
8
BLACK
6
CONTINUOUS
10
113.4921999999999969
20
-90.7123529999999931
11
113.4617700000000013
21
-90.7094999999999914
0
LINE
8
BLACK
6
CONTINUOUS
10
113.4617700000000013
20
-90.7094999999999914
11
113.4617659999999972
21
-90.7094999999999914
0
LINE
8
BLACK
6
CONTINUOUS
10
113.4617659999999972
20
-90.7094999999999914
11
112.1782339999999891
21
-90.7094999999999914
0
LINE
8
BLACK
6
CONTINUOUS
10
112.1782339999999891
20
-90.7094999999999914
11
112.1753349999999898
21
-90.7094999999999914
0
LINE
8
BLACK
6
CONTINUOUS
10
112.1753349999999898
20
-90.7094999999999914
11
112.1753349999999898
21
-90.7080839999999995
0
LINE
8
BLACK
6
CONTINUOUS
10
112.1753349999999898
20
-90.7080839999999995
11
112.1127869999999973
21
-90.692775999999995
0
LINE
8
BLACK
6
CONTINUOUS
10
112.1127869999999973
20
-90.692775999999995
11
112.1000809999999888
21
-90.6843190000000021
0
LINE
8
BLACK
6
CONTINUOUS
10
112.1000809999999888
20
-90.6843190000000021
11
111.9811599999999885
21
-90.5941389999999984
0
LINE
8
BLACK
6
CONTINUOUS
10
111.9811599999999885
20
-90.5941389999999984
11
111.9811579999999935
21
-90.5941380000000009
0
LINE
8
BLACK
6
CONTINUOUS
10
111.9811579999999935
20
-90.5941380000000009
11
111.8435769999999962
21
-90.539882999999989
0
LINE
8
BLACK
6
CONTINUOUS
10
111.8435769999999962
20
-90.539882999999989
11
111.8435759999999988
21
-90.5398819999999915
0
LINE
8
BLACK
6
CONTINUOUS
10
111.8435759999999988
20
-90.5398819999999915
11
111.8435739999999896
21
-90.5398819999999915
0
LINE
8
BLACK
6
CONTINUOUS
10
111.8435739999999896
20
-90.5398819999999915
11
111.7571189999999888
21
-90.5294999999999987
0
LINE
8
BLACK
6
CONTINUOUS
10
111.7571189999999888
20
-90.5294999999999987
11
111.7571179999999913
21
-90.5294999999999987
0
LINE
8
BLACK
6
CONTINUOUS
10
111.7571179999999913
20
-90.5294999999999987
11
111.4486759999999919
21
-90.5294999999999987
0
LINE
8
BLACK
6
CONTINUOUS
10
111.4486759999999919
20
-90.5294999999999987
11
111.3816369999999978
21
-90.509814999999989
0
LINE
8
BLACK
6
CONTINUOUS
10
111.3816369999999978
20
-90.509814999999989
11
111.3609949999999884
21
-90.4931809999999928
0
LINE
8
BLACK
6
CONTINUOUS
10
111.3609949999999884
20
-90.4931809999999928
11
111.0949949999999973
21
-90.2271810000000016
0
LINE
8
BLACK
6
CONTINUOUS
10
111.0949949999999973
20
-90.2271810000000016
11
111.0615099999999984
21
-90.1658580000000001
0
LINE
8
BLACK
6
CONTINUOUS
10
111.0615099999999984
20
-90.1658580000000001
11
111.0664939999999916
21
-90.0961659999999966
0
LINE
8
BLACK
6
CONTINUOUS
10
111.0664939999999916
20
-90.0961659999999966
11
111.1083659999999895
21
-90.0402330000000006
0
LINE
8
BLACK
6
CONTINUOUS
10
111.1083659999999895
20
-90.0402330000000006
11
111.1738299999999953
21
-90.0158160000000009
0
LINE
8
BLACK
6
CONTINUOUS
10
111.1738299999999953
20
-90.0158160000000009
11
111.1826760000000007
21
-90.015500000000003
0
LINE
8
BLACK
6
CONTINUOUS
10
111.1826760000000007
20
-90.015500000000003
11
124.2404999999999973
21
-90.015500000000003
0
LINE
8
BLACK
6
CONTINUOUS
10
124.2404999999999973
20
-90.015500000000003
11
124.3075389999999913
21
-90.0351849999999985
0
LINE
8
BLACK
6
CONTINUOUS
10
122.6711039999999997
20
-97.0796270000000021
11
122.7440989999999914
21
-97.1284009999999967
0
LINE
8
BLACK
6
CONTINUOUS
10
122.7440989999999914
20
-97.1284009999999967
11
122.7928730000000002
21
-97.2013960000000026
0
LINE
8
BLACK
6
CONTINUOUS
10
122.7928730000000002
20
-97.2013960000000026
11
122.8099999999999881
21
-97.2874999999999943
0
LINE
8
BLACK
6
CONTINUOUS
10
122.8099999999999881
20
-97.2874999999999943
11
122.8099999999999881
21
-97.7374999999999972
0
LINE
8
BLACK
6
CONTINUOUS
10
122.8099999999999881
20
-97.7374999999999972
11
122.7928730000000002
21
-97.8236039999999889
0
LINE
8
BLACK
6
CONTINUOUS
10
122.7928730000000002
20
-97.8236039999999889
11
122.7440989999999914
21
-97.8965989999999948
0
LINE
8
BLACK
6
CONTINUOUS
10
122.7440989999999914
20
-97.8965989999999948
11
122.6711039999999997
21
-97.9453729999999894
0
LINE
8
BLACK
6
CONTINUOUS
10
122.6711039999999997
20
-97.9453729999999894
11
122.5849999999999937
21
-97.9624999999999915
0
LINE
8
BLACK
6
CONTINUOUS
10
122.5849999999999937
20
-97.9624999999999915
11
122.5099999999999909
21
-97.9624999999999915
0
LINE
8
BLACK
6
CONTINUOUS
10
122.5099999999999909
20
-97.9624999999999915
11
122.5099999999999909
21
-98.4249999999999972
0
LINE
8
BLACK
6
CONTINUOUS
10
122.5099999999999909
20
-98.4249999999999972
11
123.3849459999999993
21
-98.4249999999999972
0
LINE
8
BLACK
6
CONTINUOUS
10
123.3849459999999993
20
-98.4249999999999972
11
123.3930790000000002
21
-98.3841129999999993
0
LINE
8
BLACK
6
CONTINUOUS
10
123.3930790000000002
20
-98.3841129999999993
11
123.4445619999999906
21
-98.3070620000000019
0
LINE
8
BLACK
6
CONTINUOUS
10
123.4445619999999906
20
-98.3070620000000019
11
123.5216129999999879
21
-98.2555789999999973
0
LINE
8
BLACK
6
CONTINUOUS
10
123.5216129999999879
20
-98.2555789999999973
11
123.6124999999999972
21
-98.2374999999999972
0
LINE
8
BLACK
6
CONTINUOUS
10
123.6124999999999972
20
-98.2374999999999972
11
124.0874999999999915
21
-98.2374999999999972
0
LINE
8
BLACK
6
CONTINUOUS
10
124.0874999999999915
20
-98.2374999999999972
11
124.1783870000000007
21
-98.2555789999999973
0
LINE
8
BLACK
6
CONTINUOUS
10
124.1783870000000007
20
-98.2555789999999973
11
124.2554379999999981
21
-98.3070620000000019
0
LINE
8
BLACK
6
CONTINUOUS
10
124.2554379999999981
20
-98.3070620000000019
11
124.3069209999999885
21
-98.3841129999999993
0
LINE
8
BLACK
6
CONTINUOUS
10
124.3069209999999885
20
-98.3841129999999993
11
124.3249999999999886
21
-98.4749999999999943
0
LINE
8
BLACK
6
CONTINUOUS
10
124.3249999999999886
20
-98.4749999999999943
11
124.3249999999999886
21
-99.0749999999999886
0
LINE
8
BLACK
6
CONTINUOUS
10
124.3249999999999886
20
-99.0749999999999886
11
124.3069209999999885
21
-99.1658869999999979
0
LINE
8
BLACK
6
CONTINUOUS
10
124.3069209999999885
20
-99.1658869999999979
11
124.2554379999999981
21
-99.2429379999999952
0
LINE
8
BLACK
6
CONTINUOUS
10
124.2554379999999981
20
-99.2429379999999952
11
124.1783870000000007
21
-99.2944209999999998
0
LINE
8
BLACK
6
CONTINUOUS
10
124.1783870000000007
20
-99.2944209999999998
11
124.0874999999999915
21
-99.3125
0
LINE
8
BLACK
6
CONTINUOUS
10
124.0874999999999915
20
-99.3125
11
123.6124999999999972
21
-99.3125
0
LINE
8
BLACK
6
CONTINUOUS
10
123.6124999999999972
20
-99.3125
11
123.5216129999999879
21
-99.2944209999999998
0
LINE
8
BLACK
6
CONTINUOUS
10
123.5216129999999879
20
-99.2944209999999998
11
123.4445619999999906
21
-99.2429379999999952
0
LINE
8
BLACK
6
CONTINUOUS
10
123.4445619999999906
20
-99.2429379999999952
11
123.3930790000000002
21
-99.1658869999999979
0
LINE
8
BLACK
6
CONTINUOUS
10
123.3930790000000002
20
-99.1658869999999979
11
123.3849459999999993
21
-99.125
0
LINE
8
BLACK
6
CONTINUOUS
10
123.3849459999999993
20
-99.125
11
122.5899999999999892
21
-99.125
0
LINE
8
BLACK
6
CONTINUOUS
10
122.5899999999999892
20
-99.125
11
122.5899999999999892
21
-99.8699999999999903
0
LINE
8
BLACK
6
CONTINUOUS
10
122.5899999999999892
20
-99.8699999999999903
11
121.5899999999999892
21
-99.8699999999999903
0
LINE
8
BLACK
6
CONTINUOUS
10
121.5899999999999892
20
-99.8699999999999903
11
121.5899999999999892
21
-98.8699999999999903
0
LINE
8
BLACK
6
CONTINUOUS
10
121.5899999999999892
20
-98.8699999999999903
11
121.7199999999999989
21
-98.8699999999999903
0
LINE
8
BLACK
6
CONTINUOUS
10
121.7199999999999989
20
-98.8699999999999903
11
121.7199999999999989
21
-98.7749999999999915
0
LINE
8
BLACK
6
CONTINUOUS
10
121.7199999999999989
20
-98.7749999999999915
11
121.7229939999999999
21
-98.7293159999999972
0
LINE
8
BLACK
6
CONTINUOUS
10
121.7229939999999999
20
-98.7293159999999972
11
121.7466419999999943
21
-98.6410609999999934
0
LINE
8
BLACK
6
CONTINUOUS
10
121.7466419999999943
20
-98.6410609999999934
11
121.7923259999999885
21
-98.5619329999999962
0
LINE
8
BLACK
6
CONTINUOUS
10
121.7923259999999885
20
-98.5619329999999962
11
121.8099999999999881
21
-98.5442589999999967
0
LINE
8
BLACK
6
CONTINUOUS
10
121.8099999999999881
20
-98.5442589999999967
11
121.8099999999999881
21
-97.9624999999999915
0
LINE
8
BLACK
6
CONTINUOUS
10
121.8099999999999881
20
-97.9624999999999915
11
121.7349999999999994
21
-97.9624999999999915
0
LINE
8
BLACK
6
CONTINUOUS
10
121.7349999999999994
20
-97.9624999999999915
11
121.6488959999999935
21
-97.9453729999999894
0
LINE
8
BLACK
6
CONTINUOUS
10
121.6488959999999935
20
-97.9453729999999894
11
121.5759009999999876
21
-97.8965989999999948
0
LINE
8
BLACK
6
CONTINUOUS
10
121.5759009999999876
20
-97.8965989999999948
11
121.527126999999993
21
-97.8236039999999889
0
LINE
8
BLACK
6
CONTINUOUS
10
121.527126999999993
20
-97.8236039999999889
11
121.5099999999999909
21
-97.7374999999999972
0
LINE
8
BLACK
6
CONTINUOUS
10
121.5099999999999909
20
-97.7374999999999972
11
121.5099999999999909
21
-97.2874999999999943
0
LINE
8
BLACK
6
CONTINUOUS
10
121.5099999999999909
20
-97.2874999999999943
11
121.527126999999993
21
-97.2013960000000026
0
LINE
8
BLACK
6
CONTINUOUS
10
121.527126999999993
20
-97.2013960000000026
11
121.5759009999999876
21
-97.1284009999999967
0
LINE
8
BLACK
6
CONTINUOUS
10
121.5759009999999876
20
-97.1284009999999967
11
121.6488959999999935
21
-97.0796270000000021
0
LINE
8
BLACK
6
CONTINUOUS
10
121.6488959999999935
20
-97.0796270000000021
11
121.7349999999999994
21
-97.0625
0
LINE
8
BLACK
6
CONTINUOUS
10
121.7349999999999994
20
-97.0625
11
122.5849999999999937
21
-97.0625
0
LINE
8
BLACK
6
CONTINUOUS
10
122.5849999999999937
20
-97.0625
11
122.6711039999999997
21
-97.0796270000000021
0
LINE
8
BLACK
6
CONTINUOUS
10
111.8483869999999882
20
-96.2555789999999973
11
111.9254379999999998
21
-96.3070620000000019
0
LINE
8
BLACK
6
CONTINUOUS
10
111.9254379999999998
20
-96.3070620000000019
11
111.9769209999999902
21
-96.3841129999999993
0
LINE
8
BLACK
6
CONTINUOUS
10
111.9769209999999902
20
-96.3841129999999993
11
111.9949999999999903
21
-96.4749999999999943
0
LINE
8
BLACK
6
CONTINUOUS
10
111.9949999999999903
20
-96.4749999999999943
11
111.9949999999999903
21
-96.9749999999999943
0
LINE
8
BLACK
6
CONTINUOUS
10
111.9949999999999903
20
-96.9749999999999943
11
111.9769209999999902
21
-97.0658869999999894
0
LINE
8
BLACK
6
CONTINUOUS
10
111.9769209999999902
20
-97.0658869999999894
11
111.9599999999999937
21
-97.0912110000000013
0
LINE
8
BLACK
6
CONTINUOUS
10
111.9599999999999937
20
-97.0912110000000013
11
111.9599999999999937
21
-98.8299999999999983
0
LINE
8
BLACK
6
CONTINUOUS
10
111.9599999999999937
20
-98.8299999999999983
11
112.1099999999999994
21
-98.8299999999999983
0
LINE
8
BLACK
6
CONTINUOUS
10
112.1099999999999994
20
-98.8299999999999983
11
112.1099999999999994
21
-99.0799999999999983
0
LINE
8
BLACK
6
CONTINUOUS
10
112.1099999999999994
20
-99.0799999999999983
11
112.5939649999999972
21
-99.0799999999999983
0
LINE
8
BLACK
6
CONTINUOUS
10
112.5939649999999972
20
-99.0799999999999983
11
112.6055789999999917
21
-99.0216130000000021
0
LINE
8
BLACK
6
CONTINUOUS
10
112.6055789999999917
20
-99.0216130000000021
11
112.6570619999999963
21
-98.9445619999999906
0
LINE
8
BLACK
6
CONTINUOUS
10
112.6570619999999963
20
-98.9445619999999906
11
112.7341129999999936
21
-98.8930790000000002
0
LINE
8
BLACK
6
CONTINUOUS
10
112.7341129999999936
20
-98.8930790000000002
11
112.75
21
-98.8899179999999944
0
LINE
8
BLACK
6
CONTINUOUS
10
112.75
20
-98.8899179999999944
11
112.75
21
-98.7126189999999895
0
LINE
8
BLACK
6
CONTINUOUS
10
112.75
20
-98.7126189999999895
11
112.7439339999999959
21
-98.7085659999999905
0
LINE
8
BLACK
6
CONTINUOUS
10
112.7439339999999959
20
-98.7085659999999905
11
112.7114179999999948
21
-98.6599029999999999
0
LINE
8
BLACK
6
CONTINUOUS
10
112.7114179999999948
20
-98.6599029999999999
11
112.6999999999999886
21
-98.602499999999992
0
LINE
8
BLACK
6
CONTINUOUS
10
112.6999999999999886
20
-98.602499999999992
11
112.6999999999999886
21
-97.4274999999999949
0
LINE
8
BLACK
6
CONTINUOUS
10
112.6999999999999886
20
-97.4274999999999949
11
112.7114179999999948
21
-97.3700970000000012
0
LINE
8
BLACK
6
CONTINUOUS
10
112.7114179999999948
20
-97.3700970000000012
11
112.7439339999999959
21
-97.3214339999999964
0
LINE
8
BLACK
6
CONTINUOUS
10
112.7439339999999959
20
-97.3214339999999964
11
112.7925970000000007
21
-97.2889179999999953
0
LINE
8
BLACK
6
CONTINUOUS
10
112.7925970000000007
20
-97.2889179999999953
11
112.8499999999999943
21
-97.2774999999999892
0
LINE
8
BLACK
6
CONTINUOUS
10
112.8499999999999943
20
-97.2774999999999892
11
113.1499999999999915
21
-97.2774999999999892
0
LINE
8
BLACK
6
CONTINUOUS
10
113.1499999999999915
20
-97.2774999999999892
11
113.2074029999999993
21
-97.2889179999999953
0
LINE
8
BLACK
6
CONTINUOUS
10
113.2074029999999993
20
-97.2889179999999953
11
113.2560659999999899
21
-97.3214339999999964
0
LINE
8
BLACK
6
CONTINUOUS
10
113.2560659999999899
20
-97.3214339999999964
11
113.288581999999991
21
-97.3700970000000012
0
LINE
8
BLACK
6
CONTINUOUS
10
113.288581999999991
20
-97.3700970000000012
11
113.2999999999999972
21
-97.4274999999999949
0
LINE
8
BLACK
6
CONTINUOUS
10
113.2999999999999972
20
-97.4274999999999949
11
113.2999999999999972
21
-98.602499999999992
0
LINE
8
BLACK
6
CONTINUOUS
10
113.2999999999999972
20
-98.602499999999992
11
113.288581999999991
21
-98.6599029999999999
0
LINE
8
BLACK
6
CONTINUOUS
10
113.288581999999991
20
-98.6599029999999999
11
113.2560659999999899
21
-98.7085659999999905
0
LINE
8
BLACK
6
CONTINUOUS
10
113.2560659999999899
20
-98.7085659999999905
11
113.25
21
-98.7126189999999895
0
LINE
8
BLACK
6
CONTINUOUS
10
113.25
20
-98.7126189999999895
11
113.25
21
-98.875
0
LINE
8
BLACK
6
CONTINUOUS
10
113.25
20
-98.875
11
113.3249999999999886
21
-98.875
0
LINE
8
BLACK
6
CONTINUOUS
10
113.3249999999999886
20
-98.875
11
113.4158869999999979
21
-98.8930790000000002
0
LINE
8
BLACK
6
CONTINUOUS
10
113.4158869999999979
20
-98.8930790000000002
11
113.4929379999999952
21
-98.9445619999999906
0
LINE
8
BLACK
6
CONTINUOUS
10
113.4929379999999952
20
-98.9445619999999906
11
113.5444209999999998
21
-99.0216130000000021
0
LINE
8
BLACK
6
CONTINUOUS
10
113.5444209999999998
20
-99.0216130000000021
11
113.5625
21
-99.1124999999999972
0
LINE
8
BLACK
6
CONTINUOUS
10
113.5625
20
-99.1124999999999972
11
113.5625
21
-99.5874999999999915
0
LINE
8
BLACK
6
CONTINUOUS
10
113.5625
20
-99.5874999999999915
11
113.5444209999999998
21
-99.6783870000000007
0
LINE
8
BLACK
6
CONTINUOUS
10
113.5444209999999998
20
-99.6783870000000007
11
113.4929379999999952
21
-99.7554379999999981
0
LINE
8
BLACK
6
CONTINUOUS
10
113.4929379999999952
20
-99.7554379999999981
11
113.4158869999999979
21
-99.8069209999999885
0
LINE
8
BLACK
6
CONTINUOUS
10
113.4158869999999979
20
-99.8069209999999885
11
113.3249999999999886
21
-99.8249999999999886
0
LINE
8
BLACK
6
CONTINUOUS
10
113.3249999999999886
20
-99.8249999999999886
11
112.8249999999999886
21
-99.8249999999999886
0
LINE
8
BLACK
6
CONTINUOUS
10
112.8249999999999886
20
-99.8249999999999886
11
112.7341129999999936
21
-99.8069209999999885
0
LINE
8
BLACK
6
CONTINUOUS
10
112.7341129999999936
20
-99.8069209999999885
11
112.6570619999999963
21
-99.7554379999999981
0
LINE
8
BLACK
6
CONTINUOUS
10
112.6570619999999963
20
-99.7554379999999981
11
112.6055789999999917
21
-99.6783870000000007
0
LINE
8
BLACK
6
CONTINUOUS
10
112.6055789999999917
20
-99.6783870000000007
11
112.5874999999999915
21
-99.5874999999999915
0
LINE
8
BLACK
6
CONTINUOUS
10
112.5874999999999915
20
-99.5874999999999915
11
112.5874999999999915
21
-99.5799999999999983
0
LINE
8
BLACK
6
CONTINUOUS
10
112.5874999999999915
20
-99.5799999999999983
11
112.1099999999999994
21
-99.5799999999999983
0
LINE
8
BLACK
6
CONTINUOUS
10
112.1099999999999994
20
-99.5799999999999983
11
112.1099999999999994
21
-99.8299999999999983
0
LINE
8
BLACK
6
CONTINUOUS
10
112.1099999999999994
20
-99.8299999999999983
11
111.1099999999999994
21
-99.8299999999999983
0
LINE
8
BLACK
6
CONTINUOUS
10
111.1099999999999994
20
-99.8299999999999983
11
111.1099999999999994
21
-98.8299999999999983
0
LINE
8
BLACK
6
CONTINUOUS
10
111.1099999999999994
20
-98.8299999999999983
11
111.4599999999999937
21
-98.8299999999999983
0
LINE
8
BLACK
6
CONTINUOUS
10
111.4599999999999937
20
-98.8299999999999983
11
111.4599999999999937
21
-97.2124999999999915
0
LINE
8
BLACK
6
CONTINUOUS
10
111.4599999999999937
20
-97.2124999999999915
11
111.2824999999999989
21
-97.2124999999999915
0
LINE
8
BLACK
6
CONTINUOUS
10
111.2824999999999989
20
-97.2124999999999915
11
111.1916129999999896
21
-97.1944209999999913
0
LINE
8
BLACK
6
CONTINUOUS
10
111.1916129999999896
20
-97.1944209999999913
11
111.1145619999999923
21
-97.1429380000000009
0
LINE
8
BLACK
6
CONTINUOUS
10
111.1145619999999923
20
-97.1429380000000009
11
111.0630790000000019
21
-97.0658869999999894
0
LINE
8
BLACK
6
CONTINUOUS
10
111.0630790000000019
20
-97.0658869999999894
11
111.0450000000000017
21
-96.9749999999999943
0
LINE
8
BLACK
6
CONTINUOUS
10
111.0450000000000017
20
-96.9749999999999943
11
111.0450000000000017
21
-96.4749999999999943
0
LINE
8
BLACK
6
CONTINUOUS
10
111.0450000000000017
20
-96.4749999999999943
11
111.0630790000000019
21
-96.3841129999999993
0
LINE
8
BLACK
6
CONTINUOUS
10
111.0630790000000019
20
-96.3841129999999993
11
111.1145619999999923
21
-96.3070620000000019
0
LINE
8
BLACK
6
CONTINUOUS
10
111.1145619999999923
20
-96.3070620000000019
11
111.1916129999999896
21
-96.2555789999999973
0
LINE
8
BLACK
6
CONTINUOUS
10
111.1916129999999896
20
-96.2555789999999973
11
111.2824999999999989
21
-96.2374999999999972
0
LINE
8
BLACK
6
CONTINUOUS
10
111.2824999999999989
20
-96.2374999999999972
11
111.7574999999999932
21
-96.2374999999999972
0
LINE
8
BLACK
6
CONTINUOUS
10
111.7574999999999932
20
-96.2374999999999972
11
111.8483869999999882
21
-96.2555789999999973
0
LINE
8
BLACK
6
CONTINUOUS
10
101.3124029999999891
20
-95.2989180000000005
11
101.3610659999999939
21
-95.3314340000000016
0
LINE
8
BLACK
6
CONTINUOUS
10
101.3610659999999939
20
-95.3314340000000016
11
101.393581999999995
21
-95.3800969999999921
0
LINE
8
BLACK
6
CONTINUOUS
10
101.393581999999995
20
-95.3800969999999921
11
101.4050000000000011
21
-95.4375
0
LINE
8
BLACK
6
CONTINUOUS
10
101.4050000000000011
20
-95.4375
11
101.4050000000000011
21
-96.4624999999999915
0
LINE
8
BLACK
6
CONTINUOUS
10
101.4050000000000011
20
-96.4624999999999915
11
101.393581999999995
21
-96.5199029999999993
0
LINE
8
BLACK
6
CONTINUOUS
10
101.393581999999995
20
-96.5199029999999993
11
101.3610659999999939
21
-96.5685659999999899
0
LINE
8
BLACK
6
CONTINUOUS
10
101.3610659999999939
20
-96.5685659999999899
11
101.3124029999999891
21
-96.601081999999991
0
LINE
8
BLACK
6
CONTINUOUS
10
101.3124029999999891
20
-96.601081999999991
11
101.2549999999999955
21
-96.6124999999999972
0
LINE
8
BLACK
6
CONTINUOUS
10
101.2549999999999955
20
-96.6124999999999972
11
101.2549999999999955
21
-98.3599999999999994
0
LINE
8
BLACK
6
CONTINUOUS
10
101.2549999999999955
20
-98.3599999999999994
11
101.3599999999999994
21
-98.3599999999999994
0
LINE
8
BLACK
6
CONTINUOUS
10
101.3599999999999994
20
-98.3599999999999994
11
101.4508869999999945
21
-98.3780789999999996
0
LINE
8
BLACK
6
CONTINUOUS
10
101.4508869999999945
20
-98.3780789999999996
11
101.5279379999999918
21
-98.42956199999999
0
LINE
8
BLACK
6
CONTINUOUS
10
101.5279379999999918
20
-98.42956199999999
11
101.5794209999999964
21
-98.5066130000000015
0
LINE
8
BLACK
6
CONTINUOUS
10
101.5794209999999964
20
-98.5066130000000015
11
101.5974999999999966
21
-98.5974999999999966
0
LINE
8
BLACK
6
CONTINUOUS
10
101.5974999999999966
20
-98.5974999999999966
11
101.5974999999999966
21
-99.0724999999999909
0
LINE
8
BLACK
6
CONTINUOUS
10
101.5974999999999966
20
-99.0724999999999909
11
101.5794209999999964
21
-99.1633870000000002
0
LINE
8
BLACK
6
CONTINUOUS
10
101.5794209999999964
20
-99.1633870000000002
11
101.5279379999999918
21
-99.2404379999999975
0
LINE
8
BLACK
6
CONTINUOUS
10
101.5279379999999918
20
-99.2404379999999975
11
101.4508869999999945
21
-99.2919210000000021
0
LINE
8
BLACK
6
CONTINUOUS
10
101.4508869999999945
20
-99.2919210000000021
11
101.3599999999999994
21
-99.3100000000000023
0
LINE
8
BLACK
6
CONTINUOUS
10
101.3599999999999994
20
-99.3100000000000023
11
100.8599999999999994
21
-99.3100000000000023
0
LINE
8
BLACK
6
CONTINUOUS
10
100.8599999999999994
20
-99.3100000000000023
11
100.7691129999999902
21
-99.2919210000000021
0
LINE
8
BLACK
6
CONTINUOUS
10
100.7691129999999902
20
-99.2919210000000021
11
100.6920619999999928
21
-99.2404379999999975
0
LINE
8
BLACK
6
CONTINUOUS
10
100.6920619999999928
20
-99.2404379999999975
11
100.6405790000000025
21
-99.1633870000000002
0
LINE
8
BLACK
6
CONTINUOUS
10
100.6405790000000025
20
-99.1633870000000002
11
100.6225000000000023
21
-99.0724999999999909
0
LINE
8
BLACK
6
CONTINUOUS
10
100.6225000000000023
20
-99.0724999999999909
11
100.6225000000000023
21
-98.5974999999999966
0
LINE
8
BLACK
6
CONTINUOUS
10
100.6225000000000023
20
-98.5974999999999966
11
100.6405790000000025
21
-98.5066130000000015
0
LINE
8
BLACK
6
CONTINUOUS
10
100.6405790000000025
20
-98.5066130000000015
11
100.6920619999999928
21
-98.42956199999999
0
LINE
8
BLACK
6
CONTINUOUS
10
100.6920619999999928
20
-98.42956199999999
11
100.7691129999999902
21
-98.3780789999999996
0
LINE
8
BLACK
6
CONTINUOUS
10
100.7691129999999902
20
-98.3780789999999996
11
100.8599999999999994
21
-98.3599999999999994
0
LINE
8
BLACK
6
CONTINUOUS
10
100.8599999999999994
20
-98.3599999999999994
11
100.9549999999999983
21
-98.3599999999999994
0
LINE
8
BLACK
6
CONTINUOUS
10
100.9549999999999983
20
-98.3599999999999994
11
100.9549999999999983
21
-96.6124999999999972
0
LINE
8
BLACK
6
CONTINUOUS
10
100.9549999999999983
20
-96.6124999999999972
11
100.8975969999999904
21
-96.601081999999991
0
LINE
8
BLACK
6
CONTINUOUS
10
100.8975969999999904
20
-96.601081999999991
11
100.8489339999999999
21
-96.5685659999999899
0
LINE
8
BLACK
6
CONTINUOUS
10
100.8489339999999999
20
-96.5685659999999899
11
100.8164179999999988
21
-96.5199029999999993
0
LINE
8
BLACK
6
CONTINUOUS
10
100.8164179999999988
20
-96.5199029999999993
11
100.8049999999999926
21
-96.4624999999999915
0
LINE
8
BLACK
6
CONTINUOUS
10
100.8049999999999926
20
-96.4624999999999915
11
100.8049999999999926
21
-95.4375
0
LINE
8
BLACK
6
CONTINUOUS
10
100.8049999999999926
20
-95.4375
11
100.8164179999999988
21
-95.3800969999999921
0
LINE
8
BLACK
6
CONTINUOUS
10
100.8164179999999988
20
-95.3800969999999921
11
100.8489339999999999
21
-95.3314340000000016
0
LINE
8
BLACK
6
CONTINUOUS
10
100.8489339999999999
20
-95.3314340000000016
11
100.8975969999999904
21
-95.2989180000000005
0
LINE
8
BLACK
6
CONTINUOUS
10
100.8975969999999904
20
-95.2989180000000005
11
100.9549999999999983
21
-95.2874999999999943
0
LINE
8
BLACK
6
CONTINUOUS
10
100.9549999999999983
20
-95.2874999999999943
11
101.2549999999999955
21
-95.2874999999999943
0
LINE
8
BLACK
6
CONTINUOUS
10
101.2549999999999955
20
-95.2874999999999943
11
101.3124029999999891
21
-95.2989180000000005
0
LINE
8
BLACK
6
CONTINUOUS
10
102.9033869999999951
20
-94.7980790000000013
11
102.9804379999999924
21
-94.8495619999999917
0
LINE
8
BLACK
6
CONTINUOUS
10
102.9804379999999924
20
-94.8495619999999917
11
103.031920999999997
21
-94.926612999999989
0
LINE
8
BLACK
6
CONTINUOUS
10
103.031920999999997
20
-94.926612999999989
11
103.0499999999999972
21
-95.0174999999999983
0
LINE
8
BLACK
6
CONTINUOUS
10
103.0499999999999972
20
-95.0174999999999983
11
103.0499999999999972
21
-95.5925000000000011
0
LINE
8
BLACK
6
CONTINUOUS
10
103.0499999999999972
20
-95.5925000000000011
11
103.031920999999997
21
-95.6833869999999962
0
LINE
8
BLACK
6
CONTINUOUS
10
103.031920999999997
20
-95.6833869999999962
11
102.9804379999999924
21
-95.7604379999999935
0
LINE
8
BLACK
6
CONTINUOUS
10
102.9804379999999924
20
-95.7604379999999935
11
102.9033869999999951
21
-95.8119209999999981
0
LINE
8
BLACK
6
CONTINUOUS
10
102.9033869999999951
20
-95.8119209999999981
11
102.8125
21
-95.8299999999999983
0
LINE
8
BLACK
6
CONTINUOUS
10
102.8125
20
-95.8299999999999983
11
102.7749999999999915
21
-95.8299999999999983
0
LINE
8
BLACK
6
CONTINUOUS
10
102.7749999999999915
20
-95.8299999999999983
11
102.7749999999999915
21
-96.8249999999999886
0
LINE
8
BLACK
6
CONTINUOUS
10
102.7749999999999915
20
-96.8249999999999886
11
102.7711570000000023
21
-96.8640180000000015
0
LINE
8
BLACK
6
CONTINUOUS
10
102.7711570000000023
20
-96.8640180000000015
11
102.7412939999999963
21
-96.9361139999999892
0
LINE
8
BLACK
6
CONTINUOUS
10
102.7412939999999963
20
-96.9361139999999892
11
102.7164219999999943
21
-96.9664209999999969
0
LINE
8
BLACK
6
CONTINUOUS
10
102.7164219999999943
20
-96.9664209999999969
11
102.4324999999999903
21
-97.2503419999999892
0
LINE
8
BLACK
6
CONTINUOUS
10
102.4324999999999903
20
-97.2503419999999892
11
102.4324999999999903
21
-97.6924999999999955
0
LINE
8
BLACK
6
CONTINUOUS
10
102.4324999999999903
20
-97.6924999999999955
11
102.4144209999999902
21
-97.7833869999999905
0
LINE
8
BLACK
6
CONTINUOUS
10
102.4144209999999902
20
-97.7833869999999905
11
102.3629379999999998
21
-97.860438000000002
0
LINE
8
BLACK
6
CONTINUOUS
10
102.3629379999999998
20
-97.860438000000002
11
102.2858870000000024
21
-97.9119209999999924
0
LINE
8
BLACK
6
CONTINUOUS
10
102.2858870000000024
20
-97.9119209999999924
11
102.1949999999999932
21
-97.9299999999999926
0
LINE
8
BLACK
6
CONTINUOUS
10
102.1949999999999932
20
-97.9299999999999926
11
101.6949999999999932
21
-97.9299999999999926
0
LINE
8
BLACK
6
CONTINUOUS
10
101.6949999999999932
20
-97.9299999999999926
11
101.6041129999999981
21
-97.9119209999999924
0
LINE
8
BLACK
6
CONTINUOUS
10
101.6041129999999981
20
-97.9119209999999924
11
101.5270620000000008
21
-97.860438000000002
0
LINE
8
BLACK
6
CONTINUOUS
10
101.5270620000000008
20
-97.860438000000002
11
101.4755789999999962
21
-97.7833869999999905
0
LINE
8
BLACK
6
CONTINUOUS
10
101.4755789999999962
20
-97.7833869999999905
11
101.457499999999996
21
-97.6924999999999955
0
LINE
8
BLACK
6
CONTINUOUS
10
101.457499999999996
20
-97.6924999999999955
11
101.457499999999996
21
-97.2175000000000011
0
LINE
8
BLACK
6
CONTINUOUS
10
101.457499999999996
20
-97.2175000000000011
11
101.4755789999999962
21
-97.1266129999999919
0
LINE
8
BLACK
6
CONTINUOUS
10
101.4755789999999962
20
-97.1266129999999919
11
101.5270620000000008
21
-97.0495619999999946
0
LINE
8
BLACK
6
CONTINUOUS
10
101.5270620000000008
20
-97.0495619999999946
11
101.6041129999999981
21
-96.9980789999999899
0
LINE
8
BLACK
6
CONTINUOUS
10
101.6041129999999981
20
-96.9980789999999899
11
101.6949999999999932
21
-96.9799999999999898
0
LINE
8
BLACK
6
CONTINUOUS
10
101.6949999999999932
20
-96.9799999999999898
11
102.137157000000002
21
-96.9799999999999898
0
LINE
8
BLACK
6
CONTINUOUS
10
102.137157000000002
20
-96.9799999999999898
11
102.375
21
-96.7421569999999917
0
LINE
8
BLACK
6
CONTINUOUS
10
102.375
20
-96.7421569999999917
11
102.375
21
-95.8299999999999983
0
LINE
8
BLACK
6
CONTINUOUS
10
102.375
20
-95.8299999999999983
11
102.3374999999999915
21
-95.8299999999999983
0
LINE
8
BLACK
6
CONTINUOUS
10
102.3374999999999915
20
-95.8299999999999983
11
102.2466129999999964
21
-95.8119209999999981
0
LINE
8
BLACK
6
CONTINUOUS
10
102.2466129999999964
20
-95.8119209999999981
11
102.1695619999999991
21
-95.7604379999999935
0
LINE
8
BLACK
6
CONTINUOUS
10
102.1695619999999991
20
-95.7604379999999935
11
102.1180789999999945
21
-95.6833869999999962
0
LINE
8
BLACK
6
CONTINUOUS
10
102.1180789999999945
20
-95.6833869999999962
11
102.0999999999999943
21
-95.5925000000000011
0
LINE
8
BLACK
6
CONTINUOUS
10
102.0999999999999943
20
-95.5925000000000011
11
102.0999999999999943
21
-95.0174999999999983
0
LINE
8
BLACK
6
CONTINUOUS
10
102.0999999999999943
20
-95.0174999999999983
11
102.1180789999999945
21
-94.926612999999989
0
LINE
8
BLACK
6
CONTINUOUS
10
102.1180789999999945
20
-94.926612999999989
11
102.1695619999999991
21
-94.8495619999999917
0
LINE
8
BLACK
6
CONTINUOUS
10
102.1695619999999991
20
-94.8495619999999917
11
102.2466129999999964
21
-94.7980790000000013
0
LINE
8
BLACK
6
CONTINUOUS
10
102.2466129999999964
20
-94.7980790000000013
11
102.3374999999999915
21
-94.7800000000000011
0
LINE
8
BLACK
6
CONTINUOUS
10
102.3374999999999915
20
-94.7800000000000011
11
102.8125
21
-94.7800000000000011
0
LINE
8
BLACK
6
CONTINUOUS
10
102.8125
20
-94.7800000000000011
11
102.9033869999999951
21
-94.7980790000000013
0
LINE
8
BLACK
6
CONTINUOUS
10
106.9283870000000007
20
-92.1505789999999934
11
107.0054379999999981
21
-92.202061999999998
0
LINE
8
BLACK
6
CONTINUOUS
10
107.0054379999999981
20
-92.202061999999998
11
107.0569209999999885
21
-92.2791129999999953
0
LINE
8
BLACK
6
CONTINUOUS
10
107.0569209999999885
20
-92.2791129999999953
11
107.0749999999999886
21
-92.3699999999999903
0
LINE
8
BLACK
6
CONTINUOUS
10
107.0749999999999886
20
-92.3699999999999903
11
107.0749999999999886
21
-92.8699999999999903
0
LINE
8
BLACK
6
CONTINUOUS
10
107.0749999999999886
20
-92.8699999999999903
11
107.0569209999999885
21
-92.9608869999999996
0
LINE
8
BLACK
6
CONTINUOUS
10
107.0569209999999885
20
-92.9608869999999996
11
107.0054379999999981
21
-93.0379379999999969
0
LINE
8
BLACK
6
CONTINUOUS
10
107.0054379999999981
20
-93.0379379999999969
11
106.9283870000000007
21
-93.0894210000000015
0
LINE
8
BLACK
6
CONTINUOUS
10
106.9283870000000007
20
-93.0894210000000015
11
106.8374999999999915
21
-93.1075000000000017
0
LINE
8
BLACK
6
CONTINUOUS
10
106.8374999999999915
20
-93.1075000000000017
11
106.3953419999999994
21
-93.1075000000000017
0
LINE
8
BLACK
6
CONTINUOUS
10
106.3953419999999994
20
-93.1075000000000017
11
106.1599999999999966
21
-93.3428419999999903
0
LINE
8
BLACK
6
CONTINUOUS
10
106.1599999999999966
20
-93.3428419999999903
11
106.1599999999999966
21
-95.6671580000000006
0
LINE
8
BLACK
6
CONTINUOUS
10
106.1599999999999966
20
-95.6671580000000006
11
106.2728419999999971
21
-95.7800000000000011
0
LINE
8
BLACK
6
CONTINUOUS
10
106.2728419999999971
20
-95.7800000000000011
11
108.2199999999999989
21
-95.7800000000000011
0
LINE
8
BLACK
6
CONTINUOUS
10
108.2199999999999989
20
-95.7800000000000011
11
108.2199999999999989
21
-95.5300000000000011
0
LINE
8
BLACK
6
CONTINUOUS
10
108.2199999999999989
20
-95.5300000000000011
11
109.9200000000000017
21
-95.5300000000000011
0
LINE
8
BLACK
6
CONTINUOUS
10
109.9200000000000017
20
-95.5300000000000011
11
109.9200000000000017
21
-95.6899999999999977
0
LINE
8
BLACK
6
CONTINUOUS
10
109.9200000000000017
20
-95.6899999999999977
11
113.6499999999999915
21
-95.6899999999999977
0
LINE
8
BLACK
6
CONTINUOUS
10
113.6499999999999915
20
-95.6899999999999977
11
113.6499999999999915
21
-95.5524999999999949
0
LINE
8
BLACK
6
CONTINUOUS
10
113.6499999999999915
20
-95.5524999999999949
11
113.6614179999999976
21
-95.4950970000000012
0
LINE
8
BLACK
6
CONTINUOUS
10
113.6614179999999976
20
-95.4950970000000012
11
113.6939339999999987
21
-95.4464339999999964
0
LINE
8
BLACK
6
CONTINUOUS
10
113.6939339999999987
20
-95.4464339999999964
11
113.7425969999999893
21
-95.4139179999999953
0
LINE
8
BLACK
6
CONTINUOUS
10
113.7425969999999893
20
-95.4139179999999953
11
113.7999999999999972
21
-95.4024999999999892
0
LINE
8
BLACK
6
CONTINUOUS
10
113.7999999999999972
20
-95.4024999999999892
11
114.0999999999999943
21
-95.4024999999999892
0
LINE
8
BLACK
6
CONTINUOUS
10
114.0999999999999943
20
-95.4024999999999892
11
114.157402999999988
21
-95.4139179999999953
0
LINE
8
BLACK
6
CONTINUOUS
10
114.157402999999988
20
-95.4139179999999953
11
114.2060659999999928
21
-95.4464339999999964
0
LINE
8
BLACK
6
CONTINUOUS
10
114.2060659999999928
20
-95.4464339999999964
11
114.2385819999999939
21
-95.4950970000000012
0
LINE
8
BLACK
6
CONTINUOUS
10
114.2385819999999939
20
-95.4950970000000012
11
114.25
21
-95.5524999999999949
0
LINE
8
BLACK
6
CONTINUOUS
10
114.25
20
-95.5524999999999949
11
114.25
21
-96.727499999999992
0
LINE
8
BLACK
6
CONTINUOUS
10
114.25
20
-96.727499999999992
11
114.2385819999999939
21
-96.7849029999999999
0
LINE
8
BLACK
6
CONTINUOUS
10
114.2385819999999939
20
-96.7849029999999999
11
114.2060659999999928
21
-96.8335659999999905
0
LINE
8
BLACK
6
CONTINUOUS
10
114.2060659999999928
20
-96.8335659999999905
11
114.157402999999988
21
-96.8660819999999916
0
LINE
8
BLACK
6
CONTINUOUS
10
114.157402999999988
20
-96.8660819999999916
11
114.0999999999999943
21
-96.8774999999999977
0
LINE
8
BLACK
6
CONTINUOUS
10
114.0999999999999943
20
-96.8774999999999977
11
113.7999999999999972
21
-96.8774999999999977
0
LINE
8
BLACK
6
CONTINUOUS
10
113.7999999999999972
20
-96.8774999999999977
11
113.7425969999999893
21
-96.8660819999999916
0
LINE
8
BLACK
6
CONTINUOUS
10
113.7425969999999893
20
-96.8660819999999916
11
113.6939339999999987
21
-96.8335659999999905
0
LINE
8
BLACK
6
CONTINUOUS
10
113.6939339999999987
20
-96.8335659999999905
11
113.6614179999999976
21
-96.7849029999999999
0
LINE
8
BLACK
6
CONTINUOUS
10
113.6614179999999976
20
-96.7849029999999999
11
113.6499999999999915
21
-96.727499999999992
0
LINE
8
BLACK
6
CONTINUOUS
10
113.6499999999999915
20
-96.727499999999992
11
113.6499999999999915
21
-95.9899999999999949
0
LINE
8
BLACK
6
CONTINUOUS
10
113.6499999999999915
20
-95.9899999999999949
11
109.9200000000000017
21
-95.9899999999999949
0
LINE
8
BLACK
6
CONTINUOUS
10
109.9200000000000017
20
-95.9899999999999949
11
109.9200000000000017
21
-96.4299999999999926
0
LINE
8
BLACK
6
CONTINUOUS
10
109.9200000000000017
20
-96.4299999999999926
11
108.2199999999999989
21
-96.4299999999999926
0
LINE
8
BLACK
6
CONTINUOUS
10
108.2199999999999989
20
-96.4299999999999926
11
108.2199999999999989
21
-96.1799999999999926
0
LINE
8
BLACK
6
CONTINUOUS
10
108.2199999999999989
20
-96.1799999999999926
11
106.1899999999999977
21
-96.1799999999999926
0
LINE
8
BLACK
6
CONTINUOUS
10
106.1899999999999977
20
-96.1799999999999926
11
106.1509819999999991
21
-96.1761569999999892
0
LINE
8
BLACK
6
CONTINUOUS
10
106.1509819999999991
20
-96.1761569999999892
11
106.0788859999999971
21
-96.1462939999999975
0
LINE
8
BLACK
6
CONTINUOUS
10
106.0788859999999971
20
-96.1462939999999975
11
106.0485789999999895
21
-96.121420999999998
0
LINE
8
BLACK
6
CONTINUOUS
10
106.0485789999999895
20
-96.121420999999998
11
105.8185789999999997
21
-95.891420999999994
0
LINE
8
BLACK
6
CONTINUOUS
10
105.8185789999999997
20
-95.891420999999994
11
105.7937060000000002
21
-95.8611140000000006
0
LINE
8
BLACK
6
CONTINUOUS
10
105.7937060000000002
20
-95.8611140000000006
11
105.7638429999999943
21
-95.7890179999999987
0
LINE
8
BLACK
6
CONTINUOUS
10
105.7638429999999943
20
-95.7890179999999987
11
105.7599999999999909
21
-95.75
0
LINE
8
BLACK
6
CONTINUOUS
10
105.7599999999999909
20
-95.75
11
105.7599999999999909
21
-93.2599999999999909
0
LINE
8
BLACK
6
CONTINUOUS
10
105.7599999999999909
20
-93.2599999999999909
11
105.7638429999999943
21
-93.2209819999999922
0
LINE
8
BLACK
6
CONTINUOUS
10
105.7638429999999943
20
-93.2209819999999922
11
105.7937060000000002
21
-93.1488859999999903
0
LINE
8
BLACK
6
CONTINUOUS
10
105.7937060000000002
20
-93.1488859999999903
11
105.8185789999999997
21
-93.1185789999999969
0
LINE
8
BLACK
6
CONTINUOUS
10
105.8185789999999997
20
-93.1185789999999969
11
106.125
21
-92.8121569999999991
0
LINE
8
BLACK
6
CONTINUOUS
10
106.125
20
-92.8121569999999991
11
106.125
21
-92.3699999999999903
0
LINE
8
BLACK
6
CONTINUOUS
10
106.125
20
-92.3699999999999903
11
106.1430790000000002
21
-92.2791129999999953
0
LINE
8
BLACK
6
CONTINUOUS
10
106.1430790000000002
20
-92.2791129999999953
11
106.1945619999999906
21
-92.202061999999998
0
LINE
8
BLACK
6
CONTINUOUS
10
106.1945619999999906
20
-92.202061999999998
11
106.2716130000000021
21
-92.1505789999999934
0
LINE
8
BLACK
6
CONTINUOUS
10
106.2716130000000021
20
-92.1505789999999934
11
106.3624999999999972
21
-92.1324999999999932
0
LINE
8
BLACK
6
CONTINUOUS
10
106.3624999999999972
20
-92.1324999999999932
11
106.8374999999999915
21
-92.1324999999999932
0
LINE
8
BLACK
6
CONTINUOUS
10
106.8374999999999915
20
-92.1324999999999932
11
106.9283870000000007
21
-92.1505789999999934
0
LINE
8
BLACK
6
CONTINUOUS
10
104.3633869999999888
20
-94.8280790000000025
11
104.4404380000000003
21
-94.8795619999999928
0
LINE
8
BLACK
6
CONTINUOUS
10
104.4404380000000003
20
-94.8795619999999928
11
104.4919209999999907
21
-94.9566129999999902
0
LINE
8
BLACK
6
CONTINUOUS
10
104.4919209999999907
20
-94.9566129999999902
11
104.5099999999999909
21
-95.0474999999999994
0
LINE
8
BLACK
6
CONTINUOUS
10
104.5099999999999909
20
-95.0474999999999994
11
104.5099999999999909
21
-95.6225000000000023
0
LINE
8
BLACK
6
CONTINUOUS
10
104.5099999999999909
20
-95.6225000000000023
11
104.4919209999999907
21
-95.7133869999999973
0
LINE
8
BLACK
6
CONTINUOUS
10
104.4919209999999907
20
-95.7133869999999973
11
104.4404380000000003
21
-95.7904379999999946
0
LINE
8
BLACK
6
CONTINUOUS
10
104.4404380000000003
20
-95.7904379999999946
11
104.3633869999999888
21
-95.8419209999999993
0
LINE
8
BLACK
6
CONTINUOUS
10
104.3633869999999888
20
-95.8419209999999993
11
104.2724999999999937
21
-95.8599999999999994
0
LINE
8
BLACK
6
CONTINUOUS
10
104.2724999999999937
20
-95.8599999999999994
11
104.2349999999999994
21
-95.8599999999999994
0
LINE
8
BLACK
6
CONTINUOUS
10
104.2349999999999994
20
-95.8599999999999994
11
104.2349999999999994
21
-95.8624999999999972
0
LINE
8
BLACK
6
CONTINUOUS
10
104.2349999999999994
20
-95.8624999999999972
11
104.2574999999999932
21
-95.8624999999999972
0
LINE
8
BLACK
6
CONTINUOUS
10
104.2574999999999932
20
-95.8624999999999972
11
104.3483869999999882
21
-95.8805789999999973
0
LINE
8
BLACK
6
CONTINUOUS
10
104.3483869999999882
20
-95.8805789999999973
11
104.4254379999999998
21
-95.9320620000000019
0
LINE
8
BLACK
6
CONTINUOUS
10
104.4254379999999998
20
-95.9320620000000019
11
104.4769209999999902
21
-96.0091129999999993
0
LINE
8
BLACK
6
CONTINUOUS
10
104.4769209999999902
20
-96.0091129999999993
11
104.4949999999999903
21
-96.0999999999999943
0
LINE
8
BLACK
6
CONTINUOUS
10
104.4949999999999903
20
-96.0999999999999943
11
104.4949999999999903
21
-96.5999999999999943
0
LINE
8
BLACK
6
CONTINUOUS
10
104.4949999999999903
20
-96.5999999999999943
11
104.4769209999999902
21
-96.6908869999999894
0
LINE
8
BLACK
6
CONTINUOUS
10
104.4769209999999902
20
-96.6908869999999894
11
104.4254379999999998
21
-96.7679380000000009
0
LINE
8
BLACK
6
CONTINUOUS
10
104.4254379999999998
20
-96.7679380000000009
11
104.3483869999999882
21
-96.8194209999999913
0
LINE
8
BLACK
6
CONTINUOUS
10
104.3483869999999882
20
-96.8194209999999913
11
104.2574999999999932
21
-96.8374999999999915
0
LINE
8
BLACK
6
CONTINUOUS
10
104.2574999999999932
20
-96.8374999999999915
11
103.7824999999999989
21
-96.8374999999999915
0
LINE
8
BLACK
6
CONTINUOUS
10
103.7824999999999989
20
-96.8374999999999915
11
103.6916129999999896
21
-96.8194209999999913
0
LINE
8
BLACK
6
CONTINUOUS
10
103.6916129999999896
20
-96.8194209999999913
11
103.6145619999999923
21
-96.7679380000000009
0
LINE
8
BLACK
6
CONTINUOUS
10
103.6145619999999923
20
-96.7679380000000009
11
103.5630790000000019
21
-96.6908869999999894
0
LINE
8
BLACK
6
CONTINUOUS
10
103.5630790000000019
20
-96.6908869999999894
11
103.5450000000000017
21
-96.5999999999999943
0
LINE
8
BLACK
6
CONTINUOUS
10
103.5450000000000017
20
-96.5999999999999943
11
103.5450000000000017
21
-96.0999999999999943
0
LINE
8
BLACK
6
CONTINUOUS
10
103.5450000000000017
20
-96.0999999999999943
11
103.5630790000000019
21
-96.0091129999999993
0
LINE
8
BLACK
6
CONTINUOUS
10
103.5630790000000019
20
-96.0091129999999993
11
103.6145619999999923
21
-95.9320620000000019
0
LINE
8
BLACK
6
CONTINUOUS
10
103.6145619999999923
20
-95.9320620000000019
11
103.6916129999999896
21
-95.8805789999999973
0
LINE
8
BLACK
6
CONTINUOUS
10
103.6916129999999896
20
-95.8805789999999973
11
103.7824999999999989
21
-95.8624999999999972
0
LINE
8
BLACK
6
CONTINUOUS
10
103.7824999999999989
20
-95.8624999999999972
11
103.8349999999999937
21
-95.8624999999999972
0
LINE
8
BLACK
6
CONTINUOUS
10
103.8349999999999937
20
-95.8624999999999972
11
103.8349999999999937
21
-95.8599999999999994
0
LINE
8
BLACK
6
CONTINUOUS
10
103.8349999999999937
20
-95.8599999999999994
11
103.7974999999999994
21
-95.8599999999999994
0
LINE
8
BLACK
6
CONTINUOUS
10
103.7974999999999994
20
-95.8599999999999994
11
103.7066129999999902
21
-95.8419209999999993
0
LINE
8
BLACK
6
CONTINUOUS
10
103.7066129999999902
20
-95.8419209999999993
11
103.6295619999999928
21
-95.7904379999999946
0
LINE
8
BLACK
6
CONTINUOUS
10
103.6295619999999928
20
-95.7904379999999946
11
103.5780789999999882
21
-95.7133869999999973
0
LINE
8
BLACK
6
CONTINUOUS
10
103.5780789999999882
20
-95.7133869999999973
11
103.5600000000000023
21
-95.6225000000000023
0
LINE
8
BLACK
6
CONTINUOUS
10
103.5600000000000023
20
-95.6225000000000023
11
103.5600000000000023
21
-95.0474999999999994
0
LINE
8
BLACK
6
CONTINUOUS
10
103.5600000000000023
20
-95.0474999999999994
11
103.5780789999999882
21
-94.9566129999999902
0
LINE
8
BLACK
6
CONTINUOUS
10
103.5780789999999882
20
-94.9566129999999902
11
103.6295619999999928
21
-94.8795619999999928
0
LINE
8
BLACK
6
CONTINUOUS
10
103.6295619999999928
20
-94.8795619999999928
11
103.7066129999999902
21
-94.8280790000000025
0
LINE
8
BLACK
6
CONTINUOUS
10
103.7066129999999902
20
-94.8280790000000025
11
103.7974999999999994
21
-94.8100000000000023
0
LINE
8
BLACK
6
CONTINUOUS
10
103.7974999999999994
20
-94.8100000000000023
11
104.2724999999999937
21
-94.8100000000000023
0
LINE
8
BLACK
6
CONTINUOUS
10
104.2724999999999937
20
-94.8100000000000023
11
104.3633869999999888
21
-94.8280790000000025
0
LINE
8
BLACK
6
CONTINUOUS
10
119.8106709999999993
20
-91.3690299999999951
11
119.8917769999999905
21
-91.423222999999993
0
LINE
8
BLACK
6
CONTINUOUS
10
119.8917769999999905
20
-91.423222999999993
11
119.9459699999999884
21
-91.5043289999999985
0
LINE
8
BLACK
6
CONTINUOUS
10
119.9459699999999884
20
-91.5043289999999985
11
119.9649999999999892
21
-91.5999999999999943
0
LINE
8
BLACK
6
CONTINUOUS
10
119.9649999999999892
20
-91.5999999999999943
11
119.9649999999999892
21
-93.
0
LINE
8
BLACK
6
CONTINUOUS
10
119.9649999999999892
20
-93.
11
119.9459699999999884
21
-93.0956709999999958
0
LINE
8
BLACK
6
CONTINUOUS
10
119.9459699999999884
20
-93.0956709999999958
11
119.8917769999999905
21
-93.1767770000000013
0
LINE
8
BLACK
6
CONTINUOUS
10
119.8917769999999905
20
-93.1767770000000013
11
119.8106709999999993
21
-93.2309699999999992
0
LINE
8
BLACK
6
CONTINUOUS
10
119.8106709999999993
20
-93.2309699999999992
11
119.7149999999999892
21
-93.25
0
LINE
8
BLACK
6
CONTINUOUS
10
119.7149999999999892
20
-93.25
11
118.7650000000000006
21
-93.25
0
LINE
8
BLACK
6
CONTINUOUS
10
118.7650000000000006
20
-93.25
11
118.6693289999999905
21
-93.2309699999999992
0
LINE
8
BLACK
6
CONTINUOUS
10
118.6693289999999905
20
-93.2309699999999992
11
118.5882229999999993
21
-93.1767770000000013
0
LINE
8
BLACK
6
CONTINUOUS
10
118.5882229999999993
20
-93.1767770000000013
11
118.5340300000000013
21
-93.0956709999999958
0
LINE
8
BLACK
6
CONTINUOUS
10
118.5340300000000013
20
-93.0956709999999958
11
118.5150000000000006
21
-93.
0
LINE
8
BLACK
6
CONTINUOUS
10
118.5150000000000006
20
-93.
11
118.5150000000000006
21
-92.8100000000000023
0
LINE
8
BLACK
6
CONTINUOUS
10
118.5150000000000006
20
-92.8100000000000023
11
117.5300000000000011
21
-92.8100000000000023
0
LINE
8
BLACK
6
CONTINUOUS
10
117.5300000000000011
20
-92.8100000000000023
11
117.5300000000000011
21
-92.6099999999999994
0
LINE
8
BLACK
6
CONTINUOUS
10
117.5300000000000011
20
-92.6099999999999994
11
116.9099999999999966
21
-92.6099999999999994
0
LINE
8
BLACK
6
CONTINUOUS
10
116.9099999999999966
20
-92.6099999999999994
11
116.9099999999999966
21
-92.75
0
LINE
8
BLACK
6
CONTINUOUS
10
116.9099999999999966
20
-92.75
11
115.9099999999999966
21
-92.75
0
LINE
8
BLACK
6
CONTINUOUS
10
115.9099999999999966
20
-92.75
11
115.9099999999999966
21
-92.6099999999999994
0
LINE
8
BLACK
6
CONTINUOUS
10
115.9099999999999966
20
-92.6099999999999994
11
114.894999999999996
21
-92.6099999999999994
0
LINE
8
BLACK
6
CONTINUOUS
10
114.894999999999996
20
-92.6099999999999994
11
114.894999999999996
21
-93.7549999999999955
0
LINE
8
BLACK
6
CONTINUOUS
10
114.894999999999996
20
-93.7549999999999955
11
114.8911569999999926
21
-93.7940179999999941
0
LINE
8
BLACK
6
CONTINUOUS
10
114.8911569999999926
20
-93.7940179999999941
11
114.8612940000000009
21
-93.8661139999999961
0
LINE
8
BLACK
6
CONTINUOUS
10
114.8612940000000009
20
-93.8661139999999961
11
114.8364210000000014
21
-93.8964209999999895
0
LINE
8
BLACK
6
CONTINUOUS
10
114.8364210000000014
20
-93.8964209999999895
11
114.2414209999999883
21
-94.4914210000000026
0
LINE
8
BLACK
6
CONTINUOUS
10
114.2414209999999883
20
-94.4914210000000026
11
114.2111139999999949
21
-94.516294000000002
0
LINE
8
BLACK
6
CONTINUOUS
10
114.2111139999999949
20
-94.516294000000002
11
114.139017999999993
21
-94.5461569999999938
0
LINE
8
BLACK
6
CONTINUOUS
10
114.139017999999993
20
-94.5461569999999938
11
114.0999999999999943
21
-94.5499999999999972
0
LINE
8
BLACK
6
CONTINUOUS
10
114.0999999999999943
20
-94.5499999999999972
11
112.1528429999999901
21
-94.5499999999999972
0
LINE
8
BLACK
6
CONTINUOUS
10
112.1528429999999901
20
-94.5499999999999972
11
111.9949999999999903
21
-94.7078419999999994
0
LINE
8
BLACK
6
CONTINUOUS
10
111.9949999999999903
20
-94.7078419999999994
11
111.9949999999999903
21
-95.1499999999999915
0
LINE
8
BLACK
6
CONTINUOUS
10
111.9949999999999903
20
-95.1499999999999915
11
111.9769209999999902
21
-95.2408870000000007
0
LINE
8
BLACK
6
CONTINUOUS
10
111.9769209999999902
20
-95.2408870000000007
11
111.9254379999999998
21
-95.3179379999999981
0
LINE
8
BLACK
6
CONTINUOUS
10
111.9254379999999998
20
-95.3179379999999981
11
111.8483869999999882
21
-95.3694210000000027
0
LINE
8
BLACK
6
CONTINUOUS
10
111.8483869999999882
20
-95.3694210000000027
11
111.7574999999999932
21
-95.3874999999999886
0
LINE
8
BLACK
6
CONTINUOUS
10
111.7574999999999932
20
-95.3874999999999886
11
111.2824999999999989
21
-95.3874999999999886
0
LINE
8
BLACK
6
CONTINUOUS
10
111.2824999999999989
20
-95.3874999999999886
11
111.1916129999999896
21
-95.3694210000000027
0
LINE
8
BLACK
6
CONTINUOUS
10
111.1916129999999896
20
-95.3694210000000027
11
111.1145619999999923
21
-95.3179379999999981
0
LINE
8
BLACK
6
CONTINUOUS
10
111.1145619999999923
20
-95.3179379999999981
11
111.0630790000000019
21
-95.2408870000000007
0
LINE
8
BLACK
6
CONTINUOUS
10
111.0630790000000019
20
-95.2408870000000007
11
111.0450000000000017
21
-95.1499999999999915
0
LINE
8
BLACK
6
CONTINUOUS
10
111.0450000000000017
20
-95.1499999999999915
11
111.0450000000000017
21
-94.6499999999999915
0
LINE
8
BLACK
6
CONTINUOUS
10
111.0450000000000017
20
-94.6499999999999915
11
111.0630790000000019
21
-94.5591129999999964
0
LINE
8
BLACK
6
CONTINUOUS
10
111.0630790000000019
20
-94.5591129999999964
11
111.1145619999999923
21
-94.4820619999999991
0
LINE
8
BLACK
6
CONTINUOUS
10
111.1145619999999923
20
-94.4820619999999991
11
111.1916129999999896
21
-94.4305789999999945
0
LINE
8
BLACK
6
CONTINUOUS
10
111.1916129999999896
20
-94.4305789999999945
11
111.2824999999999989
21
-94.4124999999999943
0
LINE
8
BLACK
6
CONTINUOUS
10
111.2824999999999989
20
-94.4124999999999943
11
111.7246569999999934
21
-94.4124999999999943
0
LINE
8
BLACK
6
CONTINUOUS
10
111.7246569999999934
20
-94.4124999999999943
11
111.9285780000000017
21
-94.2085790000000003
0
LINE
8
BLACK
6
CONTINUOUS
10
111.9285780000000017
20
-94.2085790000000003
11
111.9588859999999926
21
-94.1837060000000008
0
LINE
8
BLACK
6
CONTINUOUS
10
111.9588859999999926
20
-94.1837060000000008
11
112.0309819999999945
21
-94.1538429999999948
0
LINE
8
BLACK
6
CONTINUOUS
10
112.0309819999999945
20
-94.1538429999999948
11
112.0699999999999932
21
-94.1499999999999915
0
LINE
8
BLACK
6
CONTINUOUS
10
112.0699999999999932
20
-94.1499999999999915
11
114.0171579999999949
21
-94.1499999999999915
0
LINE
8
BLACK
6
CONTINUOUS
10
114.0171579999999949
20
-94.1499999999999915
11
114.4949999999999903
21
-93.672157999999996
0
LINE
8
BLACK
6
CONTINUOUS
10
114.4949999999999903
20
-93.672157999999996
11
114.4949999999999903
21
-92.5600000000000023
0
LINE
8
BLACK
6
CONTINUOUS
10
114.4949999999999903
20
-92.5600000000000023
11
114.1075000000000017
21
-92.5600000000000023
0
LINE
8
BLACK
6
CONTINUOUS
10
114.1075000000000017
20
-92.5600000000000023
11
114.0500969999999938
21
-92.5485819999999961
0
LINE
8
BLACK
6
CONTINUOUS
10
114.0500969999999938
20
-92.5485819999999961
11
114.0014339999999891
21
-92.516065999999995
0
LINE
8
BLACK
6
CONTINUOUS
10
114.0014339999999891
20
-92.516065999999995
11
113.968917999999988
21
-92.4674029999999902
0
LINE
8
BLACK
6
CONTINUOUS
10
113.968917999999988
20
-92.4674029999999902
11
113.957499999999996
21
-92.4099999999999966
0
LINE
8
BLACK
6
CONTINUOUS
10
113.957499999999996
20
-92.4099999999999966
11
113.957499999999996
21
-92.1099999999999994
0
LINE
8
BLACK
6
CONTINUOUS
10
113.957499999999996
20
-92.1099999999999994
11
113.968917999999988
21
-92.0525969999999916
0
LINE
8
BLACK
6
CONTINUOUS
10
113.968917999999988
20
-92.0525969999999916
11
114.0014339999999891
21
-92.003934000000001
0
LINE
8
BLACK
6
CONTINUOUS
10
114.0014339999999891
20
-92.003934000000001
11
114.0500969999999938
21
-91.9714179999999999
0
LINE
8
BLACK
6
CONTINUOUS
10
114.0500969999999938
20
-91.9714179999999999
11
114.1075000000000017
21
-91.9599999999999937
0
LINE
8
BLACK
6
CONTINUOUS
10
114.1075000000000017
20
-91.9599999999999937
11
114.5206029999999942
21
-91.9599999999999937
0
LINE
8
BLACK
6
CONTINUOUS
10
114.5206029999999942
20
-91.9599999999999937
11
114.5610609999999951
21
-91.936641999999992
0
LINE
8
BLACK
6
CONTINUOUS
10
114.5610609999999951
20
-91.936641999999992
11
114.6493159999999989
21
-91.9129939999999976
0
LINE
8
BLACK
6
CONTINUOUS
10
114.6493159999999989
20
-91.9129939999999976
11
114.6949999999999932
21
-91.9099999999999966
0
LINE
8
BLACK
6
CONTINUOUS
10
114.6949999999999932
20
-91.9099999999999966
11
115.9099999999999966
21
-91.9099999999999966
0
LINE
8
BLACK
6
CONTINUOUS
10
115.9099999999999966
20
-91.9099999999999966
11
115.9099999999999966
21
-91.75
0
LINE
8
BLACK
6
CONTINUOUS
10
115.9099999999999966
20
-91.75
11
116.9099999999999966
21
-91.75
0
LINE
8
BLACK
6
CONTINUOUS
10
116.9099999999999966
20
-91.75
11
116.9099999999999966
21
-91.9099999999999966
0
LINE
8
BLACK
6
CONTINUOUS
10
116.9099999999999966
20
-91.9099999999999966
11
117.5300000000000011
21
-91.9099999999999966
0
LINE
8
BLACK
6
CONTINUOUS
10
117.5300000000000011
20
-91.9099999999999966
11
117.5300000000000011
21
-91.8100000000000023
0
LINE
8
BLACK
6
CONTINUOUS
10
117.5300000000000011
20
-91.8100000000000023
11
118.5150000000000006
21
-91.8100000000000023
0
LINE
8
BLACK
6
CONTINUOUS
10
118.5150000000000006
20
-91.8100000000000023
11
118.5150000000000006
21
-91.5999999999999943
0
LINE
8
BLACK
6
CONTINUOUS
10
118.5150000000000006
20
-91.5999999999999943
11
118.5340300000000013
21
-91.5043289999999985
0
LINE
8
BLACK
6
CONTINUOUS
10
118.5340300000000013
20
-91.5043289999999985
11
118.5882229999999993
21
-91.423222999999993
0
LINE
8
BLACK
6
CONTINUOUS
10
118.5882229999999993
20
-91.423222999999993
11
118.6693289999999905
21
-91.3690299999999951
0
LINE
8
BLACK
6
CONTINUOUS
10
118.6693289999999905
20
-91.3690299999999951
11
118.7650000000000006
21
-91.3499999999999943
0
LINE
8
BLACK
6
CONTINUOUS
10
118.7650000000000006
20
-91.3499999999999943
11
119.7149999999999892
21
-91.3499999999999943
0
LINE
8
BLACK
6
CONTINUOUS
10
119.7149999999999892
20
-91.3499999999999943
11
119.8106709999999993
21
-91.3690299999999951
0
LINE
8
BLACK
6
CONTINUOUS
10
105.2990179999999896
20
-90.933842999999996
11
105.3711139999999915
21
-90.9637060000000019
0
LINE
8
BLACK
6
CONTINUOUS
10
105.3711139999999915
20
-90.9637060000000019
11
105.4014209999999991
21
-90.9885790000000014
0
LINE
8
BLACK
6
CONTINUOUS
10
105.4014209999999991
20
-90.9885790000000014
11
105.8953419999999994
21
-91.4825000000000017
0
LINE
8
BLACK
6
CONTINUOUS
10
105.8953419999999994
20
-91.4825000000000017
11
108.6824999999999903
21
-91.4825000000000017
0
LINE
8
BLACK
6
CONTINUOUS
10
108.6824999999999903
20
-91.4825000000000017
11
108.721517999999989
21
-91.4863429999999909
0
LINE
8
BLACK
6
CONTINUOUS
10
108.721517999999989
20
-91.4863429999999909
11
108.7936139999999909
21
-91.5162059999999968
0
LINE
8
BLACK
6
CONTINUOUS
10
108.7936139999999909
20
-91.5162059999999968
11
108.8239209999999986
21
-91.5410789999999963
0
LINE
8
BLACK
6
CONTINUOUS
10
108.8239209999999986
20
-91.5410789999999963
11
109.1914209999999912
21
-91.9085779999999914
0
LINE
8
BLACK
6
CONTINUOUS
10
109.1914209999999912
20
-91.9085779999999914
11
109.2162879999999916
21
-91.9388799999999975
0
LINE
8
BLACK
6
CONTINUOUS
10
109.2162879999999916
20
-91.9388799999999975
11
109.2162939999999907
21
-91.9388859999999966
0
LINE
8
BLACK
6
CONTINUOUS
10
109.2162939999999907
20
-91.9388859999999966
11
109.2461569999999966
21
-92.0109819999999985
0
LINE
8
BLACK
6
CONTINUOUS
10
109.2461569999999966
20
-92.0109819999999985
11
109.25
21
-92.0499999999999972
0
LINE
8
BLACK
6
CONTINUOUS
10
109.25
20
-92.0499999999999972
11
109.25
21
-93.2099999999999937
0
LINE
8
BLACK
6
CONTINUOUS
10
109.25
20
-93.2099999999999937
11
109.8957359999999994
21
-93.2099999999999937
0
LINE
8
BLACK
6
CONTINUOUS
10
109.8957359999999994
20
-93.2099999999999937
11
110.1753679999999918
21
-92.9303680000000014
0
LINE
8
BLACK
6
CONTINUOUS
10
110.1753679999999918
20
-92.9303680000000014
11
110.2048719999999946
21
-92.9044939999999997
0
LINE
8
BLACK
6
CONTINUOUS
10
110.2048719999999946
20
-92.9044939999999997
11
110.2726949999999988
21
-92.8653359999999992
0
LINE
8
BLACK
6
CONTINUOUS
10
110.2726949999999988
20
-92.8653359999999992
11
110.3483419999999882
21
-92.8450670000000002
0
LINE
8
BLACK
6
CONTINUOUS
10
110.3483419999999882
20
-92.8450670000000002
11
110.3874999999999886
21
-92.8425000000000011
0
LINE
8
BLACK
6
CONTINUOUS
10
110.3874999999999886
20
-92.8425000000000011
11
111.0124459999999971
21
-92.8425000000000011
0
LINE
8
BLACK
6
CONTINUOUS
10
111.0124459999999971
20
-92.8425000000000011
11
111.0205789999999979
21
-92.801612999999989
0
LINE
8
BLACK
6
CONTINUOUS
10
111.0205789999999979
20
-92.801612999999989
11
111.0720619999999883
21
-92.7245619999999917
0
LINE
8
BLACK
6
CONTINUOUS
10
111.0720619999999883
20
-92.7245619999999917
11
111.1491129999999998
21
-92.6730790000000013
0
LINE
8
BLACK
6
CONTINUOUS
10
111.1491129999999998
20
-92.6730790000000013
11
111.2399999999999949
21
-92.6550000000000011
0
LINE
8
BLACK
6
CONTINUOUS
10
111.2399999999999949
20
-92.6550000000000011
11
111.7149999999999892
21
-92.6550000000000011
0
LINE
8
BLACK
6
CONTINUOUS
10
111.7149999999999892
20
-92.6550000000000011
11
111.8058869999999985
21
-92.6730790000000013
0
LINE
8
BLACK
6
CONTINUOUS
10
111.8058869999999985
20
-92.6730790000000013
11
111.8829379999999958
21
-92.7245619999999917
0
LINE
8
BLACK
6
CONTINUOUS
10
111.8829379999999958
20
-92.7245619999999917
11
111.9344210000000004
21
-92.801612999999989
0
LINE
8
BLACK
6
CONTINUOUS
10
111.9344210000000004
20
-92.801612999999989
11
111.9425540000000012
21
-92.8425000000000011
0
LINE
8
BLACK
6
CONTINUOUS
10
111.9425540000000012
20
-92.8425000000000011
11
112.7524999999999977
21
-92.8425000000000011
0
LINE
8
BLACK
6
CONTINUOUS
10
112.7524999999999977
20
-92.8425000000000011
11
112.7916579999999982
21
-92.8450670000000002
0
LINE
8
BLACK
6
CONTINUOUS
10
112.7916579999999982
20
-92.8450670000000002
11
112.8673050000000018
21
-92.8653359999999992
0
LINE
8
BLACK
6
CONTINUOUS
10
112.8673050000000018
20
-92.8653359999999992
11
112.9351279999999917
21
-92.9044939999999997
0
LINE
8
BLACK
6
CONTINUOUS
10
112.9351279999999917
20
-92.9044939999999997
11
112.9406339999999886
21
-92.9099999999999966
0
LINE
8
BLACK
6
CONTINUOUS
10
112.9406339999999886
20
-92.9099999999999966
11
113.4074999999999989
21
-92.9099999999999966
0
LINE
8
BLACK
6
CONTINUOUS
10
113.4074999999999989
20
-92.9099999999999966
11
113.4649029999999925
21
-92.9214180000000027
0
LINE
8
BLACK
6
CONTINUOUS
10
113.4649029999999925
20
-92.9214180000000027
11
113.5135659999999973
21
-92.9539339999999896
0
LINE
8
BLACK
6
CONTINUOUS
10
113.5135659999999973
20
-92.9539339999999896
11
113.5460819999999984
21
-93.0025969999999944
0
LINE
8
BLACK
6
CONTINUOUS
10
113.5460819999999984
20
-93.0025969999999944
11
113.5574999999999903
21
-93.0600000000000023
0
LINE
8
BLACK
6
CONTINUOUS
10
113.5574999999999903
20
-93.0600000000000023
11
113.5574999999999903
21
-93.3599999999999994
0
LINE
8
BLACK
6
CONTINUOUS
10
113.5574999999999903
20
-93.3599999999999994
11
113.5460819999999984
21
-93.4174029999999931
0
LINE
8
BLACK
6
CONTINUOUS
10
113.5460819999999984
20
-93.4174029999999931
11
113.5135659999999973
21
-93.4660659999999979
0
LINE
8
BLACK
6
CONTINUOUS
10
113.5135659999999973
20
-93.4660659999999979
11
113.4649029999999925
21
-93.498581999999999
0
LINE
8
BLACK
6
CONTINUOUS
10
113.4649029999999925
20
-93.498581999999999
11
113.4074999999999989
21
-93.5099999999999909
0
LINE
8
BLACK
6
CONTINUOUS
10
113.4074999999999989
20
-93.5099999999999909
11
112.2325000000000017
21
-93.5099999999999909
0
LINE
8
BLACK
6
CONTINUOUS
10
112.2325000000000017
20
-93.5099999999999909
11
112.1750969999999938
21
-93.498581999999999
0
LINE
8
BLACK
6
CONTINUOUS
10
112.1750969999999938
20
-93.498581999999999
11
112.1264339999999891
21
-93.4660659999999979
0
LINE
8
BLACK
6
CONTINUOUS
10
112.1264339999999891
20
-93.4660659999999979
11
112.1106869999999986
21
-93.4424999999999955
0
LINE
8
BLACK
6
CONTINUOUS
10
112.1106869999999986
20
-93.4424999999999955
11
111.9425540000000012
21
-93.4424999999999955
0
LINE
8
BLACK
6
CONTINUOUS
10
111.9425540000000012
20
-93.4424999999999955
11
111.9344210000000004
21
-93.4833869999999933
0
LINE
8
BLACK
6
CONTINUOUS
10
111.9344210000000004
20
-93.4833869999999933
11
111.8829379999999958
21
-93.5604379999999907
0
LINE
8
BLACK
6
CONTINUOUS
10
111.8829379999999958
20
-93.5604379999999907
11
111.8058869999999985
21
-93.6119209999999953
0
LINE
8
BLACK
6
CONTINUOUS
10
111.8058869999999985
20
-93.6119209999999953
11
111.7149999999999892
21
-93.6299999999999955
0
LINE
8
BLACK
6
CONTINUOUS
10
111.7149999999999892
20
-93.6299999999999955
11
111.2399999999999949
21
-93.6299999999999955
0
LINE
8
BLACK
6
CONTINUOUS
10
111.2399999999999949
20
-93.6299999999999955
11
111.1491129999999998
21
-93.6119209999999953
0
LINE
8
BLACK
6
CONTINUOUS
10
111.1491129999999998
20
-93.6119209999999953
11
111.0720619999999883
21
-93.5604379999999907
0
LINE
8
BLACK
6
CONTINUOUS
10
111.0720619999999883
20
-93.5604379999999907
11
111.0205789999999979
21
-93.4833869999999933
0
LINE
8
BLACK
6
CONTINUOUS
10
111.0205789999999979
20
-93.4833869999999933
11
111.0124459999999971
21
-93.4424999999999955
0
LINE
8
BLACK
6
CONTINUOUS
10
111.0124459999999971
20
-93.4424999999999955
11
110.5117639999999994
21
-93.4424999999999955
0
LINE
8
BLACK
6
CONTINUOUS
10
110.5117639999999994
20
-93.4424999999999955
11
110.0821320000000014
21
-93.8721319999999935
0
LINE
8
BLACK
6
CONTINUOUS
10
110.0821320000000014
20
-93.8721319999999935
11
110.0526279999999986
21
-93.8980059999999952
0
LINE
8
BLACK
6
CONTINUOUS
10
110.0526279999999986
20
-93.8980059999999952
11
109.9848049999999944
21
-93.9371639999999957
0
LINE
8
BLACK
6
CONTINUOUS
10
109.9848049999999944
20
-93.9371639999999957
11
109.9091579999999908
21
-93.9574329999999946
0
LINE
8
BLACK
6
CONTINUOUS
10
109.9091579999999908
20
-93.9574329999999946
11
109.8999999999999915
21
-93.9580330000000004
0
LINE
8
BLACK
6
CONTINUOUS
10
109.8999999999999915
20
-93.9580330000000004
11
109.8999999999999915
21
-94.1099999999999994
0
LINE
8
BLACK
6
CONTINUOUS
10
109.8999999999999915
20
-94.1099999999999994
11
108.1999999999999886
21
-94.1099999999999994
0
LINE
8
BLACK
6
CONTINUOUS
10
108.1999999999999886
20
-94.1099999999999994
11
108.1999999999999886
21
-93.9599999999999937
0
LINE
8
BLACK
6
CONTINUOUS
10
108.1999999999999886
20
-93.9599999999999937
11
108.1742639999999938
21
-93.9599999999999937
0
LINE
8
BLACK
6
CONTINUOUS
10
108.1742639999999938
20
-93.9599999999999937
11
107.3599999999999994
21
-94.7742640000000023
0
LINE
8
BLACK
6
CONTINUOUS
10
107.3599999999999994
20
-94.7742640000000023
11
107.3599999999999994
21
-95.3499999999999943
0
LINE
8
BLACK
6
CONTINUOUS
10
107.3599999999999994
20
-95.3499999999999943
11
106.3599999999999994
21
-95.3499999999999943
0
LINE
8
BLACK
6
CONTINUOUS
10
106.3599999999999994
20
-95.3499999999999943
11
106.3599999999999994
21
-94.3499999999999943
0
LINE
8
BLACK
6
CONTINUOUS
10
106.3599999999999994
20
-94.3499999999999943
11
106.9357359999999915
21
-94.3499999999999943
0
LINE
8
BLACK
6
CONTINUOUS
10
106.9357359999999915
20
-94.3499999999999943
11
107.8378680000000003
21
-93.4478679999999997
0
LINE
8
BLACK
6
CONTINUOUS
10
107.8378680000000003
20
-93.4478679999999997
11
107.8673719999999889
21
-93.421993999999998
0
LINE
8
BLACK
6
CONTINUOUS
10
107.8673719999999889
20
-93.421993999999998
11
107.9351949999999931
21
-93.3828359999999975
0
LINE
8
BLACK
6
CONTINUOUS
10
107.9351949999999931
20
-93.3828359999999975
11
108.0108419999999967
21
-93.3625669999999985
0
LINE
8
BLACK
6
CONTINUOUS
10
108.0108419999999967
20
-93.3625669999999985
11
108.0499999999999972
21
-93.3599999999999994
0
LINE
8
BLACK
6
CONTINUOUS
10
108.0499999999999972
20
-93.3599999999999994
11
108.1999999999999886
21
-93.3599999999999994
0
LINE
8
BLACK
6
CONTINUOUS
10
108.1999999999999886
20
-93.3599999999999994
11
108.1999999999999886
21
-93.2099999999999937
0
LINE
8
BLACK
6
CONTINUOUS
10
108.1999999999999886
20
-93.2099999999999937
11
108.8499999999999943
21
-93.2099999999999937
0
LINE
8
BLACK
6
CONTINUOUS
10
108.8499999999999943
20
-93.2099999999999937
11
108.8499999999999943
21
-92.1328419999999966
0
LINE
8
BLACK
6
CONTINUOUS
10
108.8499999999999943
20
-92.1328419999999966
11
108.5996579999999909
21
-91.8824999999999932
0
LINE
8
BLACK
6
CONTINUOUS
10
108.5996579999999909
20
-91.8824999999999932
11
105.8125
21
-91.8824999999999932
0
LINE
8
BLACK
6
CONTINUOUS
10
105.8125
20
-91.8824999999999932
11
105.7734820000000013
21
-91.8786569999999898
0
LINE
8
BLACK
6
CONTINUOUS
10
105.7734820000000013
20
-91.8786569999999898
11
105.7013859999999994
21
-91.8487939999999981
0
LINE
8
BLACK
6
CONTINUOUS
10
105.7013859999999994
20
-91.8487939999999981
11
105.6710789999999918
21
-91.8239209999999986
0
LINE
8
BLACK
6
CONTINUOUS
10
105.6710789999999918
20
-91.8239209999999986
11
105.1771579999999915
21
-91.3299999999999983
0
LINE
8
BLACK
6
CONTINUOUS
10
105.1771579999999915
20
-91.3299999999999983
11
103.0549999999999926
21
-91.3299999999999983
0
LINE
8
BLACK
6
CONTINUOUS
10
103.0549999999999926
20
-91.3299999999999983
11
103.0549999999999926
21
-91.9449999999999932
0
LINE
8
BLACK
6
CONTINUOUS
10
103.0549999999999926
20
-91.9449999999999932
11
102.0549999999999926
21
-91.9449999999999932
0
LINE
8
BLACK
6
CONTINUOUS
10
102.0549999999999926
20
-91.9449999999999932
11
102.0549999999999926
21
-91.3299999999999983
0
LINE
8
BLACK
6
CONTINUOUS
10
102.0549999999999926
20
-91.3299999999999983
11
100.3528419999999954
21
-91.3299999999999983
0
LINE
8
BLACK
6
CONTINUOUS
10
100.3528419999999954
20
-91.3299999999999983
11
99.9296530000000018
21
-91.7531879999999944
0
LINE
8
BLACK
6
CONTINUOUS
10
99.9296530000000018
20
-91.7531879999999944
11
99.9324999999999903
21
-91.7674999999999983
0
LINE
8
BLACK
6
CONTINUOUS
10
99.9324999999999903
20
-91.7674999999999983
11
99.9324999999999903
21
-92.2424999999999926
0
LINE
8
BLACK
6
CONTINUOUS
10
99.9324999999999903
20
-92.2424999999999926
11
99.9144209999999902
21
-92.3333870000000019
0
LINE
8
BLACK
6
CONTINUOUS
10
99.9144209999999902
20
-92.3333870000000019
11
99.8629379999999998
21
-92.4104379999999992
0
LINE
8
BLACK
6
CONTINUOUS
10
99.8629379999999998
20
-92.4104379999999992
11
99.7858870000000024
21
-92.4619209999999896
0
LINE
8
BLACK
6
CONTINUOUS
10
99.7858870000000024
20
-92.4619209999999896
11
99.6949999999999932
21
-92.4799999999999898
0
LINE
8
BLACK
6
CONTINUOUS
10
99.6949999999999932
20
-92.4799999999999898
11
99.4050000000000011
21
-92.4799999999999898
0
LINE
8
BLACK
6
CONTINUOUS
10
99.4050000000000011
20
-92.4799999999999898
11
99.4050000000000011
21
-93.0224449999999905
0
LINE
8
BLACK
6
CONTINUOUS
10
99.4050000000000011
20
-93.0224449999999905
11
99.4124029999999976
21
-93.0239179999999948
0
LINE
8
BLACK
6
CONTINUOUS
10
99.4124029999999976
20
-93.0239179999999948
11
99.4610660000000024
21
-93.0564339999999959
0
LINE
8
BLACK
6
CONTINUOUS
10
99.4610660000000024
20
-93.0564339999999959
11
99.4935819999999893
21
-93.1050970000000007
0
LINE
8
BLACK
6
CONTINUOUS
10
99.4935819999999893
20
-93.1050970000000007
11
99.5049999999999955
21
-93.1624999999999943
0
LINE
8
BLACK
6
CONTINUOUS
10
99.5049999999999955
20
-93.1624999999999943
11
99.5049999999999955
21
-94.1875
0
LINE
8
BLACK
6
CONTINUOUS
10
99.5049999999999955
20
-94.1875
11
99.4935819999999893
21
-94.2449029999999937
0
LINE
8
BLACK
6
CONTINUOUS
10
99.4935819999999893
20
-94.2449029999999937
11
99.4610660000000024
21
-94.2935659999999984
0
LINE
8
BLACK
6
CONTINUOUS
10
99.4610660000000024
20
-94.2935659999999984
11
99.4124029999999976
21
-94.3260819999999995
0
LINE
8
BLACK
6
CONTINUOUS
10
99.4124029999999976
20
-94.3260819999999995
11
99.3549999999999898
21
-94.3374999999999915
0
LINE
8
BLACK
6
CONTINUOUS
10
99.3549999999999898
20
-94.3374999999999915
11
99.0549999999999926
21
-94.3374999999999915
0
LINE
8
BLACK
6
CONTINUOUS
10
99.0549999999999926
20
-94.3374999999999915
11
98.997596999999999
21
-94.3260819999999995
0
LINE
8
BLACK
6
CONTINUOUS
10
98.997596999999999
20
-94.3260819999999995
11
98.9489339999999942
21
-94.2935659999999984
0
LINE
8
BLACK
6
CONTINUOUS
10
98.9489339999999942
20
-94.2935659999999984
11
98.9164179999999931
21
-94.2449029999999937
0
LINE
8
BLACK
6
CONTINUOUS
10
98.9164179999999931
20
-94.2449029999999937
11
98.9050000000000011
21
-94.1875
0
LINE
8
BLACK
6
CONTINUOUS
10
98.9050000000000011
20
-94.1875
11
98.9050000000000011
21
-93.1624999999999943
0
LINE
8
BLACK
6
CONTINUOUS
10
98.9050000000000011
20
-93.1624999999999943
11
98.9164179999999931
21
-93.1050970000000007
0
LINE
8
BLACK
6
CONTINUOUS
10
98.9164179999999931
20
-93.1050970000000007
11
98.9489339999999942
21
-93.0564339999999959
0
LINE
8
BLACK
6
CONTINUOUS
10
98.9489339999999942
20
-93.0564339999999959
11
98.997596999999999
21
-93.0239179999999948
0
LINE
8
BLACK
6
CONTINUOUS
10
98.997596999999999
20
-93.0239179999999948
11
99.0049999999999955
21
-93.0224449999999905
0
LINE
8
BLACK
6
CONTINUOUS
10
99.0049999999999955
20
-93.0224449999999905
11
99.0049999999999955
21
-92.462097
0
LINE
8
BLACK
6
CONTINUOUS
10
99.0049999999999955
20
-92.462097
11
99.0041129999999896
21
-92.4619209999999896
0
LINE
8
BLACK
6
CONTINUOUS
10
99.0041129999999896
20
-92.4619209999999896
11
98.9270619999999923
21
-92.4104379999999992
0
LINE
8
BLACK
6
CONTINUOUS
10
98.9270619999999923
20
-92.4104379999999992
11
98.8755790000000019
21
-92.3333870000000019
0
LINE
8
BLACK
6
CONTINUOUS
10
98.8755790000000019
20
-92.3333870000000019
11
98.8575000000000017
21
-92.2424999999999926
0
LINE
8
BLACK
6
CONTINUOUS
10
98.8575000000000017
20
-92.2424999999999926
11
98.8575000000000017
21
-91.7674999999999983
0
LINE
8
BLACK
6
CONTINUOUS
10
98.8575000000000017
20
-91.7674999999999983
11
98.8755790000000019
21
-91.676612999999989
0
LINE
8
BLACK
6
CONTINUOUS
10
98.8755790000000019
20
-91.676612999999989
11
98.9270619999999923
21
-91.5995619999999917
0
LINE
8
BLACK
6
CONTINUOUS
10
98.9270619999999923
20
-91.5995619999999917
11
99.0041129999999896
21
-91.5480790000000013
0
LINE
8
BLACK
6
CONTINUOUS
10
99.0041129999999896
20
-91.5480790000000013
11
99.0949999999999989
21
-91.5300000000000011
0
LINE
8
BLACK
6
CONTINUOUS
10
99.0949999999999989
20
-91.5300000000000011
11
99.5871580000000023
21
-91.5300000000000011
0
LINE
8
BLACK
6
CONTINUOUS
10
99.5871580000000023
20
-91.5300000000000011
11
100.128579000000002
21
-90.9885790000000014
0
LINE
8
BLACK
6
CONTINUOUS
10
100.128579000000002
20
-90.9885790000000014
11
100.1588859999999954
21
-90.9637060000000019
0
LINE
8
BLACK
6
CONTINUOUS
10
100.1588859999999954
20
-90.9637060000000019
11
100.2309819999999974
21
-90.933842999999996
0
LINE
8
BLACK
6
CONTINUOUS
10
100.2309819999999974
20
-90.933842999999996
11
100.269999999999996
21
-90.9299999999999926
0
LINE
8
BLACK
6
CONTINUOUS
10
100.269999999999996
20
-90.9299999999999926
11
105.2599999999999909
21
-90.9299999999999926
0
LINE
8
BLACK
6
CONTINUOUS
10
105.2599999999999909
20
-90.9299999999999926
11
105.2990179999999896
21
-90.933842999999996
0
LINE
8
BLACK
6
CONTINUOUS
10
124.2106709999999907
20
-91.3690299999999951
11
124.2917769999999962
21
-91.423222999999993
0
LINE
8
BLACK
6
CONTINUOUS
10
124.2917769999999962
20
-91.423222999999993
11
124.3459699999999941
21
-91.5043289999999985
0
LINE
8
BLACK
6
CONTINUOUS
10
124.3459699999999941
20
-91.5043289999999985
11
124.3649999999999949
21
-91.5999999999999943
0
LINE
8
BLACK
6
CONTINUOUS
10
124.3649999999999949
20
-91.5999999999999943
11
124.3649999999999949
21
-93.
0
LINE
8
BLACK
6
CONTINUOUS
10
124.3649999999999949
20
-93.
11
124.3459699999999941
21
-93.0956709999999958
0
LINE
8
BLACK
6
CONTINUOUS
10
124.3459699999999941
20
-93.0956709999999958
11
124.2917769999999962
21
-93.1767770000000013
0
LINE
8
BLACK
6
CONTINUOUS
10
124.2917769999999962
20
-93.1767770000000013
11
124.2106709999999907
21
-93.2309699999999992
0
LINE
8
BLACK
6
CONTINUOUS
10
124.2106709999999907
20
-93.2309699999999992
11
124.1149999999999949
21
-93.25
0
LINE
8
BLACK
6
CONTINUOUS
10
124.1149999999999949
20
-93.25
11
123.9899999999999949
21
-93.25
0
LINE
8
BLACK
6
CONTINUOUS
10
123.9899999999999949
20
-93.25
11
123.9899999999999949
21
-93.7599999999999909
0
LINE
8
BLACK
6
CONTINUOUS
10
123.9899999999999949
20
-93.7599999999999909
11
124.0474999999999994
21
-93.7599999999999909
0
LINE
8
BLACK
6
CONTINUOUS
10
124.0474999999999994
20
-93.7599999999999909
11
124.1383869999999945
21
-93.7780789999999911
0
LINE
8
BLACK
6
CONTINUOUS
10
124.1383869999999945
20
-93.7780789999999911
11
124.2154379999999918
21
-93.8295619999999957
0
LINE
8
BLACK
6
CONTINUOUS
10
124.2154379999999918
20
-93.8295619999999957
11
124.2669209999999964
21
-93.906612999999993
0
LINE
8
BLACK
6
CONTINUOUS
10
124.2669209999999964
20
-93.906612999999993
11
124.2849999999999966
21
-93.9975000000000023
0
LINE
8
BLACK
6
CONTINUOUS
10
124.2849999999999966
20
-93.9975000000000023
11
124.2849999999999966
21
-94.5974999999999966
0
LINE
8
BLACK
6
CONTINUOUS
10
124.2849999999999966
20
-94.5974999999999966
11
124.2669209999999964
21
-94.6883869999999916
0
LINE
8
BLACK
6
CONTINUOUS
10
124.2669209999999964
20
-94.6883869999999916
11
124.2154379999999918
21
-94.765437999999989
0
LINE
8
BLACK
6
CONTINUOUS
10
124.2154379999999918
20
-94.765437999999989
11
124.1383869999999945
21
-94.8169209999999936
0
LINE
8
BLACK
6
CONTINUOUS
10
124.1383869999999945
20
-94.8169209999999936
11
124.0474999999999994
21
-94.8349999999999937
0
LINE
8
BLACK
6
CONTINUOUS
10
124.0474999999999994
20
-94.8349999999999937
11
123.7754249999999985
21
-94.8349999999999937
0
LINE
8
BLACK
6
CONTINUOUS
10
123.7754249999999985
20
-94.8349999999999937
11
123.7739389999999986
21
-94.8358580000000018
0
LINE
8
BLACK
6
CONTINUOUS
10
123.7739389999999986
20
-94.8358580000000018
11
123.6856839999999949
21
-94.8595059999999961
0
LINE
8
BLACK
6
CONTINUOUS
10
123.6856839999999949
20
-94.8595059999999961
11
123.6400000000000006
21
-94.8624999999999972
0
LINE
8
BLACK
6
CONTINUOUS
10
123.6400000000000006
20
-94.8624999999999972
11
122.7668829999999929
21
-94.8624999999999972
0
LINE
8
BLACK
6
CONTINUOUS
10
122.7668829999999929
20
-94.8624999999999972
11
122.7440989999999914
21
-94.8965989999999948
0
LINE
8
BLACK
6
CONTINUOUS
10
122.7440989999999914
20
-94.8965989999999948
11
122.6711039999999997
21
-94.9453729999999894
0
LINE
8
BLACK
6
CONTINUOUS
10
122.6711039999999997
20
-94.9453729999999894
11
122.5849999999999937
21
-94.9624999999999915
0
LINE
8
BLACK
6
CONTINUOUS
10
122.5849999999999937
20
-94.9624999999999915
11
121.7349999999999994
21
-94.9624999999999915
0
LINE
8
BLACK
6
CONTINUOUS
10
121.7349999999999994
20
-94.9624999999999915
11
121.6488959999999935
21
-94.9453729999999894
0
LINE
8
BLACK
6
CONTINUOUS
10
121.6488959999999935
20
-94.9453729999999894
11
121.5759009999999876
21
-94.8965989999999948
0
LINE
8
BLACK
6
CONTINUOUS
10
121.5759009999999876
20
-94.8965989999999948
11
121.527126999999993
21
-94.8236039999999889
0
LINE
8
BLACK
6
CONTINUOUS
10
121.527126999999993
20
-94.8236039999999889
11
121.5099999999999909
21
-94.7374999999999972
0
LINE
8
BLACK
6
CONTINUOUS
10
121.5099999999999909
20
-94.7374999999999972
11
121.5099999999999909
21
-94.2874999999999943
0
LINE
8
BLACK
6
CONTINUOUS
10
121.5099999999999909
20
-94.2874999999999943
11
121.527126999999993
21
-94.2013960000000026
0
LINE
8
BLACK
6
CONTINUOUS
10
121.527126999999993
20
-94.2013960000000026
11
121.5759009999999876
21
-94.1284009999999967
0
LINE
8
BLACK
6
CONTINUOUS
10
121.5759009999999876
20
-94.1284009999999967
11
121.6488959999999935
21
-94.0796270000000021
0
LINE
8
BLACK
6
CONTINUOUS
10
121.6488959999999935
20
-94.0796270000000021
11
121.7349999999999994
21
-94.0625
0
LINE
8
BLACK
6
CONTINUOUS
10
121.7349999999999994
20
-94.0625
11
122.5849999999999937
21
-94.0625
0
LINE
8
BLACK
6
CONTINUOUS
10
122.5849999999999937
20
-94.0625
11
122.6711039999999997
21
-94.0796270000000021
0
LINE
8
BLACK
6
CONTINUOUS
10
122.6711039999999997
20
-94.0796270000000021
11
122.7440989999999914
21
-94.1284009999999967
0
LINE
8
BLACK
6
CONTINUOUS
10
122.7440989999999914
20
-94.1284009999999967
11
122.7668829999999929
21
-94.1624999999999943
0
LINE
8
BLACK
6
CONTINUOUS
10
122.7668829999999929
20
-94.1624999999999943
11
123.289999999999992
21
-94.1624999999999943
0
LINE
8
BLACK
6
CONTINUOUS
10
123.289999999999992
20
-94.1624999999999943
11
123.289999999999992
21
-93.25
0
LINE
8
BLACK
6
CONTINUOUS
10
123.289999999999992
20
-93.25
11
123.164999999999992
21
-93.25
0
LINE
8
BLACK
6
CONTINUOUS
10
123.164999999999992
20
-93.25
11
123.0693289999999962
21
-93.2309699999999992
0
LINE
8
BLACK
6
CONTINUOUS
10
123.0693289999999962
20
-93.2309699999999992
11
122.9882229999999907
21
-93.1767770000000013
0
LINE
8
BLACK
6
CONTINUOUS
10
122.9882229999999907
20
-93.1767770000000013
11
122.9340299999999928
21
-93.0956709999999958
0
LINE
8
BLACK
6
CONTINUOUS
10
122.9340299999999928
20
-93.0956709999999958
11
122.914999999999992
21
-93.
0
LINE
8
BLACK
6
CONTINUOUS
10
122.914999999999992
20
-93.
11
122.914999999999992
21
-91.5999999999999943
0
LINE
8
BLACK
6
CONTINUOUS
10
122.914999999999992
20
-91.5999999999999943
11
122.9340299999999928
21
-91.5043289999999985
0
LINE
8
BLACK
6
CONTINUOUS
10
122.9340299999999928
20
-91.5043289999999985
11
122.9882229999999907
21
-91.423222999999993
0
LINE
8
BLACK
6
CONTINUOUS
10
122.9882229999999907
20
-91.423222999999993
11
123.0693289999999962
21
-91.3690299999999951
0
LINE
8
BLACK
6
CONTINUOUS
10
123.0693289999999962
20
-91.3690299999999951
11
123.164999999999992
21
-91.3499999999999943
0
LINE
8
BLACK
6
CONTINUOUS
10
123.164999999999992
20
-91.3499999999999943
11
124.1149999999999949
21
-91.3499999999999943
0
LINE
8
BLACK
6
CONTINUOUS
10
124.1149999999999949
20
-91.3499999999999943
11
124.2106709999999907
21
-91.3690299999999951
0
LINE
8
BLACK
6
CONTINUOUS
10
101.3124029999999891
20
-93.0239179999999948
11
101.3610659999999939
21
-93.0564339999999959
0
LINE
8
BLACK
6
CONTINUOUS
10
101.3610659999999939
20
-93.0564339999999959
11
101.393581999999995
21
-93.1050970000000007
0
LINE
8
BLACK
6
CONTINUOUS
10
101.393581999999995
20
-93.1050970000000007
11
101.4050000000000011
21
-93.1624999999999943
0
LINE
8
BLACK
6
CONTINUOUS
10
101.4050000000000011
20
-93.1624999999999943
11
101.4050000000000011
21
-93.4749999999999943
0
LINE
8
BLACK
6
CONTINUOUS
10
101.4050000000000011
20
-93.4749999999999943
11
102.0999999999999943
21
-93.4749999999999943
0
LINE
8
BLACK
6
CONTINUOUS
10
102.0999999999999943
20
-93.4749999999999943
11
102.0999999999999943
21
-93.2674999999999983
0
LINE
8
BLACK
6
CONTINUOUS
10
102.0999999999999943
20
-93.2674999999999983
11
102.1180789999999945
21
-93.176612999999989
0
LINE
8
BLACK
6
CONTINUOUS
10
102.1180789999999945
20
-93.176612999999989
11
102.1695619999999991
21
-93.0995619999999917
0
LINE
8
BLACK
6
CONTINUOUS
10
102.1695619999999991
20
-93.0995619999999917
11
102.2466129999999964
21
-93.0480790000000013
0
LINE
8
BLACK
6
CONTINUOUS
10
102.2466129999999964
20
-93.0480790000000013
11
102.3374999999999915
21
-93.0300000000000011
0
LINE
8
BLACK
6
CONTINUOUS
10
102.3374999999999915
20
-93.0300000000000011
11
102.8125
21
-93.0300000000000011
0
LINE
8
BLACK
6
CONTINUOUS
10
102.8125
20
-93.0300000000000011
11
102.9033869999999951
21
-93.0480790000000013
0
LINE
8
BLACK
6
CONTINUOUS
10
102.9033869999999951
20
-93.0480790000000013
11
102.9804379999999924
21
-93.0995619999999917
0
LINE
8
BLACK
6
CONTINUOUS
10
102.9804379999999924
20
-93.0995619999999917
11
103.031920999999997
21
-93.176612999999989
0
LINE
8
BLACK
6
CONTINUOUS
10
103.031920999999997
20
-93.176612999999989
11
103.0499999999999972
21
-93.2674999999999983
0
LINE
8
BLACK
6
CONTINUOUS
10
103.0499999999999972
20
-93.2674999999999983
11
103.0499999999999972
21
-93.4749999999999943
0
LINE
8
BLACK
6
CONTINUOUS
10
103.0499999999999972
20
-93.4749999999999943
11
103.5600000000000023
21
-93.4749999999999943
0
LINE
8
BLACK
6
CONTINUOUS
10
103.5600000000000023
20
-93.4749999999999943
11
103.5600000000000023
21
-93.2974999999999994
0
LINE
8
BLACK
6
CONTINUOUS
10
103.5600000000000023
20
-93.2974999999999994
11
103.5780789999999882
21
-93.2066129999999902
0
LINE
8
BLACK
6
CONTINUOUS
10
103.5780789999999882
20
-93.2066129999999902
11
103.6295619999999928
21
-93.1295619999999928
0
LINE
8
BLACK
6
CONTINUOUS
10
103.6295619999999928
20
-93.1295619999999928
11
103.7066129999999902
21
-93.0780790000000025
0
LINE
8
BLACK
6
CONTINUOUS
10
103.7066129999999902
20
-93.0780790000000025
11
103.7974999999999994
21
-93.0600000000000023
0
LINE
8
BLACK
6
CONTINUOUS
10
103.7974999999999994
20
-93.0600000000000023
11
104.2724999999999937
21
-93.0600000000000023
0
LINE
8
BLACK
6
CONTINUOUS
10
104.2724999999999937
20
-93.0600000000000023
11
104.3633869999999888
21
-93.0780790000000025
0
LINE
8
BLACK
6
CONTINUOUS
10
104.3633869999999888
20
-93.0780790000000025
11
104.4404380000000003
21
-93.1295619999999928
0
LINE
8
BLACK
6
CONTINUOUS
10
104.4404380000000003
20
-93.1295619999999928
11
104.4919209999999907
21
-93.2066129999999902
0
LINE
8
BLACK
6
CONTINUOUS
10
104.4919209999999907
20
-93.2066129999999902
11
104.5099999999999909
21
-93.2974999999999994
0
LINE
8
BLACK
6
CONTINUOUS
10
104.5099999999999909
20
-93.2974999999999994
11
104.5099999999999909
21
-93.8725000000000023
0
LINE
8
BLACK
6
CONTINUOUS
10
104.5099999999999909
20
-93.8725000000000023
11
104.4919209999999907
21
-93.9633869999999973
0
LINE
8
BLACK
6
CONTINUOUS
10
104.4919209999999907
20
-93.9633869999999973
11
104.4404380000000003
21
-94.0404379999999946
0
LINE
8
BLACK
6
CONTINUOUS
10
104.4404380000000003
20
-94.0404379999999946
11
104.3633869999999888
21
-94.0919209999999993
0
LINE
8
BLACK
6
CONTINUOUS
10
104.3633869999999888
20
-94.0919209999999993
11
104.2724999999999937
21
-94.1099999999999994
0
LINE
8
BLACK
6
CONTINUOUS
10
104.2724999999999937
20
-94.1099999999999994
11
103.7974999999999994
21
-94.1099999999999994
0
LINE
8
BLACK
6
CONTINUOUS
10
103.7974999999999994
20
-94.1099999999999994
11
103.7066129999999902
21
-94.0919209999999993
0
LINE
8
BLACK
6
CONTINUOUS
10
103.7066129999999902
20
-94.0919209999999993
11
103.6295619999999928
21
-94.0404379999999946
0
LINE
8
BLACK
6
CONTINUOUS
10
103.6295619999999928
20
-94.0404379999999946
11
103.5780789999999882
21
-93.9633869999999973
0
LINE
8
BLACK
6
CONTINUOUS
10
103.5780789999999882
20
-93.9633869999999973
11
103.560496999999998
21
-93.875
0
LINE
8
BLACK
6
CONTINUOUS
10
103.560496999999998
20
-93.875
11
103.0435349999999914
21
-93.875
0
LINE
8
BLACK
6
CONTINUOUS
10
103.0435349999999914
20
-93.875
11
103.031920999999997
21
-93.9333869999999962
0
LINE
8
BLACK
6
CONTINUOUS
10
103.031920999999997
20
-93.9333869999999962
11
102.9804379999999924
21
-94.0104379999999935
0
LINE
8
BLACK
6
CONTINUOUS
10
102.9804379999999924
20
-94.0104379999999935
11
102.9033869999999951
21
-94.0619209999999981
0
LINE
8
BLACK
6
CONTINUOUS
10
102.9033869999999951
20
-94.0619209999999981
11
102.8125
21
-94.0799999999999983
0
LINE
8
BLACK
6
CONTINUOUS
10
102.8125
20
-94.0799999999999983
11
102.3374999999999915
21
-94.0799999999999983
0
LINE
8
BLACK
6
CONTINUOUS
10
102.3374999999999915
20
-94.0799999999999983
11
102.2466129999999964
21
-94.0619209999999981
0
LINE
8
BLACK
6
CONTINUOUS
10
102.2466129999999964
20
-94.0619209999999981
11
102.1695619999999991
21
-94.0104379999999935
0
LINE
8
BLACK
6
CONTINUOUS
10
102.1695619999999991
20
-94.0104379999999935
11
102.1180789999999945
21
-93.9333869999999962
0
LINE
8
BLACK
6
CONTINUOUS
10
102.1180789999999945
20
-93.9333869999999962
11
102.106465
21
-93.875
0
LINE
8
BLACK
6
CONTINUOUS
10
102.106465
20
-93.875
11
101.4050000000000011
21
-93.875
0
LINE
8
BLACK
6
CONTINUOUS
10
101.4050000000000011
20
-93.875
11
101.4050000000000011
21
-94.1875
0
LINE
8
BLACK
6
CONTINUOUS
10
101.4050000000000011
20
-94.1875
11
101.393581999999995
21
-94.2449029999999937
0
LINE
8
BLACK
6
CONTINUOUS
10
101.393581999999995
20
-94.2449029999999937
11
101.3610659999999939
21
-94.2935659999999984
0
LINE
8
BLACK
6
CONTINUOUS
10
101.3610659999999939
20
-94.2935659999999984
11
101.3124029999999891
21
-94.3260819999999995
0
LINE
8
BLACK
6
CONTINUOUS
10
101.3124029999999891
20
-94.3260819999999995
11
101.2549999999999955
21
-94.3374999999999915
0
LINE
8
BLACK
6
CONTINUOUS
10
101.2549999999999955
20
-94.3374999999999915
11
100.9549999999999983
21
-94.3374999999999915
0
LINE
8
BLACK
6
CONTINUOUS
10
100.9549999999999983
20
-94.3374999999999915
11
100.8975969999999904
21
-94.3260819999999995
0
LINE
8
BLACK
6
CONTINUOUS
10
100.8975969999999904
20
-94.3260819999999995
11
100.8489339999999999
21
-94.2935659999999984
0
LINE
8
BLACK
6
CONTINUOUS
10
100.8489339999999999
20
-94.2935659999999984
11
100.8164179999999988
21
-94.2449029999999937
0
LINE
8
BLACK
6
CONTINUOUS
10
100.8164179999999988
20
-94.2449029999999937
11
100.8049999999999926
21
-94.1875
0
LINE
8
BLACK
6
CONTINUOUS
10
100.8049999999999926
20
-94.1875
11
100.8049999999999926
21
-93.1624999999999943
0
LINE
8
BLACK
6
CONTINUOUS
10
100.8049999999999926
20
-93.1624999999999943
11
100.8164179999999988
21
-93.1050970000000007
0
LINE
8
BLACK
6
CONTINUOUS
10
100.8164179999999988
20
-93.1050970000000007
11
100.8489339999999999
21
-93.0564339999999959
0
LINE
8
BLACK
6
CONTINUOUS
10
100.8489339999999999
20
-93.0564339999999959
11
100.8975969999999904
21
-93.0239179999999948
0
LINE
8
BLACK
6
CONTINUOUS
10
100.8975969999999904
20
-93.0239179999999948
11
100.9549999999999983
21
-93.0125000000000028
0
LINE
8
BLACK
6
CONTINUOUS
10
100.9549999999999983
20
-93.0125000000000028
11
101.2549999999999955
21
-93.0125000000000028
0
LINE
8
BLACK
6
CONTINUOUS
10
101.2549999999999955
20
-93.0125000000000028
11
101.3124029999999891
21
-93.0239179999999948
0
LINE
8
BLACK
6
CONTINUOUS
10
109.8999999999999915
20
-90.0600000000000023
11
110.4200000000000017
21
-90.0600000000000023
0
LINE
8
BLACK
6
CONTINUOUS
10
110.4200000000000017
20
-90.0600000000000023
11
110.4590180000000004
21
-90.0638429999999914
0
LINE
8
BLACK
6
CONTINUOUS
10
110.4590180000000004
20
-90.0638429999999914
11
110.5311139999999881
21
-90.0937059999999974
0
LINE
8
BLACK
6
CONTINUOUS
10
110.5311139999999881
20
-90.0937059999999974
11
110.5614209999999957
21
-90.1185789999999969
0
LINE
8
BLACK
6
CONTINUOUS
10
110.5614209999999957
20
-90.1185789999999969
11
111.2728419999999971
21
-90.8299999999999983
0
LINE
8
BLACK
6
CONTINUOUS
10
111.2728419999999971
20
-90.8299999999999983
11
111.7149999999999892
21
-90.8299999999999983
0
LINE
8
BLACK
6
CONTINUOUS
10
111.7149999999999892
20
-90.8299999999999983
11
111.8058869999999985
21
-90.8480789999999985
0
LINE
8
BLACK
6
CONTINUOUS
10
111.8058869999999985
20
-90.8480789999999985
11
111.8829379999999958
21
-90.8995619999999889
0
LINE
8
BLACK
6
CONTINUOUS
10
111.8829379999999958
20
-90.8995619999999889
11
111.9344210000000004
21
-90.9766130000000004
0
LINE
8
BLACK
6
CONTINUOUS
10
111.9344210000000004
20
-90.9766130000000004
11
111.9525000000000006
21
-91.0674999999999955
0
LINE
8
BLACK
6
CONTINUOUS
10
111.9525000000000006
20
-91.0674999999999955
11
111.9525000000000006
21
-91.1174999999999926
0
LINE
8
BLACK
6
CONTINUOUS
10
111.9525000000000006
20
-91.1174999999999926
11
112.0909539999999964
21
-91.1174999999999926
0
LINE
8
BLACK
6
CONTINUOUS
10
112.0909539999999964
20
-91.1174999999999926
11
112.093917999999988
21
-91.1025970000000029
0
LINE
8
BLACK
6
CONTINUOUS
10
112.093917999999988
20
-91.1025970000000029
11
112.1264339999999891
21
-91.0539339999999982
0
LINE
8
BLACK
6
CONTINUOUS
10
112.1264339999999891
20
-91.0539339999999982
11
112.1750969999999938
21
-91.0214179999999971
0
LINE
8
BLACK
6
CONTINUOUS
10
112.1750969999999938
20
-91.0214179999999971
11
112.2325000000000017
21
-91.0099999999999909
0
LINE
8
BLACK
6
CONTINUOUS
10
112.2325000000000017
20
-91.0099999999999909
11
113.4074999999999989
21
-91.0099999999999909
0
LINE
8
BLACK
6
CONTINUOUS
10
113.4074999999999989
20
-91.0099999999999909
11
113.4649029999999925
21
-91.0214179999999971
0
LINE
8
BLACK
6
CONTINUOUS
10
113.4649029999999925
20
-91.0214179999999971
11
113.5135659999999973
21
-91.0539339999999982
0
LINE
8
BLACK
6
CONTINUOUS
10
113.5135659999999973
20
-91.0539339999999982
11
113.5460819999999984
21
-91.1025970000000029
0
LINE
8
BLACK
6
CONTINUOUS
10
113.5460819999999984
20
-91.1025970000000029
11
113.5574999999999903
21
-91.1599999999999966
0
LINE
8
BLACK
6
CONTINUOUS
10
113.5574999999999903
20
-91.1599999999999966
11
113.5574999999999903
21
-91.4599999999999937
0
LINE
8
BLACK
6
CONTINUOUS
10
113.5574999999999903
20
-91.4599999999999937
11
113.5460819999999984
21
-91.5174030000000016
0
LINE
8
BLACK
6
CONTINUOUS
10
113.5460819999999984
20
-91.5174030000000016
11
113.5135659999999973
21
-91.5660659999999922
0
LINE
8
BLACK
6
CONTINUOUS
10
113.5135659999999973
20
-91.5660659999999922
11
113.4649029999999925
21
-91.5985819999999933
0
LINE
8
BLACK
6
CONTINUOUS
10
113.4649029999999925
20
-91.5985819999999933
11
113.4074999999999989
21
-91.6099999999999994
0
LINE
8
BLACK
6
CONTINUOUS
10
113.4074999999999989
20
-91.6099999999999994
11
112.2325000000000017
21
-91.6099999999999994
0
LINE
8
BLACK
6
CONTINUOUS
10
112.2325000000000017
20
-91.6099999999999994
11
112.1750969999999938
21
-91.5985819999999933
0
LINE
8
BLACK
6
CONTINUOUS
10
112.1750969999999938
20
-91.5985819999999933
11
112.1264339999999891
21
-91.5660659999999922
0
LINE
8
BLACK
6
CONTINUOUS
10
112.1264339999999891
20
-91.5660659999999922
11
112.0939829999999944
21
-91.5174999999999983
0
LINE
8
BLACK
6
CONTINUOUS
10
112.0939829999999944
20
-91.5174999999999983
11
111.9525000000000006
21
-91.5174999999999983
0
LINE
8
BLACK
6
CONTINUOUS
10
111.9525000000000006
20
-91.5174999999999983
11
111.9525000000000006
21
-91.5674999999999955
0
LINE
8
BLACK
6
CONTINUOUS
10
111.9525000000000006
20
-91.5674999999999955
11
111.9344210000000004
21
-91.6583869999999905
0
LINE
8
BLACK
6
CONTINUOUS
10
111.9344210000000004
20
-91.6583869999999905
11
111.8829379999999958
21
-91.735438000000002
0
LINE
8
BLACK
6
CONTINUOUS
10
111.8829379999999958
20
-91.735438000000002
11
111.8058869999999985
21
-91.7869209999999924
0
LINE
8
BLACK
6
CONTINUOUS
10
111.8058869999999985
20
-91.7869209999999924
11
111.7149999999999892
21
-91.8049999999999926
0
LINE
8
BLACK
6
CONTINUOUS
10
111.7149999999999892
20
-91.8049999999999926
11
111.2399999999999949
21
-91.8049999999999926
0
LINE
8
BLACK
6
CONTINUOUS
10
111.2399999999999949
20
-91.8049999999999926
11
111.1491129999999998
21
-91.7869209999999924
0
LINE
8
BLACK
6
CONTINUOUS
10
111.1491129999999998
20
-91.7869209999999924
11
111.0720619999999883
21
-91.735438000000002
0
LINE
8
BLACK
6
CONTINUOUS
10
111.0720619999999883
20
-91.735438000000002
11
111.0205789999999979
21
-91.6583869999999905
0
LINE
8
BLACK
6
CONTINUOUS
10
111.0205789999999979
20
-91.6583869999999905
11
111.0024999999999977
21
-91.5674999999999955
0
LINE
8
BLACK
6
CONTINUOUS
10
111.0024999999999977
20
-91.5674999999999955
11
111.0024999999999977
21
-91.1253419999999892
0
LINE
8
BLACK
6
CONTINUOUS
10
111.0024999999999977
20
-91.1253419999999892
11
110.3371579999999881
21
-90.4599999999999937
0
LINE
8
BLACK
6
CONTINUOUS
10
110.3371579999999881
20
-90.4599999999999937
11
109.8999999999999915
21
-90.4599999999999937
0
LINE
8
BLACK
6
CONTINUOUS
10
109.8999999999999915
20
-90.4599999999999937
11
109.8999999999999915
21
-90.7099999999999937
0
LINE
8
BLACK
6
CONTINUOUS
10
109.8999999999999915
20
-90.7099999999999937
11
108.1999999999999886
21
-90.7099999999999937
0
LINE
8
BLACK
6
CONTINUOUS
10
108.1999999999999886
20
-90.7099999999999937
11
108.1999999999999886
21
-90.4599999999999937
0
LINE
8
BLACK
6
CONTINUOUS
10
108.1999999999999886
20
-90.4599999999999937
11
107.217843000000002
21
-90.4599999999999937
0
LINE
8
BLACK
6
CONTINUOUS
10
107.217843000000002
20
-90.4599999999999937
11
107.0749999999999886
21
-90.6028419999999954
0
LINE
8
BLACK
6
CONTINUOUS
10
107.0749999999999886
20
-90.6028419999999954
11
107.0749999999999886
21
-91.0450000000000017
0
LINE
8
BLACK
6
CONTINUOUS
10
107.0749999999999886
20
-91.0450000000000017
11
107.0569209999999885
21
-91.1358869999999968
0
LINE
8
BLACK
6
CONTINUOUS
10
107.0569209999999885
20
-91.1358869999999968
11
107.0054379999999981
21
-91.2129379999999941
0
LINE
8
BLACK
6
CONTINUOUS
10
107.0054379999999981
20
-91.2129379999999941
11
106.9283870000000007
21
-91.2644209999999987
0
LINE
8
BLACK
6
CONTINUOUS
10
106.9283870000000007
20
-91.2644209999999987
11
106.8374999999999915
21
-91.2824999999999989
0
LINE
8
BLACK
6
CONTINUOUS
10
106.8374999999999915
20
-91.2824999999999989
11
106.3624999999999972
21
-91.2824999999999989
0
LINE
8
BLACK
6
CONTINUOUS
10
106.3624999999999972
20
-91.2824999999999989
11
106.2716130000000021
21
-91.2644209999999987
0
LINE
8
BLACK
6
CONTINUOUS
10
106.2716130000000021
20
-91.2644209999999987
11
106.1945619999999906
21
-91.2129379999999941
0
LINE
8
BLACK
6
CONTINUOUS
10
106.1945619999999906
20
-91.2129379999999941
11
106.1430790000000002
21
-91.1358869999999968
0
LINE
8
BLACK
6
CONTINUOUS
10
106.1430790000000002
20
-91.1358869999999968
11
106.125
21
-91.0450000000000017
0
LINE
8
BLACK
6
CONTINUOUS
10
106.125
20
-91.0450000000000017
11
106.125
21
-90.5450000000000017
0
LINE
8
BLACK
6
CONTINUOUS
10
106.125
20
-90.5450000000000017
11
106.1430790000000002
21
-90.4541129999999924
0
LINE
8
BLACK
6
CONTINUOUS
10
106.1430790000000002
20
-90.4541129999999924
11
106.1945619999999906
21
-90.3770619999999951
0
LINE
8
BLACK
6
CONTINUOUS
10
106.1945619999999906
20
-90.3770619999999951
11
106.2716130000000021
21
-90.3255789999999905
0
LINE
8
BLACK
6
CONTINUOUS
10
106.2716130000000021
20
-90.3255789999999905
11
106.3624999999999972
21
-90.3074999999999903
0
LINE
8
BLACK
6
CONTINUOUS
10
106.3624999999999972
20
-90.3074999999999903
11
106.8046569999999917
21
-90.3074999999999903
0
LINE
8
BLACK
6
CONTINUOUS
10
106.8046569999999917
20
-90.3074999999999903
11
106.9935779999999994
21
-90.1185789999999969
0
LINE
8
BLACK
6
CONTINUOUS
10
106.9935779999999994
20
-90.1185789999999969
11
107.0238859999999903
21
-90.0937059999999974
0
LINE
8
BLACK
6
CONTINUOUS
10
107.0238859999999903
20
-90.0937059999999974
11
107.0959819999999922
21
-90.0638429999999914
0
LINE
8
BLACK
6
CONTINUOUS
10
107.0959819999999922
20
-90.0638429999999914
11
107.1349999999999909
21
-90.0600000000000023
0
LINE
8
BLACK
6
CONTINUOUS
10
107.1349999999999909
20
-90.0600000000000023
11
108.1999999999999886
21
-90.0600000000000023
0
LINE
8
BLACK
6
CONTINUOUS
10
108.1999999999999886
20
-90.0600000000000023
11
108.1999999999999886
21
-89.8100000000000023
0
LINE
8
BLACK
6
CONTINUOUS
10
108.1999999999999886
20
-89.8100000000000023
11
109.8999999999999915
21
-89.8100000000000023
0
LINE
8
BLACK
6
CONTINUOUS
10
109.8999999999999915
20
-89.8100000000000023
11
109.8999999999999915
21
-90.0600000000000023
  0
ENDSEC
  0
EOF
