  0
SECTION
  2
HEADER
  9
$ANGBASE
  50
0.0
  9
$ANGDIR
  70
1
  9
$MEASUREMENT
  70
1
  0
ENDSEC
  0
SECTION
  2
TABLES
  0
TABLE
  2
LTYPE
  70
4
  0
LTYPE
  5
40F
  2
CONTINUOUS
  70
0
  3
Solid line
  72
65
  73
0
  40
0.0
  0
LTYPE
  5
410
  2
DASHDOT
 70
0
  3
Dash Dot ____ _ ____ _
 72
65
 73
4
 40
2.0
 49
1.25
 49
-0.25
 49
0.25
 49
-0.25
  0
LTYPE
  5
411
  2
DASHED
 70
0
  3
Dashed __ __ __ __ __
 72
65
 73
2
 40
0.75
 49
0.5
 49
-0.25
  0
LTYPE
  5
43B
  2
DOTTED
 70
0
  3
Dotted .  .  .  .
 72
65
 73
2
 40
0.2
 49
0.0
 49
-0.2
  0
ENDTAB
  0
TABLE
  2
STYLE
  70
4
  0
STYLE
  2
KICAD
  70
0
  40
0
  41
1
  42
1
  50
0
  71
0
  3
isocp.shx
  0
STYLE
  2
KICADB
  70
0
  40
0
  41
1
  42
1
  50
0
  71
0
  3
isocp.shx
  0
STYLE
  2
KICADI
  70
0
  40
0
  41
1
  42
1
  50
15
  71
0
  3
isocp.shx
  0
STYLE
  2
KICADBI
  70
0
  40
0
  41
1
  42
1
  50
15
  71
0
  3
isocp.shx
  0
ENDTAB
  0
TABLE
  2
LAYER
  70
1
  0
LAYER
  2
BLACK
  70
0
  62
7
  6
CONTINUOUS
  0
ENDTAB
  0
ENDSEC
  0
SECTION
  2
ENTITIES
0
LINE
8
BLACK
6
CONTINUOUS
10
172.3317079999999919
20
-96.6051839999999942
11
172.4514299999999878
21
-96.6821249999999992
0
LINE
8
BLACK
6
CONTINUOUS
10
172.4514299999999878
20
-96.6821249999999992
11
172.5446269999999913
21
-96.7896799999999899
0
LINE
8
BLACK
6
CONTINUOUS
10
172.5446269999999913
20
-96.7896799999999899
11
172.603746000000001
21
-96.9191339999999997
0
LINE
8
BLACK
6
CONTINUOUS
10
172.603746000000001
20
-96.9191339999999997
11
172.6239999999999952
21
-97.0600000000000023
0
LINE
8
BLACK
6
CONTINUOUS
10
172.6239999999999952
20
-97.0600000000000023
11
172.603746000000001
21
-97.2008659999999907
0
LINE
8
BLACK
6
CONTINUOUS
10
172.603746000000001
20
-97.2008659999999907
11
172.5446269999999913
21
-97.3303200000000004
0
LINE
8
BLACK
6
CONTINUOUS
10
172.5446269999999913
20
-97.3303200000000004
11
172.4514299999999878
21
-97.4378749999999911
0
LINE
8
BLACK
6
CONTINUOUS
10
172.4514299999999878
20
-97.4378749999999911
11
172.3317079999999919
21
-97.5148159999999962
0
LINE
8
BLACK
6
CONTINUOUS
10
172.3317079999999919
20
-97.5148159999999962
11
172.1951569999999947
21
-97.5549109999999899
0
LINE
8
BLACK
6
CONTINUOUS
10
172.1951569999999947
20
-97.5549109999999899
11
172.0528429999999958
21
-97.5549109999999899
0
LINE
8
BLACK
6
CONTINUOUS
10
172.0528429999999958
20
-97.5549109999999899
11
171.9162919999999986
21
-97.5148159999999962
0
LINE
8
BLACK
6
CONTINUOUS
10
171.9162919999999986
20
-97.5148159999999962
11
171.7965700000000027
21
-97.4378749999999911
0
LINE
8
BLACK
6
CONTINUOUS
10
171.7965700000000027
20
-97.4378749999999911
11
171.7033729999999991
21
-97.3303200000000004
0
LINE
8
BLACK
6
CONTINUOUS
10
171.7033729999999991
20
-97.3303200000000004
11
171.6442539999999894
21
-97.2008659999999907
0
LINE
8
BLACK
6
CONTINUOUS
10
171.6442539999999894
20
-97.2008659999999907
11
171.6239999999999952
21
-97.0600000000000023
0
LINE
8
BLACK
6
CONTINUOUS
10
171.6239999999999952
20
-97.0600000000000023
11
171.6442539999999894
21
-96.9191339999999997
0
LINE
8
BLACK
6
CONTINUOUS
10
171.6442539999999894
20
-96.9191339999999997
11
171.7033729999999991
21
-96.7896799999999899
0
LINE
8
BLACK
6
CONTINUOUS
10
171.7033729999999991
20
-96.7896799999999899
11
171.7965700000000027
21
-96.6821249999999992
0
LINE
8
BLACK
6
CONTINUOUS
10
171.7965700000000027
20
-96.6821249999999992
11
171.9162919999999986
21
-96.6051839999999942
0
LINE
8
BLACK
6
CONTINUOUS
10
171.9162919999999986
20
-96.6051839999999942
11
172.0528429999999958
21
-96.5650890000000004
0
LINE
8
BLACK
6
CONTINUOUS
10
172.0528429999999958
20
-96.5650890000000004
11
172.1951569999999947
21
-96.5650890000000004
0
LINE
8
BLACK
6
CONTINUOUS
10
172.1951569999999947
20
-96.5650890000000004
11
172.3317079999999919
21
-96.6051839999999942
0
LINE
8
BLACK
6
CONTINUOUS
10
154.4567079999999919
20
-95.8951840000000004
11
154.5764299999999878
21
-95.9721249999999912
0
LINE
8
BLACK
6
CONTINUOUS
10
154.5764299999999878
20
-95.9721249999999912
11
154.6696269999999913
21
-96.0796799999999962
0
LINE
8
BLACK
6
CONTINUOUS
10
154.6696269999999913
20
-96.0796799999999962
11
154.728746000000001
21
-96.2091339999999917
0
LINE
8
BLACK
6
CONTINUOUS
10
154.728746000000001
20
-96.2091339999999917
11
154.7489999999999952
21
-96.3499999999999943
0
LINE
8
BLACK
6
CONTINUOUS
10
154.7489999999999952
20
-96.3499999999999943
11
154.728746000000001
21
-96.4908659999999969
0
LINE
8
BLACK
6
CONTINUOUS
10
154.728746000000001
20
-96.4908659999999969
11
154.6696269999999913
21
-96.6203199999999924
0
LINE
8
BLACK
6
CONTINUOUS
10
154.6696269999999913
20
-96.6203199999999924
11
154.5764299999999878
21
-96.7278749999999974
0
LINE
8
BLACK
6
CONTINUOUS
10
154.5764299999999878
20
-96.7278749999999974
11
154.4567079999999919
21
-96.8048160000000024
0
LINE
8
BLACK
6
CONTINUOUS
10
154.4567079999999919
20
-96.8048160000000024
11
154.3201569999999947
21
-96.8449109999999962
0
LINE
8
BLACK
6
CONTINUOUS
10
154.3201569999999947
20
-96.8449109999999962
11
154.1778429999999958
21
-96.8449109999999962
0
LINE
8
BLACK
6
CONTINUOUS
10
154.1778429999999958
20
-96.8449109999999962
11
154.0412919999999986
21
-96.8048160000000024
0
LINE
8
BLACK
6
CONTINUOUS
10
154.0412919999999986
20
-96.8048160000000024
11
153.9215700000000027
21
-96.7278749999999974
0
LINE
8
BLACK
6
CONTINUOUS
10
153.9215700000000027
20
-96.7278749999999974
11
153.8283729999999991
21
-96.6203199999999924
0
LINE
8
BLACK
6
CONTINUOUS
10
153.8283729999999991
20
-96.6203199999999924
11
153.7692539999999894
21
-96.4908659999999969
0
LINE
8
BLACK
6
CONTINUOUS
10
153.7692539999999894
20
-96.4908659999999969
11
153.7489999999999952
21
-96.3499999999999943
0
LINE
8
BLACK
6
CONTINUOUS
10
153.7489999999999952
20
-96.3499999999999943
11
153.7692539999999894
21
-96.2091339999999917
0
LINE
8
BLACK
6
CONTINUOUS
10
153.7692539999999894
20
-96.2091339999999917
11
153.8283729999999991
21
-96.0796799999999962
0
LINE
8
BLACK
6
CONTINUOUS
10
153.8283729999999991
20
-96.0796799999999962
11
153.9215700000000027
21
-95.9721249999999912
0
LINE
8
BLACK
6
CONTINUOUS
10
153.9215700000000027
20
-95.9721249999999912
11
154.0412919999999986
21
-95.8951840000000004
0
LINE
8
BLACK
6
CONTINUOUS
10
154.0412919999999986
20
-95.8951840000000004
11
154.1778429999999958
21
-95.8550889999999924
0
LINE
8
BLACK
6
CONTINUOUS
10
154.1778429999999958
20
-95.8550889999999924
11
154.3201569999999947
21
-95.8550889999999924
0
LINE
8
BLACK
6
CONTINUOUS
10
154.3201569999999947
20
-95.8550889999999924
11
154.4567079999999919
21
-95.8951840000000004
0
LINE
8
BLACK
6
CONTINUOUS
10
160.2417079999999885
20
-95.8151840000000021
11
160.3614299999999844
21
-95.892124999999993
0
LINE
8
BLACK
6
CONTINUOUS
10
160.3614299999999844
20
-95.892124999999993
11
160.4546269999999879
21
-95.9996799999999979
0
LINE
8
BLACK
6
CONTINUOUS
10
160.4546269999999879
20
-95.9996799999999979
11
160.5137459999999976
21
-96.1291339999999934
0
LINE
8
BLACK
6
CONTINUOUS
10
160.5137459999999976
20
-96.1291339999999934
11
160.5339999999999918
21
-96.269999999999996
0
LINE
8
BLACK
6
CONTINUOUS
10
160.5339999999999918
20
-96.269999999999996
11
160.5137459999999976
21
-96.4108659999999986
0
LINE
8
BLACK
6
CONTINUOUS
10
160.5137459999999976
20
-96.4108659999999986
11
160.4546269999999879
21
-96.5403199999999941
0
LINE
8
BLACK
6
CONTINUOUS
10
160.4546269999999879
20
-96.5403199999999941
11
160.3614299999999844
21
-96.6478749999999991
0
LINE
8
BLACK
6
CONTINUOUS
10
160.3614299999999844
20
-96.6478749999999991
11
160.2417079999999885
21
-96.7248159999999899
0
LINE
8
BLACK
6
CONTINUOUS
10
160.2417079999999885
20
-96.7248159999999899
11
160.1051569999999913
21
-96.7649109999999979
0
LINE
8
BLACK
6
CONTINUOUS
10
160.1051569999999913
20
-96.7649109999999979
11
159.9628429999999923
21
-96.7649109999999979
0
LINE
8
BLACK
6
CONTINUOUS
10
159.9628429999999923
20
-96.7649109999999979
11
159.8262919999999951
21
-96.7248159999999899
0
LINE
8
BLACK
6
CONTINUOUS
10
159.8262919999999951
20
-96.7248159999999899
11
159.7065699999999993
21
-96.6478749999999991
0
LINE
8
BLACK
6
CONTINUOUS
10
159.7065699999999993
20
-96.6478749999999991
11
159.6133729999999957
21
-96.5403199999999941
0
LINE
8
BLACK
6
CONTINUOUS
10
159.6133729999999957
20
-96.5403199999999941
11
159.554253999999986
21
-96.4108659999999986
0
LINE
8
BLACK
6
CONTINUOUS
10
159.554253999999986
20
-96.4108659999999986
11
159.5339999999999918
21
-96.269999999999996
0
LINE
8
BLACK
6
CONTINUOUS
10
159.5339999999999918
20
-96.269999999999996
11
159.554253999999986
21
-96.1291339999999934
0
LINE
8
BLACK
6
CONTINUOUS
10
159.554253999999986
20
-96.1291339999999934
11
159.6133729999999957
21
-95.9996799999999979
0
LINE
8
BLACK
6
CONTINUOUS
10
159.6133729999999957
20
-95.9996799999999979
11
159.7065699999999993
21
-95.892124999999993
0
LINE
8
BLACK
6
CONTINUOUS
10
159.7065699999999993
20
-95.892124999999993
11
159.8262919999999951
21
-95.8151840000000021
0
LINE
8
BLACK
6
CONTINUOUS
10
159.8262919999999951
20
-95.8151840000000021
11
159.9628429999999923
21
-95.7750889999999941
0
LINE
8
BLACK
6
CONTINUOUS
10
159.9628429999999923
20
-95.7750889999999941
11
160.1051569999999913
21
-95.7750889999999941
0
LINE
8
BLACK
6
CONTINUOUS
10
160.1051569999999913
20
-95.7750889999999941
11
160.2417079999999885
21
-95.8151840000000021
0
LINE
8
BLACK
6
CONTINUOUS
10
162.0167079999999942
20
-95.8151840000000021
11
162.1364299999999901
21
-95.892124999999993
0
LINE
8
BLACK
6
CONTINUOUS
10
162.1364299999999901
20
-95.892124999999993
11
162.2296269999999936
21
-95.9996799999999979
0
LINE
8
BLACK
6
CONTINUOUS
10
162.2296269999999936
20
-95.9996799999999979
11
162.2887460000000033
21
-96.1291339999999934
0
LINE
8
BLACK
6
CONTINUOUS
10
162.2887460000000033
20
-96.1291339999999934
11
162.3089999999999975
21
-96.269999999999996
0
LINE
8
BLACK
6
CONTINUOUS
10
162.3089999999999975
20
-96.269999999999996
11
162.2887460000000033
21
-96.4108659999999986
0
LINE
8
BLACK
6
CONTINUOUS
10
162.2887460000000033
20
-96.4108659999999986
11
162.2296269999999936
21
-96.5403199999999941
0
LINE
8
BLACK
6
CONTINUOUS
10
162.2296269999999936
20
-96.5403199999999941
11
162.1364299999999901
21
-96.6478749999999991
0
LINE
8
BLACK
6
CONTINUOUS
10
162.1364299999999901
20
-96.6478749999999991
11
162.0167079999999942
21
-96.7248159999999899
0
LINE
8
BLACK
6
CONTINUOUS
10
162.0167079999999942
20
-96.7248159999999899
11
161.880156999999997
21
-96.7649109999999979
0
LINE
8
BLACK
6
CONTINUOUS
10
161.880156999999997
20
-96.7649109999999979
11
161.737842999999998
21
-96.7649109999999979
0
LINE
8
BLACK
6
CONTINUOUS
10
161.737842999999998
20
-96.7649109999999979
11
161.6012920000000008
21
-96.7248159999999899
0
LINE
8
BLACK
6
CONTINUOUS
10
161.6012920000000008
20
-96.7248159999999899
11
161.4815700000000049
21
-96.6478749999999991
0
LINE
8
BLACK
6
CONTINUOUS
10
161.4815700000000049
20
-96.6478749999999991
11
161.3883730000000014
21
-96.5403199999999941
0
LINE
8
BLACK
6
CONTINUOUS
10
161.3883730000000014
20
-96.5403199999999941
11
161.3292539999999917
21
-96.4108659999999986
0
LINE
8
BLACK
6
CONTINUOUS
10
161.3292539999999917
20
-96.4108659999999986
11
161.3089999999999975
21
-96.269999999999996
0
LINE
8
BLACK
6
CONTINUOUS
10
161.3089999999999975
20
-96.269999999999996
11
161.3292539999999917
21
-96.1291339999999934
0
LINE
8
BLACK
6
CONTINUOUS
10
161.3292539999999917
20
-96.1291339999999934
11
161.3883730000000014
21
-95.9996799999999979
0
LINE
8
BLACK
6
CONTINUOUS
10
161.3883730000000014
20
-95.9996799999999979
11
161.4815700000000049
21
-95.892124999999993
0
LINE
8
BLACK
6
CONTINUOUS
10
161.4815700000000049
20
-95.892124999999993
11
161.6012920000000008
21
-95.8151840000000021
0
LINE
8
BLACK
6
CONTINUOUS
10
161.6012920000000008
20
-95.8151840000000021
11
161.737842999999998
21
-95.7750889999999941
0
LINE
8
BLACK
6
CONTINUOUS
10
161.737842999999998
20
-95.7750889999999941
11
161.880156999999997
21
-95.7750889999999941
0
LINE
8
BLACK
6
CONTINUOUS
10
161.880156999999997
20
-95.7750889999999941
11
162.0167079999999942
21
-95.8151840000000021
0
LINE
8
BLACK
6
CONTINUOUS
10
163.7917079999999999
20
-95.8151840000000021
11
163.9114299999999957
21
-95.892124999999993
0
LINE
8
BLACK
6
CONTINUOUS
10
163.9114299999999957
20
-95.892124999999993
11
164.0046269999999993
21
-95.9996799999999979
0
LINE
8
BLACK
6
CONTINUOUS
10
164.0046269999999993
20
-95.9996799999999979
11
164.0637459999999805
21
-96.1291339999999934
0
LINE
8
BLACK
6
CONTINUOUS
10
164.0637459999999805
20
-96.1291339999999934
11
164.0840000000000032
21
-96.269999999999996
0
LINE
8
BLACK
6
CONTINUOUS
10
164.0840000000000032
20
-96.269999999999996
11
164.0637459999999805
21
-96.4108659999999986
0
LINE
8
BLACK
6
CONTINUOUS
10
164.0637459999999805
20
-96.4108659999999986
11
164.0046269999999993
21
-96.5403199999999941
0
LINE
8
BLACK
6
CONTINUOUS
10
164.0046269999999993
20
-96.5403199999999941
11
163.9114299999999957
21
-96.6478749999999991
0
LINE
8
BLACK
6
CONTINUOUS
10
163.9114299999999957
20
-96.6478749999999991
11
163.7917079999999999
21
-96.7248159999999899
0
LINE
8
BLACK
6
CONTINUOUS
10
163.7917079999999999
20
-96.7248159999999899
11
163.6551570000000027
21
-96.7649109999999979
0
LINE
8
BLACK
6
CONTINUOUS
10
163.6551570000000027
20
-96.7649109999999979
11
163.5128430000000037
21
-96.7649109999999979
0
LINE
8
BLACK
6
CONTINUOUS
10
163.5128430000000037
20
-96.7649109999999979
11
163.3762920000000065
21
-96.7248159999999899
0
LINE
8
BLACK
6
CONTINUOUS
10
163.3762920000000065
20
-96.7248159999999899
11
163.2565699999999822
21
-96.6478749999999991
0
LINE
8
BLACK
6
CONTINUOUS
10
163.2565699999999822
20
-96.6478749999999991
11
163.1633729999999787
21
-96.5403199999999941
0
LINE
8
BLACK
6
CONTINUOUS
10
163.1633729999999787
20
-96.5403199999999941
11
163.1042539999999974
21
-96.4108659999999986
0
LINE
8
BLACK
6
CONTINUOUS
10
163.1042539999999974
20
-96.4108659999999986
11
163.0840000000000032
21
-96.269999999999996
0
LINE
8
BLACK
6
CONTINUOUS
10
163.0840000000000032
20
-96.269999999999996
11
163.1042539999999974
21
-96.1291339999999934
0
LINE
8
BLACK
6
CONTINUOUS
10
163.1042539999999974
20
-96.1291339999999934
11
163.1633729999999787
21
-95.9996799999999979
0
LINE
8
BLACK
6
CONTINUOUS
10
163.1633729999999787
20
-95.9996799999999979
11
163.2565699999999822
21
-95.892124999999993
0
LINE
8
BLACK
6
CONTINUOUS
10
163.2565699999999822
20
-95.892124999999993
11
163.3762920000000065
21
-95.8151840000000021
0
LINE
8
BLACK
6
CONTINUOUS
10
163.3762920000000065
20
-95.8151840000000021
11
163.5128430000000037
21
-95.7750889999999941
0
LINE
8
BLACK
6
CONTINUOUS
10
163.5128430000000037
20
-95.7750889999999941
11
163.6551570000000027
21
-95.7750889999999941
0
LINE
8
BLACK
6
CONTINUOUS
10
163.6551570000000027
20
-95.7750889999999941
11
163.7917079999999999
21
-95.8151840000000021
0
LINE
8
BLACK
6
CONTINUOUS
10
165.5667080000000055
20
-95.8151840000000021
11
165.6864300000000014
21
-95.892124999999993
0
LINE
8
BLACK
6
CONTINUOUS
10
165.6864300000000014
20
-95.892124999999993
11
165.779627000000005
21
-95.9996799999999979
0
LINE
8
BLACK
6
CONTINUOUS
10
165.779627000000005
20
-95.9996799999999979
11
165.8387459999999862
21
-96.1291339999999934
0
LINE
8
BLACK
6
CONTINUOUS
10
165.8387459999999862
20
-96.1291339999999934
11
165.8589999999999804
21
-96.269999999999996
0
LINE
8
BLACK
6
CONTINUOUS
10
165.8589999999999804
20
-96.269999999999996
11
165.8387459999999862
21
-96.4108659999999986
0
LINE
8
BLACK
6
CONTINUOUS
10
165.8387459999999862
20
-96.4108659999999986
11
165.779627000000005
21
-96.5403199999999941
0
LINE
8
BLACK
6
CONTINUOUS
10
165.779627000000005
20
-96.5403199999999941
11
165.6864300000000014
21
-96.6478749999999991
0
LINE
8
BLACK
6
CONTINUOUS
10
165.6864300000000014
20
-96.6478749999999991
11
165.5667080000000055
21
-96.7248159999999899
0
LINE
8
BLACK
6
CONTINUOUS
10
165.5667080000000055
20
-96.7248159999999899
11
165.4301569999999799
21
-96.7649109999999979
0
LINE
8
BLACK
6
CONTINUOUS
10
165.4301569999999799
20
-96.7649109999999979
11
165.287842999999981
21
-96.7649109999999979
0
LINE
8
BLACK
6
CONTINUOUS
10
165.287842999999981
20
-96.7649109999999979
11
165.1512919999999838
21
-96.7248159999999899
0
LINE
8
BLACK
6
CONTINUOUS
10
165.1512919999999838
20
-96.7248159999999899
11
165.0315699999999879
21
-96.6478749999999991
0
LINE
8
BLACK
6
CONTINUOUS
10
165.0315699999999879
20
-96.6478749999999991
11
164.9383729999999844
21
-96.5403199999999941
0
LINE
8
BLACK
6
CONTINUOUS
10
164.9383729999999844
20
-96.5403199999999941
11
164.8792540000000031
21
-96.4108659999999986
0
LINE
8
BLACK
6
CONTINUOUS
10
164.8792540000000031
20
-96.4108659999999986
11
164.8589999999999804
21
-96.269999999999996
0
LINE
8
BLACK
6
CONTINUOUS
10
164.8589999999999804
20
-96.269999999999996
11
164.8792540000000031
21
-96.1291339999999934
0
LINE
8
BLACK
6
CONTINUOUS
10
164.8792540000000031
20
-96.1291339999999934
11
164.9383729999999844
21
-95.9996799999999979
0
LINE
8
BLACK
6
CONTINUOUS
10
164.9383729999999844
20
-95.9996799999999979
11
165.0315699999999879
21
-95.892124999999993
0
LINE
8
BLACK
6
CONTINUOUS
10
165.0315699999999879
20
-95.892124999999993
11
165.1512919999999838
21
-95.8151840000000021
0
LINE
8
BLACK
6
CONTINUOUS
10
165.1512919999999838
20
-95.8151840000000021
11
165.287842999999981
21
-95.7750889999999941
0
LINE
8
BLACK
6
CONTINUOUS
10
165.287842999999981
20
-95.7750889999999941
11
165.4301569999999799
21
-95.7750889999999941
0
LINE
8
BLACK
6
CONTINUOUS
10
165.4301569999999799
20
-95.7750889999999941
11
165.5667080000000055
21
-95.8151840000000021
0
LINE
8
BLACK
6
CONTINUOUS
10
167.3417079999999828
20
-95.8151840000000021
11
167.4614299999999787
21
-95.892124999999993
0
LINE
8
BLACK
6
CONTINUOUS
10
167.4614299999999787
20
-95.892124999999993
11
167.5546269999999822
21
-95.9996799999999979
0
LINE
8
BLACK
6
CONTINUOUS
10
167.5546269999999822
20
-95.9996799999999979
11
167.6137459999999919
21
-96.1291339999999934
0
LINE
8
BLACK
6
CONTINUOUS
10
167.6137459999999919
20
-96.1291339999999934
11
167.6339999999999861
21
-96.269999999999996
0
LINE
8
BLACK
6
CONTINUOUS
10
167.6339999999999861
20
-96.269999999999996
11
167.6137459999999919
21
-96.4108659999999986
0
LINE
8
BLACK
6
CONTINUOUS
10
167.6137459999999919
20
-96.4108659999999986
11
167.5546269999999822
21
-96.5403199999999941
0
LINE
8
BLACK
6
CONTINUOUS
10
167.5546269999999822
20
-96.5403199999999941
11
167.4614299999999787
21
-96.6478749999999991
0
LINE
8
BLACK
6
CONTINUOUS
10
167.4614299999999787
20
-96.6478749999999991
11
167.3417079999999828
21
-96.7248159999999899
0
LINE
8
BLACK
6
CONTINUOUS
10
167.3417079999999828
20
-96.7248159999999899
11
167.2051569999999856
21
-96.7649109999999979
0
LINE
8
BLACK
6
CONTINUOUS
10
167.2051569999999856
20
-96.7649109999999979
11
167.0628429999999867
21
-96.7649109999999979
0
LINE
8
BLACK
6
CONTINUOUS
10
167.0628429999999867
20
-96.7649109999999979
11
166.9262919999999895
21
-96.7248159999999899
0
LINE
8
BLACK
6
CONTINUOUS
10
166.9262919999999895
20
-96.7248159999999899
11
166.8065699999999936
21
-96.6478749999999991
0
LINE
8
BLACK
6
CONTINUOUS
10
166.8065699999999936
20
-96.6478749999999991
11
166.71337299999999
21
-96.5403199999999941
0
LINE
8
BLACK
6
CONTINUOUS
10
166.71337299999999
20
-96.5403199999999941
11
166.6542539999999804
21
-96.4108659999999986
0
LINE
8
BLACK
6
CONTINUOUS
10
166.6542539999999804
20
-96.4108659999999986
11
166.6339999999999861
21
-96.269999999999996
0
LINE
8
BLACK
6
CONTINUOUS
10
166.6339999999999861
20
-96.269999999999996
11
166.6542539999999804
21
-96.1291339999999934
0
LINE
8
BLACK
6
CONTINUOUS
10
166.6542539999999804
20
-96.1291339999999934
11
166.71337299999999
21
-95.9996799999999979
0
LINE
8
BLACK
6
CONTINUOUS
10
166.71337299999999
20
-95.9996799999999979
11
166.8065699999999936
21
-95.892124999999993
0
LINE
8
BLACK
6
CONTINUOUS
10
166.8065699999999936
20
-95.892124999999993
11
166.9262919999999895
21
-95.8151840000000021
0
LINE
8
BLACK
6
CONTINUOUS
10
166.9262919999999895
20
-95.8151840000000021
11
167.0628429999999867
21
-95.7750889999999941
0
LINE
8
BLACK
6
CONTINUOUS
10
167.0628429999999867
20
-95.7750889999999941
11
167.2051569999999856
21
-95.7750889999999941
0
LINE
8
BLACK
6
CONTINUOUS
10
167.2051569999999856
20
-95.7750889999999941
11
167.3417079999999828
21
-95.8151840000000021
0
LINE
8
BLACK
6
CONTINUOUS
10
156.4717080000000067
20
-95.4201839999999919
11
156.5914300000000026
21
-95.4971249999999969
0
LINE
8
BLACK
6
CONTINUOUS
10
156.5914300000000026
20
-95.4971249999999969
11
156.6846270000000061
21
-95.6046800000000019
0
LINE
8
BLACK
6
CONTINUOUS
10
156.6846270000000061
20
-95.6046800000000019
11
156.7437459999999874
21
-95.7341339999999974
0
LINE
8
BLACK
6
CONTINUOUS
10
156.7437459999999874
20
-95.7341339999999974
11
156.7639999999999816
21
-95.875
0
LINE
8
BLACK
6
CONTINUOUS
10
156.7639999999999816
20
-95.875
11
156.7437459999999874
21
-96.0158660000000026
0
LINE
8
BLACK
6
CONTINUOUS
10
156.7437459999999874
20
-96.0158660000000026
11
156.6846270000000061
21
-96.1453199999999981
0
LINE
8
BLACK
6
CONTINUOUS
10
156.6846270000000061
20
-96.1453199999999981
11
156.5914300000000026
21
-96.2528749999999889
0
LINE
8
BLACK
6
CONTINUOUS
10
156.5914300000000026
20
-96.2528749999999889
11
156.4717080000000067
21
-96.3298159999999939
0
LINE
8
BLACK
6
CONTINUOUS
10
156.4717080000000067
20
-96.3298159999999939
11
156.3351569999999811
21
-96.3699110000000019
0
LINE
8
BLACK
6
CONTINUOUS
10
156.3351569999999811
20
-96.3699110000000019
11
156.1928429999999821
21
-96.3699110000000019
0
LINE
8
BLACK
6
CONTINUOUS
10
156.1928429999999821
20
-96.3699110000000019
11
156.0562919999999849
21
-96.3298159999999939
0
LINE
8
BLACK
6
CONTINUOUS
10
156.0562919999999849
20
-96.3298159999999939
11
155.936569999999989
21
-96.2528749999999889
0
LINE
8
BLACK
6
CONTINUOUS
10
155.936569999999989
20
-96.2528749999999889
11
155.8433729999999855
21
-96.1453199999999981
0
LINE
8
BLACK
6
CONTINUOUS
10
155.8433729999999855
20
-96.1453199999999981
11
155.7842540000000042
21
-96.0158660000000026
0
LINE
8
BLACK
6
CONTINUOUS
10
155.7842540000000042
20
-96.0158660000000026
11
155.7639999999999816
21
-95.875
0
LINE
8
BLACK
6
CONTINUOUS
10
155.7639999999999816
20
-95.875
11
155.7842540000000042
21
-95.7341339999999974
0
LINE
8
BLACK
6
CONTINUOUS
10
155.7842540000000042
20
-95.7341339999999974
11
155.8433729999999855
21
-95.6046800000000019
0
LINE
8
BLACK
6
CONTINUOUS
10
155.8433729999999855
20
-95.6046800000000019
11
155.936569999999989
21
-95.4971249999999969
0
LINE
8
BLACK
6
CONTINUOUS
10
155.936569999999989
20
-95.4971249999999969
11
156.0562919999999849
21
-95.4201839999999919
0
LINE
8
BLACK
6
CONTINUOUS
10
156.0562919999999849
20
-95.4201839999999919
11
156.1928429999999821
21
-95.3800889999999981
0
LINE
8
BLACK
6
CONTINUOUS
10
156.1928429999999821
20
-95.3800889999999981
11
156.3351569999999811
21
-95.3800889999999981
0
LINE
8
BLACK
6
CONTINUOUS
10
156.3351569999999811
20
-95.3800889999999981
11
156.4717080000000067
21
-95.4201839999999919
0
LINE
8
BLACK
6
CONTINUOUS
10
158.2467079999999839
20
-95.3951840000000004
11
158.3664299999999798
21
-95.4721249999999912
0
LINE
8
BLACK
6
CONTINUOUS
10
158.3664299999999798
20
-95.4721249999999912
11
158.4596269999999834
21
-95.5796799999999962
0
LINE
8
BLACK
6
CONTINUOUS
10
158.4596269999999834
20
-95.5796799999999962
11
158.518745999999993
21
-95.7091339999999917
0
LINE
8
BLACK
6
CONTINUOUS
10
158.518745999999993
20
-95.7091339999999917
11
158.5389999999999873
21
-95.8499999999999943
0
LINE
8
BLACK
6
CONTINUOUS
10
158.5389999999999873
20
-95.8499999999999943
11
158.518745999999993
21
-95.9908659999999969
0
LINE
8
BLACK
6
CONTINUOUS
10
158.518745999999993
20
-95.9908659999999969
11
158.4596269999999834
21
-96.1203199999999924
0
LINE
8
BLACK
6
CONTINUOUS
10
158.4596269999999834
20
-96.1203199999999924
11
158.3664299999999798
21
-96.2278749999999974
0
LINE
8
BLACK
6
CONTINUOUS
10
158.3664299999999798
20
-96.2278749999999974
11
158.2467079999999839
21
-96.3048160000000024
0
LINE
8
BLACK
6
CONTINUOUS
10
158.2467079999999839
20
-96.3048160000000024
11
158.1101569999999867
21
-96.3449109999999962
0
LINE
8
BLACK
6
CONTINUOUS
10
158.1101569999999867
20
-96.3449109999999962
11
157.9678429999999878
21
-96.3449109999999962
0
LINE
8
BLACK
6
CONTINUOUS
10
157.9678429999999878
20
-96.3449109999999962
11
157.8312919999999906
21
-96.3048160000000024
0
LINE
8
BLACK
6
CONTINUOUS
10
157.8312919999999906
20
-96.3048160000000024
11
157.7115699999999947
21
-96.2278749999999974
0
LINE
8
BLACK
6
CONTINUOUS
10
157.7115699999999947
20
-96.2278749999999974
11
157.6183729999999912
21
-96.1203199999999924
0
LINE
8
BLACK
6
CONTINUOUS
10
157.6183729999999912
20
-96.1203199999999924
11
157.5592539999999815
21
-95.9908659999999969
0
LINE
8
BLACK
6
CONTINUOUS
10
157.5592539999999815
20
-95.9908659999999969
11
157.5389999999999873
21
-95.8499999999999943
0
LINE
8
BLACK
6
CONTINUOUS
10
157.5389999999999873
20
-95.8499999999999943
11
157.5592539999999815
21
-95.7091339999999917
0
LINE
8
BLACK
6
CONTINUOUS
10
157.5592539999999815
20
-95.7091339999999917
11
157.6183729999999912
21
-95.5796799999999962
0
LINE
8
BLACK
6
CONTINUOUS
10
157.6183729999999912
20
-95.5796799999999962
11
157.7115699999999947
21
-95.4721249999999912
0
LINE
8
BLACK
6
CONTINUOUS
10
157.7115699999999947
20
-95.4721249999999912
11
157.8312919999999906
21
-95.3951840000000004
0
LINE
8
BLACK
6
CONTINUOUS
10
157.8312919999999906
20
-95.3951840000000004
11
157.9678429999999878
21
-95.3550889999999924
0
LINE
8
BLACK
6
CONTINUOUS
10
157.9678429999999878
20
-95.3550889999999924
11
158.1101569999999867
21
-95.3550889999999924
0
LINE
8
BLACK
6
CONTINUOUS
10
158.1101569999999867
20
-95.3550889999999924
11
158.2467079999999839
21
-95.3951840000000004
0
LINE
8
BLACK
6
CONTINUOUS
10
169.2417079999999885
20
-95.3351839999999982
11
169.3614299999999844
21
-95.412124999999989
0
LINE
8
BLACK
6
CONTINUOUS
10
169.3614299999999844
20
-95.412124999999989
11
169.4546269999999879
21
-95.5196799999999939
0
LINE
8
BLACK
6
CONTINUOUS
10
169.4546269999999879
20
-95.5196799999999939
11
169.5137459999999976
21
-95.6491339999999894
0
LINE
8
BLACK
6
CONTINUOUS
10
169.5137459999999976
20
-95.6491339999999894
11
169.5339999999999918
21
-95.789999999999992
0
LINE
8
BLACK
6
CONTINUOUS
10
169.5339999999999918
20
-95.789999999999992
11
169.5137459999999976
21
-95.9308659999999946
0
LINE
8
BLACK
6
CONTINUOUS
10
169.5137459999999976
20
-95.9308659999999946
11
169.4546269999999879
21
-96.0603199999999902
0
LINE
8
BLACK
6
CONTINUOUS
10
169.4546269999999879
20
-96.0603199999999902
11
169.3614299999999844
21
-96.1678749999999951
0
LINE
8
BLACK
6
CONTINUOUS
10
169.3614299999999844
20
-96.1678749999999951
11
169.2417079999999885
21
-96.2448160000000001
0
LINE
8
BLACK
6
CONTINUOUS
10
169.2417079999999885
20
-96.2448160000000001
11
169.1051569999999913
21
-96.2849109999999939
0
LINE
8
BLACK
6
CONTINUOUS
10
169.1051569999999913
20
-96.2849109999999939
11
168.9628429999999923
21
-96.2849109999999939
0
LINE
8
BLACK
6
CONTINUOUS
10
168.9628429999999923
20
-96.2849109999999939
11
168.8262919999999951
21
-96.2448160000000001
0
LINE
8
BLACK
6
CONTINUOUS
10
168.8262919999999951
20
-96.2448160000000001
11
168.7065699999999993
21
-96.1678749999999951
0
LINE
8
BLACK
6
CONTINUOUS
10
168.7065699999999993
20
-96.1678749999999951
11
168.6133729999999957
21
-96.0603199999999902
0
LINE
8
BLACK
6
CONTINUOUS
10
168.6133729999999957
20
-96.0603199999999902
11
168.554253999999986
21
-95.9308659999999946
0
LINE
8
BLACK
6
CONTINUOUS
10
168.554253999999986
20
-95.9308659999999946
11
168.5339999999999918
21
-95.789999999999992
0
LINE
8
BLACK
6
CONTINUOUS
10
168.5339999999999918
20
-95.789999999999992
11
168.554253999999986
21
-95.6491339999999894
0
LINE
8
BLACK
6
CONTINUOUS
10
168.554253999999986
20
-95.6491339999999894
11
168.6133729999999957
21
-95.5196799999999939
0
LINE
8
BLACK
6
CONTINUOUS
10
168.6133729999999957
20
-95.5196799999999939
11
168.7065699999999993
21
-95.412124999999989
0
LINE
8
BLACK
6
CONTINUOUS
10
168.7065699999999993
20
-95.412124999999989
11
168.8262919999999951
21
-95.3351839999999982
0
LINE
8
BLACK
6
CONTINUOUS
10
168.8262919999999951
20
-95.3351839999999982
11
168.9628429999999923
21
-95.2950889999999902
0
LINE
8
BLACK
6
CONTINUOUS
10
168.9628429999999923
20
-95.2950889999999902
11
169.1051569999999913
21
-95.2950889999999902
0
LINE
8
BLACK
6
CONTINUOUS
10
169.1051569999999913
20
-95.2950889999999902
11
169.2417079999999885
21
-95.3351839999999982
0
LINE
8
BLACK
6
CONTINUOUS
10
170.9667079999999828
20
-95.3351839999999982
11
171.0864299999999787
21
-95.412124999999989
0
LINE
8
BLACK
6
CONTINUOUS
10
171.0864299999999787
20
-95.412124999999989
11
171.1796269999999822
21
-95.5196799999999939
0
LINE
8
BLACK
6
CONTINUOUS
10
171.1796269999999822
20
-95.5196799999999939
11
171.2387459999999919
21
-95.6491339999999894
0
LINE
8
BLACK
6
CONTINUOUS
10
171.2387459999999919
20
-95.6491339999999894
11
171.2589999999999861
21
-95.789999999999992
0
LINE
8
BLACK
6
CONTINUOUS
10
171.2589999999999861
20
-95.789999999999992
11
171.2387459999999919
21
-95.9308659999999946
0
LINE
8
BLACK
6
CONTINUOUS
10
171.2387459999999919
20
-95.9308659999999946
11
171.1796269999999822
21
-96.0603199999999902
0
LINE
8
BLACK
6
CONTINUOUS
10
171.1796269999999822
20
-96.0603199999999902
11
171.0864299999999787
21
-96.1678749999999951
0
LINE
8
BLACK
6
CONTINUOUS
10
171.0864299999999787
20
-96.1678749999999951
11
170.9667079999999828
21
-96.2448160000000001
0
LINE
8
BLACK
6
CONTINUOUS
10
170.9667079999999828
20
-96.2448160000000001
11
170.8301569999999856
21
-96.2849109999999939
0
LINE
8
BLACK
6
CONTINUOUS
10
170.8301569999999856
20
-96.2849109999999939
11
170.6878429999999867
21
-96.2849109999999939
0
LINE
8
BLACK
6
CONTINUOUS
10
170.6878429999999867
20
-96.2849109999999939
11
170.5512919999999895
21
-96.2448160000000001
0
LINE
8
BLACK
6
CONTINUOUS
10
170.5512919999999895
20
-96.2448160000000001
11
170.4315699999999936
21
-96.1678749999999951
0
LINE
8
BLACK
6
CONTINUOUS
10
170.4315699999999936
20
-96.1678749999999951
11
170.33837299999999
21
-96.0603199999999902
0
LINE
8
BLACK
6
CONTINUOUS
10
170.33837299999999
20
-96.0603199999999902
11
170.2792539999999804
21
-95.9308659999999946
0
LINE
8
BLACK
6
CONTINUOUS
10
170.2792539999999804
20
-95.9308659999999946
11
170.2589999999999861
21
-95.789999999999992
0
LINE
8
BLACK
6
CONTINUOUS
10
170.2589999999999861
20
-95.789999999999992
11
170.2792539999999804
21
-95.6491339999999894
0
LINE
8
BLACK
6
CONTINUOUS
10
170.2792539999999804
20
-95.6491339999999894
11
170.33837299999999
21
-95.5196799999999939
0
LINE
8
BLACK
6
CONTINUOUS
10
170.33837299999999
20
-95.5196799999999939
11
170.4315699999999936
21
-95.412124999999989
0
LINE
8
BLACK
6
CONTINUOUS
10
170.4315699999999936
20
-95.412124999999989
11
170.5512919999999895
21
-95.3351839999999982
0
LINE
8
BLACK
6
CONTINUOUS
10
170.5512919999999895
20
-95.3351839999999982
11
170.6878429999999867
21
-95.2950889999999902
0
LINE
8
BLACK
6
CONTINUOUS
10
170.6878429999999867
20
-95.2950889999999902
11
170.8301569999999856
21
-95.2950889999999902
0
LINE
8
BLACK
6
CONTINUOUS
10
170.8301569999999856
20
-95.2950889999999902
11
170.9667079999999828
21
-95.3351839999999982
0
LINE
8
BLACK
6
CONTINUOUS
10
174.2417079999999885
20
-94.4451839999999976
11
174.3614299999999844
21
-94.5221250000000026
0
LINE
8
BLACK
6
CONTINUOUS
10
174.3614299999999844
20
-94.5221250000000026
11
174.4546269999999879
21
-94.6296799999999934
0
LINE
8
BLACK
6
CONTINUOUS
10
174.4546269999999879
20
-94.6296799999999934
11
174.5137459999999976
21
-94.7591339999999889
0
LINE
8
BLACK
6
CONTINUOUS
10
174.5137459999999976
20
-94.7591339999999889
11
174.5339999999999918
21
-94.8999999999999915
0
LINE
8
BLACK
6
CONTINUOUS
10
174.5339999999999918
20
-94.8999999999999915
11
174.5137459999999976
21
-95.0408659999999941
0
LINE
8
BLACK
6
CONTINUOUS
10
174.5137459999999976
20
-95.0408659999999941
11
174.4546269999999879
21
-95.1703199999999896
0
LINE
8
BLACK
6
CONTINUOUS
10
174.4546269999999879
20
-95.1703199999999896
11
174.3614299999999844
21
-95.2778749999999945
0
LINE
8
BLACK
6
CONTINUOUS
10
174.3614299999999844
20
-95.2778749999999945
11
174.2417079999999885
21
-95.3548159999999996
0
LINE
8
BLACK
6
CONTINUOUS
10
174.2417079999999885
20
-95.3548159999999996
11
174.1051569999999913
21
-95.3949109999999934
0
LINE
8
BLACK
6
CONTINUOUS
10
174.1051569999999913
20
-95.3949109999999934
11
173.9628429999999923
21
-95.3949109999999934
0
LINE
8
BLACK
6
CONTINUOUS
10
173.9628429999999923
20
-95.3949109999999934
11
173.8262919999999951
21
-95.3548159999999996
0
LINE
8
BLACK
6
CONTINUOUS
10
173.8262919999999951
20
-95.3548159999999996
11
173.7065699999999993
21
-95.2778749999999945
0
LINE
8
BLACK
6
CONTINUOUS
10
173.7065699999999993
20
-95.2778749999999945
11
173.6133729999999957
21
-95.1703199999999896
0
LINE
8
BLACK
6
CONTINUOUS
10
173.6133729999999957
20
-95.1703199999999896
11
173.554253999999986
21
-95.0408659999999941
0
LINE
8
BLACK
6
CONTINUOUS
10
173.554253999999986
20
-95.0408659999999941
11
173.5339999999999918
21
-94.8999999999999915
0
LINE
8
BLACK
6
CONTINUOUS
10
173.5339999999999918
20
-94.8999999999999915
11
173.554253999999986
21
-94.7591339999999889
0
LINE
8
BLACK
6
CONTINUOUS
10
173.554253999999986
20
-94.7591339999999889
11
173.6133729999999957
21
-94.6296799999999934
0
LINE
8
BLACK
6
CONTINUOUS
10
173.6133729999999957
20
-94.6296799999999934
11
173.7065699999999993
21
-94.5221250000000026
0
LINE
8
BLACK
6
CONTINUOUS
10
173.7065699999999993
20
-94.5221250000000026
11
173.8262919999999951
21
-94.4451839999999976
0
LINE
8
BLACK
6
CONTINUOUS
10
173.8262919999999951
20
-94.4451839999999976
11
173.9628429999999923
21
-94.4050889999999896
0
LINE
8
BLACK
6
CONTINUOUS
10
173.9628429999999923
20
-94.4050889999999896
11
174.1051569999999913
21
-94.4050889999999896
0
LINE
8
BLACK
6
CONTINUOUS
10
174.1051569999999913
20
-94.4050889999999896
11
174.2417079999999885
21
-94.4451839999999976
0
LINE
8
BLACK
6
CONTINUOUS
10
176.0167079999999942
20
-94.4201839999999919
11
176.1364299999999901
21
-94.4971249999999969
0
LINE
8
BLACK
6
CONTINUOUS
10
176.1364299999999901
20
-94.4971249999999969
11
176.2296269999999936
21
-94.6046800000000019
0
LINE
8
BLACK
6
CONTINUOUS
10
176.2296269999999936
20
-94.6046800000000019
11
176.2887460000000033
21
-94.7341339999999974
0
LINE
8
BLACK
6
CONTINUOUS
10
176.2887460000000033
20
-94.7341339999999974
11
176.3089999999999975
21
-94.875
0
LINE
8
BLACK
6
CONTINUOUS
10
176.3089999999999975
20
-94.875
11
176.2887460000000033
21
-95.0158660000000026
0
LINE
8
BLACK
6
CONTINUOUS
10
176.2887460000000033
20
-95.0158660000000026
11
176.2296269999999936
21
-95.1453199999999981
0
LINE
8
BLACK
6
CONTINUOUS
10
176.2296269999999936
20
-95.1453199999999981
11
176.1364299999999901
21
-95.2528749999999889
0
LINE
8
BLACK
6
CONTINUOUS
10
176.1364299999999901
20
-95.2528749999999889
11
176.0167079999999942
21
-95.3298159999999939
0
LINE
8
BLACK
6
CONTINUOUS
10
176.0167079999999942
20
-95.3298159999999939
11
175.880156999999997
21
-95.3699110000000019
0
LINE
8
BLACK
6
CONTINUOUS
10
175.880156999999997
20
-95.3699110000000019
11
175.737842999999998
21
-95.3699110000000019
0
LINE
8
BLACK
6
CONTINUOUS
10
175.737842999999998
20
-95.3699110000000019
11
175.6012920000000008
21
-95.3298159999999939
0
LINE
8
BLACK
6
CONTINUOUS
10
175.6012920000000008
20
-95.3298159999999939
11
175.4815700000000049
21
-95.2528749999999889
0
LINE
8
BLACK
6
CONTINUOUS
10
175.4815700000000049
20
-95.2528749999999889
11
175.3883730000000014
21
-95.1453199999999981
0
LINE
8
BLACK
6
CONTINUOUS
10
175.3883730000000014
20
-95.1453199999999981
11
175.3292539999999917
21
-95.0158660000000026
0
LINE
8
BLACK
6
CONTINUOUS
10
175.3292539999999917
20
-95.0158660000000026
11
175.3089999999999975
21
-94.875
0
LINE
8
BLACK
6
CONTINUOUS
10
175.3089999999999975
20
-94.875
11
175.3292539999999917
21
-94.7341339999999974
0
LINE
8
BLACK
6
CONTINUOUS
10
175.3292539999999917
20
-94.7341339999999974
11
175.3883730000000014
21
-94.6046800000000019
0
LINE
8
BLACK
6
CONTINUOUS
10
175.3883730000000014
20
-94.6046800000000019
11
175.4815700000000049
21
-94.4971249999999969
0
LINE
8
BLACK
6
CONTINUOUS
10
175.4815700000000049
20
-94.4971249999999969
11
175.6012920000000008
21
-94.4201839999999919
0
LINE
8
BLACK
6
CONTINUOUS
10
175.6012920000000008
20
-94.4201839999999919
11
175.737842999999998
21
-94.3800889999999981
0
LINE
8
BLACK
6
CONTINUOUS
10
175.737842999999998
20
-94.3800889999999981
11
175.880156999999997
21
-94.3800889999999981
0
LINE
8
BLACK
6
CONTINUOUS
10
175.880156999999997
20
-94.3800889999999981
11
176.0167079999999942
21
-94.4201839999999919
0
LINE
8
BLACK
6
CONTINUOUS
10
177.7667079999999942
20
-94.4201839999999919
11
177.8864299999999901
21
-94.4971249999999969
0
LINE
8
BLACK
6
CONTINUOUS
10
177.8864299999999901
20
-94.4971249999999969
11
177.9796269999999936
21
-94.6046800000000019
0
LINE
8
BLACK
6
CONTINUOUS
10
177.9796269999999936
20
-94.6046800000000019
11
178.0387460000000033
21
-94.7341339999999974
0
LINE
8
BLACK
6
CONTINUOUS
10
178.0387460000000033
20
-94.7341339999999974
11
178.0589999999999975
21
-94.875
0
LINE
8
BLACK
6
CONTINUOUS
10
178.0589999999999975
20
-94.875
11
178.0387460000000033
21
-95.0158660000000026
0
LINE
8
BLACK
6
CONTINUOUS
10
178.0387460000000033
20
-95.0158660000000026
11
177.9796269999999936
21
-95.1453199999999981
0
LINE
8
BLACK
6
CONTINUOUS
10
177.9796269999999936
20
-95.1453199999999981
11
177.8864299999999901
21
-95.2528749999999889
0
LINE
8
BLACK
6
CONTINUOUS
10
177.8864299999999901
20
-95.2528749999999889
11
177.7667079999999942
21
-95.3298159999999939
0
LINE
8
BLACK
6
CONTINUOUS
10
177.7667079999999942
20
-95.3298159999999939
11
177.630156999999997
21
-95.3699110000000019
0
LINE
8
BLACK
6
CONTINUOUS
10
177.630156999999997
20
-95.3699110000000019
11
177.487842999999998
21
-95.3699110000000019
0
LINE
8
BLACK
6
CONTINUOUS
10
177.487842999999998
20
-95.3699110000000019
11
177.3512920000000008
21
-95.3298159999999939
0
LINE
8
BLACK
6
CONTINUOUS
10
177.3512920000000008
20
-95.3298159999999939
11
177.2315700000000049
21
-95.2528749999999889
0
LINE
8
BLACK
6
CONTINUOUS
10
177.2315700000000049
20
-95.2528749999999889
11
177.1383730000000014
21
-95.1453199999999981
0
LINE
8
BLACK
6
CONTINUOUS
10
177.1383730000000014
20
-95.1453199999999981
11
177.0792539999999917
21
-95.0158660000000026
0
LINE
8
BLACK
6
CONTINUOUS
10
177.0792539999999917
20
-95.0158660000000026
11
177.0589999999999975
21
-94.875
0
LINE
8
BLACK
6
CONTINUOUS
10
177.0589999999999975
20
-94.875
11
177.0792539999999917
21
-94.7341339999999974
0
LINE
8
BLACK
6
CONTINUOUS
10
177.0792539999999917
20
-94.7341339999999974
11
177.1383730000000014
21
-94.6046800000000019
0
LINE
8
BLACK
6
CONTINUOUS
10
177.1383730000000014
20
-94.6046800000000019
11
177.2315700000000049
21
-94.4971249999999969
0
LINE
8
BLACK
6
CONTINUOUS
10
177.2315700000000049
20
-94.4971249999999969
11
177.3512920000000008
21
-94.4201839999999919
0
LINE
8
BLACK
6
CONTINUOUS
10
177.3512920000000008
20
-94.4201839999999919
11
177.487842999999998
21
-94.3800889999999981
0
LINE
8
BLACK
6
CONTINUOUS
10
177.487842999999998
20
-94.3800889999999981
11
177.630156999999997
21
-94.3800889999999981
0
LINE
8
BLACK
6
CONTINUOUS
10
177.630156999999997
20
-94.3800889999999981
11
177.7667079999999942
21
-94.4201839999999919
0
LINE
8
BLACK
6
CONTINUOUS
10
179.5167079999999942
20
-94.4201839999999919
11
179.6364299999999901
21
-94.4971249999999969
0
LINE
8
BLACK
6
CONTINUOUS
10
179.6364299999999901
20
-94.4971249999999969
11
179.7296269999999936
21
-94.6046800000000019
0
LINE
8
BLACK
6
CONTINUOUS
10
179.7296269999999936
20
-94.6046800000000019
11
179.7887460000000033
21
-94.7341339999999974
0
LINE
8
BLACK
6
CONTINUOUS
10
179.7887460000000033
20
-94.7341339999999974
11
179.8089999999999975
21
-94.875
0
LINE
8
BLACK
6
CONTINUOUS
10
179.8089999999999975
20
-94.875
11
179.7887460000000033
21
-95.0158660000000026
0
LINE
8
BLACK
6
CONTINUOUS
10
179.7887460000000033
20
-95.0158660000000026
11
179.7296269999999936
21
-95.1453199999999981
0
LINE
8
BLACK
6
CONTINUOUS
10
179.7296269999999936
20
-95.1453199999999981
11
179.6364299999999901
21
-95.2528749999999889
0
LINE
8
BLACK
6
CONTINUOUS
10
179.6364299999999901
20
-95.2528749999999889
11
179.5167079999999942
21
-95.3298159999999939
0
LINE
8
BLACK
6
CONTINUOUS
10
179.5167079999999942
20
-95.3298159999999939
11
179.380156999999997
21
-95.3699110000000019
0
LINE
8
BLACK
6
CONTINUOUS
10
179.380156999999997
20
-95.3699110000000019
11
179.237842999999998
21
-95.3699110000000019
0
LINE
8
BLACK
6
CONTINUOUS
10
179.237842999999998
20
-95.3699110000000019
11
179.1012920000000008
21
-95.3298159999999939
0
LINE
8
BLACK
6
CONTINUOUS
10
179.1012920000000008
20
-95.3298159999999939
11
178.9815700000000049
21
-95.2528749999999889
0
LINE
8
BLACK
6
CONTINUOUS
10
178.9815700000000049
20
-95.2528749999999889
11
178.8883730000000014
21
-95.1453199999999981
0
LINE
8
BLACK
6
CONTINUOUS
10
178.8883730000000014
20
-95.1453199999999981
11
178.8292539999999917
21
-95.0158660000000026
0
LINE
8
BLACK
6
CONTINUOUS
10
178.8292539999999917
20
-95.0158660000000026
11
178.8089999999999975
21
-94.875
0
LINE
8
BLACK
6
CONTINUOUS
10
178.8089999999999975
20
-94.875
11
178.8292539999999917
21
-94.7341339999999974
0
LINE
8
BLACK
6
CONTINUOUS
10
178.8292539999999917
20
-94.7341339999999974
11
178.8883730000000014
21
-94.6046800000000019
0
LINE
8
BLACK
6
CONTINUOUS
10
178.8883730000000014
20
-94.6046800000000019
11
178.9815700000000049
21
-94.4971249999999969
0
LINE
8
BLACK
6
CONTINUOUS
10
178.9815700000000049
20
-94.4971249999999969
11
179.1012920000000008
21
-94.4201839999999919
0
LINE
8
BLACK
6
CONTINUOUS
10
179.1012920000000008
20
-94.4201839999999919
11
179.237842999999998
21
-94.3800889999999981
0
LINE
8
BLACK
6
CONTINUOUS
10
179.237842999999998
20
-94.3800889999999981
11
179.380156999999997
21
-94.3800889999999981
0
LINE
8
BLACK
6
CONTINUOUS
10
179.380156999999997
20
-94.3800889999999981
11
179.5167079999999942
21
-94.4201839999999919
0
LINE
8
BLACK
6
CONTINUOUS
10
154.821708000000001
20
-93.6551839999999913
11
154.9414299999999969
21
-93.7321249999999964
0
LINE
8
BLACK
6
CONTINUOUS
10
154.9414299999999969
20
-93.7321249999999964
11
155.0346270000000004
21
-93.8396800000000013
0
LINE
8
BLACK
6
CONTINUOUS
10
155.0346270000000004
20
-93.8396800000000013
11
155.0937459999999817
21
-93.9691339999999968
0
LINE
8
BLACK
6
CONTINUOUS
10
155.0937459999999817
20
-93.9691339999999968
11
155.1140000000000043
21
-94.1099999999999994
0
LINE
8
BLACK
6
CONTINUOUS
10
155.1140000000000043
20
-94.1099999999999994
11
155.0937459999999817
21
-94.250866000000002
0
LINE
8
BLACK
6
CONTINUOUS
10
155.0937459999999817
20
-94.250866000000002
11
155.0346270000000004
21
-94.3803199999999975
0
LINE
8
BLACK
6
CONTINUOUS
10
155.0346270000000004
20
-94.3803199999999975
11
154.9414299999999969
21
-94.4878750000000025
0
LINE
8
BLACK
6
CONTINUOUS
10
154.9414299999999969
20
-94.4878750000000025
11
154.821708000000001
21
-94.5648159999999933
0
LINE
8
BLACK
6
CONTINUOUS
10
154.821708000000001
20
-94.5648159999999933
11
154.6851570000000038
21
-94.6049110000000013
0
LINE
8
BLACK
6
CONTINUOUS
10
154.6851570000000038
20
-94.6049110000000013
11
154.5428430000000048
21
-94.6049110000000013
0
LINE
8
BLACK
6
CONTINUOUS
10
154.5428430000000048
20
-94.6049110000000013
11
154.4062919999999792
21
-94.5648159999999933
0
LINE
8
BLACK
6
CONTINUOUS
10
154.4062919999999792
20
-94.5648159999999933
11
154.2865699999999833
21
-94.4878750000000025
0
LINE
8
BLACK
6
CONTINUOUS
10
154.2865699999999833
20
-94.4878750000000025
11
154.1933729999999798
21
-94.3803199999999975
0
LINE
8
BLACK
6
CONTINUOUS
10
154.1933729999999798
20
-94.3803199999999975
11
154.1342539999999985
21
-94.250866000000002
0
LINE
8
BLACK
6
CONTINUOUS
10
154.1342539999999985
20
-94.250866000000002
11
154.1140000000000043
21
-94.1099999999999994
0
LINE
8
BLACK
6
CONTINUOUS
10
154.1140000000000043
20
-94.1099999999999994
11
154.1342539999999985
21
-93.9691339999999968
0
LINE
8
BLACK
6
CONTINUOUS
10
154.1342539999999985
20
-93.9691339999999968
11
154.1933729999999798
21
-93.8396800000000013
0
LINE
8
BLACK
6
CONTINUOUS
10
154.1933729999999798
20
-93.8396800000000013
11
154.2865699999999833
21
-93.7321249999999964
0
LINE
8
BLACK
6
CONTINUOUS
10
154.2865699999999833
20
-93.7321249999999964
11
154.4062919999999792
21
-93.6551839999999913
0
LINE
8
BLACK
6
CONTINUOUS
10
154.4062919999999792
20
-93.6551839999999913
11
154.5428430000000048
21
-93.6150889999999976
0
LINE
8
BLACK
6
CONTINUOUS
10
154.5428430000000048
20
-93.6150889999999976
11
154.6851570000000038
21
-93.6150889999999976
0
LINE
8
BLACK
6
CONTINUOUS
10
154.6851570000000038
20
-93.6150889999999976
11
154.821708000000001
21
-93.6551839999999913
0
LINE
8
BLACK
6
CONTINUOUS
10
153.4417080000000055
20
-93.6451840000000004
11
153.5614300000000014
21
-93.7221249999999912
0
LINE
8
BLACK
6
CONTINUOUS
10
153.5614300000000014
20
-93.7221249999999912
11
153.654627000000005
21
-93.8296799999999962
0
LINE
8
BLACK
6
CONTINUOUS
10
153.654627000000005
20
-93.8296799999999962
11
153.7137459999999862
21
-93.9591339999999917
0
LINE
8
BLACK
6
CONTINUOUS
10
153.7137459999999862
20
-93.9591339999999917
11
153.7339999999999804
21
-94.0999999999999943
0
LINE
8
BLACK
6
CONTINUOUS
10
153.7339999999999804
20
-94.0999999999999943
11
153.7137459999999862
21
-94.2408659999999969
0
LINE
8
BLACK
6
CONTINUOUS
10
153.7137459999999862
20
-94.2408659999999969
11
153.654627000000005
21
-94.3703199999999924
0
LINE
8
BLACK
6
CONTINUOUS
10
153.654627000000005
20
-94.3703199999999924
11
153.5614300000000014
21
-94.4778749999999974
0
LINE
8
BLACK
6
CONTINUOUS
10
153.5614300000000014
20
-94.4778749999999974
11
153.4417080000000055
21
-94.5548160000000024
0
LINE
8
BLACK
6
CONTINUOUS
10
153.4417080000000055
20
-94.5548160000000024
11
153.3051569999999799
21
-94.5949109999999962
0
LINE
8
BLACK
6
CONTINUOUS
10
153.3051569999999799
20
-94.5949109999999962
11
153.162842999999981
21
-94.5949109999999962
0
LINE
8
BLACK
6
CONTINUOUS
10
153.162842999999981
20
-94.5949109999999962
11
153.0262919999999838
21
-94.5548160000000024
0
LINE
8
BLACK
6
CONTINUOUS
10
153.0262919999999838
20
-94.5548160000000024
11
152.9065699999999879
21
-94.4778749999999974
0
LINE
8
BLACK
6
CONTINUOUS
10
152.9065699999999879
20
-94.4778749999999974
11
152.8133729999999844
21
-94.3703199999999924
0
LINE
8
BLACK
6
CONTINUOUS
10
152.8133729999999844
20
-94.3703199999999924
11
152.7542540000000031
21
-94.2408659999999969
0
LINE
8
BLACK
6
CONTINUOUS
10
152.7542540000000031
20
-94.2408659999999969
11
152.7339999999999804
21
-94.0999999999999943
0
LINE
8
BLACK
6
CONTINUOUS
10
152.7339999999999804
20
-94.0999999999999943
11
152.7542540000000031
21
-93.9591339999999917
0
LINE
8
BLACK
6
CONTINUOUS
10
152.7542540000000031
20
-93.9591339999999917
11
152.8133729999999844
21
-93.8296799999999962
0
LINE
8
BLACK
6
CONTINUOUS
10
152.8133729999999844
20
-93.8296799999999962
11
152.9065699999999879
21
-93.7221249999999912
0
LINE
8
BLACK
6
CONTINUOUS
10
152.9065699999999879
20
-93.7221249999999912
11
153.0262919999999838
21
-93.6451840000000004
0
LINE
8
BLACK
6
CONTINUOUS
10
153.0262919999999838
20
-93.6451840000000004
11
153.162842999999981
21
-93.6050889999999924
0
LINE
8
BLACK
6
CONTINUOUS
10
153.162842999999981
20
-93.6050889999999924
11
153.3051569999999799
21
-93.6050889999999924
0
LINE
8
BLACK
6
CONTINUOUS
10
153.3051569999999799
20
-93.6050889999999924
11
153.4417080000000055
21
-93.6451840000000004
0
LINE
8
BLACK
6
CONTINUOUS
10
171.362386999999984
20
-92.6555789999999888
11
171.4394379999999956
21
-92.7070619999999934
0
LINE
8
BLACK
6
CONTINUOUS
10
171.4394379999999956
20
-92.7070619999999934
11
171.490920999999986
21
-92.7841129999999907
0
LINE
8
BLACK
6
CONTINUOUS
10
171.490920999999986
20
-92.7841129999999907
11
171.5089999999999861
21
-92.875
0
LINE
8
BLACK
6
CONTINUOUS
10
171.5089999999999861
20
-92.875
11
171.5089999999999861
21
-93.4749999999999943
0
LINE
8
BLACK
6
CONTINUOUS
10
171.5089999999999861
20
-93.4749999999999943
11
171.490920999999986
21
-93.5658869999999894
0
LINE
8
BLACK
6
CONTINUOUS
10
171.490920999999986
20
-93.5658869999999894
11
171.4394379999999956
21
-93.6429380000000009
0
LINE
8
BLACK
6
CONTINUOUS
10
171.4394379999999956
20
-93.6429380000000009
11
171.362386999999984
21
-93.6944209999999913
0
LINE
8
BLACK
6
CONTINUOUS
10
171.362386999999984
20
-93.6944209999999913
11
171.2715000000000032
21
-93.7124999999999915
0
LINE
8
BLACK
6
CONTINUOUS
10
171.2715000000000032
20
-93.7124999999999915
11
170.7964999999999804
21
-93.7124999999999915
0
LINE
8
BLACK
6
CONTINUOUS
10
170.7964999999999804
20
-93.7124999999999915
11
170.7056129999999996
21
-93.6944209999999913
0
LINE
8
BLACK
6
CONTINUOUS
10
170.7056129999999996
20
-93.6944209999999913
11
170.6285619999999881
21
-93.6429380000000009
0
LINE
8
BLACK
6
CONTINUOUS
10
170.6285619999999881
20
-93.6429380000000009
11
170.5770789999999977
21
-93.5658869999999894
0
LINE
8
BLACK
6
CONTINUOUS
10
170.5770789999999977
20
-93.5658869999999894
11
170.5589999999999975
21
-93.4749999999999943
0
LINE
8
BLACK
6
CONTINUOUS
10
170.5589999999999975
20
-93.4749999999999943
11
170.5589999999999975
21
-92.875
0
LINE
8
BLACK
6
CONTINUOUS
10
170.5589999999999975
20
-92.875
11
170.5770789999999977
21
-92.7841129999999907
0
LINE
8
BLACK
6
CONTINUOUS
10
170.5770789999999977
20
-92.7841129999999907
11
170.6285619999999881
21
-92.7070619999999934
0
LINE
8
BLACK
6
CONTINUOUS
10
170.6285619999999881
20
-92.7070619999999934
11
170.7056129999999996
21
-92.6555789999999888
0
LINE
8
BLACK
6
CONTINUOUS
10
170.7056129999999996
20
-92.6555789999999888
11
170.7964999999999804
21
-92.6375000000000028
0
LINE
8
BLACK
6
CONTINUOUS
10
170.7964999999999804
20
-92.6375000000000028
11
171.2715000000000032
21
-92.6375000000000028
0
LINE
8
BLACK
6
CONTINUOUS
10
171.2715000000000032
20
-92.6375000000000028
11
171.362386999999984
21
-92.6555789999999888
0
LINE
8
BLACK
6
CONTINUOUS
10
180.5917079999999828
20
-92.5451839999999919
11
180.7114299999999787
21
-92.6221249999999969
0
LINE
8
BLACK
6
CONTINUOUS
10
180.7114299999999787
20
-92.6221249999999969
11
180.8046269999999822
21
-92.7296800000000019
0
LINE
8
BLACK
6
CONTINUOUS
10
180.8046269999999822
20
-92.7296800000000019
11
180.8637459999999919
21
-92.8591339999999974
0
LINE
8
BLACK
6
CONTINUOUS
10
180.8637459999999919
20
-92.8591339999999974
11
180.8839999999999861
21
-93.
0
LINE
8
BLACK
6
CONTINUOUS
10
180.8839999999999861
20
-93.
11
180.8637459999999919
21
-93.1408660000000026
0
LINE
8
BLACK
6
CONTINUOUS
10
180.8637459999999919
20
-93.1408660000000026
11
180.8046269999999822
21
-93.2703199999999981
0
LINE
8
BLACK
6
CONTINUOUS
10
180.8046269999999822
20
-93.2703199999999981
11
180.7114299999999787
21
-93.3778749999999889
0
LINE
8
BLACK
6
CONTINUOUS
10
180.7114299999999787
20
-93.3778749999999889
11
180.5917079999999828
21
-93.4548159999999939
0
LINE
8
BLACK
6
CONTINUOUS
10
180.5917079999999828
20
-93.4548159999999939
11
180.4551569999999856
21
-93.4949110000000019
0
LINE
8
BLACK
6
CONTINUOUS
10
180.4551569999999856
20
-93.4949110000000019
11
180.3128429999999867
21
-93.4949110000000019
0
LINE
8
BLACK
6
CONTINUOUS
10
180.3128429999999867
20
-93.4949110000000019
11
180.1762919999999895
21
-93.4548159999999939
0
LINE
8
BLACK
6
CONTINUOUS
10
180.1762919999999895
20
-93.4548159999999939
11
180.0565699999999936
21
-93.3778749999999889
0
LINE
8
BLACK
6
CONTINUOUS
10
180.0565699999999936
20
-93.3778749999999889
11
179.96337299999999
21
-93.2703199999999981
0
LINE
8
BLACK
6
CONTINUOUS
10
179.96337299999999
20
-93.2703199999999981
11
179.9042539999999804
21
-93.1408660000000026
0
LINE
8
BLACK
6
CONTINUOUS
10
179.9042539999999804
20
-93.1408660000000026
11
179.8839999999999861
21
-93.
0
LINE
8
BLACK
6
CONTINUOUS
10
179.8839999999999861
20
-93.
11
179.9042539999999804
21
-92.8591339999999974
0
LINE
8
BLACK
6
CONTINUOUS
10
179.9042539999999804
20
-92.8591339999999974
11
179.96337299999999
21
-92.7296800000000019
0
LINE
8
BLACK
6
CONTINUOUS
10
179.96337299999999
20
-92.7296800000000019
11
180.0565699999999936
21
-92.6221249999999969
0
LINE
8
BLACK
6
CONTINUOUS
10
180.0565699999999936
20
-92.6221249999999969
11
180.1762919999999895
21
-92.5451839999999919
0
LINE
8
BLACK
6
CONTINUOUS
10
180.1762919999999895
20
-92.5451839999999919
11
180.3128429999999867
21
-92.5050889999999981
0
LINE
8
BLACK
6
CONTINUOUS
10
180.3128429999999867
20
-92.5050889999999981
11
180.4551569999999856
21
-92.5050889999999981
0
LINE
8
BLACK
6
CONTINUOUS
10
180.4551569999999856
20
-92.5050889999999981
11
180.5917079999999828
21
-92.5451839999999919
0
LINE
8
BLACK
6
CONTINUOUS
10
158.1896710000000041
20
-92.0690299999999979
11
158.2707769999999812
21
-92.1232229999999959
0
LINE
8
BLACK
6
CONTINUOUS
10
158.2707769999999812
20
-92.1232229999999959
11
158.3249699999999791
21
-92.2043290000000013
0
LINE
8
BLACK
6
CONTINUOUS
10
158.3249699999999791
20
-92.2043290000000013
11
158.3439999999999941
21
-92.2999999999999972
0
LINE
8
BLACK
6
CONTINUOUS
10
158.3439999999999941
20
-92.2999999999999972
11
158.3439999999999941
21
-93.
0
LINE
8
BLACK
6
CONTINUOUS
10
158.3439999999999941
20
-93.
11
158.3249699999999791
21
-93.0956709999999958
0
LINE
8
BLACK
6
CONTINUOUS
10
158.3249699999999791
20
-93.0956709999999958
11
158.2707769999999812
21
-93.1767770000000013
0
LINE
8
BLACK
6
CONTINUOUS
10
158.2707769999999812
20
-93.1767770000000013
11
158.1896710000000041
21
-93.2309699999999992
0
LINE
8
BLACK
6
CONTINUOUS
10
158.1896710000000041
20
-93.2309699999999992
11
158.0939999999999941
21
-93.25
0
LINE
8
BLACK
6
CONTINUOUS
10
158.0939999999999941
20
-93.25
11
157.1939999999999884
21
-93.25
0
LINE
8
BLACK
6
CONTINUOUS
10
157.1939999999999884
20
-93.25
11
157.0983290000000068
21
-93.2309699999999992
0
LINE
8
BLACK
6
CONTINUOUS
10
157.0983290000000068
20
-93.2309699999999992
11
157.0172230000000013
21
-93.1767770000000013
0
LINE
8
BLACK
6
CONTINUOUS
10
157.0172230000000013
20
-93.1767770000000013
11
156.9630300000000034
21
-93.0956709999999958
0
LINE
8
BLACK
6
CONTINUOUS
10
156.9630300000000034
20
-93.0956709999999958
11
156.9439999999999884
21
-93.
0
LINE
8
BLACK
6
CONTINUOUS
10
156.9439999999999884
20
-93.
11
156.9439999999999884
21
-92.2999999999999972
0
LINE
8
BLACK
6
CONTINUOUS
10
156.9439999999999884
20
-92.2999999999999972
11
156.9630300000000034
21
-92.2043290000000013
0
LINE
8
BLACK
6
CONTINUOUS
10
156.9630300000000034
20
-92.2043290000000013
11
157.0172230000000013
21
-92.1232229999999959
0
LINE
8
BLACK
6
CONTINUOUS
10
157.0172230000000013
20
-92.1232229999999959
11
157.0983290000000068
21
-92.0690299999999979
0
LINE
8
BLACK
6
CONTINUOUS
10
157.0983290000000068
20
-92.0690299999999979
11
157.1939999999999884
21
-92.0499999999999972
0
LINE
8
BLACK
6
CONTINUOUS
10
157.1939999999999884
20
-92.0499999999999972
11
158.0939999999999941
21
-92.0499999999999972
0
LINE
8
BLACK
6
CONTINUOUS
10
158.0939999999999941
20
-92.0499999999999972
11
158.1896710000000041
21
-92.0690299999999979
0
LINE
8
BLACK
6
CONTINUOUS
10
153.4417080000000055
20
-92.2951839999999919
11
153.5614300000000014
21
-92.3721249999999969
0
LINE
8
BLACK
6
CONTINUOUS
10
153.5614300000000014
20
-92.3721249999999969
11
153.654627000000005
21
-92.4796800000000019
0
LINE
8
BLACK
6
CONTINUOUS
10
153.654627000000005
20
-92.4796800000000019
11
153.7137459999999862
21
-92.6091339999999974
0
LINE
8
BLACK
6
CONTINUOUS
10
153.7137459999999862
20
-92.6091339999999974
11
153.7339999999999804
21
-92.75
0
LINE
8
BLACK
6
CONTINUOUS
10
153.7339999999999804
20
-92.75
11
153.7137459999999862
21
-92.8908660000000026
0
LINE
8
BLACK
6
CONTINUOUS
10
153.7137459999999862
20
-92.8908660000000026
11
153.654627000000005
21
-93.0203199999999981
0
LINE
8
BLACK
6
CONTINUOUS
10
153.654627000000005
20
-93.0203199999999981
11
153.5614300000000014
21
-93.1278749999999889
0
LINE
8
BLACK
6
CONTINUOUS
10
153.5614300000000014
20
-93.1278749999999889
11
153.4417080000000055
21
-93.2048159999999939
0
LINE
8
BLACK
6
CONTINUOUS
10
153.4417080000000055
20
-93.2048159999999939
11
153.3051569999999799
21
-93.2449110000000019
0
LINE
8
BLACK
6
CONTINUOUS
10
153.3051569999999799
20
-93.2449110000000019
11
153.162842999999981
21
-93.2449110000000019
0
LINE
8
BLACK
6
CONTINUOUS
10
153.162842999999981
20
-93.2449110000000019
11
153.0262919999999838
21
-93.2048159999999939
0
LINE
8
BLACK
6
CONTINUOUS
10
153.0262919999999838
20
-93.2048159999999939
11
152.9065699999999879
21
-93.1278749999999889
0
LINE
8
BLACK
6
CONTINUOUS
10
152.9065699999999879
20
-93.1278749999999889
11
152.8133729999999844
21
-93.0203199999999981
0
LINE
8
BLACK
6
CONTINUOUS
10
152.8133729999999844
20
-93.0203199999999981
11
152.7542540000000031
21
-92.8908660000000026
0
LINE
8
BLACK
6
CONTINUOUS
10
152.7542540000000031
20
-92.8908660000000026
11
152.7339999999999804
21
-92.75
0
LINE
8
BLACK
6
CONTINUOUS
10
152.7339999999999804
20
-92.75
11
152.7542540000000031
21
-92.6091339999999974
0
LINE
8
BLACK
6
CONTINUOUS
10
152.7542540000000031
20
-92.6091339999999974
11
152.8133729999999844
21
-92.4796800000000019
0
LINE
8
BLACK
6
CONTINUOUS
10
152.8133729999999844
20
-92.4796800000000019
11
152.9065699999999879
21
-92.3721249999999969
0
LINE
8
BLACK
6
CONTINUOUS
10
152.9065699999999879
20
-92.3721249999999969
11
153.0262919999999838
21
-92.2951839999999919
0
LINE
8
BLACK
6
CONTINUOUS
10
153.0262919999999838
20
-92.2951839999999919
11
153.162842999999981
21
-92.2550889999999981
0
LINE
8
BLACK
6
CONTINUOUS
10
153.162842999999981
20
-92.2550889999999981
11
153.3051569999999799
21
-92.2550889999999981
0
LINE
8
BLACK
6
CONTINUOUS
10
153.3051569999999799
20
-92.2550889999999981
11
153.4417080000000055
21
-92.2951839999999919
0
LINE
8
BLACK
6
CONTINUOUS
10
159.9517079999999964
20
-92.1351839999999953
11
160.0714299999999923
21
-92.2121250000000003
0
LINE
8
BLACK
6
CONTINUOUS
10
160.0714299999999923
20
-92.2121250000000003
11
160.1646269999999959
21
-92.3196799999999911
0
LINE
8
BLACK
6
CONTINUOUS
10
160.1646269999999959
20
-92.3196799999999911
11
160.2237460000000056
21
-92.4491340000000008
0
LINE
8
BLACK
6
CONTINUOUS
10
160.2237460000000056
20
-92.4491340000000008
11
160.2439999999999998
21
-92.5899999999999892
0
LINE
8
BLACK
6
CONTINUOUS
10
160.2439999999999998
20
-92.5899999999999892
11
160.2237460000000056
21
-92.7308659999999918
0
LINE
8
BLACK
6
CONTINUOUS
10
160.2237460000000056
20
-92.7308659999999918
11
160.1646269999999959
21
-92.8603200000000015
0
LINE
8
BLACK
6
CONTINUOUS
10
160.1646269999999959
20
-92.8603200000000015
11
160.0714299999999923
21
-92.9678749999999923
0
LINE
8
BLACK
6
CONTINUOUS
10
160.0714299999999923
20
-92.9678749999999923
11
159.9517079999999964
21
-93.0448159999999973
0
LINE
8
BLACK
6
CONTINUOUS
10
159.9517079999999964
20
-93.0448159999999973
11
159.8151569999999992
21
-93.0849109999999911
0
LINE
8
BLACK
6
CONTINUOUS
10
159.8151569999999992
20
-93.0849109999999911
11
159.6728430000000003
21
-93.0849109999999911
0
LINE
8
BLACK
6
CONTINUOUS
10
159.6728430000000003
20
-93.0849109999999911
11
159.5362920000000031
21
-93.0448159999999973
0
LINE
8
BLACK
6
CONTINUOUS
10
159.5362920000000031
20
-93.0448159999999973
11
159.4165699999999788
21
-92.9678749999999923
0
LINE
8
BLACK
6
CONTINUOUS
10
159.4165699999999788
20
-92.9678749999999923
11
159.3233730000000037
21
-92.8603200000000015
0
LINE
8
BLACK
6
CONTINUOUS
10
159.3233730000000037
20
-92.8603200000000015
11
159.264253999999994
21
-92.7308659999999918
0
LINE
8
BLACK
6
CONTINUOUS
10
159.264253999999994
20
-92.7308659999999918
11
159.2439999999999998
21
-92.5899999999999892
0
LINE
8
BLACK
6
CONTINUOUS
10
159.2439999999999998
20
-92.5899999999999892
11
159.264253999999994
21
-92.4491340000000008
0
LINE
8
BLACK
6
CONTINUOUS
10
159.264253999999994
20
-92.4491340000000008
11
159.3233730000000037
21
-92.3196799999999911
0
LINE
8
BLACK
6
CONTINUOUS
10
159.3233730000000037
20
-92.3196799999999911
11
159.4165699999999788
21
-92.2121250000000003
0
LINE
8
BLACK
6
CONTINUOUS
10
159.4165699999999788
20
-92.2121250000000003
11
159.5362920000000031
21
-92.1351839999999953
0
LINE
8
BLACK
6
CONTINUOUS
10
159.5362920000000031
20
-92.1351839999999953
11
159.6728430000000003
21
-92.0950890000000015
0
LINE
8
BLACK
6
CONTINUOUS
10
159.6728430000000003
20
-92.0950890000000015
11
159.8151569999999992
21
-92.0950890000000015
0
LINE
8
BLACK
6
CONTINUOUS
10
159.8151569999999992
20
-92.0950890000000015
11
159.9517079999999964
21
-92.1351839999999953
0
LINE
8
BLACK
6
CONTINUOUS
10
178.0167079999999942
20
-91.5951839999999891
11
178.1364299999999901
21
-91.6721249999999941
0
LINE
8
BLACK
6
CONTINUOUS
10
178.1364299999999901
20
-91.6721249999999941
11
178.2296269999999936
21
-91.779679999999999
0
LINE
8
BLACK
6
CONTINUOUS
10
178.2296269999999936
20
-91.779679999999999
11
178.2887460000000033
21
-91.9091339999999946
0
LINE
8
BLACK
6
CONTINUOUS
10
178.2887460000000033
20
-91.9091339999999946
11
178.3089999999999975
21
-92.0499999999999972
0
LINE
8
BLACK
6
CONTINUOUS
10
178.3089999999999975
20
-92.0499999999999972
11
178.2887460000000033
21
-92.1908659999999998
0
LINE
8
BLACK
6
CONTINUOUS
10
178.2887460000000033
20
-92.1908659999999998
11
178.2296269999999936
21
-92.3203199999999953
0
LINE
8
BLACK
6
CONTINUOUS
10
178.2296269999999936
20
-92.3203199999999953
11
178.1364299999999901
21
-92.4278750000000002
0
LINE
8
BLACK
6
CONTINUOUS
10
178.1364299999999901
20
-92.4278750000000002
11
178.0167079999999942
21
-92.504815999999991
0
LINE
8
BLACK
6
CONTINUOUS
10
178.0167079999999942
20
-92.504815999999991
11
177.880156999999997
21
-92.544910999999999
0
LINE
8
BLACK
6
CONTINUOUS
10
177.880156999999997
20
-92.544910999999999
11
177.737842999999998
21
-92.544910999999999
0
LINE
8
BLACK
6
CONTINUOUS
10
177.737842999999998
20
-92.544910999999999
11
177.6012920000000008
21
-92.504815999999991
0
LINE
8
BLACK
6
CONTINUOUS
10
177.6012920000000008
20
-92.504815999999991
11
177.4815700000000049
21
-92.4278750000000002
0
LINE
8
BLACK
6
CONTINUOUS
10
177.4815700000000049
20
-92.4278750000000002
11
177.3883730000000014
21
-92.3203199999999953
0
LINE
8
BLACK
6
CONTINUOUS
10
177.3883730000000014
20
-92.3203199999999953
11
177.3292539999999917
21
-92.1908659999999998
0
LINE
8
BLACK
6
CONTINUOUS
10
177.3292539999999917
20
-92.1908659999999998
11
177.3089999999999975
21
-92.0499999999999972
0
LINE
8
BLACK
6
CONTINUOUS
10
177.3089999999999975
20
-92.0499999999999972
11
177.3292539999999917
21
-91.9091339999999946
0
LINE
8
BLACK
6
CONTINUOUS
10
177.3292539999999917
20
-91.9091339999999946
11
177.3883730000000014
21
-91.779679999999999
0
LINE
8
BLACK
6
CONTINUOUS
10
177.3883730000000014
20
-91.779679999999999
11
177.4815700000000049
21
-91.6721249999999941
0
LINE
8
BLACK
6
CONTINUOUS
10
177.4815700000000049
20
-91.6721249999999941
11
177.6012920000000008
21
-91.5951839999999891
0
LINE
8
BLACK
6
CONTINUOUS
10
177.6012920000000008
20
-91.5951839999999891
11
177.737842999999998
21
-91.5550889999999953
0
LINE
8
BLACK
6
CONTINUOUS
10
177.737842999999998
20
-91.5550889999999953
11
177.880156999999997
21
-91.5550889999999953
0
LINE
8
BLACK
6
CONTINUOUS
10
177.880156999999997
20
-91.5550889999999953
11
178.0167079999999942
21
-91.5951839999999891
0
LINE
8
BLACK
6
CONTINUOUS
10
155.9717080000000067
20
-91.2651839999999908
11
156.0914300000000026
21
-91.3421249999999958
0
LINE
8
BLACK
6
CONTINUOUS
10
156.0914300000000026
20
-91.3421249999999958
11
156.1846270000000061
21
-91.4496800000000007
0
LINE
8
BLACK
6
CONTINUOUS
10
156.1846270000000061
20
-91.4496800000000007
11
156.2437459999999874
21
-91.5791339999999963
0
LINE
8
BLACK
6
CONTINUOUS
10
156.2437459999999874
20
-91.5791339999999963
11
156.2639999999999816
21
-91.7199999999999989
0
LINE
8
BLACK
6
CONTINUOUS
10
156.2639999999999816
20
-91.7199999999999989
11
156.2437459999999874
21
-91.8608660000000015
0
LINE
8
BLACK
6
CONTINUOUS
10
156.2437459999999874
20
-91.8608660000000015
11
156.1846270000000061
21
-91.990319999999997
0
LINE
8
BLACK
6
CONTINUOUS
10
156.1846270000000061
20
-91.990319999999997
11
156.0914300000000026
21
-92.0978750000000019
0
LINE
8
BLACK
6
CONTINUOUS
10
156.0914300000000026
20
-92.0978750000000019
11
155.9717080000000067
21
-92.1748159999999928
0
LINE
8
BLACK
6
CONTINUOUS
10
155.9717080000000067
20
-92.1748159999999928
11
155.8351569999999811
21
-92.2149110000000007
0
LINE
8
BLACK
6
CONTINUOUS
10
155.8351569999999811
20
-92.2149110000000007
11
155.6928429999999821
21
-92.2149110000000007
0
LINE
8
BLACK
6
CONTINUOUS
10
155.6928429999999821
20
-92.2149110000000007
11
155.5562919999999849
21
-92.1748159999999928
0
LINE
8
BLACK
6
CONTINUOUS
10
155.5562919999999849
20
-92.1748159999999928
11
155.436569999999989
21
-92.0978750000000019
0
LINE
8
BLACK
6
CONTINUOUS
10
155.436569999999989
20
-92.0978750000000019
11
155.3433729999999855
21
-91.990319999999997
0
LINE
8
BLACK
6
CONTINUOUS
10
155.3433729999999855
20
-91.990319999999997
11
155.2842540000000042
21
-91.8608660000000015
0
LINE
8
BLACK
6
CONTINUOUS
10
155.2842540000000042
20
-91.8608660000000015
11
155.2639999999999816
21
-91.7199999999999989
0
LINE
8
BLACK
6
CONTINUOUS
10
155.2639999999999816
20
-91.7199999999999989
11
155.2842540000000042
21
-91.5791339999999963
0
LINE
8
BLACK
6
CONTINUOUS
10
155.2842540000000042
20
-91.5791339999999963
11
155.3433729999999855
21
-91.4496800000000007
0
LINE
8
BLACK
6
CONTINUOUS
10
155.3433729999999855
20
-91.4496800000000007
11
155.436569999999989
21
-91.3421249999999958
0
LINE
8
BLACK
6
CONTINUOUS
10
155.436569999999989
20
-91.3421249999999958
11
155.5562919999999849
21
-91.2651839999999908
0
LINE
8
BLACK
6
CONTINUOUS
10
155.5562919999999849
20
-91.2651839999999908
11
155.6928429999999821
21
-91.225088999999997
0
LINE
8
BLACK
6
CONTINUOUS
10
155.6928429999999821
20
-91.225088999999997
11
155.8351569999999811
21
-91.225088999999997
0
LINE
8
BLACK
6
CONTINUOUS
10
155.8351569999999811
20
-91.225088999999997
11
155.9717080000000067
21
-91.2651839999999908
0
LINE
8
BLACK
6
CONTINUOUS
10
180.6417079999999942
20
-91.0951839999999891
11
180.7614299999999901
21
-91.1721249999999941
0
LINE
8
BLACK
6
CONTINUOUS
10
180.7614299999999901
20
-91.1721249999999941
11
180.8546269999999936
21
-91.279679999999999
0
LINE
8
BLACK
6
CONTINUOUS
10
180.8546269999999936
20
-91.279679999999999
11
180.9137460000000033
21
-91.4091339999999946
0
LINE
8
BLACK
6
CONTINUOUS
10
180.9137460000000033
20
-91.4091339999999946
11
180.9339999999999975
21
-91.5499999999999972
0
LINE
8
BLACK
6
CONTINUOUS
10
180.9339999999999975
20
-91.5499999999999972
11
180.9137460000000033
21
-91.6908659999999998
0
LINE
8
BLACK
6
CONTINUOUS
10
180.9137460000000033
20
-91.6908659999999998
11
180.8546269999999936
21
-91.8203199999999953
0
LINE
8
BLACK
6
CONTINUOUS
10
180.8546269999999936
20
-91.8203199999999953
11
180.7614299999999901
21
-91.9278750000000002
0
LINE
8
BLACK
6
CONTINUOUS
10
180.7614299999999901
20
-91.9278750000000002
11
180.6417079999999942
21
-92.004815999999991
0
LINE
8
BLACK
6
CONTINUOUS
10
180.6417079999999942
20
-92.004815999999991
11
180.505156999999997
21
-92.044910999999999
0
LINE
8
BLACK
6
CONTINUOUS
10
180.505156999999997
20
-92.044910999999999
11
180.362842999999998
21
-92.044910999999999
0
LINE
8
BLACK
6
CONTINUOUS
10
180.362842999999998
20
-92.044910999999999
11
180.2262920000000008
21
-92.004815999999991
0
LINE
8
BLACK
6
CONTINUOUS
10
180.2262920000000008
20
-92.004815999999991
11
180.1065700000000049
21
-91.9278750000000002
0
LINE
8
BLACK
6
CONTINUOUS
10
180.1065700000000049
20
-91.9278750000000002
11
180.0133730000000014
21
-91.8203199999999953
0
LINE
8
BLACK
6
CONTINUOUS
10
180.0133730000000014
20
-91.8203199999999953
11
179.9542539999999917
21
-91.6908659999999998
0
LINE
8
BLACK
6
CONTINUOUS
10
179.9542539999999917
20
-91.6908659999999998
11
179.9339999999999975
21
-91.5499999999999972
0
LINE
8
BLACK
6
CONTINUOUS
10
179.9339999999999975
20
-91.5499999999999972
11
179.9542539999999917
21
-91.4091339999999946
0
LINE
8
BLACK
6
CONTINUOUS
10
179.9542539999999917
20
-91.4091339999999946
11
180.0133730000000014
21
-91.279679999999999
0
LINE
8
BLACK
6
CONTINUOUS
10
180.0133730000000014
20
-91.279679999999999
11
180.1065700000000049
21
-91.1721249999999941
0
LINE
8
BLACK
6
CONTINUOUS
10
180.1065700000000049
20
-91.1721249999999941
11
180.2262920000000008
21
-91.0951839999999891
0
LINE
8
BLACK
6
CONTINUOUS
10
180.2262920000000008
20
-91.0951839999999891
11
180.362842999999998
21
-91.0550889999999953
0
LINE
8
BLACK
6
CONTINUOUS
10
180.362842999999998
20
-91.0550889999999953
11
180.505156999999997
21
-91.0550889999999953
0
LINE
8
BLACK
6
CONTINUOUS
10
180.505156999999997
20
-91.0550889999999953
11
180.6417079999999942
21
-91.0951839999999891
0
LINE
8
BLACK
6
CONTINUOUS
10
171.362386999999984
20
-90.9305789999999945
11
171.4394379999999956
21
-90.9820619999999991
0
LINE
8
BLACK
6
CONTINUOUS
10
171.4394379999999956
20
-90.9820619999999991
11
171.490920999999986
21
-91.0591129999999964
0
LINE
8
BLACK
6
CONTINUOUS
10
171.490920999999986
20
-91.0591129999999964
11
171.5089999999999861
21
-91.1499999999999915
0
LINE
8
BLACK
6
CONTINUOUS
10
171.5089999999999861
20
-91.1499999999999915
11
171.5089999999999861
21
-91.75
0
LINE
8
BLACK
6
CONTINUOUS
10
171.5089999999999861
20
-91.75
11
171.490920999999986
21
-91.8408869999999951
0
LINE
8
BLACK
6
CONTINUOUS
10
171.490920999999986
20
-91.8408869999999951
11
171.4394379999999956
21
-91.9179379999999924
0
LINE
8
BLACK
6
CONTINUOUS
10
171.4394379999999956
20
-91.9179379999999924
11
171.362386999999984
21
-91.969420999999997
0
LINE
8
BLACK
6
CONTINUOUS
10
171.362386999999984
20
-91.969420999999997
11
171.2715000000000032
21
-91.9874999999999972
0
LINE
8
BLACK
6
CONTINUOUS
10
171.2715000000000032
20
-91.9874999999999972
11
170.7964999999999804
21
-91.9874999999999972
0
LINE
8
BLACK
6
CONTINUOUS
10
170.7964999999999804
20
-91.9874999999999972
11
170.7056129999999996
21
-91.969420999999997
0
LINE
8
BLACK
6
CONTINUOUS
10
170.7056129999999996
20
-91.969420999999997
11
170.6285619999999881
21
-91.9179379999999924
0
LINE
8
BLACK
6
CONTINUOUS
10
170.6285619999999881
20
-91.9179379999999924
11
170.5770789999999977
21
-91.8408869999999951
0
LINE
8
BLACK
6
CONTINUOUS
10
170.5770789999999977
20
-91.8408869999999951
11
170.5589999999999975
21
-91.75
0
LINE
8
BLACK
6
CONTINUOUS
10
170.5589999999999975
20
-91.75
11
170.5589999999999975
21
-91.1499999999999915
0
LINE
8
BLACK
6
CONTINUOUS
10
170.5589999999999975
20
-91.1499999999999915
11
170.5770789999999977
21
-91.0591129999999964
0
LINE
8
BLACK
6
CONTINUOUS
10
170.5770789999999977
20
-91.0591129999999964
11
170.6285619999999881
21
-90.9820619999999991
0
LINE
8
BLACK
6
CONTINUOUS
10
170.6285619999999881
20
-90.9820619999999991
11
170.7056129999999996
21
-90.9305789999999945
0
LINE
8
BLACK
6
CONTINUOUS
10
170.7056129999999996
20
-90.9305789999999945
11
170.7964999999999804
21
-90.9124999999999943
0
LINE
8
BLACK
6
CONTINUOUS
10
170.7964999999999804
20
-90.9124999999999943
11
171.2715000000000032
21
-90.9124999999999943
0
LINE
8
BLACK
6
CONTINUOUS
10
171.2715000000000032
20
-90.9124999999999943
11
171.362386999999984
21
-90.9305789999999945
0
LINE
8
BLACK
6
CONTINUOUS
10
164.4877009999999871
20
-90.2682089999999988
11
164.5120330000000024
21
-90.2844669999999923
0
LINE
8
BLACK
6
CONTINUOUS
10
164.5120330000000024
20
-90.2844669999999923
11
164.5282909999999958
21
-90.3087989999999934
0
LINE
8
BLACK
6
CONTINUOUS
10
164.5282909999999958
20
-90.3087989999999934
11
164.5339999999999918
21
-90.3374999999999915
0
LINE
8
BLACK
6
CONTINUOUS
10
164.5339999999999918
20
-90.3374999999999915
11
164.5339999999999918
21
-91.6624999999999943
0
LINE
8
BLACK
6
CONTINUOUS
10
164.5339999999999918
20
-91.6624999999999943
11
164.5282909999999958
21
-91.6912009999999924
0
LINE
8
BLACK
6
CONTINUOUS
10
164.5282909999999958
20
-91.6912009999999924
11
164.5120330000000024
21
-91.7155329999999935
0
LINE
8
BLACK
6
CONTINUOUS
10
164.5120330000000024
20
-91.7155329999999935
11
164.4877009999999871
21
-91.7317910000000012
0
LINE
8
BLACK
6
CONTINUOUS
10
164.4877009999999871
20
-91.7317910000000012
11
164.4590000000000032
21
-91.7374999999999972
0
LINE
8
BLACK
6
CONTINUOUS
10
164.4590000000000032
20
-91.7374999999999972
11
164.3089999999999975
21
-91.7374999999999972
0
LINE
8
BLACK
6
CONTINUOUS
10
164.3089999999999975
20
-91.7374999999999972
11
164.2802989999999852
21
-91.7317910000000012
0
LINE
8
BLACK
6
CONTINUOUS
10
164.2802989999999852
20
-91.7317910000000012
11
164.2559669999999983
21
-91.7155329999999935
0
LINE
8
BLACK
6
CONTINUOUS
10
164.2559669999999983
20
-91.7155329999999935
11
164.2397090000000048
21
-91.6912009999999924
0
LINE
8
BLACK
6
CONTINUOUS
10
164.2397090000000048
20
-91.6912009999999924
11
164.2339999999999804
21
-91.6624999999999943
0
LINE
8
BLACK
6
CONTINUOUS
10
164.2339999999999804
20
-91.6624999999999943
11
164.2339999999999804
21
-90.3374999999999915
0
LINE
8
BLACK
6
CONTINUOUS
10
164.2339999999999804
20
-90.3374999999999915
11
164.2397090000000048
21
-90.3087989999999934
0
LINE
8
BLACK
6
CONTINUOUS
10
164.2397090000000048
20
-90.3087989999999934
11
164.2559669999999983
21
-90.2844669999999923
0
LINE
8
BLACK
6
CONTINUOUS
10
164.2559669999999983
20
-90.2844669999999923
11
164.2802989999999852
21
-90.2682089999999988
0
LINE
8
BLACK
6
CONTINUOUS
10
164.2802989999999852
20
-90.2682089999999988
11
164.3089999999999975
21
-90.2625000000000028
0
LINE
8
BLACK
6
CONTINUOUS
10
164.3089999999999975
20
-90.2625000000000028
11
164.4590000000000032
21
-90.2625000000000028
0
LINE
8
BLACK
6
CONTINUOUS
10
164.4590000000000032
20
-90.2625000000000028
11
164.4877009999999871
21
-90.2682089999999988
0
LINE
8
BLACK
6
CONTINUOUS
10
164.9877009999999871
20
-90.2682089999999988
11
165.0120330000000024
21
-90.2844669999999923
0
LINE
8
BLACK
6
CONTINUOUS
10
165.0120330000000024
20
-90.2844669999999923
11
165.0282909999999958
21
-90.3087989999999934
0
LINE
8
BLACK
6
CONTINUOUS
10
165.0282909999999958
20
-90.3087989999999934
11
165.0339999999999918
21
-90.3374999999999915
0
LINE
8
BLACK
6
CONTINUOUS
10
165.0339999999999918
20
-90.3374999999999915
11
165.0339999999999918
21
-91.6624999999999943
0
LINE
8
BLACK
6
CONTINUOUS
10
165.0339999999999918
20
-91.6624999999999943
11
165.0282909999999958
21
-91.6912009999999924
0
LINE
8
BLACK
6
CONTINUOUS
10
165.0282909999999958
20
-91.6912009999999924
11
165.0120330000000024
21
-91.7155329999999935
0
LINE
8
BLACK
6
CONTINUOUS
10
165.0120330000000024
20
-91.7155329999999935
11
164.9877009999999871
21
-91.7317910000000012
0
LINE
8
BLACK
6
CONTINUOUS
10
164.9877009999999871
20
-91.7317910000000012
11
164.9590000000000032
21
-91.7374999999999972
0
LINE
8
BLACK
6
CONTINUOUS
10
164.9590000000000032
20
-91.7374999999999972
11
164.8089999999999975
21
-91.7374999999999972
0
LINE
8
BLACK
6
CONTINUOUS
10
164.8089999999999975
20
-91.7374999999999972
11
164.7802989999999852
21
-91.7317910000000012
0
LINE
8
BLACK
6
CONTINUOUS
10
164.7802989999999852
20
-91.7317910000000012
11
164.7559669999999983
21
-91.7155329999999935
0
LINE
8
BLACK
6
CONTINUOUS
10
164.7559669999999983
20
-91.7155329999999935
11
164.7397090000000048
21
-91.6912009999999924
0
LINE
8
BLACK
6
CONTINUOUS
10
164.7397090000000048
20
-91.6912009999999924
11
164.7339999999999804
21
-91.6624999999999943
0
LINE
8
BLACK
6
CONTINUOUS
10
164.7339999999999804
20
-91.6624999999999943
11
164.7339999999999804
21
-90.3374999999999915
0
LINE
8
BLACK
6
CONTINUOUS
10
164.7339999999999804
20
-90.3374999999999915
11
164.7397090000000048
21
-90.3087989999999934
0
LINE
8
BLACK
6
CONTINUOUS
10
164.7397090000000048
20
-90.3087989999999934
11
164.7559669999999983
21
-90.2844669999999923
0
LINE
8
BLACK
6
CONTINUOUS
10
164.7559669999999983
20
-90.2844669999999923
11
164.7802989999999852
21
-90.2682089999999988
0
LINE
8
BLACK
6
CONTINUOUS
10
164.7802989999999852
20
-90.2682089999999988
11
164.8089999999999975
21
-90.2625000000000028
0
LINE
8
BLACK
6
CONTINUOUS
10
164.8089999999999975
20
-90.2625000000000028
11
164.9590000000000032
21
-90.2625000000000028
0
LINE
8
BLACK
6
CONTINUOUS
10
164.9590000000000032
20
-90.2625000000000028
11
164.9877009999999871
21
-90.2682089999999988
0
LINE
8
BLACK
6
CONTINUOUS
10
165.4877009999999871
20
-90.2682089999999988
11
165.5120330000000024
21
-90.2844669999999923
0
LINE
8
BLACK
6
CONTINUOUS
10
165.5120330000000024
20
-90.2844669999999923
11
165.5282909999999958
21
-90.3087989999999934
0
LINE
8
BLACK
6
CONTINUOUS
10
165.5282909999999958
20
-90.3087989999999934
11
165.5339999999999918
21
-90.3374999999999915
0
LINE
8
BLACK
6
CONTINUOUS
10
165.5339999999999918
20
-90.3374999999999915
11
165.5339999999999918
21
-91.6624999999999943
0
LINE
8
BLACK
6
CONTINUOUS
10
165.5339999999999918
20
-91.6624999999999943
11
165.5282909999999958
21
-91.6912009999999924
0
LINE
8
BLACK
6
CONTINUOUS
10
165.5282909999999958
20
-91.6912009999999924
11
165.5120330000000024
21
-91.7155329999999935
0
LINE
8
BLACK
6
CONTINUOUS
10
165.5120330000000024
20
-91.7155329999999935
11
165.4877009999999871
21
-91.7317910000000012
0
LINE
8
BLACK
6
CONTINUOUS
10
165.4877009999999871
20
-91.7317910000000012
11
165.4590000000000032
21
-91.7374999999999972
0
LINE
8
BLACK
6
CONTINUOUS
10
165.4590000000000032
20
-91.7374999999999972
11
165.3089999999999975
21
-91.7374999999999972
0
LINE
8
BLACK
6
CONTINUOUS
10
165.3089999999999975
20
-91.7374999999999972
11
165.2802989999999852
21
-91.7317910000000012
0
LINE
8
BLACK
6
CONTINUOUS
10
165.2802989999999852
20
-91.7317910000000012
11
165.2559669999999983
21
-91.7155329999999935
0
LINE
8
BLACK
6
CONTINUOUS
10
165.2559669999999983
20
-91.7155329999999935
11
165.2397090000000048
21
-91.6912009999999924
0
LINE
8
BLACK
6
CONTINUOUS
10
165.2397090000000048
20
-91.6912009999999924
11
165.2339999999999804
21
-91.6624999999999943
0
LINE
8
BLACK
6
CONTINUOUS
10
165.2339999999999804
20
-91.6624999999999943
11
165.2339999999999804
21
-90.3374999999999915
0
LINE
8
BLACK
6
CONTINUOUS
10
165.2339999999999804
20
-90.3374999999999915
11
165.2397090000000048
21
-90.3087989999999934
0
LINE
8
BLACK
6
CONTINUOUS
10
165.2397090000000048
20
-90.3087989999999934
11
165.2559669999999983
21
-90.2844669999999923
0
LINE
8
BLACK
6
CONTINUOUS
10
165.2559669999999983
20
-90.2844669999999923
11
165.2802989999999852
21
-90.2682089999999988
0
LINE
8
BLACK
6
CONTINUOUS
10
165.2802989999999852
20
-90.2682089999999988
11
165.3089999999999975
21
-90.2625000000000028
0
LINE
8
BLACK
6
CONTINUOUS
10
165.3089999999999975
20
-90.2625000000000028
11
165.4590000000000032
21
-90.2625000000000028
0
LINE
8
BLACK
6
CONTINUOUS
10
165.4590000000000032
20
-90.2625000000000028
11
165.4877009999999871
21
-90.2682089999999988
0
LINE
8
BLACK
6
CONTINUOUS
10
165.9877009999999871
20
-90.2682089999999988
11
166.0120330000000024
21
-90.2844669999999923
0
LINE
8
BLACK
6
CONTINUOUS
10
166.0120330000000024
20
-90.2844669999999923
11
166.0282909999999958
21
-90.3087989999999934
0
LINE
8
BLACK
6
CONTINUOUS
10
166.0282909999999958
20
-90.3087989999999934
11
166.0339999999999918
21
-90.3374999999999915
0
LINE
8
BLACK
6
CONTINUOUS
10
166.0339999999999918
20
-90.3374999999999915
11
166.0339999999999918
21
-91.6624999999999943
0
LINE
8
BLACK
6
CONTINUOUS
10
166.0339999999999918
20
-91.6624999999999943
11
166.0282909999999958
21
-91.6912009999999924
0
LINE
8
BLACK
6
CONTINUOUS
10
166.0282909999999958
20
-91.6912009999999924
11
166.0120330000000024
21
-91.7155329999999935
0
LINE
8
BLACK
6
CONTINUOUS
10
166.0120330000000024
20
-91.7155329999999935
11
165.9877009999999871
21
-91.7317910000000012
0
LINE
8
BLACK
6
CONTINUOUS
10
165.9877009999999871
20
-91.7317910000000012
11
165.9590000000000032
21
-91.7374999999999972
0
LINE
8
BLACK
6
CONTINUOUS
10
165.9590000000000032
20
-91.7374999999999972
11
165.8089999999999975
21
-91.7374999999999972
0
LINE
8
BLACK
6
CONTINUOUS
10
165.8089999999999975
20
-91.7374999999999972
11
165.7802989999999852
21
-91.7317910000000012
0
LINE
8
BLACK
6
CONTINUOUS
10
165.7802989999999852
20
-91.7317910000000012
11
165.7559669999999983
21
-91.7155329999999935
0
LINE
8
BLACK
6
CONTINUOUS
10
165.7559669999999983
20
-91.7155329999999935
11
165.7397090000000048
21
-91.6912009999999924
0
LINE
8
BLACK
6
CONTINUOUS
10
165.7397090000000048
20
-91.6912009999999924
11
165.7339999999999804
21
-91.6624999999999943
0
LINE
8
BLACK
6
CONTINUOUS
10
165.7339999999999804
20
-91.6624999999999943
11
165.7339999999999804
21
-90.3374999999999915
0
LINE
8
BLACK
6
CONTINUOUS
10
165.7339999999999804
20
-90.3374999999999915
11
165.7397090000000048
21
-90.3087989999999934
0
LINE
8
BLACK
6
CONTINUOUS
10
165.7397090000000048
20
-90.3087989999999934
11
165.7559669999999983
21
-90.2844669999999923
0
LINE
8
BLACK
6
CONTINUOUS
10
165.7559669999999983
20
-90.2844669999999923
11
165.7802989999999852
21
-90.2682089999999988
0
LINE
8
BLACK
6
CONTINUOUS
10
165.7802989999999852
20
-90.2682089999999988
11
165.8089999999999975
21
-90.2625000000000028
0
LINE
8
BLACK
6
CONTINUOUS
10
165.8089999999999975
20
-90.2625000000000028
11
165.9590000000000032
21
-90.2625000000000028
0
LINE
8
BLACK
6
CONTINUOUS
10
165.9590000000000032
20
-90.2625000000000028
11
165.9877009999999871
21
-90.2682089999999988
0
LINE
8
BLACK
6
CONTINUOUS
10
166.4877009999999871
20
-90.2682089999999988
11
166.5120330000000024
21
-90.2844669999999923
0
LINE
8
BLACK
6
CONTINUOUS
10
166.5120330000000024
20
-90.2844669999999923
11
166.5282909999999958
21
-90.3087989999999934
0
LINE
8
BLACK
6
CONTINUOUS
10
166.5282909999999958
20
-90.3087989999999934
11
166.5339999999999918
21
-90.3374999999999915
0
LINE
8
BLACK
6
CONTINUOUS
10
166.5339999999999918
20
-90.3374999999999915
11
166.5339999999999918
21
-91.6624999999999943
0
LINE
8
BLACK
6
CONTINUOUS
10
166.5339999999999918
20
-91.6624999999999943
11
166.5282909999999958
21
-91.6912009999999924
0
LINE
8
BLACK
6
CONTINUOUS
10
166.5282909999999958
20
-91.6912009999999924
11
166.5120330000000024
21
-91.7155329999999935
0
LINE
8
BLACK
6
CONTINUOUS
10
166.5120330000000024
20
-91.7155329999999935
11
166.4877009999999871
21
-91.7317910000000012
0
LINE
8
BLACK
6
CONTINUOUS
10
166.4877009999999871
20
-91.7317910000000012
11
166.4590000000000032
21
-91.7374999999999972
0
LINE
8
BLACK
6
CONTINUOUS
10
166.4590000000000032
20
-91.7374999999999972
11
166.3089999999999975
21
-91.7374999999999972
0
LINE
8
BLACK
6
CONTINUOUS
10
166.3089999999999975
20
-91.7374999999999972
11
166.2802989999999852
21
-91.7317910000000012
0
LINE
8
BLACK
6
CONTINUOUS
10
166.2802989999999852
20
-91.7317910000000012
11
166.2559669999999983
21
-91.7155329999999935
0
LINE
8
BLACK
6
CONTINUOUS
10
166.2559669999999983
20
-91.7155329999999935
11
166.2397090000000048
21
-91.6912009999999924
0
LINE
8
BLACK
6
CONTINUOUS
10
166.2397090000000048
20
-91.6912009999999924
11
166.2339999999999804
21
-91.6624999999999943
0
LINE
8
BLACK
6
CONTINUOUS
10
166.2339999999999804
20
-91.6624999999999943
11
166.2339999999999804
21
-90.3374999999999915
0
LINE
8
BLACK
6
CONTINUOUS
10
166.2339999999999804
20
-90.3374999999999915
11
166.2397090000000048
21
-90.3087989999999934
0
LINE
8
BLACK
6
CONTINUOUS
10
166.2397090000000048
20
-90.3087989999999934
11
166.2559669999999983
21
-90.2844669999999923
0
LINE
8
BLACK
6
CONTINUOUS
10
166.2559669999999983
20
-90.2844669999999923
11
166.2802989999999852
21
-90.2682089999999988
0
LINE
8
BLACK
6
CONTINUOUS
10
166.2802989999999852
20
-90.2682089999999988
11
166.3089999999999975
21
-90.2625000000000028
0
LINE
8
BLACK
6
CONTINUOUS
10
166.3089999999999975
20
-90.2625000000000028
11
166.4590000000000032
21
-90.2625000000000028
0
LINE
8
BLACK
6
CONTINUOUS
10
166.4590000000000032
20
-90.2625000000000028
11
166.4877009999999871
21
-90.2682089999999988
0
LINE
8
BLACK
6
CONTINUOUS
10
166.9877009999999871
20
-90.2682089999999988
11
167.0120330000000024
21
-90.2844669999999923
0
LINE
8
BLACK
6
CONTINUOUS
10
167.0120330000000024
20
-90.2844669999999923
11
167.0282909999999958
21
-90.3087989999999934
0
LINE
8
BLACK
6
CONTINUOUS
10
167.0282909999999958
20
-90.3087989999999934
11
167.0339999999999918
21
-90.3374999999999915
0
LINE
8
BLACK
6
CONTINUOUS
10
167.0339999999999918
20
-90.3374999999999915
11
167.0339999999999918
21
-91.6624999999999943
0
LINE
8
BLACK
6
CONTINUOUS
10
167.0339999999999918
20
-91.6624999999999943
11
167.0282909999999958
21
-91.6912009999999924
0
LINE
8
BLACK
6
CONTINUOUS
10
167.0282909999999958
20
-91.6912009999999924
11
167.0120330000000024
21
-91.7155329999999935
0
LINE
8
BLACK
6
CONTINUOUS
10
167.0120330000000024
20
-91.7155329999999935
11
166.9877009999999871
21
-91.7317910000000012
0
LINE
8
BLACK
6
CONTINUOUS
10
166.9877009999999871
20
-91.7317910000000012
11
166.9590000000000032
21
-91.7374999999999972
0
LINE
8
BLACK
6
CONTINUOUS
10
166.9590000000000032
20
-91.7374999999999972
11
166.8089999999999975
21
-91.7374999999999972
0
LINE
8
BLACK
6
CONTINUOUS
10
166.8089999999999975
20
-91.7374999999999972
11
166.7802989999999852
21
-91.7317910000000012
0
LINE
8
BLACK
6
CONTINUOUS
10
166.7802989999999852
20
-91.7317910000000012
11
166.7559669999999983
21
-91.7155329999999935
0
LINE
8
BLACK
6
CONTINUOUS
10
166.7559669999999983
20
-91.7155329999999935
11
166.7397090000000048
21
-91.6912009999999924
0
LINE
8
BLACK
6
CONTINUOUS
10
166.7397090000000048
20
-91.6912009999999924
11
166.7339999999999804
21
-91.6624999999999943
0
LINE
8
BLACK
6
CONTINUOUS
10
166.7339999999999804
20
-91.6624999999999943
11
166.7339999999999804
21
-90.3374999999999915
0
LINE
8
BLACK
6
CONTINUOUS
10
166.7339999999999804
20
-90.3374999999999915
11
166.7397090000000048
21
-90.3087989999999934
0
LINE
8
BLACK
6
CONTINUOUS
10
166.7397090000000048
20
-90.3087989999999934
11
166.7559669999999983
21
-90.2844669999999923
0
LINE
8
BLACK
6
CONTINUOUS
10
166.7559669999999983
20
-90.2844669999999923
11
166.7802989999999852
21
-90.2682089999999988
0
LINE
8
BLACK
6
CONTINUOUS
10
166.7802989999999852
20
-90.2682089999999988
11
166.8089999999999975
21
-90.2625000000000028
0
LINE
8
BLACK
6
CONTINUOUS
10
166.8089999999999975
20
-90.2625000000000028
11
166.9590000000000032
21
-90.2625000000000028
0
LINE
8
BLACK
6
CONTINUOUS
10
166.9590000000000032
20
-90.2625000000000028
11
166.9877009999999871
21
-90.2682089999999988
0
LINE
8
BLACK
6
CONTINUOUS
10
167.4877009999999871
20
-90.2682089999999988
11
167.5120330000000024
21
-90.2844669999999923
0
LINE
8
BLACK
6
CONTINUOUS
10
167.5120330000000024
20
-90.2844669999999923
11
167.5282909999999958
21
-90.3087989999999934
0
LINE
8
BLACK
6
CONTINUOUS
10
167.5282909999999958
20
-90.3087989999999934
11
167.5339999999999918
21
-90.3374999999999915
0
LINE
8
BLACK
6
CONTINUOUS
10
167.5339999999999918
20
-90.3374999999999915
11
167.5339999999999918
21
-91.6624999999999943
0
LINE
8
BLACK
6
CONTINUOUS
10
167.5339999999999918
20
-91.6624999999999943
11
167.5282909999999958
21
-91.6912009999999924
0
LINE
8
BLACK
6
CONTINUOUS
10
167.5282909999999958
20
-91.6912009999999924
11
167.5120330000000024
21
-91.7155329999999935
0
LINE
8
BLACK
6
CONTINUOUS
10
167.5120330000000024
20
-91.7155329999999935
11
167.4877009999999871
21
-91.7317910000000012
0
LINE
8
BLACK
6
CONTINUOUS
10
167.4877009999999871
20
-91.7317910000000012
11
167.4590000000000032
21
-91.7374999999999972
0
LINE
8
BLACK
6
CONTINUOUS
10
167.4590000000000032
20
-91.7374999999999972
11
167.3089999999999975
21
-91.7374999999999972
0
LINE
8
BLACK
6
CONTINUOUS
10
167.3089999999999975
20
-91.7374999999999972
11
167.2802989999999852
21
-91.7317910000000012
0
LINE
8
BLACK
6
CONTINUOUS
10
167.2802989999999852
20
-91.7317910000000012
11
167.2559669999999983
21
-91.7155329999999935
0
LINE
8
BLACK
6
CONTINUOUS
10
167.2559669999999983
20
-91.7155329999999935
11
167.2397090000000048
21
-91.6912009999999924
0
LINE
8
BLACK
6
CONTINUOUS
10
167.2397090000000048
20
-91.6912009999999924
11
167.2339999999999804
21
-91.6624999999999943
0
LINE
8
BLACK
6
CONTINUOUS
10
167.2339999999999804
20
-91.6624999999999943
11
167.2339999999999804
21
-90.3374999999999915
0
LINE
8
BLACK
6
CONTINUOUS
10
167.2339999999999804
20
-90.3374999999999915
11
167.2397090000000048
21
-90.3087989999999934
0
LINE
8
BLACK
6
CONTINUOUS
10
167.2397090000000048
20
-90.3087989999999934
11
167.2559669999999983
21
-90.2844669999999923
0
LINE
8
BLACK
6
CONTINUOUS
10
167.2559669999999983
20
-90.2844669999999923
11
167.2802989999999852
21
-90.2682089999999988
0
LINE
8
BLACK
6
CONTINUOUS
10
167.2802989999999852
20
-90.2682089999999988
11
167.3089999999999975
21
-90.2625000000000028
0
LINE
8
BLACK
6
CONTINUOUS
10
167.3089999999999975
20
-90.2625000000000028
11
167.4590000000000032
21
-90.2625000000000028
0
LINE
8
BLACK
6
CONTINUOUS
10
167.4590000000000032
20
-90.2625000000000028
11
167.4877009999999871
21
-90.2682089999999988
0
LINE
8
BLACK
6
CONTINUOUS
10
167.9877009999999871
20
-90.2682089999999988
11
168.0120330000000024
21
-90.2844669999999923
0
LINE
8
BLACK
6
CONTINUOUS
10
168.0120330000000024
20
-90.2844669999999923
11
168.0282909999999958
21
-90.3087989999999934
0
LINE
8
BLACK
6
CONTINUOUS
10
168.0282909999999958
20
-90.3087989999999934
11
168.0339999999999918
21
-90.3374999999999915
0
LINE
8
BLACK
6
CONTINUOUS
10
168.0339999999999918
20
-90.3374999999999915
11
168.0339999999999918
21
-91.6624999999999943
0
LINE
8
BLACK
6
CONTINUOUS
10
168.0339999999999918
20
-91.6624999999999943
11
168.0282909999999958
21
-91.6912009999999924
0
LINE
8
BLACK
6
CONTINUOUS
10
168.0282909999999958
20
-91.6912009999999924
11
168.0120330000000024
21
-91.7155329999999935
0
LINE
8
BLACK
6
CONTINUOUS
10
168.0120330000000024
20
-91.7155329999999935
11
167.9877009999999871
21
-91.7317910000000012
0
LINE
8
BLACK
6
CONTINUOUS
10
167.9877009999999871
20
-91.7317910000000012
11
167.9590000000000032
21
-91.7374999999999972
0
LINE
8
BLACK
6
CONTINUOUS
10
167.9590000000000032
20
-91.7374999999999972
11
167.8089999999999975
21
-91.7374999999999972
0
LINE
8
BLACK
6
CONTINUOUS
10
167.8089999999999975
20
-91.7374999999999972
11
167.7802989999999852
21
-91.7317910000000012
0
LINE
8
BLACK
6
CONTINUOUS
10
167.7802989999999852
20
-91.7317910000000012
11
167.7559669999999983
21
-91.7155329999999935
0
LINE
8
BLACK
6
CONTINUOUS
10
167.7559669999999983
20
-91.7155329999999935
11
167.7397090000000048
21
-91.6912009999999924
0
LINE
8
BLACK
6
CONTINUOUS
10
167.7397090000000048
20
-91.6912009999999924
11
167.7339999999999804
21
-91.6624999999999943
0
LINE
8
BLACK
6
CONTINUOUS
10
167.7339999999999804
20
-91.6624999999999943
11
167.7339999999999804
21
-90.3374999999999915
0
LINE
8
BLACK
6
CONTINUOUS
10
167.7339999999999804
20
-90.3374999999999915
11
167.7397090000000048
21
-90.3087989999999934
0
LINE
8
BLACK
6
CONTINUOUS
10
167.7397090000000048
20
-90.3087989999999934
11
167.7559669999999983
21
-90.2844669999999923
0
LINE
8
BLACK
6
CONTINUOUS
10
167.7559669999999983
20
-90.2844669999999923
11
167.7802989999999852
21
-90.2682089999999988
0
LINE
8
BLACK
6
CONTINUOUS
10
167.7802989999999852
20
-90.2682089999999988
11
167.8089999999999975
21
-90.2625000000000028
0
LINE
8
BLACK
6
CONTINUOUS
10
167.8089999999999975
20
-90.2625000000000028
11
167.9590000000000032
21
-90.2625000000000028
0
LINE
8
BLACK
6
CONTINUOUS
10
167.9590000000000032
20
-90.2625000000000028
11
167.9877009999999871
21
-90.2682089999999988
0
LINE
8
BLACK
6
CONTINUOUS
10
168.4877009999999871
20
-90.2682089999999988
11
168.5120330000000024
21
-90.2844669999999923
0
LINE
8
BLACK
6
CONTINUOUS
10
168.5120330000000024
20
-90.2844669999999923
11
168.5282909999999958
21
-90.3087989999999934
0
LINE
8
BLACK
6
CONTINUOUS
10
168.5282909999999958
20
-90.3087989999999934
11
168.5339999999999918
21
-90.3374999999999915
0
LINE
8
BLACK
6
CONTINUOUS
10
168.5339999999999918
20
-90.3374999999999915
11
168.5339999999999918
21
-91.6624999999999943
0
LINE
8
BLACK
6
CONTINUOUS
10
168.5339999999999918
20
-91.6624999999999943
11
168.5282909999999958
21
-91.6912009999999924
0
LINE
8
BLACK
6
CONTINUOUS
10
168.5282909999999958
20
-91.6912009999999924
11
168.5120330000000024
21
-91.7155329999999935
0
LINE
8
BLACK
6
CONTINUOUS
10
168.5120330000000024
20
-91.7155329999999935
11
168.4877009999999871
21
-91.7317910000000012
0
LINE
8
BLACK
6
CONTINUOUS
10
168.4877009999999871
20
-91.7317910000000012
11
168.4590000000000032
21
-91.7374999999999972
0
LINE
8
BLACK
6
CONTINUOUS
10
168.4590000000000032
20
-91.7374999999999972
11
168.3089999999999975
21
-91.7374999999999972
0
LINE
8
BLACK
6
CONTINUOUS
10
168.3089999999999975
20
-91.7374999999999972
11
168.2802989999999852
21
-91.7317910000000012
0
LINE
8
BLACK
6
CONTINUOUS
10
168.2802989999999852
20
-91.7317910000000012
11
168.2559669999999983
21
-91.7155329999999935
0
LINE
8
BLACK
6
CONTINUOUS
10
168.2559669999999983
20
-91.7155329999999935
11
168.2397090000000048
21
-91.6912009999999924
0
LINE
8
BLACK
6
CONTINUOUS
10
168.2397090000000048
20
-91.6912009999999924
11
168.2339999999999804
21
-91.6624999999999943
0
LINE
8
BLACK
6
CONTINUOUS
10
168.2339999999999804
20
-91.6624999999999943
11
168.2339999999999804
21
-90.3374999999999915
0
LINE
8
BLACK
6
CONTINUOUS
10
168.2339999999999804
20
-90.3374999999999915
11
168.2397090000000048
21
-90.3087989999999934
0
LINE
8
BLACK
6
CONTINUOUS
10
168.2397090000000048
20
-90.3087989999999934
11
168.2559669999999983
21
-90.2844669999999923
0
LINE
8
BLACK
6
CONTINUOUS
10
168.2559669999999983
20
-90.2844669999999923
11
168.2802989999999852
21
-90.2682089999999988
0
LINE
8
BLACK
6
CONTINUOUS
10
168.2802989999999852
20
-90.2682089999999988
11
168.3089999999999975
21
-90.2625000000000028
0
LINE
8
BLACK
6
CONTINUOUS
10
168.3089999999999975
20
-90.2625000000000028
11
168.4590000000000032
21
-90.2625000000000028
0
LINE
8
BLACK
6
CONTINUOUS
10
168.4590000000000032
20
-90.2625000000000028
11
168.4877009999999871
21
-90.2682089999999988
0
LINE
8
BLACK
6
CONTINUOUS
10
168.9877009999999871
20
-90.2682089999999988
11
169.0120330000000024
21
-90.2844669999999923
0
LINE
8
BLACK
6
CONTINUOUS
10
169.0120330000000024
20
-90.2844669999999923
11
169.0282909999999958
21
-90.3087989999999934
0
LINE
8
BLACK
6
CONTINUOUS
10
169.0282909999999958
20
-90.3087989999999934
11
169.0339999999999918
21
-90.3374999999999915
0
LINE
8
BLACK
6
CONTINUOUS
10
169.0339999999999918
20
-90.3374999999999915
11
169.0339999999999918
21
-91.6624999999999943
0
LINE
8
BLACK
6
CONTINUOUS
10
169.0339999999999918
20
-91.6624999999999943
11
169.0282909999999958
21
-91.6912009999999924
0
LINE
8
BLACK
6
CONTINUOUS
10
169.0282909999999958
20
-91.6912009999999924
11
169.0120330000000024
21
-91.7155329999999935
0
LINE
8
BLACK
6
CONTINUOUS
10
169.0120330000000024
20
-91.7155329999999935
11
168.9877009999999871
21
-91.7317910000000012
0
LINE
8
BLACK
6
CONTINUOUS
10
168.9877009999999871
20
-91.7317910000000012
11
168.9590000000000032
21
-91.7374999999999972
0
LINE
8
BLACK
6
CONTINUOUS
10
168.9590000000000032
20
-91.7374999999999972
11
168.8089999999999975
21
-91.7374999999999972
0
LINE
8
BLACK
6
CONTINUOUS
10
168.8089999999999975
20
-91.7374999999999972
11
168.7802989999999852
21
-91.7317910000000012
0
LINE
8
BLACK
6
CONTINUOUS
10
168.7802989999999852
20
-91.7317910000000012
11
168.7559669999999983
21
-91.7155329999999935
0
LINE
8
BLACK
6
CONTINUOUS
10
168.7559669999999983
20
-91.7155329999999935
11
168.7397090000000048
21
-91.6912009999999924
0
LINE
8
BLACK
6
CONTINUOUS
10
168.7397090000000048
20
-91.6912009999999924
11
168.7339999999999804
21
-91.6624999999999943
0
LINE
8
BLACK
6
CONTINUOUS
10
168.7339999999999804
20
-91.6624999999999943
11
168.7339999999999804
21
-90.3374999999999915
0
LINE
8
BLACK
6
CONTINUOUS
10
168.7339999999999804
20
-90.3374999999999915
11
168.7397090000000048
21
-90.3087989999999934
0
LINE
8
BLACK
6
CONTINUOUS
10
168.7397090000000048
20
-90.3087989999999934
11
168.7559669999999983
21
-90.2844669999999923
0
LINE
8
BLACK
6
CONTINUOUS
10
168.7559669999999983
20
-90.2844669999999923
11
168.7802989999999852
21
-90.2682089999999988
0
LINE
8
BLACK
6
CONTINUOUS
10
168.7802989999999852
20
-90.2682089999999988
11
168.8089999999999975
21
-90.2625000000000028
0
LINE
8
BLACK
6
CONTINUOUS
10
168.8089999999999975
20
-90.2625000000000028
11
168.9590000000000032
21
-90.2625000000000028
0
LINE
8
BLACK
6
CONTINUOUS
10
168.9590000000000032
20
-90.2625000000000028
11
168.9877009999999871
21
-90.2682089999999988
0
LINE
8
BLACK
6
CONTINUOUS
10
169.4877009999999871
20
-90.2682089999999988
11
169.5120330000000024
21
-90.2844669999999923
0
LINE
8
BLACK
6
CONTINUOUS
10
169.5120330000000024
20
-90.2844669999999923
11
169.5282909999999958
21
-90.3087989999999934
0
LINE
8
BLACK
6
CONTINUOUS
10
169.5282909999999958
20
-90.3087989999999934
11
169.5339999999999918
21
-90.3374999999999915
0
LINE
8
BLACK
6
CONTINUOUS
10
169.5339999999999918
20
-90.3374999999999915
11
169.5339999999999918
21
-91.6624999999999943
0
LINE
8
BLACK
6
CONTINUOUS
10
169.5339999999999918
20
-91.6624999999999943
11
169.5282909999999958
21
-91.6912009999999924
0
LINE
8
BLACK
6
CONTINUOUS
10
169.5282909999999958
20
-91.6912009999999924
11
169.5120330000000024
21
-91.7155329999999935
0
LINE
8
BLACK
6
CONTINUOUS
10
169.5120330000000024
20
-91.7155329999999935
11
169.4877009999999871
21
-91.7317910000000012
0
LINE
8
BLACK
6
CONTINUOUS
10
169.4877009999999871
20
-91.7317910000000012
11
169.4590000000000032
21
-91.7374999999999972
0
LINE
8
BLACK
6
CONTINUOUS
10
169.4590000000000032
20
-91.7374999999999972
11
169.3089999999999975
21
-91.7374999999999972
0
LINE
8
BLACK
6
CONTINUOUS
10
169.3089999999999975
20
-91.7374999999999972
11
169.2802989999999852
21
-91.7317910000000012
0
LINE
8
BLACK
6
CONTINUOUS
10
169.2802989999999852
20
-91.7317910000000012
11
169.2559669999999983
21
-91.7155329999999935
0
LINE
8
BLACK
6
CONTINUOUS
10
169.2559669999999983
20
-91.7155329999999935
11
169.2397090000000048
21
-91.6912009999999924
0
LINE
8
BLACK
6
CONTINUOUS
10
169.2397090000000048
20
-91.6912009999999924
11
169.2339999999999804
21
-91.6624999999999943
0
LINE
8
BLACK
6
CONTINUOUS
10
169.2339999999999804
20
-91.6624999999999943
11
169.2339999999999804
21
-90.3374999999999915
0
LINE
8
BLACK
6
CONTINUOUS
10
169.2339999999999804
20
-90.3374999999999915
11
169.2397090000000048
21
-90.3087989999999934
0
LINE
8
BLACK
6
CONTINUOUS
10
169.2397090000000048
20
-90.3087989999999934
11
169.2559669999999983
21
-90.2844669999999923
0
LINE
8
BLACK
6
CONTINUOUS
10
169.2559669999999983
20
-90.2844669999999923
11
169.2802989999999852
21
-90.2682089999999988
0
LINE
8
BLACK
6
CONTINUOUS
10
169.2802989999999852
20
-90.2682089999999988
11
169.3089999999999975
21
-90.2625000000000028
0
LINE
8
BLACK
6
CONTINUOUS
10
169.3089999999999975
20
-90.2625000000000028
11
169.4590000000000032
21
-90.2625000000000028
0
LINE
8
BLACK
6
CONTINUOUS
10
169.4590000000000032
20
-90.2625000000000028
11
169.4877009999999871
21
-90.2682089999999988
0
LINE
8
BLACK
6
CONTINUOUS
10
169.9877009999999871
20
-90.2682089999999988
11
170.0120330000000024
21
-90.2844669999999923
0
LINE
8
BLACK
6
CONTINUOUS
10
170.0120330000000024
20
-90.2844669999999923
11
170.0282909999999958
21
-90.3087989999999934
0
LINE
8
BLACK
6
CONTINUOUS
10
170.0282909999999958
20
-90.3087989999999934
11
170.0339999999999918
21
-90.3374999999999915
0
LINE
8
BLACK
6
CONTINUOUS
10
170.0339999999999918
20
-90.3374999999999915
11
170.0339999999999918
21
-91.6624999999999943
0
LINE
8
BLACK
6
CONTINUOUS
10
170.0339999999999918
20
-91.6624999999999943
11
170.0282909999999958
21
-91.6912009999999924
0
LINE
8
BLACK
6
CONTINUOUS
10
170.0282909999999958
20
-91.6912009999999924
11
170.0120330000000024
21
-91.7155329999999935
0
LINE
8
BLACK
6
CONTINUOUS
10
170.0120330000000024
20
-91.7155329999999935
11
169.9877009999999871
21
-91.7317910000000012
0
LINE
8
BLACK
6
CONTINUOUS
10
169.9877009999999871
20
-91.7317910000000012
11
169.9590000000000032
21
-91.7374999999999972
0
LINE
8
BLACK
6
CONTINUOUS
10
169.9590000000000032
20
-91.7374999999999972
11
169.8089999999999975
21
-91.7374999999999972
0
LINE
8
BLACK
6
CONTINUOUS
10
169.8089999999999975
20
-91.7374999999999972
11
169.7802989999999852
21
-91.7317910000000012
0
LINE
8
BLACK
6
CONTINUOUS
10
169.7802989999999852
20
-91.7317910000000012
11
169.7559669999999983
21
-91.7155329999999935
0
LINE
8
BLACK
6
CONTINUOUS
10
169.7559669999999983
20
-91.7155329999999935
11
169.7397090000000048
21
-91.6912009999999924
0
LINE
8
BLACK
6
CONTINUOUS
10
169.7397090000000048
20
-91.6912009999999924
11
169.7339999999999804
21
-91.6624999999999943
0
LINE
8
BLACK
6
CONTINUOUS
10
169.7339999999999804
20
-91.6624999999999943
11
169.7339999999999804
21
-90.3374999999999915
0
LINE
8
BLACK
6
CONTINUOUS
10
169.7339999999999804
20
-90.3374999999999915
11
169.7397090000000048
21
-90.3087989999999934
0
LINE
8
BLACK
6
CONTINUOUS
10
169.7397090000000048
20
-90.3087989999999934
11
169.7559669999999983
21
-90.2844669999999923
0
LINE
8
BLACK
6
CONTINUOUS
10
169.7559669999999983
20
-90.2844669999999923
11
169.7802989999999852
21
-90.2682089999999988
0
LINE
8
BLACK
6
CONTINUOUS
10
169.7802989999999852
20
-90.2682089999999988
11
169.8089999999999975
21
-90.2625000000000028
0
LINE
8
BLACK
6
CONTINUOUS
10
169.8089999999999975
20
-90.2625000000000028
11
169.9590000000000032
21
-90.2625000000000028
0
LINE
8
BLACK
6
CONTINUOUS
10
169.9590000000000032
20
-90.2625000000000028
11
169.9877009999999871
21
-90.2682089999999988
0
LINE
8
BLACK
6
CONTINUOUS
10
159.9917079999999885
20
-90.3551839999999942
11
160.1114299999999844
21
-90.4321249999999992
0
LINE
8
BLACK
6
CONTINUOUS
10
160.1114299999999844
20
-90.4321249999999992
11
160.2046269999999879
21
-90.5396799999999899
0
LINE
8
BLACK
6
CONTINUOUS
10
160.2046269999999879
20
-90.5396799999999899
11
160.2637459999999976
21
-90.6691339999999997
0
LINE
8
BLACK
6
CONTINUOUS
10
160.2637459999999976
20
-90.6691339999999997
11
160.2839999999999918
21
-90.8100000000000023
0
LINE
8
BLACK
6
CONTINUOUS
10
160.2839999999999918
20
-90.8100000000000023
11
160.2637459999999976
21
-90.9508659999999907
0
LINE
8
BLACK
6
CONTINUOUS
10
160.2637459999999976
20
-90.9508659999999907
11
160.2046269999999879
21
-91.0803200000000004
0
LINE
8
BLACK
6
CONTINUOUS
10
160.2046269999999879
20
-91.0803200000000004
11
160.1114299999999844
21
-91.1878749999999911
0
LINE
8
BLACK
6
CONTINUOUS
10
160.1114299999999844
20
-91.1878749999999911
11
159.9917079999999885
21
-91.2648159999999962
0
LINE
8
BLACK
6
CONTINUOUS
10
159.9917079999999885
20
-91.2648159999999962
11
159.8551569999999913
21
-91.3049109999999899
0
LINE
8
BLACK
6
CONTINUOUS
10
159.8551569999999913
20
-91.3049109999999899
11
159.7128429999999923
21
-91.3049109999999899
0
LINE
8
BLACK
6
CONTINUOUS
10
159.7128429999999923
20
-91.3049109999999899
11
159.5762919999999951
21
-91.2648159999999962
0
LINE
8
BLACK
6
CONTINUOUS
10
159.5762919999999951
20
-91.2648159999999962
11
159.4565699999999993
21
-91.1878749999999911
0
LINE
8
BLACK
6
CONTINUOUS
10
159.4565699999999993
20
-91.1878749999999911
11
159.3633729999999957
21
-91.0803200000000004
0
LINE
8
BLACK
6
CONTINUOUS
10
159.3633729999999957
20
-91.0803200000000004
11
159.304253999999986
21
-90.9508659999999907
0
LINE
8
BLACK
6
CONTINUOUS
10
159.304253999999986
20
-90.9508659999999907
11
159.2839999999999918
21
-90.8100000000000023
0
LINE
8
BLACK
6
CONTINUOUS
10
159.2839999999999918
20
-90.8100000000000023
11
159.304253999999986
21
-90.6691339999999997
0
LINE
8
BLACK
6
CONTINUOUS
10
159.304253999999986
20
-90.6691339999999997
11
159.3633729999999957
21
-90.5396799999999899
0
LINE
8
BLACK
6
CONTINUOUS
10
159.3633729999999957
20
-90.5396799999999899
11
159.4565699999999993
21
-90.4321249999999992
0
LINE
8
BLACK
6
CONTINUOUS
10
159.4565699999999993
20
-90.4321249999999992
11
159.5762919999999951
21
-90.3551839999999942
0
LINE
8
BLACK
6
CONTINUOUS
10
159.5762919999999951
20
-90.3551839999999942
11
159.7128429999999923
21
-90.3150890000000004
0
LINE
8
BLACK
6
CONTINUOUS
10
159.7128429999999923
20
-90.3150890000000004
11
159.8551569999999913
21
-90.3150890000000004
0
LINE
8
BLACK
6
CONTINUOUS
10
159.8551569999999913
20
-90.3150890000000004
11
159.9917079999999885
21
-90.3551839999999942
0
LINE
8
BLACK
6
CONTINUOUS
10
158.1896710000000041
20
-90.0690299999999979
11
158.2707769999999812
21
-90.1232229999999959
0
LINE
8
BLACK
6
CONTINUOUS
10
158.2707769999999812
20
-90.1232229999999959
11
158.3249699999999791
21
-90.2043290000000013
0
LINE
8
BLACK
6
CONTINUOUS
10
158.3249699999999791
20
-90.2043290000000013
11
158.3439999999999941
21
-90.2999999999999972
0
LINE
8
BLACK
6
CONTINUOUS
10
158.3439999999999941
20
-90.2999999999999972
11
158.3439999999999941
21
-91.
0
LINE
8
BLACK
6
CONTINUOUS
10
158.3439999999999941
20
-91.
11
158.3249699999999791
21
-91.0956709999999958
0
LINE
8
BLACK
6
CONTINUOUS
10
158.3249699999999791
20
-91.0956709999999958
11
158.2707769999999812
21
-91.1767770000000013
0
LINE
8
BLACK
6
CONTINUOUS
10
158.2707769999999812
20
-91.1767770000000013
11
158.1896710000000041
21
-91.2309699999999992
0
LINE
8
BLACK
6
CONTINUOUS
10
158.1896710000000041
20
-91.2309699999999992
11
158.0939999999999941
21
-91.25
0
LINE
8
BLACK
6
CONTINUOUS
10
158.0939999999999941
20
-91.25
11
157.1939999999999884
21
-91.25
0
LINE
8
BLACK
6
CONTINUOUS
10
157.1939999999999884
20
-91.25
11
157.0983290000000068
21
-91.2309699999999992
0
LINE
8
BLACK
6
CONTINUOUS
10
157.0983290000000068
20
-91.2309699999999992
11
157.0172230000000013
21
-91.1767770000000013
0
LINE
8
BLACK
6
CONTINUOUS
10
157.0172230000000013
20
-91.1767770000000013
11
156.9630300000000034
21
-91.0956709999999958
0
LINE
8
BLACK
6
CONTINUOUS
10
156.9630300000000034
20
-91.0956709999999958
11
156.9439999999999884
21
-91.
0
LINE
8
BLACK
6
CONTINUOUS
10
156.9439999999999884
20
-91.
11
156.9439999999999884
21
-90.2999999999999972
0
LINE
8
BLACK
6
CONTINUOUS
10
156.9439999999999884
20
-90.2999999999999972
11
156.9630300000000034
21
-90.2043290000000013
0
LINE
8
BLACK
6
CONTINUOUS
10
156.9630300000000034
20
-90.2043290000000013
11
157.0172230000000013
21
-90.1232229999999959
0
LINE
8
BLACK
6
CONTINUOUS
10
157.0172230000000013
20
-90.1232229999999959
11
157.0983290000000068
21
-90.0690299999999979
0
LINE
8
BLACK
6
CONTINUOUS
10
157.0983290000000068
20
-90.0690299999999979
11
157.1939999999999884
21
-90.0499999999999972
0
LINE
8
BLACK
6
CONTINUOUS
10
157.1939999999999884
20
-90.0499999999999972
11
158.0939999999999941
21
-90.0499999999999972
0
LINE
8
BLACK
6
CONTINUOUS
10
158.0939999999999941
20
-90.0499999999999972
11
158.1896710000000041
21
-90.0690299999999979
0
LINE
8
BLACK
6
CONTINUOUS
10
178.0667080000000055
20
-89.8201839999999976
11
178.1864300000000014
21
-89.8971250000000026
0
LINE
8
BLACK
6
CONTINUOUS
10
178.1864300000000014
20
-89.8971250000000026
11
178.279627000000005
21
-90.0046799999999934
0
LINE
8
BLACK
6
CONTINUOUS
10
178.279627000000005
20
-90.0046799999999934
11
178.3387459999999862
21
-90.1341339999999889
0
LINE
8
BLACK
6
CONTINUOUS
10
178.3387459999999862
20
-90.1341339999999889
11
178.3589999999999804
21
-90.2749999999999915
0
LINE
8
BLACK
6
CONTINUOUS
10
178.3589999999999804
20
-90.2749999999999915
11
178.3387459999999862
21
-90.4158659999999941
0
LINE
8
BLACK
6
CONTINUOUS
10
178.3387459999999862
20
-90.4158659999999941
11
178.279627000000005
21
-90.5453199999999896
0
LINE
8
BLACK
6
CONTINUOUS
10
178.279627000000005
20
-90.5453199999999896
11
178.1864300000000014
21
-90.6528749999999945
0
LINE
8
BLACK
6
CONTINUOUS
10
178.1864300000000014
20
-90.6528749999999945
11
178.0667080000000055
21
-90.7298159999999996
0
LINE
8
BLACK
6
CONTINUOUS
10
178.0667080000000055
20
-90.7298159999999996
11
177.9301569999999799
21
-90.7699109999999934
0
LINE
8
BLACK
6
CONTINUOUS
10
177.9301569999999799
20
-90.7699109999999934
11
177.787842999999981
21
-90.7699109999999934
0
LINE
8
BLACK
6
CONTINUOUS
10
177.787842999999981
20
-90.7699109999999934
11
177.6512919999999838
21
-90.7298159999999996
0
LINE
8
BLACK
6
CONTINUOUS
10
177.6512919999999838
20
-90.7298159999999996
11
177.5315699999999879
21
-90.6528749999999945
0
LINE
8
BLACK
6
CONTINUOUS
10
177.5315699999999879
20
-90.6528749999999945
11
177.4383729999999844
21
-90.5453199999999896
0
LINE
8
BLACK
6
CONTINUOUS
10
177.4383729999999844
20
-90.5453199999999896
11
177.3792540000000031
21
-90.4158659999999941
0
LINE
8
BLACK
6
CONTINUOUS
10
177.3792540000000031
20
-90.4158659999999941
11
177.3589999999999804
21
-90.2749999999999915
0
LINE
8
BLACK
6
CONTINUOUS
10
177.3589999999999804
20
-90.2749999999999915
11
177.3792540000000031
21
-90.1341339999999889
0
LINE
8
BLACK
6
CONTINUOUS
10
177.3792540000000031
20
-90.1341339999999889
11
177.4383729999999844
21
-90.0046799999999934
0
LINE
8
BLACK
6
CONTINUOUS
10
177.4383729999999844
20
-90.0046799999999934
11
177.5315699999999879
21
-89.8971250000000026
0
LINE
8
BLACK
6
CONTINUOUS
10
177.5315699999999879
20
-89.8971250000000026
11
177.6512919999999838
21
-89.8201839999999976
0
LINE
8
BLACK
6
CONTINUOUS
10
177.6512919999999838
20
-89.8201839999999976
11
177.787842999999981
21
-89.7800889999999896
0
LINE
8
BLACK
6
CONTINUOUS
10
177.787842999999981
20
-89.7800889999999896
11
177.9301569999999799
21
-89.7800889999999896
0
LINE
8
BLACK
6
CONTINUOUS
10
177.9301569999999799
20
-89.7800889999999896
11
178.0667080000000055
21
-89.8201839999999976
0
LINE
8
BLACK
6
CONTINUOUS
10
155.8739999999999952
20
-90.6099999999999994
11
154.1740000000000066
21
-90.6099999999999994
0
LINE
8
BLACK
6
CONTINUOUS
10
154.1740000000000066
20
-90.6099999999999994
11
154.1740000000000066
21
-89.7099999999999937
0
LINE
8
BLACK
6
CONTINUOUS
10
154.1740000000000066
20
-89.7099999999999937
11
155.8739999999999952
21
-89.7099999999999937
0
LINE
8
BLACK
6
CONTINUOUS
10
155.8739999999999952
20
-89.7099999999999937
11
155.8739999999999952
21
-90.6099999999999994
0
LINE
8
BLACK
6
CONTINUOUS
10
180.6917080000000055
20
-89.6451840000000004
11
180.8114300000000014
21
-89.7221249999999912
0
LINE
8
BLACK
6
CONTINUOUS
10
180.8114300000000014
20
-89.7221249999999912
11
180.904627000000005
21
-89.8296799999999962
0
LINE
8
BLACK
6
CONTINUOUS
10
180.904627000000005
20
-89.8296799999999962
11
180.9637459999999862
21
-89.9591339999999917
0
LINE
8
BLACK
6
CONTINUOUS
10
180.9637459999999862
20
-89.9591339999999917
11
180.9839999999999804
21
-90.0999999999999943
0
LINE
8
BLACK
6
CONTINUOUS
10
180.9839999999999804
20
-90.0999999999999943
11
180.9637459999999862
21
-90.2408659999999969
0
LINE
8
BLACK
6
CONTINUOUS
10
180.9637459999999862
20
-90.2408659999999969
11
180.904627000000005
21
-90.3703199999999924
0
LINE
8
BLACK
6
CONTINUOUS
10
180.904627000000005
20
-90.3703199999999924
11
180.8114300000000014
21
-90.4778749999999974
0
LINE
8
BLACK
6
CONTINUOUS
10
180.8114300000000014
20
-90.4778749999999974
11
180.6917080000000055
21
-90.5548160000000024
0
LINE
8
BLACK
6
CONTINUOUS
10
180.6917080000000055
20
-90.5548160000000024
11
180.5551569999999799
21
-90.5949109999999962
0
LINE
8
BLACK
6
CONTINUOUS
10
180.5551569999999799
20
-90.5949109999999962
11
180.412842999999981
21
-90.5949109999999962
0
LINE
8
BLACK
6
CONTINUOUS
10
180.412842999999981
20
-90.5949109999999962
11
180.2762919999999838
21
-90.5548160000000024
0
LINE
8
BLACK
6
CONTINUOUS
10
180.2762919999999838
20
-90.5548160000000024
11
180.1565699999999879
21
-90.4778749999999974
0
LINE
8
BLACK
6
CONTINUOUS
10
180.1565699999999879
20
-90.4778749999999974
11
180.0633729999999844
21
-90.3703199999999924
0
LINE
8
BLACK
6
CONTINUOUS
10
180.0633729999999844
20
-90.3703199999999924
11
180.0042540000000031
21
-90.2408659999999969
0
LINE
8
BLACK
6
CONTINUOUS
10
180.0042540000000031
20
-90.2408659999999969
11
179.9839999999999804
21
-90.0999999999999943
0
LINE
8
BLACK
6
CONTINUOUS
10
179.9839999999999804
20
-90.0999999999999943
11
180.0042540000000031
21
-89.9591339999999917
0
LINE
8
BLACK
6
CONTINUOUS
10
180.0042540000000031
20
-89.9591339999999917
11
180.0633729999999844
21
-89.8296799999999962
0
LINE
8
BLACK
6
CONTINUOUS
10
180.0633729999999844
20
-89.8296799999999962
11
180.1565699999999879
21
-89.7221249999999912
0
LINE
8
BLACK
6
CONTINUOUS
10
180.1565699999999879
20
-89.7221249999999912
11
180.2762919999999838
21
-89.6451840000000004
0
LINE
8
BLACK
6
CONTINUOUS
10
180.2762919999999838
20
-89.6451840000000004
11
180.412842999999981
21
-89.6050889999999924
0
LINE
8
BLACK
6
CONTINUOUS
10
180.412842999999981
20
-89.6050889999999924
11
180.5551569999999799
21
-89.6050889999999924
0
LINE
8
BLACK
6
CONTINUOUS
10
180.5551569999999799
20
-89.6050889999999924
11
180.6917080000000055
21
-89.6451840000000004
0
LINE
8
BLACK
6
CONTINUOUS
10
163.6627009999999984
20
-89.443208999999996
11
163.6870329999999853
21
-89.4594669999999894
0
LINE
8
BLACK
6
CONTINUOUS
10
163.6870329999999853
20
-89.4594669999999894
11
163.7032909999999788
21
-89.4837989999999905
0
LINE
8
BLACK
6
CONTINUOUS
10
163.7032909999999788
20
-89.4837989999999905
11
163.7090000000000032
21
-89.5125000000000028
0
LINE
8
BLACK
6
CONTINUOUS
10
163.7090000000000032
20
-89.5125000000000028
11
163.7090000000000032
21
-89.6624999999999943
0
LINE
8
BLACK
6
CONTINUOUS
10
163.7090000000000032
20
-89.6624999999999943
11
163.7032909999999788
21
-89.6912009999999924
0
LINE
8
BLACK
6
CONTINUOUS
10
163.7032909999999788
20
-89.6912009999999924
11
163.6870329999999853
21
-89.7155329999999935
0
LINE
8
BLACK
6
CONTINUOUS
10
163.6870329999999853
20
-89.7155329999999935
11
163.6627009999999984
21
-89.7317910000000012
0
LINE
8
BLACK
6
CONTINUOUS
10
163.6627009999999984
20
-89.7317910000000012
11
163.6339999999999861
21
-89.7374999999999972
0
LINE
8
BLACK
6
CONTINUOUS
10
163.6339999999999861
20
-89.7374999999999972
11
162.3089999999999975
21
-89.7374999999999972
0
LINE
8
BLACK
6
CONTINUOUS
10
162.3089999999999975
20
-89.7374999999999972
11
162.2802989999999852
21
-89.7317910000000012
0
LINE
8
BLACK
6
CONTINUOUS
10
162.2802989999999852
20
-89.7317910000000012
11
162.2559669999999983
21
-89.7155329999999935
0
LINE
8
BLACK
6
CONTINUOUS
10
162.2559669999999983
20
-89.7155329999999935
11
162.2397090000000048
21
-89.6912009999999924
0
LINE
8
BLACK
6
CONTINUOUS
10
162.2397090000000048
20
-89.6912009999999924
11
162.2339999999999804
21
-89.6624999999999943
0
LINE
8
BLACK
6
CONTINUOUS
10
162.2339999999999804
20
-89.6624999999999943
11
162.2339999999999804
21
-89.5125000000000028
0
LINE
8
BLACK
6
CONTINUOUS
10
162.2339999999999804
20
-89.5125000000000028
11
162.2397090000000048
21
-89.4837989999999905
0
LINE
8
BLACK
6
CONTINUOUS
10
162.2397090000000048
20
-89.4837989999999905
11
162.2559669999999983
21
-89.4594669999999894
0
LINE
8
BLACK
6
CONTINUOUS
10
162.2559669999999983
20
-89.4594669999999894
11
162.2802989999999852
21
-89.443208999999996
0
LINE
8
BLACK
6
CONTINUOUS
10
162.2802989999999852
20
-89.443208999999996
11
162.3089999999999975
21
-89.4375
0
LINE
8
BLACK
6
CONTINUOUS
10
162.3089999999999975
20
-89.4375
11
163.6339999999999861
21
-89.4375
0
LINE
8
BLACK
6
CONTINUOUS
10
163.6339999999999861
20
-89.4375
11
163.6627009999999984
21
-89.443208999999996
0
LINE
8
BLACK
6
CONTINUOUS
10
171.9877009999999871
20
-89.443208999999996
11
172.0120330000000024
21
-89.4594669999999894
0
LINE
8
BLACK
6
CONTINUOUS
10
172.0120330000000024
20
-89.4594669999999894
11
172.0282909999999958
21
-89.4837989999999905
0
LINE
8
BLACK
6
CONTINUOUS
10
172.0282909999999958
20
-89.4837989999999905
11
172.0339999999999918
21
-89.5125000000000028
0
LINE
8
BLACK
6
CONTINUOUS
10
172.0339999999999918
20
-89.5125000000000028
11
172.0339999999999918
21
-89.6624999999999943
0
LINE
8
BLACK
6
CONTINUOUS
10
172.0339999999999918
20
-89.6624999999999943
11
172.0282909999999958
21
-89.6912009999999924
0
LINE
8
BLACK
6
CONTINUOUS
10
172.0282909999999958
20
-89.6912009999999924
11
172.0120330000000024
21
-89.7155329999999935
0
LINE
8
BLACK
6
CONTINUOUS
10
172.0120330000000024
20
-89.7155329999999935
11
171.9877009999999871
21
-89.7317910000000012
0
LINE
8
BLACK
6
CONTINUOUS
10
171.9877009999999871
20
-89.7317910000000012
11
171.9590000000000032
21
-89.7374999999999972
0
LINE
8
BLACK
6
CONTINUOUS
10
171.9590000000000032
20
-89.7374999999999972
11
170.6339999999999861
21
-89.7374999999999972
0
LINE
8
BLACK
6
CONTINUOUS
10
170.6339999999999861
20
-89.7374999999999972
11
170.6052990000000023
21
-89.7317910000000012
0
LINE
8
BLACK
6
CONTINUOUS
10
170.6052990000000023
20
-89.7317910000000012
11
170.5809669999999869
21
-89.7155329999999935
0
LINE
8
BLACK
6
CONTINUOUS
10
170.5809669999999869
20
-89.7155329999999935
11
170.5647089999999935
21
-89.6912009999999924
0
LINE
8
BLACK
6
CONTINUOUS
10
170.5647089999999935
20
-89.6912009999999924
11
170.5589999999999975
21
-89.6624999999999943
0
LINE
8
BLACK
6
CONTINUOUS
10
170.5589999999999975
20
-89.6624999999999943
11
170.5589999999999975
21
-89.5125000000000028
0
LINE
8
BLACK
6
CONTINUOUS
10
170.5589999999999975
20
-89.5125000000000028
11
170.5647089999999935
21
-89.4837989999999905
0
LINE
8
BLACK
6
CONTINUOUS
10
170.5647089999999935
20
-89.4837989999999905
11
170.5809669999999869
21
-89.4594669999999894
0
LINE
8
BLACK
6
CONTINUOUS
10
170.5809669999999869
20
-89.4594669999999894
11
170.6052990000000023
21
-89.443208999999996
0
LINE
8
BLACK
6
CONTINUOUS
10
170.6052990000000023
20
-89.443208999999996
11
170.6339999999999861
21
-89.4375
0
LINE
8
BLACK
6
CONTINUOUS
10
170.6339999999999861
20
-89.4375
11
171.9590000000000032
21
-89.4375
0
LINE
8
BLACK
6
CONTINUOUS
10
171.9590000000000032
20
-89.4375
11
171.9877009999999871
21
-89.443208999999996
0
LINE
8
BLACK
6
CONTINUOUS
10
160.0217079999999896
20
-88.6851839999999925
11
160.1414299999999855
21
-88.7621249999999975
0
LINE
8
BLACK
6
CONTINUOUS
10
160.1414299999999855
20
-88.7621249999999975
11
160.234626999999989
21
-88.8696800000000025
0
LINE
8
BLACK
6
CONTINUOUS
10
160.234626999999989
20
-88.8696800000000025
11
160.2937459999999987
21
-88.999133999999998
0
LINE
8
BLACK
6
CONTINUOUS
10
160.2937459999999987
20
-88.999133999999998
11
160.313999999999993
21
-89.1400000000000006
0
LINE
8
BLACK
6
CONTINUOUS
10
160.313999999999993
20
-89.1400000000000006
11
160.2937459999999987
21
-89.280865999999989
0
LINE
8
BLACK
6
CONTINUOUS
10
160.2937459999999987
20
-89.280865999999989
11
160.234626999999989
21
-89.4103199999999987
0
LINE
8
BLACK
6
CONTINUOUS
10
160.234626999999989
20
-89.4103199999999987
11
160.1414299999999855
21
-89.5178749999999894
0
LINE
8
BLACK
6
CONTINUOUS
10
160.1414299999999855
20
-89.5178749999999894
11
160.0217079999999896
21
-89.5948159999999945
0
LINE
8
BLACK
6
CONTINUOUS
10
160.0217079999999896
20
-89.5948159999999945
11
159.8851569999999924
21
-89.6349110000000024
0
LINE
8
BLACK
6
CONTINUOUS
10
159.8851569999999924
20
-89.6349110000000024
11
159.7428429999999935
21
-89.6349110000000024
0
LINE
8
BLACK
6
CONTINUOUS
10
159.7428429999999935
20
-89.6349110000000024
11
159.6062919999999963
21
-89.5948159999999945
0
LINE
8
BLACK
6
CONTINUOUS
10
159.6062919999999963
20
-89.5948159999999945
11
159.4865700000000004
21
-89.5178749999999894
0
LINE
8
BLACK
6
CONTINUOUS
10
159.4865700000000004
20
-89.5178749999999894
11
159.3933729999999969
21
-89.4103199999999987
0
LINE
8
BLACK
6
CONTINUOUS
10
159.3933729999999969
20
-89.4103199999999987
11
159.3342539999999872
21
-89.280865999999989
0
LINE
8
BLACK
6
CONTINUOUS
10
159.3342539999999872
20
-89.280865999999989
11
159.313999999999993
21
-89.1400000000000006
0
LINE
8
BLACK
6
CONTINUOUS
10
159.313999999999993
20
-89.1400000000000006
11
159.3342539999999872
21
-88.999133999999998
0
LINE
8
BLACK
6
CONTINUOUS
10
159.3342539999999872
20
-88.999133999999998
11
159.3933729999999969
21
-88.8696800000000025
0
LINE
8
BLACK
6
CONTINUOUS
10
159.3933729999999969
20
-88.8696800000000025
11
159.4865700000000004
21
-88.7621249999999975
0
LINE
8
BLACK
6
CONTINUOUS
10
159.4865700000000004
20
-88.7621249999999975
11
159.6062919999999963
21
-88.6851839999999925
0
LINE
8
BLACK
6
CONTINUOUS
10
159.6062919999999963
20
-88.6851839999999925
11
159.7428429999999935
21
-88.6450889999999987
0
LINE
8
BLACK
6
CONTINUOUS
10
159.7428429999999935
20
-88.6450889999999987
11
159.8851569999999924
21
-88.6450889999999987
0
LINE
8
BLACK
6
CONTINUOUS
10
159.8851569999999924
20
-88.6450889999999987
11
160.0217079999999896
21
-88.6851839999999925
0
LINE
8
BLACK
6
CONTINUOUS
10
157.7823869999999999
20
-88.4455789999999951
11
157.859437999999983
21
-88.4970619999999997
0
LINE
8
BLACK
6
CONTINUOUS
10
157.859437999999983
20
-88.4970619999999997
11
157.9109210000000019
21
-88.574112999999997
0
LINE
8
BLACK
6
CONTINUOUS
10
157.9109210000000019
20
-88.574112999999997
11
157.929000000000002
21
-88.664999999999992
0
LINE
8
BLACK
6
CONTINUOUS
10
157.929000000000002
20
-88.664999999999992
11
157.929000000000002
21
-89.2650000000000006
0
LINE
8
BLACK
6
CONTINUOUS
10
157.929000000000002
20
-89.2650000000000006
11
157.9109210000000019
21
-89.3558869999999956
0
LINE
8
BLACK
6
CONTINUOUS
10
157.9109210000000019
20
-89.3558869999999956
11
157.859437999999983
21
-89.4329379999999929
0
LINE
8
BLACK
6
CONTINUOUS
10
157.859437999999983
20
-89.4329379999999929
11
157.7823869999999999
21
-89.4844209999999975
0
LINE
8
BLACK
6
CONTINUOUS
10
157.7823869999999999
20
-89.4844209999999975
11
157.6914999999999907
21
-89.5024999999999977
0
LINE
8
BLACK
6
CONTINUOUS
10
157.6914999999999907
20
-89.5024999999999977
11
157.2164999999999964
21
-89.5024999999999977
0
LINE
8
BLACK
6
CONTINUOUS
10
157.2164999999999964
20
-89.5024999999999977
11
157.1256129999999871
21
-89.4844209999999975
0
LINE
8
BLACK
6
CONTINUOUS
10
157.1256129999999871
20
-89.4844209999999975
11
157.048562000000004
21
-89.4329379999999929
0
LINE
8
BLACK
6
CONTINUOUS
10
157.048562000000004
20
-89.4329379999999929
11
156.9970789999999852
21
-89.3558869999999956
0
LINE
8
BLACK
6
CONTINUOUS
10
156.9970789999999852
20
-89.3558869999999956
11
156.978999999999985
21
-89.2650000000000006
0
LINE
8
BLACK
6
CONTINUOUS
10
156.978999999999985
20
-89.2650000000000006
11
156.978999999999985
21
-88.664999999999992
0
LINE
8
BLACK
6
CONTINUOUS
10
156.978999999999985
20
-88.664999999999992
11
156.9970789999999852
21
-88.574112999999997
0
LINE
8
BLACK
6
CONTINUOUS
10
156.9970789999999852
20
-88.574112999999997
11
157.048562000000004
21
-88.4970619999999997
0
LINE
8
BLACK
6
CONTINUOUS
10
157.048562000000004
20
-88.4970619999999997
11
157.1256129999999871
21
-88.4455789999999951
0
LINE
8
BLACK
6
CONTINUOUS
10
157.1256129999999871
20
-88.4455789999999951
11
157.2164999999999964
21
-88.4274999999999949
0
LINE
8
BLACK
6
CONTINUOUS
10
157.2164999999999964
20
-88.4274999999999949
11
157.6914999999999907
21
-88.4274999999999949
0
LINE
8
BLACK
6
CONTINUOUS
10
157.6914999999999907
20
-88.4274999999999949
11
157.7823869999999999
21
-88.4455789999999951
0
LINE
8
BLACK
6
CONTINUOUS
10
163.6627009999999984
20
-88.943208999999996
11
163.6870329999999853
21
-88.9594669999999894
0
LINE
8
BLACK
6
CONTINUOUS
10
163.6870329999999853
20
-88.9594669999999894
11
163.7032909999999788
21
-88.9837989999999905
0
LINE
8
BLACK
6
CONTINUOUS
10
163.7032909999999788
20
-88.9837989999999905
11
163.7090000000000032
21
-89.0125000000000028
0
LINE
8
BLACK
6
CONTINUOUS
10
163.7090000000000032
20
-89.0125000000000028
11
163.7090000000000032
21
-89.1624999999999943
0
LINE
8
BLACK
6
CONTINUOUS
10
163.7090000000000032
20
-89.1624999999999943
11
163.7032909999999788
21
-89.1912009999999924
0
LINE
8
BLACK
6
CONTINUOUS
10
163.7032909999999788
20
-89.1912009999999924
11
163.6870329999999853
21
-89.2155329999999935
0
LINE
8
BLACK
6
CONTINUOUS
10
163.6870329999999853
20
-89.2155329999999935
11
163.6627009999999984
21
-89.2317910000000012
0
LINE
8
BLACK
6
CONTINUOUS
10
163.6627009999999984
20
-89.2317910000000012
11
163.6339999999999861
21
-89.2374999999999972
0
LINE
8
BLACK
6
CONTINUOUS
10
163.6339999999999861
20
-89.2374999999999972
11
162.3089999999999975
21
-89.2374999999999972
0
LINE
8
BLACK
6
CONTINUOUS
10
162.3089999999999975
20
-89.2374999999999972
11
162.2802989999999852
21
-89.2317910000000012
0
LINE
8
BLACK
6
CONTINUOUS
10
162.2802989999999852
20
-89.2317910000000012
11
162.2559669999999983
21
-89.2155329999999935
0
LINE
8
BLACK
6
CONTINUOUS
10
162.2559669999999983
20
-89.2155329999999935
11
162.2397090000000048
21
-89.1912009999999924
0
LINE
8
BLACK
6
CONTINUOUS
10
162.2397090000000048
20
-89.1912009999999924
11
162.2339999999999804
21
-89.1624999999999943
0
LINE
8
BLACK
6
CONTINUOUS
10
162.2339999999999804
20
-89.1624999999999943
11
162.2339999999999804
21
-89.0125000000000028
0
LINE
8
BLACK
6
CONTINUOUS
10
162.2339999999999804
20
-89.0125000000000028
11
162.2397090000000048
21
-88.9837989999999905
0
LINE
8
BLACK
6
CONTINUOUS
10
162.2397090000000048
20
-88.9837989999999905
11
162.2559669999999983
21
-88.9594669999999894
0
LINE
8
BLACK
6
CONTINUOUS
10
162.2559669999999983
20
-88.9594669999999894
11
162.2802989999999852
21
-88.943208999999996
0
LINE
8
BLACK
6
CONTINUOUS
10
162.2802989999999852
20
-88.943208999999996
11
162.3089999999999975
21
-88.9375
0
LINE
8
BLACK
6
CONTINUOUS
10
162.3089999999999975
20
-88.9375
11
163.6339999999999861
21
-88.9375
0
LINE
8
BLACK
6
CONTINUOUS
10
163.6339999999999861
20
-88.9375
11
163.6627009999999984
21
-88.943208999999996
0
LINE
8
BLACK
6
CONTINUOUS
10
171.9877009999999871
20
-88.943208999999996
11
172.0120330000000024
21
-88.9594669999999894
0
LINE
8
BLACK
6
CONTINUOUS
10
172.0120330000000024
20
-88.9594669999999894
11
172.0282909999999958
21
-88.9837989999999905
0
LINE
8
BLACK
6
CONTINUOUS
10
172.0282909999999958
20
-88.9837989999999905
11
172.0339999999999918
21
-89.0125000000000028
0
LINE
8
BLACK
6
CONTINUOUS
10
172.0339999999999918
20
-89.0125000000000028
11
172.0339999999999918
21
-89.1624999999999943
0
LINE
8
BLACK
6
CONTINUOUS
10
172.0339999999999918
20
-89.1624999999999943
11
172.0282909999999958
21
-89.1912009999999924
0
LINE
8
BLACK
6
CONTINUOUS
10
172.0282909999999958
20
-89.1912009999999924
11
172.0120330000000024
21
-89.2155329999999935
0
LINE
8
BLACK
6
CONTINUOUS
10
172.0120330000000024
20
-89.2155329999999935
11
171.9877009999999871
21
-89.2317910000000012
0
LINE
8
BLACK
6
CONTINUOUS
10
171.9877009999999871
20
-89.2317910000000012
11
171.9590000000000032
21
-89.2374999999999972
0
LINE
8
BLACK
6
CONTINUOUS
10
171.9590000000000032
20
-89.2374999999999972
11
170.6339999999999861
21
-89.2374999999999972
0
LINE
8
BLACK
6
CONTINUOUS
10
170.6339999999999861
20
-89.2374999999999972
11
170.6052990000000023
21
-89.2317910000000012
0
LINE
8
BLACK
6
CONTINUOUS
10
170.6052990000000023
20
-89.2317910000000012
11
170.5809669999999869
21
-89.2155329999999935
0
LINE
8
BLACK
6
CONTINUOUS
10
170.5809669999999869
20
-89.2155329999999935
11
170.5647089999999935
21
-89.1912009999999924
0
LINE
8
BLACK
6
CONTINUOUS
10
170.5647089999999935
20
-89.1912009999999924
11
170.5589999999999975
21
-89.1624999999999943
0
LINE
8
BLACK
6
CONTINUOUS
10
170.5589999999999975
20
-89.1624999999999943
11
170.5589999999999975
21
-89.0125000000000028
0
LINE
8
BLACK
6
CONTINUOUS
10
170.5589999999999975
20
-89.0125000000000028
11
170.5647089999999935
21
-88.9837989999999905
0
LINE
8
BLACK
6
CONTINUOUS
10
170.5647089999999935
20
-88.9837989999999905
11
170.5809669999999869
21
-88.9594669999999894
0
LINE
8
BLACK
6
CONTINUOUS
10
170.5809669999999869
20
-88.9594669999999894
11
170.6052990000000023
21
-88.943208999999996
0
LINE
8
BLACK
6
CONTINUOUS
10
170.6052990000000023
20
-88.943208999999996
11
170.6339999999999861
21
-88.9375
0
LINE
8
BLACK
6
CONTINUOUS
10
170.6339999999999861
20
-88.9375
11
171.9590000000000032
21
-88.9375
0
LINE
8
BLACK
6
CONTINUOUS
10
171.9590000000000032
20
-88.9375
11
171.9877009999999871
21
-88.943208999999996
0
LINE
8
BLACK
6
CONTINUOUS
10
178.071708000000001
20
-88.1051839999999942
11
178.1914299999999969
21
-88.1821249999999992
0
LINE
8
BLACK
6
CONTINUOUS
10
178.1914299999999969
20
-88.1821249999999992
11
178.2846270000000004
21
-88.2896799999999899
0
LINE
8
BLACK
6
CONTINUOUS
10
178.2846270000000004
20
-88.2896799999999899
11
178.3437459999999817
21
-88.4191339999999997
0
LINE
8
BLACK
6
CONTINUOUS
10
178.3437459999999817
20
-88.4191339999999997
11
178.3640000000000043
21
-88.5600000000000023
0
LINE
8
BLACK
6
CONTINUOUS
10
178.3640000000000043
20
-88.5600000000000023
11
178.3437459999999817
21
-88.7008659999999907
0
LINE
8
BLACK
6
CONTINUOUS
10
178.3437459999999817
20
-88.7008659999999907
11
178.2846270000000004
21
-88.8303200000000004
0
LINE
8
BLACK
6
CONTINUOUS
10
178.2846270000000004
20
-88.8303200000000004
11
178.1914299999999969
21
-88.9378749999999911
0
LINE
8
BLACK
6
CONTINUOUS
10
178.1914299999999969
20
-88.9378749999999911
11
178.071708000000001
21
-89.0148159999999962
0
LINE
8
BLACK
6
CONTINUOUS
10
178.071708000000001
20
-89.0148159999999962
11
177.9351570000000038
21
-89.0549109999999899
0
LINE
8
BLACK
6
CONTINUOUS
10
177.9351570000000038
20
-89.0549109999999899
11
177.7928430000000048
21
-89.0549109999999899
0
LINE
8
BLACK
6
CONTINUOUS
10
177.7928430000000048
20
-89.0549109999999899
11
177.6562919999999792
21
-89.0148159999999962
0
LINE
8
BLACK
6
CONTINUOUS
10
177.6562919999999792
20
-89.0148159999999962
11
177.5365699999999833
21
-88.9378749999999911
0
LINE
8
BLACK
6
CONTINUOUS
10
177.5365699999999833
20
-88.9378749999999911
11
177.4433729999999798
21
-88.8303200000000004
0
LINE
8
BLACK
6
CONTINUOUS
10
177.4433729999999798
20
-88.8303200000000004
11
177.3842539999999985
21
-88.7008659999999907
0
LINE
8
BLACK
6
CONTINUOUS
10
177.3842539999999985
20
-88.7008659999999907
11
177.3640000000000043
21
-88.5600000000000023
0
LINE
8
BLACK
6
CONTINUOUS
10
177.3640000000000043
20
-88.5600000000000023
11
177.3842539999999985
21
-88.4191339999999997
0
LINE
8
BLACK
6
CONTINUOUS
10
177.3842539999999985
20
-88.4191339999999997
11
177.4433729999999798
21
-88.2896799999999899
0
LINE
8
BLACK
6
CONTINUOUS
10
177.4433729999999798
20
-88.2896799999999899
11
177.5365699999999833
21
-88.1821249999999992
0
LINE
8
BLACK
6
CONTINUOUS
10
177.5365699999999833
20
-88.1821249999999992
11
177.6562919999999792
21
-88.1051839999999942
0
LINE
8
BLACK
6
CONTINUOUS
10
177.6562919999999792
20
-88.1051839999999942
11
177.7928430000000048
21
-88.0650890000000004
0
LINE
8
BLACK
6
CONTINUOUS
10
177.7928430000000048
20
-88.0650890000000004
11
177.9351570000000038
21
-88.0650890000000004
0
LINE
8
BLACK
6
CONTINUOUS
10
177.9351570000000038
20
-88.0650890000000004
11
178.071708000000001
21
-88.1051839999999942
0
LINE
8
BLACK
6
CONTINUOUS
10
163.6627009999999984
20
-88.443208999999996
11
163.6870329999999853
21
-88.4594669999999894
0
LINE
8
BLACK
6
CONTINUOUS
10
163.6870329999999853
20
-88.4594669999999894
11
163.7032909999999788
21
-88.4837989999999905
0
LINE
8
BLACK
6
CONTINUOUS
10
163.7032909999999788
20
-88.4837989999999905
11
163.7090000000000032
21
-88.5125000000000028
0
LINE
8
BLACK
6
CONTINUOUS
10
163.7090000000000032
20
-88.5125000000000028
11
163.7090000000000032
21
-88.6624999999999943
0
LINE
8
BLACK
6
CONTINUOUS
10
163.7090000000000032
20
-88.6624999999999943
11
163.7032909999999788
21
-88.6912009999999924
0
LINE
8
BLACK
6
CONTINUOUS
10
163.7032909999999788
20
-88.6912009999999924
11
163.6870329999999853
21
-88.7155329999999935
0
LINE
8
BLACK
6
CONTINUOUS
10
163.6870329999999853
20
-88.7155329999999935
11
163.6627009999999984
21
-88.7317910000000012
0
LINE
8
BLACK
6
CONTINUOUS
10
163.6627009999999984
20
-88.7317910000000012
11
163.6339999999999861
21
-88.7374999999999972
0
LINE
8
BLACK
6
CONTINUOUS
10
163.6339999999999861
20
-88.7374999999999972
11
162.3089999999999975
21
-88.7374999999999972
0
LINE
8
BLACK
6
CONTINUOUS
10
162.3089999999999975
20
-88.7374999999999972
11
162.2802989999999852
21
-88.7317910000000012
0
LINE
8
BLACK
6
CONTINUOUS
10
162.2802989999999852
20
-88.7317910000000012
11
162.2559669999999983
21
-88.7155329999999935
0
LINE
8
BLACK
6
CONTINUOUS
10
162.2559669999999983
20
-88.7155329999999935
11
162.2397090000000048
21
-88.6912009999999924
0
LINE
8
BLACK
6
CONTINUOUS
10
162.2397090000000048
20
-88.6912009999999924
11
162.2339999999999804
21
-88.6624999999999943
0
LINE
8
BLACK
6
CONTINUOUS
10
162.2339999999999804
20
-88.6624999999999943
11
162.2339999999999804
21
-88.5125000000000028
0
LINE
8
BLACK
6
CONTINUOUS
10
162.2339999999999804
20
-88.5125000000000028
11
162.2397090000000048
21
-88.4837989999999905
0
LINE
8
BLACK
6
CONTINUOUS
10
162.2397090000000048
20
-88.4837989999999905
11
162.2559669999999983
21
-88.4594669999999894
0
LINE
8
BLACK
6
CONTINUOUS
10
162.2559669999999983
20
-88.4594669999999894
11
162.2802989999999852
21
-88.443208999999996
0
LINE
8
BLACK
6
CONTINUOUS
10
162.2802989999999852
20
-88.443208999999996
11
162.3089999999999975
21
-88.4375
0
LINE
8
BLACK
6
CONTINUOUS
10
162.3089999999999975
20
-88.4375
11
163.6339999999999861
21
-88.4375
0
LINE
8
BLACK
6
CONTINUOUS
10
163.6339999999999861
20
-88.4375
11
163.6627009999999984
21
-88.443208999999996
0
LINE
8
BLACK
6
CONTINUOUS
10
171.9877009999999871
20
-88.443208999999996
11
172.0120330000000024
21
-88.4594669999999894
0
LINE
8
BLACK
6
CONTINUOUS
10
172.0120330000000024
20
-88.4594669999999894
11
172.0282909999999958
21
-88.4837989999999905
0
LINE
8
BLACK
6
CONTINUOUS
10
172.0282909999999958
20
-88.4837989999999905
11
172.0339999999999918
21
-88.5125000000000028
0
LINE
8
BLACK
6
CONTINUOUS
10
172.0339999999999918
20
-88.5125000000000028
11
172.0339999999999918
21
-88.6624999999999943
0
LINE
8
BLACK
6
CONTINUOUS
10
172.0339999999999918
20
-88.6624999999999943
11
172.0282909999999958
21
-88.6912009999999924
0
LINE
8
BLACK
6
CONTINUOUS
10
172.0282909999999958
20
-88.6912009999999924
11
172.0120330000000024
21
-88.7155329999999935
0
LINE
8
BLACK
6
CONTINUOUS
10
172.0120330000000024
20
-88.7155329999999935
11
171.9877009999999871
21
-88.7317910000000012
0
LINE
8
BLACK
6
CONTINUOUS
10
171.9877009999999871
20
-88.7317910000000012
11
171.9590000000000032
21
-88.7374999999999972
0
LINE
8
BLACK
6
CONTINUOUS
10
171.9590000000000032
20
-88.7374999999999972
11
170.6339999999999861
21
-88.7374999999999972
0
LINE
8
BLACK
6
CONTINUOUS
10
170.6339999999999861
20
-88.7374999999999972
11
170.6052990000000023
21
-88.7317910000000012
0
LINE
8
BLACK
6
CONTINUOUS
10
170.6052990000000023
20
-88.7317910000000012
11
170.5809669999999869
21
-88.7155329999999935
0
LINE
8
BLACK
6
CONTINUOUS
10
170.5809669999999869
20
-88.7155329999999935
11
170.5647089999999935
21
-88.6912009999999924
0
LINE
8
BLACK
6
CONTINUOUS
10
170.5647089999999935
20
-88.6912009999999924
11
170.5589999999999975
21
-88.6624999999999943
0
LINE
8
BLACK
6
CONTINUOUS
10
170.5589999999999975
20
-88.6624999999999943
11
170.5589999999999975
21
-88.5125000000000028
0
LINE
8
BLACK
6
CONTINUOUS
10
170.5589999999999975
20
-88.5125000000000028
11
170.5647089999999935
21
-88.4837989999999905
0
LINE
8
BLACK
6
CONTINUOUS
10
170.5647089999999935
20
-88.4837989999999905
11
170.5809669999999869
21
-88.4594669999999894
0
LINE
8
BLACK
6
CONTINUOUS
10
170.5809669999999869
20
-88.4594669999999894
11
170.6052990000000023
21
-88.443208999999996
0
LINE
8
BLACK
6
CONTINUOUS
10
170.6052990000000023
20
-88.443208999999996
11
170.6339999999999861
21
-88.4375
0
LINE
8
BLACK
6
CONTINUOUS
10
170.6339999999999861
20
-88.4375
11
171.9590000000000032
21
-88.4375
0
LINE
8
BLACK
6
CONTINUOUS
10
171.9590000000000032
20
-88.4375
11
171.9877009999999871
21
-88.443208999999996
0
LINE
8
BLACK
6
CONTINUOUS
10
163.6627009999999984
20
-87.943208999999996
11
163.6870329999999853
21
-87.9594669999999894
0
LINE
8
BLACK
6
CONTINUOUS
10
163.6870329999999853
20
-87.9594669999999894
11
163.7032909999999788
21
-87.9837989999999905
0
LINE
8
BLACK
6
CONTINUOUS
10
163.7032909999999788
20
-87.9837989999999905
11
163.7090000000000032
21
-88.0125000000000028
0
LINE
8
BLACK
6
CONTINUOUS
10
163.7090000000000032
20
-88.0125000000000028
11
163.7090000000000032
21
-88.1624999999999943
0
LINE
8
BLACK
6
CONTINUOUS
10
163.7090000000000032
20
-88.1624999999999943
11
163.7032909999999788
21
-88.1912009999999924
0
LINE
8
BLACK
6
CONTINUOUS
10
163.7032909999999788
20
-88.1912009999999924
11
163.6870329999999853
21
-88.2155329999999935
0
LINE
8
BLACK
6
CONTINUOUS
10
163.6870329999999853
20
-88.2155329999999935
11
163.6627009999999984
21
-88.2317910000000012
0
LINE
8
BLACK
6
CONTINUOUS
10
163.6627009999999984
20
-88.2317910000000012
11
163.6339999999999861
21
-88.2374999999999972
0
LINE
8
BLACK
6
CONTINUOUS
10
163.6339999999999861
20
-88.2374999999999972
11
162.3089999999999975
21
-88.2374999999999972
0
LINE
8
BLACK
6
CONTINUOUS
10
162.3089999999999975
20
-88.2374999999999972
11
162.2802989999999852
21
-88.2317910000000012
0
LINE
8
BLACK
6
CONTINUOUS
10
162.2802989999999852
20
-88.2317910000000012
11
162.2559669999999983
21
-88.2155329999999935
0
LINE
8
BLACK
6
CONTINUOUS
10
162.2559669999999983
20
-88.2155329999999935
11
162.2397090000000048
21
-88.1912009999999924
0
LINE
8
BLACK
6
CONTINUOUS
10
162.2397090000000048
20
-88.1912009999999924
11
162.2339999999999804
21
-88.1624999999999943
0
LINE
8
BLACK
6
CONTINUOUS
10
162.2339999999999804
20
-88.1624999999999943
11
162.2339999999999804
21
-88.0125000000000028
0
LINE
8
BLACK
6
CONTINUOUS
10
162.2339999999999804
20
-88.0125000000000028
11
162.2397090000000048
21
-87.9837989999999905
0
LINE
8
BLACK
6
CONTINUOUS
10
162.2397090000000048
20
-87.9837989999999905
11
162.2559669999999983
21
-87.9594669999999894
0
LINE
8
BLACK
6
CONTINUOUS
10
162.2559669999999983
20
-87.9594669999999894
11
162.2802989999999852
21
-87.943208999999996
0
LINE
8
BLACK
6
CONTINUOUS
10
162.2802989999999852
20
-87.943208999999996
11
162.3089999999999975
21
-87.9375
0
LINE
8
BLACK
6
CONTINUOUS
10
162.3089999999999975
20
-87.9375
11
163.6339999999999861
21
-87.9375
0
LINE
8
BLACK
6
CONTINUOUS
10
163.6339999999999861
20
-87.9375
11
163.6627009999999984
21
-87.943208999999996
0
LINE
8
BLACK
6
CONTINUOUS
10
171.9877009999999871
20
-87.943208999999996
11
172.0120330000000024
21
-87.9594669999999894
0
LINE
8
BLACK
6
CONTINUOUS
10
172.0120330000000024
20
-87.9594669999999894
11
172.0282909999999958
21
-87.9837989999999905
0
LINE
8
BLACK
6
CONTINUOUS
10
172.0282909999999958
20
-87.9837989999999905
11
172.0339999999999918
21
-88.0125000000000028
0
LINE
8
BLACK
6
CONTINUOUS
10
172.0339999999999918
20
-88.0125000000000028
11
172.0339999999999918
21
-88.1624999999999943
0
LINE
8
BLACK
6
CONTINUOUS
10
172.0339999999999918
20
-88.1624999999999943
11
172.0282909999999958
21
-88.1912009999999924
0
LINE
8
BLACK
6
CONTINUOUS
10
172.0282909999999958
20
-88.1912009999999924
11
172.0120330000000024
21
-88.2155329999999935
0
LINE
8
BLACK
6
CONTINUOUS
10
172.0120330000000024
20
-88.2155329999999935
11
171.9877009999999871
21
-88.2317910000000012
0
LINE
8
BLACK
6
CONTINUOUS
10
171.9877009999999871
20
-88.2317910000000012
11
171.9590000000000032
21
-88.2374999999999972
0
LINE
8
BLACK
6
CONTINUOUS
10
171.9590000000000032
20
-88.2374999999999972
11
170.6339999999999861
21
-88.2374999999999972
0
LINE
8
BLACK
6
CONTINUOUS
10
170.6339999999999861
20
-88.2374999999999972
11
170.6052990000000023
21
-88.2317910000000012
0
LINE
8
BLACK
6
CONTINUOUS
10
170.6052990000000023
20
-88.2317910000000012
11
170.5809669999999869
21
-88.2155329999999935
0
LINE
8
BLACK
6
CONTINUOUS
10
170.5809669999999869
20
-88.2155329999999935
11
170.5647089999999935
21
-88.1912009999999924
0
LINE
8
BLACK
6
CONTINUOUS
10
170.5647089999999935
20
-88.1912009999999924
11
170.5589999999999975
21
-88.1624999999999943
0
LINE
8
BLACK
6
CONTINUOUS
10
170.5589999999999975
20
-88.1624999999999943
11
170.5589999999999975
21
-88.0125000000000028
0
LINE
8
BLACK
6
CONTINUOUS
10
170.5589999999999975
20
-88.0125000000000028
11
170.5647089999999935
21
-87.9837989999999905
0
LINE
8
BLACK
6
CONTINUOUS
10
170.5647089999999935
20
-87.9837989999999905
11
170.5809669999999869
21
-87.9594669999999894
0
LINE
8
BLACK
6
CONTINUOUS
10
170.5809669999999869
20
-87.9594669999999894
11
170.6052990000000023
21
-87.943208999999996
0
LINE
8
BLACK
6
CONTINUOUS
10
170.6052990000000023
20
-87.943208999999996
11
170.6339999999999861
21
-87.9375
0
LINE
8
BLACK
6
CONTINUOUS
10
170.6339999999999861
20
-87.9375
11
171.9590000000000032
21
-87.9375
0
LINE
8
BLACK
6
CONTINUOUS
10
171.9590000000000032
20
-87.9375
11
171.9877009999999871
21
-87.943208999999996
0
LINE
8
BLACK
6
CONTINUOUS
10
180.9667079999999828
20
-87.0326839999999891
11
181.0864299999999787
21
-87.1096249999999941
0
LINE
8
BLACK
6
CONTINUOUS
10
181.0864299999999787
20
-87.1096249999999941
11
181.1796269999999822
21
-87.217179999999999
0
LINE
8
BLACK
6
CONTINUOUS
10
181.1796269999999822
20
-87.217179999999999
11
181.2387459999999919
21
-87.3466339999999946
0
LINE
8
BLACK
6
CONTINUOUS
10
181.2387459999999919
20
-87.3466339999999946
11
181.2589999999999861
21
-87.4874999999999972
0
LINE
8
BLACK
6
CONTINUOUS
10
181.2589999999999861
20
-87.4874999999999972
11
181.2387459999999919
21
-87.6283659999999998
0
LINE
8
BLACK
6
CONTINUOUS
10
181.2387459999999919
20
-87.6283659999999998
11
181.1796269999999822
21
-87.7578199999999953
0
LINE
8
BLACK
6
CONTINUOUS
10
181.1796269999999822
20
-87.7578199999999953
11
181.0864299999999787
21
-87.8653750000000002
0
LINE
8
BLACK
6
CONTINUOUS
10
181.0864299999999787
20
-87.8653750000000002
11
180.9667079999999828
21
-87.942315999999991
0
LINE
8
BLACK
6
CONTINUOUS
10
180.9667079999999828
20
-87.942315999999991
11
180.8301569999999856
21
-87.982410999999999
0
LINE
8
BLACK
6
CONTINUOUS
10
180.8301569999999856
20
-87.982410999999999
11
180.6878429999999867
21
-87.982410999999999
0
LINE
8
BLACK
6
CONTINUOUS
10
180.6878429999999867
20
-87.982410999999999
11
180.5512919999999895
21
-87.942315999999991
0
LINE
8
BLACK
6
CONTINUOUS
10
180.5512919999999895
20
-87.942315999999991
11
180.4315699999999936
21
-87.8653750000000002
0
LINE
8
BLACK
6
CONTINUOUS
10
180.4315699999999936
20
-87.8653750000000002
11
180.33837299999999
21
-87.7578199999999953
0
LINE
8
BLACK
6
CONTINUOUS
10
180.33837299999999
20
-87.7578199999999953
11
180.2792539999999804
21
-87.6283659999999998
0
LINE
8
BLACK
6
CONTINUOUS
10
180.2792539999999804
20
-87.6283659999999998
11
180.2589999999999861
21
-87.4874999999999972
0
LINE
8
BLACK
6
CONTINUOUS
10
180.2589999999999861
20
-87.4874999999999972
11
180.2792539999999804
21
-87.3466339999999946
0
LINE
8
BLACK
6
CONTINUOUS
10
180.2792539999999804
20
-87.3466339999999946
11
180.33837299999999
21
-87.217179999999999
0
LINE
8
BLACK
6
CONTINUOUS
10
180.33837299999999
20
-87.217179999999999
11
180.4315699999999936
21
-87.1096249999999941
0
LINE
8
BLACK
6
CONTINUOUS
10
180.4315699999999936
20
-87.1096249999999941
11
180.5512919999999895
21
-87.0326839999999891
0
LINE
8
BLACK
6
CONTINUOUS
10
180.5512919999999895
20
-87.0326839999999891
11
180.6878429999999867
21
-86.9925889999999953
0
LINE
8
BLACK
6
CONTINUOUS
10
180.6878429999999867
20
-86.9925889999999953
11
180.8301569999999856
21
-86.9925889999999953
0
LINE
8
BLACK
6
CONTINUOUS
10
180.8301569999999856
20
-86.9925889999999953
11
180.9667079999999828
21
-87.0326839999999891
0
LINE
8
BLACK
6
CONTINUOUS
10
157.7823869999999999
20
-86.7205790000000007
11
157.859437999999983
21
-86.7720619999999911
0
LINE
8
BLACK
6
CONTINUOUS
10
157.859437999999983
20
-86.7720619999999911
11
157.9109210000000019
21
-86.8491130000000027
0
LINE
8
BLACK
6
CONTINUOUS
10
157.9109210000000019
20
-86.8491130000000027
11
157.929000000000002
21
-86.9399999999999977
0
LINE
8
BLACK
6
CONTINUOUS
10
157.929000000000002
20
-86.9399999999999977
11
157.929000000000002
21
-87.539999999999992
0
LINE
8
BLACK
6
CONTINUOUS
10
157.929000000000002
20
-87.539999999999992
11
157.9109210000000019
21
-87.6308870000000013
0
LINE
8
BLACK
6
CONTINUOUS
10
157.9109210000000019
20
-87.6308870000000013
11
157.859437999999983
21
-87.7079379999999986
0
LINE
8
BLACK
6
CONTINUOUS
10
157.859437999999983
20
-87.7079379999999986
11
157.7823869999999999
21
-87.759420999999989
0
LINE
8
BLACK
6
CONTINUOUS
10
157.7823869999999999
20
-87.759420999999989
11
157.6914999999999907
21
-87.7774999999999892
0
LINE
8
BLACK
6
CONTINUOUS
10
157.6914999999999907
20
-87.7774999999999892
11
157.2164999999999964
21
-87.7774999999999892
0
LINE
8
BLACK
6
CONTINUOUS
10
157.2164999999999964
20
-87.7774999999999892
11
157.1256129999999871
21
-87.759420999999989
0
LINE
8
BLACK
6
CONTINUOUS
10
157.1256129999999871
20
-87.759420999999989
11
157.048562000000004
21
-87.7079379999999986
0
LINE
8
BLACK
6
CONTINUOUS
10
157.048562000000004
20
-87.7079379999999986
11
156.9970789999999852
21
-87.6308870000000013
0
LINE
8
BLACK
6
CONTINUOUS
10
156.9970789999999852
20
-87.6308870000000013
11
156.978999999999985
21
-87.539999999999992
0
LINE
8
BLACK
6
CONTINUOUS
10
156.978999999999985
20
-87.539999999999992
11
156.978999999999985
21
-86.9399999999999977
0
LINE
8
BLACK
6
CONTINUOUS
10
156.978999999999985
20
-86.9399999999999977
11
156.9970789999999852
21
-86.8491130000000027
0
LINE
8
BLACK
6
CONTINUOUS
10
156.9970789999999852
20
-86.8491130000000027
11
157.048562000000004
21
-86.7720619999999911
0
LINE
8
BLACK
6
CONTINUOUS
10
157.048562000000004
20
-86.7720619999999911
11
157.1256129999999871
21
-86.7205790000000007
0
LINE
8
BLACK
6
CONTINUOUS
10
157.1256129999999871
20
-86.7205790000000007
11
157.2164999999999964
21
-86.7025000000000006
0
LINE
8
BLACK
6
CONTINUOUS
10
157.2164999999999964
20
-86.7025000000000006
11
157.6914999999999907
21
-86.7025000000000006
0
LINE
8
BLACK
6
CONTINUOUS
10
157.6914999999999907
20
-86.7025000000000006
11
157.7823869999999999
21
-86.7205790000000007
0
LINE
8
BLACK
6
CONTINUOUS
10
163.6627009999999984
20
-87.443208999999996
11
163.6870329999999853
21
-87.4594669999999894
0
LINE
8
BLACK
6
CONTINUOUS
10
163.6870329999999853
20
-87.4594669999999894
11
163.7032909999999788
21
-87.4837989999999905
0
LINE
8
BLACK
6
CONTINUOUS
10
163.7032909999999788
20
-87.4837989999999905
11
163.7090000000000032
21
-87.5125000000000028
0
LINE
8
BLACK
6
CONTINUOUS
10
163.7090000000000032
20
-87.5125000000000028
11
163.7090000000000032
21
-87.6624999999999943
0
LINE
8
BLACK
6
CONTINUOUS
10
163.7090000000000032
20
-87.6624999999999943
11
163.7032909999999788
21
-87.6912009999999924
0
LINE
8
BLACK
6
CONTINUOUS
10
163.7032909999999788
20
-87.6912009999999924
11
163.6870329999999853
21
-87.7155329999999935
0
LINE
8
BLACK
6
CONTINUOUS
10
163.6870329999999853
20
-87.7155329999999935
11
163.6627009999999984
21
-87.7317910000000012
0
LINE
8
BLACK
6
CONTINUOUS
10
163.6627009999999984
20
-87.7317910000000012
11
163.6339999999999861
21
-87.7374999999999972
0
LINE
8
BLACK
6
CONTINUOUS
10
163.6339999999999861
20
-87.7374999999999972
11
162.3089999999999975
21
-87.7374999999999972
0
LINE
8
BLACK
6
CONTINUOUS
10
162.3089999999999975
20
-87.7374999999999972
11
162.2802989999999852
21
-87.7317910000000012
0
LINE
8
BLACK
6
CONTINUOUS
10
162.2802989999999852
20
-87.7317910000000012
11
162.2559669999999983
21
-87.7155329999999935
0
LINE
8
BLACK
6
CONTINUOUS
10
162.2559669999999983
20
-87.7155329999999935
11
162.2397090000000048
21
-87.6912009999999924
0
LINE
8
BLACK
6
CONTINUOUS
10
162.2397090000000048
20
-87.6912009999999924
11
162.2339999999999804
21
-87.6624999999999943
0
LINE
8
BLACK
6
CONTINUOUS
10
162.2339999999999804
20
-87.6624999999999943
11
162.2339999999999804
21
-87.5125000000000028
0
LINE
8
BLACK
6
CONTINUOUS
10
162.2339999999999804
20
-87.5125000000000028
11
162.2397090000000048
21
-87.4837989999999905
0
LINE
8
BLACK
6
CONTINUOUS
10
162.2397090000000048
20
-87.4837989999999905
11
162.2559669999999983
21
-87.4594669999999894
0
LINE
8
BLACK
6
CONTINUOUS
10
162.2559669999999983
20
-87.4594669999999894
11
162.2802989999999852
21
-87.443208999999996
0
LINE
8
BLACK
6
CONTINUOUS
10
162.2802989999999852
20
-87.443208999999996
11
162.3089999999999975
21
-87.4375
0
LINE
8
BLACK
6
CONTINUOUS
10
162.3089999999999975
20
-87.4375
11
163.6339999999999861
21
-87.4375
0
LINE
8
BLACK
6
CONTINUOUS
10
163.6339999999999861
20
-87.4375
11
163.6627009999999984
21
-87.443208999999996
0
LINE
8
BLACK
6
CONTINUOUS
10
171.9877009999999871
20
-87.443208999999996
11
172.0120330000000024
21
-87.4594669999999894
0
LINE
8
BLACK
6
CONTINUOUS
10
172.0120330000000024
20
-87.4594669999999894
11
172.0282909999999958
21
-87.4837989999999905
0
LINE
8
BLACK
6
CONTINUOUS
10
172.0282909999999958
20
-87.4837989999999905
11
172.0339999999999918
21
-87.5125000000000028
0
LINE
8
BLACK
6
CONTINUOUS
10
172.0339999999999918
20
-87.5125000000000028
11
172.0339999999999918
21
-87.6624999999999943
0
LINE
8
BLACK
6
CONTINUOUS
10
172.0339999999999918
20
-87.6624999999999943
11
172.0282909999999958
21
-87.6912009999999924
0
LINE
8
BLACK
6
CONTINUOUS
10
172.0282909999999958
20
-87.6912009999999924
11
172.0120330000000024
21
-87.7155329999999935
0
LINE
8
BLACK
6
CONTINUOUS
10
172.0120330000000024
20
-87.7155329999999935
11
171.9877009999999871
21
-87.7317910000000012
0
LINE
8
BLACK
6
CONTINUOUS
10
171.9877009999999871
20
-87.7317910000000012
11
171.9590000000000032
21
-87.7374999999999972
0
LINE
8
BLACK
6
CONTINUOUS
10
171.9590000000000032
20
-87.7374999999999972
11
170.6339999999999861
21
-87.7374999999999972
0
LINE
8
BLACK
6
CONTINUOUS
10
170.6339999999999861
20
-87.7374999999999972
11
170.6052990000000023
21
-87.7317910000000012
0
LINE
8
BLACK
6
CONTINUOUS
10
170.6052990000000023
20
-87.7317910000000012
11
170.5809669999999869
21
-87.7155329999999935
0
LINE
8
BLACK
6
CONTINUOUS
10
170.5809669999999869
20
-87.7155329999999935
11
170.5647089999999935
21
-87.6912009999999924
0
LINE
8
BLACK
6
CONTINUOUS
10
170.5647089999999935
20
-87.6912009999999924
11
170.5589999999999975
21
-87.6624999999999943
0
LINE
8
BLACK
6
CONTINUOUS
10
170.5589999999999975
20
-87.6624999999999943
11
170.5589999999999975
21
-87.5125000000000028
0
LINE
8
BLACK
6
CONTINUOUS
10
170.5589999999999975
20
-87.5125000000000028
11
170.5647089999999935
21
-87.4837989999999905
0
LINE
8
BLACK
6
CONTINUOUS
10
170.5647089999999935
20
-87.4837989999999905
11
170.5809669999999869
21
-87.4594669999999894
0
LINE
8
BLACK
6
CONTINUOUS
10
170.5809669999999869
20
-87.4594669999999894
11
170.6052990000000023
21
-87.443208999999996
0
LINE
8
BLACK
6
CONTINUOUS
10
170.6052990000000023
20
-87.443208999999996
11
170.6339999999999861
21
-87.4375
0
LINE
8
BLACK
6
CONTINUOUS
10
170.6339999999999861
20
-87.4375
11
171.9590000000000032
21
-87.4375
0
LINE
8
BLACK
6
CONTINUOUS
10
171.9590000000000032
20
-87.4375
11
171.9877009999999871
21
-87.443208999999996
0
LINE
8
BLACK
6
CONTINUOUS
10
176.6414029999999968
20
-86.1364179999999919
11
176.6900660000000016
21
-86.168933999999993
0
LINE
8
BLACK
6
CONTINUOUS
10
176.6900660000000016
20
-86.168933999999993
11
176.7225819999999885
21
-86.2175969999999978
0
LINE
8
BLACK
6
CONTINUOUS
10
176.7225819999999885
20
-86.2175969999999978
11
176.7339999999999804
21
-86.2749999999999915
0
LINE
8
BLACK
6
CONTINUOUS
10
176.7339999999999804
20
-86.2749999999999915
11
176.7339999999999804
21
-87.2999999999999972
0
LINE
8
BLACK
6
CONTINUOUS
10
176.7339999999999804
20
-87.2999999999999972
11
176.7225819999999885
21
-87.3574029999999908
0
LINE
8
BLACK
6
CONTINUOUS
10
176.7225819999999885
20
-87.3574029999999908
11
176.6900660000000016
21
-87.4060659999999956
0
LINE
8
BLACK
6
CONTINUOUS
10
176.6900660000000016
20
-87.4060659999999956
11
176.6414029999999968
21
-87.4385819999999967
0
LINE
8
BLACK
6
CONTINUOUS
10
176.6414029999999968
20
-87.4385819999999967
11
176.5840000000000032
21
-87.4500000000000028
0
LINE
8
BLACK
6
CONTINUOUS
10
176.5840000000000032
20
-87.4500000000000028
11
176.2839999999999918
21
-87.4500000000000028
0
LINE
8
BLACK
6
CONTINUOUS
10
176.2839999999999918
20
-87.4500000000000028
11
176.2265969999999982
21
-87.4385819999999967
0
LINE
8
BLACK
6
CONTINUOUS
10
176.2265969999999982
20
-87.4385819999999967
11
176.1779339999999934
21
-87.4060659999999956
0
LINE
8
BLACK
6
CONTINUOUS
10
176.1779339999999934
20
-87.4060659999999956
11
176.1454179999999781
21
-87.3574029999999908
0
LINE
8
BLACK
6
CONTINUOUS
10
176.1454179999999781
20
-87.3574029999999908
11
176.1339999999999861
21
-87.2999999999999972
0
LINE
8
BLACK
6
CONTINUOUS
10
176.1339999999999861
20
-87.2999999999999972
11
176.1339999999999861
21
-86.2749999999999915
0
LINE
8
BLACK
6
CONTINUOUS
10
176.1339999999999861
20
-86.2749999999999915
11
176.1454179999999781
21
-86.2175969999999978
0
LINE
8
BLACK
6
CONTINUOUS
10
176.1454179999999781
20
-86.2175969999999978
11
176.1779339999999934
21
-86.168933999999993
0
LINE
8
BLACK
6
CONTINUOUS
10
176.1779339999999934
20
-86.168933999999993
11
176.2265969999999982
21
-86.1364179999999919
0
LINE
8
BLACK
6
CONTINUOUS
10
176.2265969999999982
20
-86.1364179999999919
11
176.2839999999999918
21
-86.125
0
LINE
8
BLACK
6
CONTINUOUS
10
176.2839999999999918
20
-86.125
11
176.5840000000000032
21
-86.125
0
LINE
8
BLACK
6
CONTINUOUS
10
176.5840000000000032
20
-86.125
11
176.6414029999999968
21
-86.1364179999999919
0
LINE
8
BLACK
6
CONTINUOUS
10
178.5414030000000025
20
-86.1364179999999919
11
178.5900659999999789
21
-86.168933999999993
0
LINE
8
BLACK
6
CONTINUOUS
10
178.5900659999999789
20
-86.168933999999993
11
178.6225819999999942
21
-86.2175969999999978
0
LINE
8
BLACK
6
CONTINUOUS
10
178.6225819999999942
20
-86.2175969999999978
11
178.6339999999999861
21
-86.2749999999999915
0
LINE
8
BLACK
6
CONTINUOUS
10
178.6339999999999861
20
-86.2749999999999915
11
178.6339999999999861
21
-87.2999999999999972
0
LINE
8
BLACK
6
CONTINUOUS
10
178.6339999999999861
20
-87.2999999999999972
11
178.6225819999999942
21
-87.3574029999999908
0
LINE
8
BLACK
6
CONTINUOUS
10
178.6225819999999942
20
-87.3574029999999908
11
178.5900659999999789
21
-87.4060659999999956
0
LINE
8
BLACK
6
CONTINUOUS
10
178.5900659999999789
20
-87.4060659999999956
11
178.5414030000000025
21
-87.4385819999999967
0
LINE
8
BLACK
6
CONTINUOUS
10
178.5414030000000025
20
-87.4385819999999967
11
178.4839999999999804
21
-87.4500000000000028
0
LINE
8
BLACK
6
CONTINUOUS
10
178.4839999999999804
20
-87.4500000000000028
11
178.1839999999999975
21
-87.4500000000000028
0
LINE
8
BLACK
6
CONTINUOUS
10
178.1839999999999975
20
-87.4500000000000028
11
178.1265970000000038
21
-87.4385819999999967
0
LINE
8
BLACK
6
CONTINUOUS
10
178.1265970000000038
20
-87.4385819999999967
11
178.0779339999999991
21
-87.4060659999999956
0
LINE
8
BLACK
6
CONTINUOUS
10
178.0779339999999991
20
-87.4060659999999956
11
178.0454179999999837
21
-87.3574029999999908
0
LINE
8
BLACK
6
CONTINUOUS
10
178.0454179999999837
20
-87.3574029999999908
11
178.0339999999999918
21
-87.2999999999999972
0
LINE
8
BLACK
6
CONTINUOUS
10
178.0339999999999918
20
-87.2999999999999972
11
178.0339999999999918
21
-86.2749999999999915
0
LINE
8
BLACK
6
CONTINUOUS
10
178.0339999999999918
20
-86.2749999999999915
11
178.0454179999999837
21
-86.2175969999999978
0
LINE
8
BLACK
6
CONTINUOUS
10
178.0454179999999837
20
-86.2175969999999978
11
178.0779339999999991
21
-86.168933999999993
0
LINE
8
BLACK
6
CONTINUOUS
10
178.0779339999999991
20
-86.168933999999993
11
178.1265970000000038
21
-86.1364179999999919
0
LINE
8
BLACK
6
CONTINUOUS
10
178.1265970000000038
20
-86.1364179999999919
11
178.1839999999999975
21
-86.125
0
LINE
8
BLACK
6
CONTINUOUS
10
178.1839999999999975
20
-86.125
11
178.4839999999999804
21
-86.125
0
LINE
8
BLACK
6
CONTINUOUS
10
178.4839999999999804
20
-86.125
11
178.5414030000000025
21
-86.1364179999999919
0
LINE
8
BLACK
6
CONTINUOUS
10
175.6914029999999798
20
-86.1339179999999942
11
175.7400659999999846
21
-86.1664339999999953
0
LINE
8
BLACK
6
CONTINUOUS
10
175.7400659999999846
20
-86.1664339999999953
11
175.7725819999999999
21
-86.2150970000000001
0
LINE
8
BLACK
6
CONTINUOUS
10
175.7725819999999999
20
-86.2150970000000001
11
175.7839999999999918
21
-86.2724999999999937
0
LINE
8
BLACK
6
CONTINUOUS
10
175.7839999999999918
20
-86.2724999999999937
11
175.7839999999999918
21
-87.2974999999999994
0
LINE
8
BLACK
6
CONTINUOUS
10
175.7839999999999918
20
-87.2974999999999994
11
175.7725819999999999
21
-87.3549029999999931
0
LINE
8
BLACK
6
CONTINUOUS
10
175.7725819999999999
20
-87.3549029999999931
11
175.7400659999999846
21
-87.4035659999999979
0
LINE
8
BLACK
6
CONTINUOUS
10
175.7400659999999846
20
-87.4035659999999979
11
175.6914029999999798
21
-87.436081999999999
0
LINE
8
BLACK
6
CONTINUOUS
10
175.6914029999999798
20
-87.436081999999999
11
175.6339999999999861
21
-87.4474999999999909
0
LINE
8
BLACK
6
CONTINUOUS
10
175.6339999999999861
20
-87.4474999999999909
11
175.3340000000000032
21
-87.4474999999999909
0
LINE
8
BLACK
6
CONTINUOUS
10
175.3340000000000032
20
-87.4474999999999909
11
175.2765969999999811
21
-87.436081999999999
0
LINE
8
BLACK
6
CONTINUOUS
10
175.2765969999999811
20
-87.436081999999999
11
175.2279340000000047
21
-87.4035659999999979
0
LINE
8
BLACK
6
CONTINUOUS
10
175.2279340000000047
20
-87.4035659999999979
11
175.1954179999999894
21
-87.3549029999999931
0
LINE
8
BLACK
6
CONTINUOUS
10
175.1954179999999894
20
-87.3549029999999931
11
175.1839999999999975
21
-87.2974999999999994
0
LINE
8
BLACK
6
CONTINUOUS
10
175.1839999999999975
20
-87.2974999999999994
11
175.1839999999999975
21
-86.2724999999999937
0
LINE
8
BLACK
6
CONTINUOUS
10
175.1839999999999975
20
-86.2724999999999937
11
175.1954179999999894
21
-86.2150970000000001
0
LINE
8
BLACK
6
CONTINUOUS
10
175.1954179999999894
20
-86.2150970000000001
11
175.2279340000000047
21
-86.1664339999999953
0
LINE
8
BLACK
6
CONTINUOUS
10
175.2279340000000047
20
-86.1664339999999953
11
175.2765969999999811
21
-86.1339179999999942
0
LINE
8
BLACK
6
CONTINUOUS
10
175.2765969999999811
20
-86.1339179999999942
11
175.3340000000000032
21
-86.1225000000000023
0
LINE
8
BLACK
6
CONTINUOUS
10
175.3340000000000032
20
-86.1225000000000023
11
175.6339999999999861
21
-86.1225000000000023
0
LINE
8
BLACK
6
CONTINUOUS
10
175.6339999999999861
20
-86.1225000000000023
11
175.6914029999999798
21
-86.1339179999999942
0
LINE
8
BLACK
6
CONTINUOUS
10
177.5914029999999855
20
-86.1339179999999942
11
177.6400659999999903
21
-86.1664339999999953
0
LINE
8
BLACK
6
CONTINUOUS
10
177.6400659999999903
20
-86.1664339999999953
11
177.6725820000000056
21
-86.2150970000000001
0
LINE
8
BLACK
6
CONTINUOUS
10
177.6725820000000056
20
-86.2150970000000001
11
177.6839999999999975
21
-86.2724999999999937
0
LINE
8
BLACK
6
CONTINUOUS
10
177.6839999999999975
20
-86.2724999999999937
11
177.6839999999999975
21
-87.2974999999999994
0
LINE
8
BLACK
6
CONTINUOUS
10
177.6839999999999975
20
-87.2974999999999994
11
177.6725820000000056
21
-87.3549029999999931
0
LINE
8
BLACK
6
CONTINUOUS
10
177.6725820000000056
20
-87.3549029999999931
11
177.6400659999999903
21
-87.4035659999999979
0
LINE
8
BLACK
6
CONTINUOUS
10
177.6400659999999903
20
-87.4035659999999979
11
177.5914029999999855
21
-87.436081999999999
0
LINE
8
BLACK
6
CONTINUOUS
10
177.5914029999999855
20
-87.436081999999999
11
177.5339999999999918
21
-87.4474999999999909
0
LINE
8
BLACK
6
CONTINUOUS
10
177.5339999999999918
20
-87.4474999999999909
11
177.2339999999999804
21
-87.4474999999999909
0
LINE
8
BLACK
6
CONTINUOUS
10
177.2339999999999804
20
-87.4474999999999909
11
177.1765969999999868
21
-87.436081999999999
0
LINE
8
BLACK
6
CONTINUOUS
10
177.1765969999999868
20
-87.436081999999999
11
177.127933999999982
21
-87.4035659999999979
0
LINE
8
BLACK
6
CONTINUOUS
10
177.127933999999982
20
-87.4035659999999979
11
177.0954179999999951
21
-87.3549029999999931
0
LINE
8
BLACK
6
CONTINUOUS
10
177.0954179999999951
20
-87.3549029999999931
11
177.0840000000000032
21
-87.2974999999999994
0
LINE
8
BLACK
6
CONTINUOUS
10
177.0840000000000032
20
-87.2974999999999994
11
177.0840000000000032
21
-86.2724999999999937
0
LINE
8
BLACK
6
CONTINUOUS
10
177.0840000000000032
20
-86.2724999999999937
11
177.0954179999999951
21
-86.2150970000000001
0
LINE
8
BLACK
6
CONTINUOUS
10
177.0954179999999951
20
-86.2150970000000001
11
177.127933999999982
21
-86.1664339999999953
0
LINE
8
BLACK
6
CONTINUOUS
10
177.127933999999982
20
-86.1664339999999953
11
177.1765969999999868
21
-86.1339179999999942
0
LINE
8
BLACK
6
CONTINUOUS
10
177.1765969999999868
20
-86.1339179999999942
11
177.2339999999999804
21
-86.1225000000000023
0
LINE
8
BLACK
6
CONTINUOUS
10
177.2339999999999804
20
-86.1225000000000023
11
177.5339999999999918
21
-86.1225000000000023
0
LINE
8
BLACK
6
CONTINUOUS
10
177.5339999999999918
20
-86.1225000000000023
11
177.5914029999999855
21
-86.1339179999999942
0
LINE
8
BLACK
6
CONTINUOUS
10
163.6627009999999984
20
-86.943208999999996
11
163.6870329999999853
21
-86.9594669999999894
0
LINE
8
BLACK
6
CONTINUOUS
10
163.6870329999999853
20
-86.9594669999999894
11
163.7032909999999788
21
-86.9837989999999905
0
LINE
8
BLACK
6
CONTINUOUS
10
163.7032909999999788
20
-86.9837989999999905
11
163.7090000000000032
21
-87.0125000000000028
0
LINE
8
BLACK
6
CONTINUOUS
10
163.7090000000000032
20
-87.0125000000000028
11
163.7090000000000032
21
-87.1624999999999943
0
LINE
8
BLACK
6
CONTINUOUS
10
163.7090000000000032
20
-87.1624999999999943
11
163.7032909999999788
21
-87.1912009999999924
0
LINE
8
BLACK
6
CONTINUOUS
10
163.7032909999999788
20
-87.1912009999999924
11
163.6870329999999853
21
-87.2155329999999935
0
LINE
8
BLACK
6
CONTINUOUS
10
163.6870329999999853
20
-87.2155329999999935
11
163.6627009999999984
21
-87.2317910000000012
0
LINE
8
BLACK
6
CONTINUOUS
10
163.6627009999999984
20
-87.2317910000000012
11
163.6339999999999861
21
-87.2374999999999972
0
LINE
8
BLACK
6
CONTINUOUS
10
163.6339999999999861
20
-87.2374999999999972
11
162.3089999999999975
21
-87.2374999999999972
0
LINE
8
BLACK
6
CONTINUOUS
10
162.3089999999999975
20
-87.2374999999999972
11
162.2802989999999852
21
-87.2317910000000012
0
LINE
8
BLACK
6
CONTINUOUS
10
162.2802989999999852
20
-87.2317910000000012
11
162.2559669999999983
21
-87.2155329999999935
0
LINE
8
BLACK
6
CONTINUOUS
10
162.2559669999999983
20
-87.2155329999999935
11
162.2397090000000048
21
-87.1912009999999924
0
LINE
8
BLACK
6
CONTINUOUS
10
162.2397090000000048
20
-87.1912009999999924
11
162.2339999999999804
21
-87.1624999999999943
0
LINE
8
BLACK
6
CONTINUOUS
10
162.2339999999999804
20
-87.1624999999999943
11
162.2339999999999804
21
-87.0125000000000028
0
LINE
8
BLACK
6
CONTINUOUS
10
162.2339999999999804
20
-87.0125000000000028
11
162.2397090000000048
21
-86.9837989999999905
0
LINE
8
BLACK
6
CONTINUOUS
10
162.2397090000000048
20
-86.9837989999999905
11
162.2559669999999983
21
-86.9594669999999894
0
LINE
8
BLACK
6
CONTINUOUS
10
162.2559669999999983
20
-86.9594669999999894
11
162.2802989999999852
21
-86.943208999999996
0
LINE
8
BLACK
6
CONTINUOUS
10
162.2802989999999852
20
-86.943208999999996
11
162.3089999999999975
21
-86.9375
0
LINE
8
BLACK
6
CONTINUOUS
10
162.3089999999999975
20
-86.9375
11
163.6339999999999861
21
-86.9375
0
LINE
8
BLACK
6
CONTINUOUS
10
163.6339999999999861
20
-86.9375
11
163.6627009999999984
21
-86.943208999999996
0
LINE
8
BLACK
6
CONTINUOUS
10
171.9877009999999871
20
-86.943208999999996
11
172.0120330000000024
21
-86.9594669999999894
0
LINE
8
BLACK
6
CONTINUOUS
10
172.0120330000000024
20
-86.9594669999999894
11
172.0282909999999958
21
-86.9837989999999905
0
LINE
8
BLACK
6
CONTINUOUS
10
172.0282909999999958
20
-86.9837989999999905
11
172.0339999999999918
21
-87.0125000000000028
0
LINE
8
BLACK
6
CONTINUOUS
10
172.0339999999999918
20
-87.0125000000000028
11
172.0339999999999918
21
-87.1624999999999943
0
LINE
8
BLACK
6
CONTINUOUS
10
172.0339999999999918
20
-87.1624999999999943
11
172.0282909999999958
21
-87.1912009999999924
0
LINE
8
BLACK
6
CONTINUOUS
10
172.0282909999999958
20
-87.1912009999999924
11
172.0120330000000024
21
-87.2155329999999935
0
LINE
8
BLACK
6
CONTINUOUS
10
172.0120330000000024
20
-87.2155329999999935
11
171.9877009999999871
21
-87.2317910000000012
0
LINE
8
BLACK
6
CONTINUOUS
10
171.9877009999999871
20
-87.2317910000000012
11
171.9590000000000032
21
-87.2374999999999972
0
LINE
8
BLACK
6
CONTINUOUS
10
171.9590000000000032
20
-87.2374999999999972
11
170.6339999999999861
21
-87.2374999999999972
0
LINE
8
BLACK
6
CONTINUOUS
10
170.6339999999999861
20
-87.2374999999999972
11
170.6052990000000023
21
-87.2317910000000012
0
LINE
8
BLACK
6
CONTINUOUS
10
170.6052990000000023
20
-87.2317910000000012
11
170.5809669999999869
21
-87.2155329999999935
0
LINE
8
BLACK
6
CONTINUOUS
10
170.5809669999999869
20
-87.2155329999999935
11
170.5647089999999935
21
-87.1912009999999924
0
LINE
8
BLACK
6
CONTINUOUS
10
170.5647089999999935
20
-87.1912009999999924
11
170.5589999999999975
21
-87.1624999999999943
0
LINE
8
BLACK
6
CONTINUOUS
10
170.5589999999999975
20
-87.1624999999999943
11
170.5589999999999975
21
-87.0125000000000028
0
LINE
8
BLACK
6
CONTINUOUS
10
170.5589999999999975
20
-87.0125000000000028
11
170.5647089999999935
21
-86.9837989999999905
0
LINE
8
BLACK
6
CONTINUOUS
10
170.5647089999999935
20
-86.9837989999999905
11
170.5809669999999869
21
-86.9594669999999894
0
LINE
8
BLACK
6
CONTINUOUS
10
170.5809669999999869
20
-86.9594669999999894
11
170.6052990000000023
21
-86.943208999999996
0
LINE
8
BLACK
6
CONTINUOUS
10
170.6052990000000023
20
-86.943208999999996
11
170.6339999999999861
21
-86.9375
0
LINE
8
BLACK
6
CONTINUOUS
10
170.6339999999999861
20
-86.9375
11
171.9590000000000032
21
-86.9375
0
LINE
8
BLACK
6
CONTINUOUS
10
171.9590000000000032
20
-86.9375
11
171.9877009999999871
21
-86.943208999999996
0
LINE
8
BLACK
6
CONTINUOUS
10
155.8739999999999952
20
-87.2099999999999937
11
154.1740000000000066
21
-87.2099999999999937
0
LINE
8
BLACK
6
CONTINUOUS
10
154.1740000000000066
20
-87.2099999999999937
11
154.1740000000000066
21
-86.3100000000000023
0
LINE
8
BLACK
6
CONTINUOUS
10
154.1740000000000066
20
-86.3100000000000023
11
155.8739999999999952
21
-86.3100000000000023
0
LINE
8
BLACK
6
CONTINUOUS
10
155.8739999999999952
20
-86.3100000000000023
11
155.8739999999999952
21
-87.2099999999999937
0
LINE
8
BLACK
6
CONTINUOUS
10
163.6627009999999984
20
-86.443208999999996
11
163.6870329999999853
21
-86.4594669999999894
0
LINE
8
BLACK
6
CONTINUOUS
10
163.6870329999999853
20
-86.4594669999999894
11
163.7032909999999788
21
-86.4837989999999905
0
LINE
8
BLACK
6
CONTINUOUS
10
163.7032909999999788
20
-86.4837989999999905
11
163.7090000000000032
21
-86.5125000000000028
0
LINE
8
BLACK
6
CONTINUOUS
10
163.7090000000000032
20
-86.5125000000000028
11
163.7090000000000032
21
-86.6624999999999943
0
LINE
8
BLACK
6
CONTINUOUS
10
163.7090000000000032
20
-86.6624999999999943
11
163.7032909999999788
21
-86.6912009999999924
0
LINE
8
BLACK
6
CONTINUOUS
10
163.7032909999999788
20
-86.6912009999999924
11
163.6870329999999853
21
-86.7155329999999935
0
LINE
8
BLACK
6
CONTINUOUS
10
163.6870329999999853
20
-86.7155329999999935
11
163.6627009999999984
21
-86.7317910000000012
0
LINE
8
BLACK
6
CONTINUOUS
10
163.6627009999999984
20
-86.7317910000000012
11
163.6339999999999861
21
-86.7374999999999972
0
LINE
8
BLACK
6
CONTINUOUS
10
163.6339999999999861
20
-86.7374999999999972
11
162.3089999999999975
21
-86.7374999999999972
0
LINE
8
BLACK
6
CONTINUOUS
10
162.3089999999999975
20
-86.7374999999999972
11
162.2802989999999852
21
-86.7317910000000012
0
LINE
8
BLACK
6
CONTINUOUS
10
162.2802989999999852
20
-86.7317910000000012
11
162.2559669999999983
21
-86.7155329999999935
0
LINE
8
BLACK
6
CONTINUOUS
10
162.2559669999999983
20
-86.7155329999999935
11
162.2397090000000048
21
-86.6912009999999924
0
LINE
8
BLACK
6
CONTINUOUS
10
162.2397090000000048
20
-86.6912009999999924
11
162.2339999999999804
21
-86.6624999999999943
0
LINE
8
BLACK
6
CONTINUOUS
10
162.2339999999999804
20
-86.6624999999999943
11
162.2339999999999804
21
-86.5125000000000028
0
LINE
8
BLACK
6
CONTINUOUS
10
162.2339999999999804
20
-86.5125000000000028
11
162.2397090000000048
21
-86.4837989999999905
0
LINE
8
BLACK
6
CONTINUOUS
10
162.2397090000000048
20
-86.4837989999999905
11
162.2559669999999983
21
-86.4594669999999894
0
LINE
8
BLACK
6
CONTINUOUS
10
162.2559669999999983
20
-86.4594669999999894
11
162.2802989999999852
21
-86.443208999999996
0
LINE
8
BLACK
6
CONTINUOUS
10
162.2802989999999852
20
-86.443208999999996
11
162.3089999999999975
21
-86.4375
0
LINE
8
BLACK
6
CONTINUOUS
10
162.3089999999999975
20
-86.4375
11
163.6339999999999861
21
-86.4375
0
LINE
8
BLACK
6
CONTINUOUS
10
163.6339999999999861
20
-86.4375
11
163.6627009999999984
21
-86.443208999999996
0
LINE
8
BLACK
6
CONTINUOUS
10
171.9877009999999871
20
-86.443208999999996
11
172.0120330000000024
21
-86.4594669999999894
0
LINE
8
BLACK
6
CONTINUOUS
10
172.0120330000000024
20
-86.4594669999999894
11
172.0282909999999958
21
-86.4837989999999905
0
LINE
8
BLACK
6
CONTINUOUS
10
172.0282909999999958
20
-86.4837989999999905
11
172.0339999999999918
21
-86.5125000000000028
0
LINE
8
BLACK
6
CONTINUOUS
10
172.0339999999999918
20
-86.5125000000000028
11
172.0339999999999918
21
-86.6624999999999943
0
LINE
8
BLACK
6
CONTINUOUS
10
172.0339999999999918
20
-86.6624999999999943
11
172.0282909999999958
21
-86.6912009999999924
0
LINE
8
BLACK
6
CONTINUOUS
10
172.0282909999999958
20
-86.6912009999999924
11
172.0120330000000024
21
-86.7155329999999935
0
LINE
8
BLACK
6
CONTINUOUS
10
172.0120330000000024
20
-86.7155329999999935
11
171.9877009999999871
21
-86.7317910000000012
0
LINE
8
BLACK
6
CONTINUOUS
10
171.9877009999999871
20
-86.7317910000000012
11
171.9590000000000032
21
-86.7374999999999972
0
LINE
8
BLACK
6
CONTINUOUS
10
171.9590000000000032
20
-86.7374999999999972
11
170.6339999999999861
21
-86.7374999999999972
0
LINE
8
BLACK
6
CONTINUOUS
10
170.6339999999999861
20
-86.7374999999999972
11
170.6052990000000023
21
-86.7317910000000012
0
LINE
8
BLACK
6
CONTINUOUS
10
170.6052990000000023
20
-86.7317910000000012
11
170.5809669999999869
21
-86.7155329999999935
0
LINE
8
BLACK
6
CONTINUOUS
10
170.5809669999999869
20
-86.7155329999999935
11
170.5647089999999935
21
-86.6912009999999924
0
LINE
8
BLACK
6
CONTINUOUS
10
170.5647089999999935
20
-86.6912009999999924
11
170.5589999999999975
21
-86.6624999999999943
0
LINE
8
BLACK
6
CONTINUOUS
10
170.5589999999999975
20
-86.6624999999999943
11
170.5589999999999975
21
-86.5125000000000028
0
LINE
8
BLACK
6
CONTINUOUS
10
170.5589999999999975
20
-86.5125000000000028
11
170.5647089999999935
21
-86.4837989999999905
0
LINE
8
BLACK
6
CONTINUOUS
10
170.5647089999999935
20
-86.4837989999999905
11
170.5809669999999869
21
-86.4594669999999894
0
LINE
8
BLACK
6
CONTINUOUS
10
170.5809669999999869
20
-86.4594669999999894
11
170.6052990000000023
21
-86.443208999999996
0
LINE
8
BLACK
6
CONTINUOUS
10
170.6052990000000023
20
-86.443208999999996
11
170.6339999999999861
21
-86.4375
0
LINE
8
BLACK
6
CONTINUOUS
10
170.6339999999999861
20
-86.4375
11
171.9590000000000032
21
-86.4375
0
LINE
8
BLACK
6
CONTINUOUS
10
171.9590000000000032
20
-86.4375
11
171.9877009999999871
21
-86.443208999999996
0
LINE
8
BLACK
6
CONTINUOUS
10
180.8758909999999958
20
-84.7688040000000029
11
181.0344130000000007
21
-84.8242729999999909
0
LINE
8
BLACK
6
CONTINUOUS
10
181.0344130000000007
20
-84.8242729999999909
11
181.1766169999999931
21
-84.9136259999999936
0
LINE
8
BLACK
6
CONTINUOUS
10
181.1766169999999931
20
-84.9136259999999936
11
181.2953739999999812
21
-85.0323829999999958
0
LINE
8
BLACK
6
CONTINUOUS
10
181.2953739999999812
20
-85.0323829999999958
11
181.384726999999998
21
-85.1745870000000025
0
LINE
8
BLACK
6
CONTINUOUS
10
181.384726999999998
20
-85.1745870000000025
11
181.440195999999986
21
-85.3331089999999932
0
LINE
8
BLACK
6
CONTINUOUS
10
181.440195999999986
20
-85.3331089999999932
11
181.4590000000000032
21
-85.5
0
LINE
8
BLACK
6
CONTINUOUS
10
181.4590000000000032
20
-85.5
11
181.440195999999986
21
-85.6668909999999926
0
LINE
8
BLACK
6
CONTINUOUS
10
181.440195999999986
20
-85.6668909999999926
11
181.384726999999998
21
-85.8254129999999975
0
LINE
8
BLACK
6
CONTINUOUS
10
181.384726999999998
20
-85.8254129999999975
11
181.2953739999999812
21
-85.96761699999999
0
LINE
8
BLACK
6
CONTINUOUS
10
181.2953739999999812
20
-85.96761699999999
11
181.1766169999999931
21
-86.0863739999999922
0
LINE
8
BLACK
6
CONTINUOUS
10
181.1766169999999931
20
-86.0863739999999922
11
181.0344130000000007
21
-86.1757269999999949
0
LINE
8
BLACK
6
CONTINUOUS
10
181.0344130000000007
20
-86.1757269999999949
11
180.8758909999999958
21
-86.2311959999999971
0
LINE
8
BLACK
6
CONTINUOUS
10
180.8758909999999958
20
-86.2311959999999971
11
180.7090000000000032
21
-86.25
0
LINE
8
BLACK
6
CONTINUOUS
10
180.7090000000000032
20
-86.25
11
180.5421089999999822
21
-86.2311959999999971
0
LINE
8
BLACK
6
CONTINUOUS
10
180.5421089999999822
20
-86.2311959999999971
11
180.3835870000000057
21
-86.1757269999999949
0
LINE
8
BLACK
6
CONTINUOUS
10
180.3835870000000057
20
-86.1757269999999949
11
180.2413829999999848
21
-86.0863739999999922
0
LINE
8
BLACK
6
CONTINUOUS
10
180.2413829999999848
20
-86.0863739999999922
11
180.1226259999999968
21
-85.96761699999999
0
LINE
8
BLACK
6
CONTINUOUS
10
180.1226259999999968
20
-85.96761699999999
11
180.0332729999999799
21
-85.8254129999999975
0
LINE
8
BLACK
6
CONTINUOUS
10
180.0332729999999799
20
-85.8254129999999975
11
179.9778039999999919
21
-85.6668909999999926
0
LINE
8
BLACK
6
CONTINUOUS
10
179.9778039999999919
20
-85.6668909999999926
11
179.9590000000000032
21
-85.5
0
LINE
8
BLACK
6
CONTINUOUS
10
179.9590000000000032
20
-85.5
11
179.9778039999999919
21
-85.3331089999999932
0
LINE
8
BLACK
6
CONTINUOUS
10
179.9778039999999919
20
-85.3331089999999932
11
180.0332729999999799
21
-85.1745870000000025
0
LINE
8
BLACK
6
CONTINUOUS
10
180.0332729999999799
20
-85.1745870000000025
11
180.1226259999999968
21
-85.0323829999999958
0
LINE
8
BLACK
6
CONTINUOUS
10
180.1226259999999968
20
-85.0323829999999958
11
180.2413829999999848
21
-84.9136259999999936
0
LINE
8
BLACK
6
CONTINUOUS
10
180.2413829999999848
20
-84.9136259999999936
11
180.3835870000000057
21
-84.8242729999999909
0
LINE
8
BLACK
6
CONTINUOUS
10
180.3835870000000057
20
-84.8242729999999909
11
180.5421089999999822
21
-84.7688040000000029
0
LINE
8
BLACK
6
CONTINUOUS
10
180.5421089999999822
20
-84.7688040000000029
11
180.7090000000000032
21
-84.75
0
LINE
8
BLACK
6
CONTINUOUS
10
180.7090000000000032
20
-84.75
11
180.8758909999999958
21
-84.7688040000000029
0
LINE
8
BLACK
6
CONTINUOUS
10
163.6627009999999984
20
-85.943208999999996
11
163.6870329999999853
21
-85.9594669999999894
0
LINE
8
BLACK
6
CONTINUOUS
10
163.6870329999999853
20
-85.9594669999999894
11
163.7032909999999788
21
-85.9837989999999905
0
LINE
8
BLACK
6
CONTINUOUS
10
163.7032909999999788
20
-85.9837989999999905
11
163.7090000000000032
21
-86.0125000000000028
0
LINE
8
BLACK
6
CONTINUOUS
10
163.7090000000000032
20
-86.0125000000000028
11
163.7090000000000032
21
-86.1624999999999943
0
LINE
8
BLACK
6
CONTINUOUS
10
163.7090000000000032
20
-86.1624999999999943
11
163.7032909999999788
21
-86.1912009999999924
0
LINE
8
BLACK
6
CONTINUOUS
10
163.7032909999999788
20
-86.1912009999999924
11
163.6870329999999853
21
-86.2155329999999935
0
LINE
8
BLACK
6
CONTINUOUS
10
163.6870329999999853
20
-86.2155329999999935
11
163.6627009999999984
21
-86.2317910000000012
0
LINE
8
BLACK
6
CONTINUOUS
10
163.6627009999999984
20
-86.2317910000000012
11
163.6339999999999861
21
-86.2374999999999972
0
LINE
8
BLACK
6
CONTINUOUS
10
163.6339999999999861
20
-86.2374999999999972
11
162.3089999999999975
21
-86.2374999999999972
0
LINE
8
BLACK
6
CONTINUOUS
10
162.3089999999999975
20
-86.2374999999999972
11
162.2802989999999852
21
-86.2317910000000012
0
LINE
8
BLACK
6
CONTINUOUS
10
162.2802989999999852
20
-86.2317910000000012
11
162.2559669999999983
21
-86.2155329999999935
0
LINE
8
BLACK
6
CONTINUOUS
10
162.2559669999999983
20
-86.2155329999999935
11
162.2397090000000048
21
-86.1912009999999924
0
LINE
8
BLACK
6
CONTINUOUS
10
162.2397090000000048
20
-86.1912009999999924
11
162.2339999999999804
21
-86.1624999999999943
0
LINE
8
BLACK
6
CONTINUOUS
10
162.2339999999999804
20
-86.1624999999999943
11
162.2339999999999804
21
-86.0125000000000028
0
LINE
8
BLACK
6
CONTINUOUS
10
162.2339999999999804
20
-86.0125000000000028
11
162.2397090000000048
21
-85.9837989999999905
0
LINE
8
BLACK
6
CONTINUOUS
10
162.2397090000000048
20
-85.9837989999999905
11
162.2559669999999983
21
-85.9594669999999894
0
LINE
8
BLACK
6
CONTINUOUS
10
162.2559669999999983
20
-85.9594669999999894
11
162.2802989999999852
21
-85.943208999999996
0
LINE
8
BLACK
6
CONTINUOUS
10
162.2802989999999852
20
-85.943208999999996
11
162.3089999999999975
21
-85.9375
0
LINE
8
BLACK
6
CONTINUOUS
10
162.3089999999999975
20
-85.9375
11
163.6339999999999861
21
-85.9375
0
LINE
8
BLACK
6
CONTINUOUS
10
163.6339999999999861
20
-85.9375
11
163.6627009999999984
21
-85.943208999999996
0
LINE
8
BLACK
6
CONTINUOUS
10
171.9877009999999871
20
-85.943208999999996
11
172.0120330000000024
21
-85.9594669999999894
0
LINE
8
BLACK
6
CONTINUOUS
10
172.0120330000000024
20
-85.9594669999999894
11
172.0282909999999958
21
-85.9837989999999905
0
LINE
8
BLACK
6
CONTINUOUS
10
172.0282909999999958
20
-85.9837989999999905
11
172.0339999999999918
21
-86.0125000000000028
0
LINE
8
BLACK
6
CONTINUOUS
10
172.0339999999999918
20
-86.0125000000000028
11
172.0339999999999918
21
-86.1624999999999943
0
LINE
8
BLACK
6
CONTINUOUS
10
172.0339999999999918
20
-86.1624999999999943
11
172.0282909999999958
21
-86.1912009999999924
0
LINE
8
BLACK
6
CONTINUOUS
10
172.0282909999999958
20
-86.1912009999999924
11
172.0120330000000024
21
-86.2155329999999935
0
LINE
8
BLACK
6
CONTINUOUS
10
172.0120330000000024
20
-86.2155329999999935
11
171.9877009999999871
21
-86.2317910000000012
0
LINE
8
BLACK
6
CONTINUOUS
10
171.9877009999999871
20
-86.2317910000000012
11
171.9590000000000032
21
-86.2374999999999972
0
LINE
8
BLACK
6
CONTINUOUS
10
171.9590000000000032
20
-86.2374999999999972
11
170.6339999999999861
21
-86.2374999999999972
0
LINE
8
BLACK
6
CONTINUOUS
10
170.6339999999999861
20
-86.2374999999999972
11
170.6052990000000023
21
-86.2317910000000012
0
LINE
8
BLACK
6
CONTINUOUS
10
170.6052990000000023
20
-86.2317910000000012
11
170.5809669999999869
21
-86.2155329999999935
0
LINE
8
BLACK
6
CONTINUOUS
10
170.5809669999999869
20
-86.2155329999999935
11
170.5647089999999935
21
-86.1912009999999924
0
LINE
8
BLACK
6
CONTINUOUS
10
170.5647089999999935
20
-86.1912009999999924
11
170.5589999999999975
21
-86.1624999999999943
0
LINE
8
BLACK
6
CONTINUOUS
10
170.5589999999999975
20
-86.1624999999999943
11
170.5589999999999975
21
-86.0125000000000028
0
LINE
8
BLACK
6
CONTINUOUS
10
170.5589999999999975
20
-86.0125000000000028
11
170.5647089999999935
21
-85.9837989999999905
0
LINE
8
BLACK
6
CONTINUOUS
10
170.5647089999999935
20
-85.9837989999999905
11
170.5809669999999869
21
-85.9594669999999894
0
LINE
8
BLACK
6
CONTINUOUS
10
170.5809669999999869
20
-85.9594669999999894
11
170.6052990000000023
21
-85.943208999999996
0
LINE
8
BLACK
6
CONTINUOUS
10
170.6052990000000023
20
-85.943208999999996
11
170.6339999999999861
21
-85.9375
0
LINE
8
BLACK
6
CONTINUOUS
10
170.6339999999999861
20
-85.9375
11
171.9590000000000032
21
-85.9375
0
LINE
8
BLACK
6
CONTINUOUS
10
171.9590000000000032
20
-85.9375
11
171.9877009999999871
21
-85.943208999999996
0
LINE
8
BLACK
6
CONTINUOUS
10
154.8098870000000034
20
-84.9030789999999911
11
154.8869379999999865
21
-84.9545619999999957
0
LINE
8
BLACK
6
CONTINUOUS
10
154.8869379999999865
20
-84.9545619999999957
11
154.9384210000000053
21
-85.031612999999993
0
LINE
8
BLACK
6
CONTINUOUS
10
154.9384210000000053
20
-85.031612999999993
11
154.9565000000000055
21
-85.1225000000000023
0
LINE
8
BLACK
6
CONTINUOUS
10
154.9565000000000055
20
-85.1225000000000023
11
154.9565000000000055
21
-85.5974999999999966
0
LINE
8
BLACK
6
CONTINUOUS
10
154.9565000000000055
20
-85.5974999999999966
11
154.9384210000000053
21
-85.6883869999999916
0
LINE
8
BLACK
6
CONTINUOUS
10
154.9384210000000053
20
-85.6883869999999916
11
154.8869379999999865
21
-85.7654380000000032
0
LINE
8
BLACK
6
CONTINUOUS
10
154.8869379999999865
20
-85.7654380000000032
11
154.8098870000000034
21
-85.8169209999999936
0
LINE
8
BLACK
6
CONTINUOUS
10
154.8098870000000034
20
-85.8169209999999936
11
154.7189999999999941
21
-85.8349999999999937
0
LINE
8
BLACK
6
CONTINUOUS
10
154.7189999999999941
20
-85.8349999999999937
11
154.2189999999999941
21
-85.8349999999999937
0
LINE
8
BLACK
6
CONTINUOUS
10
154.2189999999999941
20
-85.8349999999999937
11
154.1281129999999848
21
-85.8169209999999936
0
LINE
8
BLACK
6
CONTINUOUS
10
154.1281129999999848
20
-85.8169209999999936
11
154.0510620000000017
21
-85.7654380000000032
0
LINE
8
BLACK
6
CONTINUOUS
10
154.0510620000000017
20
-85.7654380000000032
11
153.9995789999999829
21
-85.6883869999999916
0
LINE
8
BLACK
6
CONTINUOUS
10
153.9995789999999829
20
-85.6883869999999916
11
153.9814999999999827
21
-85.5974999999999966
0
LINE
8
BLACK
6
CONTINUOUS
10
153.9814999999999827
20
-85.5974999999999966
11
153.9814999999999827
21
-85.1225000000000023
0
LINE
8
BLACK
6
CONTINUOUS
10
153.9814999999999827
20
-85.1225000000000023
11
153.9995789999999829
21
-85.031612999999993
0
LINE
8
BLACK
6
CONTINUOUS
10
153.9995789999999829
20
-85.031612999999993
11
154.0510620000000017
21
-84.9545619999999957
0
LINE
8
BLACK
6
CONTINUOUS
10
154.0510620000000017
20
-84.9545619999999957
11
154.1281129999999848
21
-84.9030789999999911
0
LINE
8
BLACK
6
CONTINUOUS
10
154.1281129999999848
20
-84.9030789999999911
11
154.2189999999999941
21
-84.8849999999999909
0
LINE
8
BLACK
6
CONTINUOUS
10
154.2189999999999941
20
-84.8849999999999909
11
154.7189999999999941
21
-84.8849999999999909
0
LINE
8
BLACK
6
CONTINUOUS
10
154.7189999999999941
20
-84.8849999999999909
11
154.8098870000000034
21
-84.9030789999999911
0
LINE
8
BLACK
6
CONTINUOUS
10
156.634886999999992
20
-84.9030789999999911
11
156.7119380000000035
21
-84.9545619999999957
0
LINE
8
BLACK
6
CONTINUOUS
10
156.7119380000000035
20
-84.9545619999999957
11
156.7634209999999939
21
-85.031612999999993
0
LINE
8
BLACK
6
CONTINUOUS
10
156.7634209999999939
20
-85.031612999999993
11
156.7814999999999941
21
-85.1225000000000023
0
LINE
8
BLACK
6
CONTINUOUS
10
156.7814999999999941
20
-85.1225000000000023
11
156.7814999999999941
21
-85.5974999999999966
0
LINE
8
BLACK
6
CONTINUOUS
10
156.7814999999999941
20
-85.5974999999999966
11
156.7634209999999939
21
-85.6883869999999916
0
LINE
8
BLACK
6
CONTINUOUS
10
156.7634209999999939
20
-85.6883869999999916
11
156.7119380000000035
21
-85.7654380000000032
0
LINE
8
BLACK
6
CONTINUOUS
10
156.7119380000000035
20
-85.7654380000000032
11
156.634886999999992
21
-85.8169209999999936
0
LINE
8
BLACK
6
CONTINUOUS
10
156.634886999999992
20
-85.8169209999999936
11
156.5439999999999827
21
-85.8349999999999937
0
LINE
8
BLACK
6
CONTINUOUS
10
156.5439999999999827
20
-85.8349999999999937
11
156.0439999999999827
21
-85.8349999999999937
0
LINE
8
BLACK
6
CONTINUOUS
10
156.0439999999999827
20
-85.8349999999999937
11
155.9531130000000019
21
-85.8169209999999936
0
LINE
8
BLACK
6
CONTINUOUS
10
155.9531130000000019
20
-85.8169209999999936
11
155.8760619999999903
21
-85.7654380000000032
0
LINE
8
BLACK
6
CONTINUOUS
10
155.8760619999999903
20
-85.7654380000000032
11
155.824579
21
-85.6883869999999916
0
LINE
8
BLACK
6
CONTINUOUS
10
155.824579
20
-85.6883869999999916
11
155.8064999999999998
21
-85.5974999999999966
0
LINE
8
BLACK
6
CONTINUOUS
10
155.8064999999999998
20
-85.5974999999999966
11
155.8064999999999998
21
-85.1225000000000023
0
LINE
8
BLACK
6
CONTINUOUS
10
155.8064999999999998
20
-85.1225000000000023
11
155.824579
21
-85.031612999999993
0
LINE
8
BLACK
6
CONTINUOUS
10
155.824579
20
-85.031612999999993
11
155.8760619999999903
21
-84.9545619999999957
0
LINE
8
BLACK
6
CONTINUOUS
10
155.8760619999999903
20
-84.9545619999999957
11
155.9531130000000019
21
-84.9030789999999911
0
LINE
8
BLACK
6
CONTINUOUS
10
155.9531130000000019
20
-84.9030789999999911
11
156.0439999999999827
21
-84.8849999999999909
0
LINE
8
BLACK
6
CONTINUOUS
10
156.0439999999999827
20
-84.8849999999999909
11
156.5439999999999827
21
-84.8849999999999909
0
LINE
8
BLACK
6
CONTINUOUS
10
156.5439999999999827
20
-84.8849999999999909
11
156.634886999999992
21
-84.9030789999999911
0
LINE
8
BLACK
6
CONTINUOUS
10
163.6627009999999984
20
-85.443208999999996
11
163.6870329999999853
21
-85.4594669999999894
0
LINE
8
BLACK
6
CONTINUOUS
10
163.6870329999999853
20
-85.4594669999999894
11
163.7032909999999788
21
-85.4837989999999905
0
LINE
8
BLACK
6
CONTINUOUS
10
163.7032909999999788
20
-85.4837989999999905
11
163.7090000000000032
21
-85.5125000000000028
0
LINE
8
BLACK
6
CONTINUOUS
10
163.7090000000000032
20
-85.5125000000000028
11
163.7090000000000032
21
-85.6624999999999943
0
LINE
8
BLACK
6
CONTINUOUS
10
163.7090000000000032
20
-85.6624999999999943
11
163.7032909999999788
21
-85.6912009999999924
0
LINE
8
BLACK
6
CONTINUOUS
10
163.7032909999999788
20
-85.6912009999999924
11
163.6870329999999853
21
-85.7155329999999935
0
LINE
8
BLACK
6
CONTINUOUS
10
163.6870329999999853
20
-85.7155329999999935
11
163.6627009999999984
21
-85.7317910000000012
0
LINE
8
BLACK
6
CONTINUOUS
10
163.6627009999999984
20
-85.7317910000000012
11
163.6339999999999861
21
-85.7374999999999972
0
LINE
8
BLACK
6
CONTINUOUS
10
163.6339999999999861
20
-85.7374999999999972
11
162.3089999999999975
21
-85.7374999999999972
0
LINE
8
BLACK
6
CONTINUOUS
10
162.3089999999999975
20
-85.7374999999999972
11
162.2802989999999852
21
-85.7317910000000012
0
LINE
8
BLACK
6
CONTINUOUS
10
162.2802989999999852
20
-85.7317910000000012
11
162.2559669999999983
21
-85.7155329999999935
0
LINE
8
BLACK
6
CONTINUOUS
10
162.2559669999999983
20
-85.7155329999999935
11
162.2397090000000048
21
-85.6912009999999924
0
LINE
8
BLACK
6
CONTINUOUS
10
162.2397090000000048
20
-85.6912009999999924
11
162.2339999999999804
21
-85.6624999999999943
0
LINE
8
BLACK
6
CONTINUOUS
10
162.2339999999999804
20
-85.6624999999999943
11
162.2339999999999804
21
-85.5125000000000028
0
LINE
8
BLACK
6
CONTINUOUS
10
162.2339999999999804
20
-85.5125000000000028
11
162.2397090000000048
21
-85.4837989999999905
0
LINE
8
BLACK
6
CONTINUOUS
10
162.2397090000000048
20
-85.4837989999999905
11
162.2559669999999983
21
-85.4594669999999894
0
LINE
8
BLACK
6
CONTINUOUS
10
162.2559669999999983
20
-85.4594669999999894
11
162.2802989999999852
21
-85.443208999999996
0
LINE
8
BLACK
6
CONTINUOUS
10
162.2802989999999852
20
-85.443208999999996
11
162.3089999999999975
21
-85.4375
0
LINE
8
BLACK
6
CONTINUOUS
10
162.3089999999999975
20
-85.4375
11
163.6339999999999861
21
-85.4375
0
LINE
8
BLACK
6
CONTINUOUS
10
163.6339999999999861
20
-85.4375
11
163.6627009999999984
21
-85.443208999999996
0
LINE
8
BLACK
6
CONTINUOUS
10
171.9877009999999871
20
-85.443208999999996
11
172.0120330000000024
21
-85.4594669999999894
0
LINE
8
BLACK
6
CONTINUOUS
10
172.0120330000000024
20
-85.4594669999999894
11
172.0282909999999958
21
-85.4837989999999905
0
LINE
8
BLACK
6
CONTINUOUS
10
172.0282909999999958
20
-85.4837989999999905
11
172.0339999999999918
21
-85.5125000000000028
0
LINE
8
BLACK
6
CONTINUOUS
10
172.0339999999999918
20
-85.5125000000000028
11
172.0339999999999918
21
-85.6624999999999943
0
LINE
8
BLACK
6
CONTINUOUS
10
172.0339999999999918
20
-85.6624999999999943
11
172.0282909999999958
21
-85.6912009999999924
0
LINE
8
BLACK
6
CONTINUOUS
10
172.0282909999999958
20
-85.6912009999999924
11
172.0120330000000024
21
-85.7155329999999935
0
LINE
8
BLACK
6
CONTINUOUS
10
172.0120330000000024
20
-85.7155329999999935
11
171.9877009999999871
21
-85.7317910000000012
0
LINE
8
BLACK
6
CONTINUOUS
10
171.9877009999999871
20
-85.7317910000000012
11
171.9590000000000032
21
-85.7374999999999972
0
LINE
8
BLACK
6
CONTINUOUS
10
171.9590000000000032
20
-85.7374999999999972
11
170.6339999999999861
21
-85.7374999999999972
0
LINE
8
BLACK
6
CONTINUOUS
10
170.6339999999999861
20
-85.7374999999999972
11
170.6052990000000023
21
-85.7317910000000012
0
LINE
8
BLACK
6
CONTINUOUS
10
170.6052990000000023
20
-85.7317910000000012
11
170.5809669999999869
21
-85.7155329999999935
0
LINE
8
BLACK
6
CONTINUOUS
10
170.5809669999999869
20
-85.7155329999999935
11
170.5647089999999935
21
-85.6912009999999924
0
LINE
8
BLACK
6
CONTINUOUS
10
170.5647089999999935
20
-85.6912009999999924
11
170.5589999999999975
21
-85.6624999999999943
0
LINE
8
BLACK
6
CONTINUOUS
10
170.5589999999999975
20
-85.6624999999999943
11
170.5589999999999975
21
-85.5125000000000028
0
LINE
8
BLACK
6
CONTINUOUS
10
170.5589999999999975
20
-85.5125000000000028
11
170.5647089999999935
21
-85.4837989999999905
0
LINE
8
BLACK
6
CONTINUOUS
10
170.5647089999999935
20
-85.4837989999999905
11
170.5809669999999869
21
-85.4594669999999894
0
LINE
8
BLACK
6
CONTINUOUS
10
170.5809669999999869
20
-85.4594669999999894
11
170.6052990000000023
21
-85.443208999999996
0
LINE
8
BLACK
6
CONTINUOUS
10
170.6052990000000023
20
-85.443208999999996
11
170.6339999999999861
21
-85.4375
0
LINE
8
BLACK
6
CONTINUOUS
10
170.6339999999999861
20
-85.4375
11
171.9590000000000032
21
-85.4375
0
LINE
8
BLACK
6
CONTINUOUS
10
171.9590000000000032
20
-85.4375
11
171.9877009999999871
21
-85.443208999999996
0
LINE
8
BLACK
6
CONTINUOUS
10
163.6627009999999984
20
-84.943208999999996
11
163.6870329999999853
21
-84.9594669999999894
0
LINE
8
BLACK
6
CONTINUOUS
10
163.6870329999999853
20
-84.9594669999999894
11
163.7032909999999788
21
-84.9837989999999905
0
LINE
8
BLACK
6
CONTINUOUS
10
163.7032909999999788
20
-84.9837989999999905
11
163.7090000000000032
21
-85.0125000000000028
0
LINE
8
BLACK
6
CONTINUOUS
10
163.7090000000000032
20
-85.0125000000000028
11
163.7090000000000032
21
-85.1624999999999943
0
LINE
8
BLACK
6
CONTINUOUS
10
163.7090000000000032
20
-85.1624999999999943
11
163.7032909999999788
21
-85.1912009999999924
0
LINE
8
BLACK
6
CONTINUOUS
10
163.7032909999999788
20
-85.1912009999999924
11
163.6870329999999853
21
-85.2155329999999935
0
LINE
8
BLACK
6
CONTINUOUS
10
163.6870329999999853
20
-85.2155329999999935
11
163.6627009999999984
21
-85.2317910000000012
0
LINE
8
BLACK
6
CONTINUOUS
10
163.6627009999999984
20
-85.2317910000000012
11
163.6339999999999861
21
-85.2374999999999972
0
LINE
8
BLACK
6
CONTINUOUS
10
163.6339999999999861
20
-85.2374999999999972
11
162.3089999999999975
21
-85.2374999999999972
0
LINE
8
BLACK
6
CONTINUOUS
10
162.3089999999999975
20
-85.2374999999999972
11
162.2802989999999852
21
-85.2317910000000012
0
LINE
8
BLACK
6
CONTINUOUS
10
162.2802989999999852
20
-85.2317910000000012
11
162.2559669999999983
21
-85.2155329999999935
0
LINE
8
BLACK
6
CONTINUOUS
10
162.2559669999999983
20
-85.2155329999999935
11
162.2397090000000048
21
-85.1912009999999924
0
LINE
8
BLACK
6
CONTINUOUS
10
162.2397090000000048
20
-85.1912009999999924
11
162.2339999999999804
21
-85.1624999999999943
0
LINE
8
BLACK
6
CONTINUOUS
10
162.2339999999999804
20
-85.1624999999999943
11
162.2339999999999804
21
-85.0125000000000028
0
LINE
8
BLACK
6
CONTINUOUS
10
162.2339999999999804
20
-85.0125000000000028
11
162.2397090000000048
21
-84.9837989999999905
0
LINE
8
BLACK
6
CONTINUOUS
10
162.2397090000000048
20
-84.9837989999999905
11
162.2559669999999983
21
-84.9594669999999894
0
LINE
8
BLACK
6
CONTINUOUS
10
162.2559669999999983
20
-84.9594669999999894
11
162.2802989999999852
21
-84.943208999999996
0
LINE
8
BLACK
6
CONTINUOUS
10
162.2802989999999852
20
-84.943208999999996
11
162.3089999999999975
21
-84.9375
0
LINE
8
BLACK
6
CONTINUOUS
10
162.3089999999999975
20
-84.9375
11
163.6339999999999861
21
-84.9375
0
LINE
8
BLACK
6
CONTINUOUS
10
163.6339999999999861
20
-84.9375
11
163.6627009999999984
21
-84.943208999999996
0
LINE
8
BLACK
6
CONTINUOUS
10
171.9877009999999871
20
-84.943208999999996
11
172.0120330000000024
21
-84.9594669999999894
0
LINE
8
BLACK
6
CONTINUOUS
10
172.0120330000000024
20
-84.9594669999999894
11
172.0282909999999958
21
-84.9837989999999905
0
LINE
8
BLACK
6
CONTINUOUS
10
172.0282909999999958
20
-84.9837989999999905
11
172.0339999999999918
21
-85.0125000000000028
0
LINE
8
BLACK
6
CONTINUOUS
10
172.0339999999999918
20
-85.0125000000000028
11
172.0339999999999918
21
-85.1624999999999943
0
LINE
8
BLACK
6
CONTINUOUS
10
172.0339999999999918
20
-85.1624999999999943
11
172.0282909999999958
21
-85.1912009999999924
0
LINE
8
BLACK
6
CONTINUOUS
10
172.0282909999999958
20
-85.1912009999999924
11
172.0120330000000024
21
-85.2155329999999935
0
LINE
8
BLACK
6
CONTINUOUS
10
172.0120330000000024
20
-85.2155329999999935
11
171.9877009999999871
21
-85.2317910000000012
0
LINE
8
BLACK
6
CONTINUOUS
10
171.9877009999999871
20
-85.2317910000000012
11
171.9590000000000032
21
-85.2374999999999972
0
LINE
8
BLACK
6
CONTINUOUS
10
171.9590000000000032
20
-85.2374999999999972
11
170.6339999999999861
21
-85.2374999999999972
0
LINE
8
BLACK
6
CONTINUOUS
10
170.6339999999999861
20
-85.2374999999999972
11
170.6052990000000023
21
-85.2317910000000012
0
LINE
8
BLACK
6
CONTINUOUS
10
170.6052990000000023
20
-85.2317910000000012
11
170.5809669999999869
21
-85.2155329999999935
0
LINE
8
BLACK
6
CONTINUOUS
10
170.5809669999999869
20
-85.2155329999999935
11
170.5647089999999935
21
-85.1912009999999924
0
LINE
8
BLACK
6
CONTINUOUS
10
170.5647089999999935
20
-85.1912009999999924
11
170.5589999999999975
21
-85.1624999999999943
0
LINE
8
BLACK
6
CONTINUOUS
10
170.5589999999999975
20
-85.1624999999999943
11
170.5589999999999975
21
-85.0125000000000028
0
LINE
8
BLACK
6
CONTINUOUS
10
170.5589999999999975
20
-85.0125000000000028
11
170.5647089999999935
21
-84.9837989999999905
0
LINE
8
BLACK
6
CONTINUOUS
10
170.5647089999999935
20
-84.9837989999999905
11
170.5809669999999869
21
-84.9594669999999894
0
LINE
8
BLACK
6
CONTINUOUS
10
170.5809669999999869
20
-84.9594669999999894
11
170.6052990000000023
21
-84.943208999999996
0
LINE
8
BLACK
6
CONTINUOUS
10
170.6052990000000023
20
-84.943208999999996
11
170.6339999999999861
21
-84.9375
0
LINE
8
BLACK
6
CONTINUOUS
10
170.6339999999999861
20
-84.9375
11
171.9590000000000032
21
-84.9375
0
LINE
8
BLACK
6
CONTINUOUS
10
171.9590000000000032
20
-84.9375
11
171.9877009999999871
21
-84.943208999999996
0
LINE
8
BLACK
6
CONTINUOUS
10
176.6414029999999968
20
-83.8589180000000027
11
176.6900660000000016
21
-83.8914339999999896
0
LINE
8
BLACK
6
CONTINUOUS
10
176.6900660000000016
20
-83.8914339999999896
11
176.7225819999999885
21
-83.9400969999999944
0
LINE
8
BLACK
6
CONTINUOUS
10
176.7225819999999885
20
-83.9400969999999944
11
176.7339999999999804
21
-83.9975000000000023
0
LINE
8
BLACK
6
CONTINUOUS
10
176.7339999999999804
20
-83.9975000000000023
11
176.7339999999999804
21
-84.
0
LINE
8
BLACK
6
CONTINUOUS
10
176.7339999999999804
20
-84.
11
176.7339999999999804
21
-85.0249999999999915
0
LINE
8
BLACK
6
CONTINUOUS
10
176.7339999999999804
20
-85.0249999999999915
11
176.7225819999999885
21
-85.0824029999999993
0
LINE
8
BLACK
6
CONTINUOUS
10
176.7225819999999885
20
-85.0824029999999993
11
176.6900660000000016
21
-85.1310659999999899
0
LINE
8
BLACK
6
CONTINUOUS
10
176.6900660000000016
20
-85.1310659999999899
11
176.6414029999999968
21
-85.163581999999991
0
LINE
8
BLACK
6
CONTINUOUS
10
176.6414029999999968
20
-85.163581999999991
11
176.5840000000000032
21
-85.1749999999999972
0
LINE
8
BLACK
6
CONTINUOUS
10
176.5840000000000032
20
-85.1749999999999972
11
176.2839999999999918
21
-85.1749999999999972
0
LINE
8
BLACK
6
CONTINUOUS
10
176.2839999999999918
20
-85.1749999999999972
11
176.2265969999999982
21
-85.163581999999991
0
LINE
8
BLACK
6
CONTINUOUS
10
176.2265969999999982
20
-85.163581999999991
11
176.1779339999999934
21
-85.1310659999999899
0
LINE
8
BLACK
6
CONTINUOUS
10
176.1779339999999934
20
-85.1310659999999899
11
176.1454179999999781
21
-85.0824029999999993
0
LINE
8
BLACK
6
CONTINUOUS
10
176.1454179999999781
20
-85.0824029999999993
11
176.1339999999999861
21
-85.0249999999999915
0
LINE
8
BLACK
6
CONTINUOUS
10
176.1339999999999861
20
-85.0249999999999915
11
176.1339999999999861
21
-84.
0
LINE
8
BLACK
6
CONTINUOUS
10
176.1339999999999861
20
-84.
11
176.1339999999999861
21
-83.9975000000000023
0
LINE
8
BLACK
6
CONTINUOUS
10
176.1339999999999861
20
-83.9975000000000023
11
176.1454179999999781
21
-83.9400969999999944
0
LINE
8
BLACK
6
CONTINUOUS
10
176.1454179999999781
20
-83.9400969999999944
11
176.1779339999999934
21
-83.8914339999999896
0
LINE
8
BLACK
6
CONTINUOUS
10
176.1779339999999934
20
-83.8914339999999896
11
176.2265969999999982
21
-83.8589180000000027
0
LINE
8
BLACK
6
CONTINUOUS
10
176.2265969999999982
20
-83.8589180000000027
11
176.2839999999999918
21
-83.8474999999999966
0
LINE
8
BLACK
6
CONTINUOUS
10
176.2839999999999918
20
-83.8474999999999966
11
176.5840000000000032
21
-83.8474999999999966
0
LINE
8
BLACK
6
CONTINUOUS
10
176.5840000000000032
20
-83.8474999999999966
11
176.6414029999999968
21
-83.8589180000000027
0
LINE
8
BLACK
6
CONTINUOUS
10
177.5914029999999855
20
-83.8614180000000005
11
177.6400659999999903
21
-83.8939340000000016
0
LINE
8
BLACK
6
CONTINUOUS
10
177.6400659999999903
20
-83.8939340000000016
11
177.6725820000000056
21
-83.9425969999999921
0
LINE
8
BLACK
6
CONTINUOUS
10
177.6725820000000056
20
-83.9425969999999921
11
177.6839999999999975
21
-84.
0
LINE
8
BLACK
6
CONTINUOUS
10
177.6839999999999975
20
-84.
11
177.6839999999999975
21
-85.0249999999999915
0
LINE
8
BLACK
6
CONTINUOUS
10
177.6839999999999975
20
-85.0249999999999915
11
177.6725820000000056
21
-85.0824029999999993
0
LINE
8
BLACK
6
CONTINUOUS
10
177.6725820000000056
20
-85.0824029999999993
11
177.6400659999999903
21
-85.1310659999999899
0
LINE
8
BLACK
6
CONTINUOUS
10
177.6400659999999903
20
-85.1310659999999899
11
177.5914029999999855
21
-85.163581999999991
0
LINE
8
BLACK
6
CONTINUOUS
10
177.5914029999999855
20
-85.163581999999991
11
177.5339999999999918
21
-85.1749999999999972
0
LINE
8
BLACK
6
CONTINUOUS
10
177.5339999999999918
20
-85.1749999999999972
11
177.2339999999999804
21
-85.1749999999999972
0
LINE
8
BLACK
6
CONTINUOUS
10
177.2339999999999804
20
-85.1749999999999972
11
177.1765969999999868
21
-85.163581999999991
0
LINE
8
BLACK
6
CONTINUOUS
10
177.1765969999999868
20
-85.163581999999991
11
177.127933999999982
21
-85.1310659999999899
0
LINE
8
BLACK
6
CONTINUOUS
10
177.127933999999982
20
-85.1310659999999899
11
177.0954179999999951
21
-85.0824029999999993
0
LINE
8
BLACK
6
CONTINUOUS
10
177.0954179999999951
20
-85.0824029999999993
11
177.0840000000000032
21
-85.0249999999999915
0
LINE
8
BLACK
6
CONTINUOUS
10
177.0840000000000032
20
-85.0249999999999915
11
177.0840000000000032
21
-84.
0
LINE
8
BLACK
6
CONTINUOUS
10
177.0840000000000032
20
-84.
11
177.0954179999999951
21
-83.9425969999999921
0
LINE
8
BLACK
6
CONTINUOUS
10
177.0954179999999951
20
-83.9425969999999921
11
177.127933999999982
21
-83.8939340000000016
0
LINE
8
BLACK
6
CONTINUOUS
10
177.127933999999982
20
-83.8939340000000016
11
177.1765969999999868
21
-83.8614180000000005
0
LINE
8
BLACK
6
CONTINUOUS
10
177.1765969999999868
20
-83.8614180000000005
11
177.2339999999999804
21
-83.8499999999999943
0
LINE
8
BLACK
6
CONTINUOUS
10
177.2339999999999804
20
-83.8499999999999943
11
177.5339999999999918
21
-83.8499999999999943
0
LINE
8
BLACK
6
CONTINUOUS
10
177.5339999999999918
20
-83.8499999999999943
11
177.5914029999999855
21
-83.8614180000000005
0
LINE
8
BLACK
6
CONTINUOUS
10
178.5414030000000025
20
-83.8614180000000005
11
178.5900659999999789
21
-83.8939340000000016
0
LINE
8
BLACK
6
CONTINUOUS
10
178.5900659999999789
20
-83.8939340000000016
11
178.6225819999999942
21
-83.9425969999999921
0
LINE
8
BLACK
6
CONTINUOUS
10
178.6225819999999942
20
-83.9425969999999921
11
178.6339999999999861
21
-84.
0
LINE
8
BLACK
6
CONTINUOUS
10
178.6339999999999861
20
-84.
11
178.6339999999999861
21
-85.0249999999999915
0
LINE
8
BLACK
6
CONTINUOUS
10
178.6339999999999861
20
-85.0249999999999915
11
178.6225819999999942
21
-85.0824029999999993
0
LINE
8
BLACK
6
CONTINUOUS
10
178.6225819999999942
20
-85.0824029999999993
11
178.5900659999999789
21
-85.1310659999999899
0
LINE
8
BLACK
6
CONTINUOUS
10
178.5900659999999789
20
-85.1310659999999899
11
178.5414030000000025
21
-85.163581999999991
0
LINE
8
BLACK
6
CONTINUOUS
10
178.5414030000000025
20
-85.163581999999991
11
178.4839999999999804
21
-85.1749999999999972
0
LINE
8
BLACK
6
CONTINUOUS
10
178.4839999999999804
20
-85.1749999999999972
11
178.1839999999999975
21
-85.1749999999999972
0
LINE
8
BLACK
6
CONTINUOUS
10
178.1839999999999975
20
-85.1749999999999972
11
178.1265970000000038
21
-85.163581999999991
0
LINE
8
BLACK
6
CONTINUOUS
10
178.1265970000000038
20
-85.163581999999991
11
178.0779339999999991
21
-85.1310659999999899
0
LINE
8
BLACK
6
CONTINUOUS
10
178.0779339999999991
20
-85.1310659999999899
11
178.0454179999999837
21
-85.0824029999999993
0
LINE
8
BLACK
6
CONTINUOUS
10
178.0454179999999837
20
-85.0824029999999993
11
178.0339999999999918
21
-85.0249999999999915
0
LINE
8
BLACK
6
CONTINUOUS
10
178.0339999999999918
20
-85.0249999999999915
11
178.0339999999999918
21
-84.
0
LINE
8
BLACK
6
CONTINUOUS
10
178.0339999999999918
20
-84.
11
178.0454179999999837
21
-83.9425969999999921
0
LINE
8
BLACK
6
CONTINUOUS
10
178.0454179999999837
20
-83.9425969999999921
11
178.0779339999999991
21
-83.8939340000000016
0
LINE
8
BLACK
6
CONTINUOUS
10
178.0779339999999991
20
-83.8939340000000016
11
178.1265970000000038
21
-83.8614180000000005
0
LINE
8
BLACK
6
CONTINUOUS
10
178.1265970000000038
20
-83.8614180000000005
11
178.1839999999999975
21
-83.8499999999999943
0
LINE
8
BLACK
6
CONTINUOUS
10
178.1839999999999975
20
-83.8499999999999943
11
178.4839999999999804
21
-83.8499999999999943
0
LINE
8
BLACK
6
CONTINUOUS
10
178.4839999999999804
20
-83.8499999999999943
11
178.5414030000000025
21
-83.8614180000000005
0
LINE
8
BLACK
6
CONTINUOUS
10
163.6627009999999984
20
-84.443208999999996
11
163.6870329999999853
21
-84.4594669999999894
0
LINE
8
BLACK
6
CONTINUOUS
10
163.6870329999999853
20
-84.4594669999999894
11
163.7032909999999788
21
-84.4837989999999905
0
LINE
8
BLACK
6
CONTINUOUS
10
163.7032909999999788
20
-84.4837989999999905
11
163.7090000000000032
21
-84.5125000000000028
0
LINE
8
BLACK
6
CONTINUOUS
10
163.7090000000000032
20
-84.5125000000000028
11
163.7090000000000032
21
-84.6624999999999943
0
LINE
8
BLACK
6
CONTINUOUS
10
163.7090000000000032
20
-84.6624999999999943
11
163.7032909999999788
21
-84.6912009999999924
0
LINE
8
BLACK
6
CONTINUOUS
10
163.7032909999999788
20
-84.6912009999999924
11
163.6870329999999853
21
-84.7155329999999935
0
LINE
8
BLACK
6
CONTINUOUS
10
163.6870329999999853
20
-84.7155329999999935
11
163.6627009999999984
21
-84.7317910000000012
0
LINE
8
BLACK
6
CONTINUOUS
10
163.6627009999999984
20
-84.7317910000000012
11
163.6339999999999861
21
-84.7374999999999972
0
LINE
8
BLACK
6
CONTINUOUS
10
163.6339999999999861
20
-84.7374999999999972
11
162.3089999999999975
21
-84.7374999999999972
0
LINE
8
BLACK
6
CONTINUOUS
10
162.3089999999999975
20
-84.7374999999999972
11
162.2802989999999852
21
-84.7317910000000012
0
LINE
8
BLACK
6
CONTINUOUS
10
162.2802989999999852
20
-84.7317910000000012
11
162.2559669999999983
21
-84.7155329999999935
0
LINE
8
BLACK
6
CONTINUOUS
10
162.2559669999999983
20
-84.7155329999999935
11
162.2397090000000048
21
-84.6912009999999924
0
LINE
8
BLACK
6
CONTINUOUS
10
162.2397090000000048
20
-84.6912009999999924
11
162.2339999999999804
21
-84.6624999999999943
0
LINE
8
BLACK
6
CONTINUOUS
10
162.2339999999999804
20
-84.6624999999999943
11
162.2339999999999804
21
-84.5125000000000028
0
LINE
8
BLACK
6
CONTINUOUS
10
162.2339999999999804
20
-84.5125000000000028
11
162.2397090000000048
21
-84.4837989999999905
0
LINE
8
BLACK
6
CONTINUOUS
10
162.2397090000000048
20
-84.4837989999999905
11
162.2559669999999983
21
-84.4594669999999894
0
LINE
8
BLACK
6
CONTINUOUS
10
162.2559669999999983
20
-84.4594669999999894
11
162.2802989999999852
21
-84.443208999999996
0
LINE
8
BLACK
6
CONTINUOUS
10
162.2802989999999852
20
-84.443208999999996
11
162.3089999999999975
21
-84.4375
0
LINE
8
BLACK
6
CONTINUOUS
10
162.3089999999999975
20
-84.4375
11
163.6339999999999861
21
-84.4375
0
LINE
8
BLACK
6
CONTINUOUS
10
163.6339999999999861
20
-84.4375
11
163.6627009999999984
21
-84.443208999999996
0
LINE
8
BLACK
6
CONTINUOUS
10
171.9877009999999871
20
-84.443208999999996
11
172.0120330000000024
21
-84.4594669999999894
0
LINE
8
BLACK
6
CONTINUOUS
10
172.0120330000000024
20
-84.4594669999999894
11
172.0282909999999958
21
-84.4837989999999905
0
LINE
8
BLACK
6
CONTINUOUS
10
172.0282909999999958
20
-84.4837989999999905
11
172.0339999999999918
21
-84.5125000000000028
0
LINE
8
BLACK
6
CONTINUOUS
10
172.0339999999999918
20
-84.5125000000000028
11
172.0339999999999918
21
-84.6624999999999943
0
LINE
8
BLACK
6
CONTINUOUS
10
172.0339999999999918
20
-84.6624999999999943
11
172.0282909999999958
21
-84.6912009999999924
0
LINE
8
BLACK
6
CONTINUOUS
10
172.0282909999999958
20
-84.6912009999999924
11
172.0120330000000024
21
-84.7155329999999935
0
LINE
8
BLACK
6
CONTINUOUS
10
172.0120330000000024
20
-84.7155329999999935
11
171.9877009999999871
21
-84.7317910000000012
0
LINE
8
BLACK
6
CONTINUOUS
10
171.9877009999999871
20
-84.7317910000000012
11
171.9590000000000032
21
-84.7374999999999972
0
LINE
8
BLACK
6
CONTINUOUS
10
171.9590000000000032
20
-84.7374999999999972
11
170.6339999999999861
21
-84.7374999999999972
0
LINE
8
BLACK
6
CONTINUOUS
10
170.6339999999999861
20
-84.7374999999999972
11
170.6052990000000023
21
-84.7317910000000012
0
LINE
8
BLACK
6
CONTINUOUS
10
170.6052990000000023
20
-84.7317910000000012
11
170.5809669999999869
21
-84.7155329999999935
0
LINE
8
BLACK
6
CONTINUOUS
10
170.5809669999999869
20
-84.7155329999999935
11
170.5647089999999935
21
-84.6912009999999924
0
LINE
8
BLACK
6
CONTINUOUS
10
170.5647089999999935
20
-84.6912009999999924
11
170.5589999999999975
21
-84.6624999999999943
0
LINE
8
BLACK
6
CONTINUOUS
10
170.5589999999999975
20
-84.6624999999999943
11
170.5589999999999975
21
-84.5125000000000028
0
LINE
8
BLACK
6
CONTINUOUS
10
170.5589999999999975
20
-84.5125000000000028
11
170.5647089999999935
21
-84.4837989999999905
0
LINE
8
BLACK
6
CONTINUOUS
10
170.5647089999999935
20
-84.4837989999999905
11
170.5809669999999869
21
-84.4594669999999894
0
LINE
8
BLACK
6
CONTINUOUS
10
170.5809669999999869
20
-84.4594669999999894
11
170.6052990000000023
21
-84.443208999999996
0
LINE
8
BLACK
6
CONTINUOUS
10
170.6052990000000023
20
-84.443208999999996
11
170.6339999999999861
21
-84.4375
0
LINE
8
BLACK
6
CONTINUOUS
10
170.6339999999999861
20
-84.4375
11
171.9590000000000032
21
-84.4375
0
LINE
8
BLACK
6
CONTINUOUS
10
171.9590000000000032
20
-84.4375
11
171.9877009999999871
21
-84.443208999999996
0
LINE
8
BLACK
6
CONTINUOUS
10
163.6627009999999984
20
-83.943208999999996
11
163.6870329999999853
21
-83.9594669999999894
0
LINE
8
BLACK
6
CONTINUOUS
10
163.6870329999999853
20
-83.9594669999999894
11
163.7032909999999788
21
-83.9837989999999905
0
LINE
8
BLACK
6
CONTINUOUS
10
163.7032909999999788
20
-83.9837989999999905
11
163.7090000000000032
21
-84.0125000000000028
0
LINE
8
BLACK
6
CONTINUOUS
10
163.7090000000000032
20
-84.0125000000000028
11
163.7090000000000032
21
-84.1624999999999943
0
LINE
8
BLACK
6
CONTINUOUS
10
163.7090000000000032
20
-84.1624999999999943
11
163.7032909999999788
21
-84.1912009999999924
0
LINE
8
BLACK
6
CONTINUOUS
10
163.7032909999999788
20
-84.1912009999999924
11
163.6870329999999853
21
-84.2155329999999935
0
LINE
8
BLACK
6
CONTINUOUS
10
163.6870329999999853
20
-84.2155329999999935
11
163.6627009999999984
21
-84.2317910000000012
0
LINE
8
BLACK
6
CONTINUOUS
10
163.6627009999999984
20
-84.2317910000000012
11
163.6339999999999861
21
-84.2374999999999972
0
LINE
8
BLACK
6
CONTINUOUS
10
163.6339999999999861
20
-84.2374999999999972
11
162.3089999999999975
21
-84.2374999999999972
0
LINE
8
BLACK
6
CONTINUOUS
10
162.3089999999999975
20
-84.2374999999999972
11
162.2802989999999852
21
-84.2317910000000012
0
LINE
8
BLACK
6
CONTINUOUS
10
162.2802989999999852
20
-84.2317910000000012
11
162.2559669999999983
21
-84.2155329999999935
0
LINE
8
BLACK
6
CONTINUOUS
10
162.2559669999999983
20
-84.2155329999999935
11
162.2397090000000048
21
-84.1912009999999924
0
LINE
8
BLACK
6
CONTINUOUS
10
162.2397090000000048
20
-84.1912009999999924
11
162.2339999999999804
21
-84.1624999999999943
0
LINE
8
BLACK
6
CONTINUOUS
10
162.2339999999999804
20
-84.1624999999999943
11
162.2339999999999804
21
-84.0125000000000028
0
LINE
8
BLACK
6
CONTINUOUS
10
162.2339999999999804
20
-84.0125000000000028
11
162.2397090000000048
21
-83.9837989999999905
0
LINE
8
BLACK
6
CONTINUOUS
10
162.2397090000000048
20
-83.9837989999999905
11
162.2559669999999983
21
-83.9594669999999894
0
LINE
8
BLACK
6
CONTINUOUS
10
162.2559669999999983
20
-83.9594669999999894
11
162.2802989999999852
21
-83.943208999999996
0
LINE
8
BLACK
6
CONTINUOUS
10
162.2802989999999852
20
-83.943208999999996
11
162.3089999999999975
21
-83.9375
0
LINE
8
BLACK
6
CONTINUOUS
10
162.3089999999999975
20
-83.9375
11
163.6339999999999861
21
-83.9375
0
LINE
8
BLACK
6
CONTINUOUS
10
163.6339999999999861
20
-83.9375
11
163.6627009999999984
21
-83.943208999999996
0
LINE
8
BLACK
6
CONTINUOUS
10
171.9877009999999871
20
-83.943208999999996
11
172.0120330000000024
21
-83.9594669999999894
0
LINE
8
BLACK
6
CONTINUOUS
10
172.0120330000000024
20
-83.9594669999999894
11
172.0282909999999958
21
-83.9837989999999905
0
LINE
8
BLACK
6
CONTINUOUS
10
172.0282909999999958
20
-83.9837989999999905
11
172.0339999999999918
21
-84.0125000000000028
0
LINE
8
BLACK
6
CONTINUOUS
10
172.0339999999999918
20
-84.0125000000000028
11
172.0339999999999918
21
-84.1624999999999943
0
LINE
8
BLACK
6
CONTINUOUS
10
172.0339999999999918
20
-84.1624999999999943
11
172.0282909999999958
21
-84.1912009999999924
0
LINE
8
BLACK
6
CONTINUOUS
10
172.0282909999999958
20
-84.1912009999999924
11
172.0120330000000024
21
-84.2155329999999935
0
LINE
8
BLACK
6
CONTINUOUS
10
172.0120330000000024
20
-84.2155329999999935
11
171.9877009999999871
21
-84.2317910000000012
0
LINE
8
BLACK
6
CONTINUOUS
10
171.9877009999999871
20
-84.2317910000000012
11
171.9590000000000032
21
-84.2374999999999972
0
LINE
8
BLACK
6
CONTINUOUS
10
171.9590000000000032
20
-84.2374999999999972
11
170.6339999999999861
21
-84.2374999999999972
0
LINE
8
BLACK
6
CONTINUOUS
10
170.6339999999999861
20
-84.2374999999999972
11
170.6052990000000023
21
-84.2317910000000012
0
LINE
8
BLACK
6
CONTINUOUS
10
170.6052990000000023
20
-84.2317910000000012
11
170.5809669999999869
21
-84.2155329999999935
0
LINE
8
BLACK
6
CONTINUOUS
10
170.5809669999999869
20
-84.2155329999999935
11
170.5647089999999935
21
-84.1912009999999924
0
LINE
8
BLACK
6
CONTINUOUS
10
170.5647089999999935
20
-84.1912009999999924
11
170.5589999999999975
21
-84.1624999999999943
0
LINE
8
BLACK
6
CONTINUOUS
10
170.5589999999999975
20
-84.1624999999999943
11
170.5589999999999975
21
-84.0125000000000028
0
LINE
8
BLACK
6
CONTINUOUS
10
170.5589999999999975
20
-84.0125000000000028
11
170.5647089999999935
21
-83.9837989999999905
0
LINE
8
BLACK
6
CONTINUOUS
10
170.5647089999999935
20
-83.9837989999999905
11
170.5809669999999869
21
-83.9594669999999894
0
LINE
8
BLACK
6
CONTINUOUS
10
170.5809669999999869
20
-83.9594669999999894
11
170.6052990000000023
21
-83.943208999999996
0
LINE
8
BLACK
6
CONTINUOUS
10
170.6052990000000023
20
-83.943208999999996
11
170.6339999999999861
21
-83.9375
0
LINE
8
BLACK
6
CONTINUOUS
10
170.6339999999999861
20
-83.9375
11
171.9590000000000032
21
-83.9375
0
LINE
8
BLACK
6
CONTINUOUS
10
171.9590000000000032
20
-83.9375
11
171.9877009999999871
21
-83.943208999999996
0
LINE
8
BLACK
6
CONTINUOUS
10
154.7123870000000068
20
-82.9630789999999934
11
154.7894379999999899
21
-83.014561999999998
0
LINE
8
BLACK
6
CONTINUOUS
10
154.7894379999999899
20
-83.014561999999998
11
154.8409209999999803
21
-83.0916129999999953
0
LINE
8
BLACK
6
CONTINUOUS
10
154.8409209999999803
20
-83.0916129999999953
11
154.8589999999999804
21
-83.1824999999999903
0
LINE
8
BLACK
6
CONTINUOUS
10
154.8589999999999804
20
-83.1824999999999903
11
154.8589999999999804
21
-83.6574999999999989
0
LINE
8
BLACK
6
CONTINUOUS
10
154.8589999999999804
20
-83.6574999999999989
11
154.8409209999999803
21
-83.7483869999999939
0
LINE
8
BLACK
6
CONTINUOUS
10
154.8409209999999803
20
-83.7483869999999939
11
154.7894379999999899
21
-83.8254379999999912
0
LINE
8
BLACK
6
CONTINUOUS
10
154.7894379999999899
20
-83.8254379999999912
11
154.7123870000000068
21
-83.8769209999999958
0
LINE
8
BLACK
6
CONTINUOUS
10
154.7123870000000068
20
-83.8769209999999958
11
154.6214999999999975
21
-83.894999999999996
0
LINE
8
BLACK
6
CONTINUOUS
10
154.6214999999999975
20
-83.894999999999996
11
154.0215000000000032
21
-83.894999999999996
0
LINE
8
BLACK
6
CONTINUOUS
10
154.0215000000000032
20
-83.894999999999996
11
153.9306129999999939
21
-83.8769209999999958
0
LINE
8
BLACK
6
CONTINUOUS
10
153.9306129999999939
20
-83.8769209999999958
11
153.8535619999999824
21
-83.8254379999999912
0
LINE
8
BLACK
6
CONTINUOUS
10
153.8535619999999824
20
-83.8254379999999912
11
153.802078999999992
21
-83.7483869999999939
0
LINE
8
BLACK
6
CONTINUOUS
10
153.802078999999992
20
-83.7483869999999939
11
153.7839999999999918
21
-83.6574999999999989
0
LINE
8
BLACK
6
CONTINUOUS
10
153.7839999999999918
20
-83.6574999999999989
11
153.7839999999999918
21
-83.1824999999999903
0
LINE
8
BLACK
6
CONTINUOUS
10
153.7839999999999918
20
-83.1824999999999903
11
153.802078999999992
21
-83.0916129999999953
0
LINE
8
BLACK
6
CONTINUOUS
10
153.802078999999992
20
-83.0916129999999953
11
153.8535619999999824
21
-83.014561999999998
0
LINE
8
BLACK
6
CONTINUOUS
10
153.8535619999999824
20
-83.014561999999998
11
153.9306129999999939
21
-82.9630789999999934
0
LINE
8
BLACK
6
CONTINUOUS
10
153.9306129999999939
20
-82.9630789999999934
11
154.0215000000000032
21
-82.9449999999999932
0
LINE
8
BLACK
6
CONTINUOUS
10
154.0215000000000032
20
-82.9449999999999932
11
154.6214999999999975
21
-82.9449999999999932
0
LINE
8
BLACK
6
CONTINUOUS
10
154.6214999999999975
20
-82.9449999999999932
11
154.7123870000000068
21
-82.9630789999999934
0
LINE
8
BLACK
6
CONTINUOUS
10
156.4373870000000011
20
-82.9630789999999934
11
156.5144379999999842
21
-83.014561999999998
0
LINE
8
BLACK
6
CONTINUOUS
10
156.5144379999999842
20
-83.014561999999998
11
156.565921000000003
21
-83.0916129999999953
0
LINE
8
BLACK
6
CONTINUOUS
10
156.565921000000003
20
-83.0916129999999953
11
156.5840000000000032
21
-83.1824999999999903
0
LINE
8
BLACK
6
CONTINUOUS
10
156.5840000000000032
20
-83.1824999999999903
11
156.5840000000000032
21
-83.6574999999999989
0
LINE
8
BLACK
6
CONTINUOUS
10
156.5840000000000032
20
-83.6574999999999989
11
156.565921000000003
21
-83.7483869999999939
0
LINE
8
BLACK
6
CONTINUOUS
10
156.565921000000003
20
-83.7483869999999939
11
156.5144379999999842
21
-83.8254379999999912
0
LINE
8
BLACK
6
CONTINUOUS
10
156.5144379999999842
20
-83.8254379999999912
11
156.4373870000000011
21
-83.8769209999999958
0
LINE
8
BLACK
6
CONTINUOUS
10
156.4373870000000011
20
-83.8769209999999958
11
156.3464999999999918
21
-83.894999999999996
0
LINE
8
BLACK
6
CONTINUOUS
10
156.3464999999999918
20
-83.894999999999996
11
155.7464999999999975
21
-83.894999999999996
0
LINE
8
BLACK
6
CONTINUOUS
10
155.7464999999999975
20
-83.894999999999996
11
155.6556129999999882
21
-83.8769209999999958
0
LINE
8
BLACK
6
CONTINUOUS
10
155.6556129999999882
20
-83.8769209999999958
11
155.5785620000000051
21
-83.8254379999999912
0
LINE
8
BLACK
6
CONTINUOUS
10
155.5785620000000051
20
-83.8254379999999912
11
155.5270789999999863
21
-83.7483869999999939
0
LINE
8
BLACK
6
CONTINUOUS
10
155.5270789999999863
20
-83.7483869999999939
11
155.5089999999999861
21
-83.6574999999999989
0
LINE
8
BLACK
6
CONTINUOUS
10
155.5089999999999861
20
-83.6574999999999989
11
155.5089999999999861
21
-83.1824999999999903
0
LINE
8
BLACK
6
CONTINUOUS
10
155.5089999999999861
20
-83.1824999999999903
11
155.5270789999999863
21
-83.0916129999999953
0
LINE
8
BLACK
6
CONTINUOUS
10
155.5270789999999863
20
-83.0916129999999953
11
155.5785620000000051
21
-83.014561999999998
0
LINE
8
BLACK
6
CONTINUOUS
10
155.5785620000000051
20
-83.014561999999998
11
155.6556129999999882
21
-82.9630789999999934
0
LINE
8
BLACK
6
CONTINUOUS
10
155.6556129999999882
20
-82.9630789999999934
11
155.7464999999999975
21
-82.9449999999999932
0
LINE
8
BLACK
6
CONTINUOUS
10
155.7464999999999975
20
-82.9449999999999932
11
156.3464999999999918
21
-82.9449999999999932
0
LINE
8
BLACK
6
CONTINUOUS
10
156.3464999999999918
20
-82.9449999999999932
11
156.4373870000000011
21
-82.9630789999999934
0
LINE
8
BLACK
6
CONTINUOUS
10
159.8717079999999839
20
-82.7751839999999959
11
159.9914299999999798
21
-82.8521250000000009
0
LINE
8
BLACK
6
CONTINUOUS
10
159.9914299999999798
20
-82.8521250000000009
11
160.0846269999999834
21
-82.9596799999999917
0
LINE
8
BLACK
6
CONTINUOUS
10
160.0846269999999834
20
-82.9596799999999917
11
160.143745999999993
21
-83.0891340000000014
0
LINE
8
BLACK
6
CONTINUOUS
10
160.143745999999993
20
-83.0891340000000014
11
160.1639999999999873
21
-83.2299999999999898
0
LINE
8
BLACK
6
CONTINUOUS
10
160.1639999999999873
20
-83.2299999999999898
11
160.143745999999993
21
-83.3708659999999924
0
LINE
8
BLACK
6
CONTINUOUS
10
160.143745999999993
20
-83.3708659999999924
11
160.0846269999999834
21
-83.5003200000000021
0
LINE
8
BLACK
6
CONTINUOUS
10
160.0846269999999834
20
-83.5003200000000021
11
159.9914299999999798
21
-83.6078749999999928
0
LINE
8
BLACK
6
CONTINUOUS
10
159.9914299999999798
20
-83.6078749999999928
11
159.8717079999999839
21
-83.6848159999999979
0
LINE
8
BLACK
6
CONTINUOUS
10
159.8717079999999839
20
-83.6848159999999979
11
159.7351569999999867
21
-83.7249109999999916
0
LINE
8
BLACK
6
CONTINUOUS
10
159.7351569999999867
20
-83.7249109999999916
11
159.5928429999999878
21
-83.7249109999999916
0
LINE
8
BLACK
6
CONTINUOUS
10
159.5928429999999878
20
-83.7249109999999916
11
159.4562919999999906
21
-83.6848159999999979
0
LINE
8
BLACK
6
CONTINUOUS
10
159.4562919999999906
20
-83.6848159999999979
11
159.3365699999999947
21
-83.6078749999999928
0
LINE
8
BLACK
6
CONTINUOUS
10
159.3365699999999947
20
-83.6078749999999928
11
159.2433729999999912
21
-83.5003200000000021
0
LINE
8
BLACK
6
CONTINUOUS
10
159.2433729999999912
20
-83.5003200000000021
11
159.1842539999999815
21
-83.3708659999999924
0
LINE
8
BLACK
6
CONTINUOUS
10
159.1842539999999815
20
-83.3708659999999924
11
159.1639999999999873
21
-83.2299999999999898
0
LINE
8
BLACK
6
CONTINUOUS
10
159.1639999999999873
20
-83.2299999999999898
11
159.1842539999999815
21
-83.0891340000000014
0
LINE
8
BLACK
6
CONTINUOUS
10
159.1842539999999815
20
-83.0891340000000014
11
159.2433729999999912
21
-82.9596799999999917
0
LINE
8
BLACK
6
CONTINUOUS
10
159.2433729999999912
20
-82.9596799999999917
11
159.3365699999999947
21
-82.8521250000000009
0
LINE
8
BLACK
6
CONTINUOUS
10
159.3365699999999947
20
-82.8521250000000009
11
159.4562919999999906
21
-82.7751839999999959
0
LINE
8
BLACK
6
CONTINUOUS
10
159.4562919999999906
20
-82.7751839999999959
11
159.5928429999999878
21
-82.7350890000000021
0
LINE
8
BLACK
6
CONTINUOUS
10
159.5928429999999878
20
-82.7350890000000021
11
159.7351569999999867
21
-82.7350890000000021
0
LINE
8
BLACK
6
CONTINUOUS
10
159.7351569999999867
20
-82.7350890000000021
11
159.8717079999999839
21
-82.7751839999999959
0
LINE
8
BLACK
6
CONTINUOUS
10
181.7167079999999828
20
-82.7201840000000033
11
181.8364299999999787
21
-82.7971249999999941
0
LINE
8
BLACK
6
CONTINUOUS
10
181.8364299999999787
20
-82.7971249999999941
11
181.9296269999999822
21
-82.904679999999999
0
LINE
8
BLACK
6
CONTINUOUS
10
181.9296269999999822
20
-82.904679999999999
11
181.9887459999999919
21
-83.0341339999999946
0
LINE
8
BLACK
6
CONTINUOUS
10
181.9887459999999919
20
-83.0341339999999946
11
182.0089999999999861
21
-83.1749999999999972
0
LINE
8
BLACK
6
CONTINUOUS
10
182.0089999999999861
20
-83.1749999999999972
11
181.9887459999999919
21
-83.3158659999999998
0
LINE
8
BLACK
6
CONTINUOUS
10
181.9887459999999919
20
-83.3158659999999998
11
181.9296269999999822
21
-83.4453199999999953
0
LINE
8
BLACK
6
CONTINUOUS
10
181.9296269999999822
20
-83.4453199999999953
11
181.8364299999999787
21
-83.5528750000000002
0
LINE
8
BLACK
6
CONTINUOUS
10
181.8364299999999787
20
-83.5528750000000002
11
181.7167079999999828
21
-83.629815999999991
0
LINE
8
BLACK
6
CONTINUOUS
10
181.7167079999999828
20
-83.629815999999991
11
181.5801569999999856
21
-83.669910999999999
0
LINE
8
BLACK
6
CONTINUOUS
10
181.5801569999999856
20
-83.669910999999999
11
181.4378429999999867
21
-83.669910999999999
0
LINE
8
BLACK
6
CONTINUOUS
10
181.4378429999999867
20
-83.669910999999999
11
181.3012919999999895
21
-83.629815999999991
0
LINE
8
BLACK
6
CONTINUOUS
10
181.3012919999999895
20
-83.629815999999991
11
181.1815699999999936
21
-83.5528750000000002
0
LINE
8
BLACK
6
CONTINUOUS
10
181.1815699999999936
20
-83.5528750000000002
11
181.08837299999999
21
-83.4453199999999953
0
LINE
8
BLACK
6
CONTINUOUS
10
181.08837299999999
20
-83.4453199999999953
11
181.0292539999999804
21
-83.3158659999999998
0
LINE
8
BLACK
6
CONTINUOUS
10
181.0292539999999804
20
-83.3158659999999998
11
181.0089999999999861
21
-83.1749999999999972
0
LINE
8
BLACK
6
CONTINUOUS
10
181.0089999999999861
20
-83.1749999999999972
11
181.0292539999999804
21
-83.0341339999999946
0
LINE
8
BLACK
6
CONTINUOUS
10
181.0292539999999804
20
-83.0341339999999946
11
181.08837299999999
21
-82.904679999999999
0
LINE
8
BLACK
6
CONTINUOUS
10
181.08837299999999
20
-82.904679999999999
11
181.1815699999999936
21
-82.7971249999999941
0
LINE
8
BLACK
6
CONTINUOUS
10
181.1815699999999936
20
-82.7971249999999941
11
181.3012919999999895
21
-82.7201840000000033
0
LINE
8
BLACK
6
CONTINUOUS
10
181.3012919999999895
20
-82.7201840000000033
11
181.4378429999999867
21
-82.6800889999999953
0
LINE
8
BLACK
6
CONTINUOUS
10
181.4378429999999867
20
-82.6800889999999953
11
181.5801569999999856
21
-82.6800889999999953
0
LINE
8
BLACK
6
CONTINUOUS
10
181.5801569999999856
20
-82.6800889999999953
11
181.7167079999999828
21
-82.7201840000000033
0
LINE
8
BLACK
6
CONTINUOUS
10
164.4877009999999871
20
-81.943208999999996
11
164.5120330000000024
21
-81.9594669999999894
0
LINE
8
BLACK
6
CONTINUOUS
10
164.5120330000000024
20
-81.9594669999999894
11
164.5282909999999958
21
-81.9837989999999905
0
LINE
8
BLACK
6
CONTINUOUS
10
164.5282909999999958
20
-81.9837989999999905
11
164.5339999999999918
21
-82.0125000000000028
0
LINE
8
BLACK
6
CONTINUOUS
10
164.5339999999999918
20
-82.0125000000000028
11
164.5339999999999918
21
-83.3374999999999915
0
LINE
8
BLACK
6
CONTINUOUS
10
164.5339999999999918
20
-83.3374999999999915
11
164.5282909999999958
21
-83.3662009999999896
0
LINE
8
BLACK
6
CONTINUOUS
10
164.5282909999999958
20
-83.3662009999999896
11
164.5120330000000024
21
-83.3905329999999907
0
LINE
8
BLACK
6
CONTINUOUS
10
164.5120330000000024
20
-83.3905329999999907
11
164.4877009999999871
21
-83.4067909999999983
0
LINE
8
BLACK
6
CONTINUOUS
10
164.4877009999999871
20
-83.4067909999999983
11
164.4590000000000032
21
-83.4124999999999943
0
LINE
8
BLACK
6
CONTINUOUS
10
164.4590000000000032
20
-83.4124999999999943
11
164.3089999999999975
21
-83.4124999999999943
0
LINE
8
BLACK
6
CONTINUOUS
10
164.3089999999999975
20
-83.4124999999999943
11
164.2802989999999852
21
-83.4067909999999983
0
LINE
8
BLACK
6
CONTINUOUS
10
164.2802989999999852
20
-83.4067909999999983
11
164.2559669999999983
21
-83.3905329999999907
0
LINE
8
BLACK
6
CONTINUOUS
10
164.2559669999999983
20
-83.3905329999999907
11
164.2397090000000048
21
-83.3662009999999896
0
LINE
8
BLACK
6
CONTINUOUS
10
164.2397090000000048
20
-83.3662009999999896
11
164.2339999999999804
21
-83.3374999999999915
0
LINE
8
BLACK
6
CONTINUOUS
10
164.2339999999999804
20
-83.3374999999999915
11
164.2339999999999804
21
-82.0125000000000028
0
LINE
8
BLACK
6
CONTINUOUS
10
164.2339999999999804
20
-82.0125000000000028
11
164.2397090000000048
21
-81.9837989999999905
0
LINE
8
BLACK
6
CONTINUOUS
10
164.2397090000000048
20
-81.9837989999999905
11
164.2559669999999983
21
-81.9594669999999894
0
LINE
8
BLACK
6
CONTINUOUS
10
164.2559669999999983
20
-81.9594669999999894
11
164.2802989999999852
21
-81.943208999999996
0
LINE
8
BLACK
6
CONTINUOUS
10
164.2802989999999852
20
-81.943208999999996
11
164.3089999999999975
21
-81.9375
0
LINE
8
BLACK
6
CONTINUOUS
10
164.3089999999999975
20
-81.9375
11
164.4590000000000032
21
-81.9375
0
LINE
8
BLACK
6
CONTINUOUS
10
164.4590000000000032
20
-81.9375
11
164.4877009999999871
21
-81.943208999999996
0
LINE
8
BLACK
6
CONTINUOUS
10
164.9877009999999871
20
-81.943208999999996
11
165.0120330000000024
21
-81.9594669999999894
0
LINE
8
BLACK
6
CONTINUOUS
10
165.0120330000000024
20
-81.9594669999999894
11
165.0282909999999958
21
-81.9837989999999905
0
LINE
8
BLACK
6
CONTINUOUS
10
165.0282909999999958
20
-81.9837989999999905
11
165.0339999999999918
21
-82.0125000000000028
0
LINE
8
BLACK
6
CONTINUOUS
10
165.0339999999999918
20
-82.0125000000000028
11
165.0339999999999918
21
-83.3374999999999915
0
LINE
8
BLACK
6
CONTINUOUS
10
165.0339999999999918
20
-83.3374999999999915
11
165.0282909999999958
21
-83.3662009999999896
0
LINE
8
BLACK
6
CONTINUOUS
10
165.0282909999999958
20
-83.3662009999999896
11
165.0120330000000024
21
-83.3905329999999907
0
LINE
8
BLACK
6
CONTINUOUS
10
165.0120330000000024
20
-83.3905329999999907
11
164.9877009999999871
21
-83.4067909999999983
0
LINE
8
BLACK
6
CONTINUOUS
10
164.9877009999999871
20
-83.4067909999999983
11
164.9590000000000032
21
-83.4124999999999943
0
LINE
8
BLACK
6
CONTINUOUS
10
164.9590000000000032
20
-83.4124999999999943
11
164.8089999999999975
21
-83.4124999999999943
0
LINE
8
BLACK
6
CONTINUOUS
10
164.8089999999999975
20
-83.4124999999999943
11
164.7802989999999852
21
-83.4067909999999983
0
LINE
8
BLACK
6
CONTINUOUS
10
164.7802989999999852
20
-83.4067909999999983
11
164.7559669999999983
21
-83.3905329999999907
0
LINE
8
BLACK
6
CONTINUOUS
10
164.7559669999999983
20
-83.3905329999999907
11
164.7397090000000048
21
-83.3662009999999896
0
LINE
8
BLACK
6
CONTINUOUS
10
164.7397090000000048
20
-83.3662009999999896
11
164.7339999999999804
21
-83.3374999999999915
0
LINE
8
BLACK
6
CONTINUOUS
10
164.7339999999999804
20
-83.3374999999999915
11
164.7339999999999804
21
-82.0125000000000028
0
LINE
8
BLACK
6
CONTINUOUS
10
164.7339999999999804
20
-82.0125000000000028
11
164.7397090000000048
21
-81.9837989999999905
0
LINE
8
BLACK
6
CONTINUOUS
10
164.7397090000000048
20
-81.9837989999999905
11
164.7559669999999983
21
-81.9594669999999894
0
LINE
8
BLACK
6
CONTINUOUS
10
164.7559669999999983
20
-81.9594669999999894
11
164.7802989999999852
21
-81.943208999999996
0
LINE
8
BLACK
6
CONTINUOUS
10
164.7802989999999852
20
-81.943208999999996
11
164.8089999999999975
21
-81.9375
0
LINE
8
BLACK
6
CONTINUOUS
10
164.8089999999999975
20
-81.9375
11
164.9590000000000032
21
-81.9375
0
LINE
8
BLACK
6
CONTINUOUS
10
164.9590000000000032
20
-81.9375
11
164.9877009999999871
21
-81.943208999999996
0
LINE
8
BLACK
6
CONTINUOUS
10
165.4877009999999871
20
-81.943208999999996
11
165.5120330000000024
21
-81.9594669999999894
0
LINE
8
BLACK
6
CONTINUOUS
10
165.5120330000000024
20
-81.9594669999999894
11
165.5282909999999958
21
-81.9837989999999905
0
LINE
8
BLACK
6
CONTINUOUS
10
165.5282909999999958
20
-81.9837989999999905
11
165.5339999999999918
21
-82.0125000000000028
0
LINE
8
BLACK
6
CONTINUOUS
10
165.5339999999999918
20
-82.0125000000000028
11
165.5339999999999918
21
-83.3374999999999915
0
LINE
8
BLACK
6
CONTINUOUS
10
165.5339999999999918
20
-83.3374999999999915
11
165.5282909999999958
21
-83.3662009999999896
0
LINE
8
BLACK
6
CONTINUOUS
10
165.5282909999999958
20
-83.3662009999999896
11
165.5120330000000024
21
-83.3905329999999907
0
LINE
8
BLACK
6
CONTINUOUS
10
165.5120330000000024
20
-83.3905329999999907
11
165.4877009999999871
21
-83.4067909999999983
0
LINE
8
BLACK
6
CONTINUOUS
10
165.4877009999999871
20
-83.4067909999999983
11
165.4590000000000032
21
-83.4124999999999943
0
LINE
8
BLACK
6
CONTINUOUS
10
165.4590000000000032
20
-83.4124999999999943
11
165.3089999999999975
21
-83.4124999999999943
0
LINE
8
BLACK
6
CONTINUOUS
10
165.3089999999999975
20
-83.4124999999999943
11
165.2802989999999852
21
-83.4067909999999983
0
LINE
8
BLACK
6
CONTINUOUS
10
165.2802989999999852
20
-83.4067909999999983
11
165.2559669999999983
21
-83.3905329999999907
0
LINE
8
BLACK
6
CONTINUOUS
10
165.2559669999999983
20
-83.3905329999999907
11
165.2397090000000048
21
-83.3662009999999896
0
LINE
8
BLACK
6
CONTINUOUS
10
165.2397090000000048
20
-83.3662009999999896
11
165.2339999999999804
21
-83.3374999999999915
0
LINE
8
BLACK
6
CONTINUOUS
10
165.2339999999999804
20
-83.3374999999999915
11
165.2339999999999804
21
-82.0125000000000028
0
LINE
8
BLACK
6
CONTINUOUS
10
165.2339999999999804
20
-82.0125000000000028
11
165.2397090000000048
21
-81.9837989999999905
0
LINE
8
BLACK
6
CONTINUOUS
10
165.2397090000000048
20
-81.9837989999999905
11
165.2559669999999983
21
-81.9594669999999894
0
LINE
8
BLACK
6
CONTINUOUS
10
165.2559669999999983
20
-81.9594669999999894
11
165.2802989999999852
21
-81.943208999999996
0
LINE
8
BLACK
6
CONTINUOUS
10
165.2802989999999852
20
-81.943208999999996
11
165.3089999999999975
21
-81.9375
0
LINE
8
BLACK
6
CONTINUOUS
10
165.3089999999999975
20
-81.9375
11
165.4590000000000032
21
-81.9375
0
LINE
8
BLACK
6
CONTINUOUS
10
165.4590000000000032
20
-81.9375
11
165.4877009999999871
21
-81.943208999999996
0
LINE
8
BLACK
6
CONTINUOUS
10
165.9877009999999871
20
-81.943208999999996
11
166.0120330000000024
21
-81.9594669999999894
0
LINE
8
BLACK
6
CONTINUOUS
10
166.0120330000000024
20
-81.9594669999999894
11
166.0282909999999958
21
-81.9837989999999905
0
LINE
8
BLACK
6
CONTINUOUS
10
166.0282909999999958
20
-81.9837989999999905
11
166.0339999999999918
21
-82.0125000000000028
0
LINE
8
BLACK
6
CONTINUOUS
10
166.0339999999999918
20
-82.0125000000000028
11
166.0339999999999918
21
-83.3374999999999915
0
LINE
8
BLACK
6
CONTINUOUS
10
166.0339999999999918
20
-83.3374999999999915
11
166.0282909999999958
21
-83.3662009999999896
0
LINE
8
BLACK
6
CONTINUOUS
10
166.0282909999999958
20
-83.3662009999999896
11
166.0120330000000024
21
-83.3905329999999907
0
LINE
8
BLACK
6
CONTINUOUS
10
166.0120330000000024
20
-83.3905329999999907
11
165.9877009999999871
21
-83.4067909999999983
0
LINE
8
BLACK
6
CONTINUOUS
10
165.9877009999999871
20
-83.4067909999999983
11
165.9590000000000032
21
-83.4124999999999943
0
LINE
8
BLACK
6
CONTINUOUS
10
165.9590000000000032
20
-83.4124999999999943
11
165.8089999999999975
21
-83.4124999999999943
0
LINE
8
BLACK
6
CONTINUOUS
10
165.8089999999999975
20
-83.4124999999999943
11
165.7802989999999852
21
-83.4067909999999983
0
LINE
8
BLACK
6
CONTINUOUS
10
165.7802989999999852
20
-83.4067909999999983
11
165.7559669999999983
21
-83.3905329999999907
0
LINE
8
BLACK
6
CONTINUOUS
10
165.7559669999999983
20
-83.3905329999999907
11
165.7397090000000048
21
-83.3662009999999896
0
LINE
8
BLACK
6
CONTINUOUS
10
165.7397090000000048
20
-83.3662009999999896
11
165.7339999999999804
21
-83.3374999999999915
0
LINE
8
BLACK
6
CONTINUOUS
10
165.7339999999999804
20
-83.3374999999999915
11
165.7339999999999804
21
-82.0125000000000028
0
LINE
8
BLACK
6
CONTINUOUS
10
165.7339999999999804
20
-82.0125000000000028
11
165.7397090000000048
21
-81.9837989999999905
0
LINE
8
BLACK
6
CONTINUOUS
10
165.7397090000000048
20
-81.9837989999999905
11
165.7559669999999983
21
-81.9594669999999894
0
LINE
8
BLACK
6
CONTINUOUS
10
165.7559669999999983
20
-81.9594669999999894
11
165.7802989999999852
21
-81.943208999999996
0
LINE
8
BLACK
6
CONTINUOUS
10
165.7802989999999852
20
-81.943208999999996
11
165.8089999999999975
21
-81.9375
0
LINE
8
BLACK
6
CONTINUOUS
10
165.8089999999999975
20
-81.9375
11
165.9590000000000032
21
-81.9375
0
LINE
8
BLACK
6
CONTINUOUS
10
165.9590000000000032
20
-81.9375
11
165.9877009999999871
21
-81.943208999999996
0
LINE
8
BLACK
6
CONTINUOUS
10
166.4877009999999871
20
-81.943208999999996
11
166.5120330000000024
21
-81.9594669999999894
0
LINE
8
BLACK
6
CONTINUOUS
10
166.5120330000000024
20
-81.9594669999999894
11
166.5282909999999958
21
-81.9837989999999905
0
LINE
8
BLACK
6
CONTINUOUS
10
166.5282909999999958
20
-81.9837989999999905
11
166.5339999999999918
21
-82.0125000000000028
0
LINE
8
BLACK
6
CONTINUOUS
10
166.5339999999999918
20
-82.0125000000000028
11
166.5339999999999918
21
-83.3374999999999915
0
LINE
8
BLACK
6
CONTINUOUS
10
166.5339999999999918
20
-83.3374999999999915
11
166.5282909999999958
21
-83.3662009999999896
0
LINE
8
BLACK
6
CONTINUOUS
10
166.5282909999999958
20
-83.3662009999999896
11
166.5120330000000024
21
-83.3905329999999907
0
LINE
8
BLACK
6
CONTINUOUS
10
166.5120330000000024
20
-83.3905329999999907
11
166.4877009999999871
21
-83.4067909999999983
0
LINE
8
BLACK
6
CONTINUOUS
10
166.4877009999999871
20
-83.4067909999999983
11
166.4590000000000032
21
-83.4124999999999943
0
LINE
8
BLACK
6
CONTINUOUS
10
166.4590000000000032
20
-83.4124999999999943
11
166.3089999999999975
21
-83.4124999999999943
0
LINE
8
BLACK
6
CONTINUOUS
10
166.3089999999999975
20
-83.4124999999999943
11
166.2802989999999852
21
-83.4067909999999983
0
LINE
8
BLACK
6
CONTINUOUS
10
166.2802989999999852
20
-83.4067909999999983
11
166.2559669999999983
21
-83.3905329999999907
0
LINE
8
BLACK
6
CONTINUOUS
10
166.2559669999999983
20
-83.3905329999999907
11
166.2397090000000048
21
-83.3662009999999896
0
LINE
8
BLACK
6
CONTINUOUS
10
166.2397090000000048
20
-83.3662009999999896
11
166.2339999999999804
21
-83.3374999999999915
0
LINE
8
BLACK
6
CONTINUOUS
10
166.2339999999999804
20
-83.3374999999999915
11
166.2339999999999804
21
-82.0125000000000028
0
LINE
8
BLACK
6
CONTINUOUS
10
166.2339999999999804
20
-82.0125000000000028
11
166.2397090000000048
21
-81.9837989999999905
0
LINE
8
BLACK
6
CONTINUOUS
10
166.2397090000000048
20
-81.9837989999999905
11
166.2559669999999983
21
-81.9594669999999894
0
LINE
8
BLACK
6
CONTINUOUS
10
166.2559669999999983
20
-81.9594669999999894
11
166.2802989999999852
21
-81.943208999999996
0
LINE
8
BLACK
6
CONTINUOUS
10
166.2802989999999852
20
-81.943208999999996
11
166.3089999999999975
21
-81.9375
0
LINE
8
BLACK
6
CONTINUOUS
10
166.3089999999999975
20
-81.9375
11
166.4590000000000032
21
-81.9375
0
LINE
8
BLACK
6
CONTINUOUS
10
166.4590000000000032
20
-81.9375
11
166.4877009999999871
21
-81.943208999999996
0
LINE
8
BLACK
6
CONTINUOUS
10
166.9877009999999871
20
-81.943208999999996
11
167.0120330000000024
21
-81.9594669999999894
0
LINE
8
BLACK
6
CONTINUOUS
10
167.0120330000000024
20
-81.9594669999999894
11
167.0282909999999958
21
-81.9837989999999905
0
LINE
8
BLACK
6
CONTINUOUS
10
167.0282909999999958
20
-81.9837989999999905
11
167.0339999999999918
21
-82.0125000000000028
0
LINE
8
BLACK
6
CONTINUOUS
10
167.0339999999999918
20
-82.0125000000000028
11
167.0339999999999918
21
-83.3374999999999915
0
LINE
8
BLACK
6
CONTINUOUS
10
167.0339999999999918
20
-83.3374999999999915
11
167.0282909999999958
21
-83.3662009999999896
0
LINE
8
BLACK
6
CONTINUOUS
10
167.0282909999999958
20
-83.3662009999999896
11
167.0120330000000024
21
-83.3905329999999907
0
LINE
8
BLACK
6
CONTINUOUS
10
167.0120330000000024
20
-83.3905329999999907
11
166.9877009999999871
21
-83.4067909999999983
0
LINE
8
BLACK
6
CONTINUOUS
10
166.9877009999999871
20
-83.4067909999999983
11
166.9590000000000032
21
-83.4124999999999943
0
LINE
8
BLACK
6
CONTINUOUS
10
166.9590000000000032
20
-83.4124999999999943
11
166.8089999999999975
21
-83.4124999999999943
0
LINE
8
BLACK
6
CONTINUOUS
10
166.8089999999999975
20
-83.4124999999999943
11
166.7802989999999852
21
-83.4067909999999983
0
LINE
8
BLACK
6
CONTINUOUS
10
166.7802989999999852
20
-83.4067909999999983
11
166.7559669999999983
21
-83.3905329999999907
0
LINE
8
BLACK
6
CONTINUOUS
10
166.7559669999999983
20
-83.3905329999999907
11
166.7397090000000048
21
-83.3662009999999896
0
LINE
8
BLACK
6
CONTINUOUS
10
166.7397090000000048
20
-83.3662009999999896
11
166.7339999999999804
21
-83.3374999999999915
0
LINE
8
BLACK
6
CONTINUOUS
10
166.7339999999999804
20
-83.3374999999999915
11
166.7339999999999804
21
-82.0125000000000028
0
LINE
8
BLACK
6
CONTINUOUS
10
166.7339999999999804
20
-82.0125000000000028
11
166.7397090000000048
21
-81.9837989999999905
0
LINE
8
BLACK
6
CONTINUOUS
10
166.7397090000000048
20
-81.9837989999999905
11
166.7559669999999983
21
-81.9594669999999894
0
LINE
8
BLACK
6
CONTINUOUS
10
166.7559669999999983
20
-81.9594669999999894
11
166.7802989999999852
21
-81.943208999999996
0
LINE
8
BLACK
6
CONTINUOUS
10
166.7802989999999852
20
-81.943208999999996
11
166.8089999999999975
21
-81.9375
0
LINE
8
BLACK
6
CONTINUOUS
10
166.8089999999999975
20
-81.9375
11
166.9590000000000032
21
-81.9375
0
LINE
8
BLACK
6
CONTINUOUS
10
166.9590000000000032
20
-81.9375
11
166.9877009999999871
21
-81.943208999999996
0
LINE
8
BLACK
6
CONTINUOUS
10
167.4877009999999871
20
-81.943208999999996
11
167.5120330000000024
21
-81.9594669999999894
0
LINE
8
BLACK
6
CONTINUOUS
10
167.5120330000000024
20
-81.9594669999999894
11
167.5282909999999958
21
-81.9837989999999905
0
LINE
8
BLACK
6
CONTINUOUS
10
167.5282909999999958
20
-81.9837989999999905
11
167.5339999999999918
21
-82.0125000000000028
0
LINE
8
BLACK
6
CONTINUOUS
10
167.5339999999999918
20
-82.0125000000000028
11
167.5339999999999918
21
-83.3374999999999915
0
LINE
8
BLACK
6
CONTINUOUS
10
167.5339999999999918
20
-83.3374999999999915
11
167.5282909999999958
21
-83.3662009999999896
0
LINE
8
BLACK
6
CONTINUOUS
10
167.5282909999999958
20
-83.3662009999999896
11
167.5120330000000024
21
-83.3905329999999907
0
LINE
8
BLACK
6
CONTINUOUS
10
167.5120330000000024
20
-83.3905329999999907
11
167.4877009999999871
21
-83.4067909999999983
0
LINE
8
BLACK
6
CONTINUOUS
10
167.4877009999999871
20
-83.4067909999999983
11
167.4590000000000032
21
-83.4124999999999943
0
LINE
8
BLACK
6
CONTINUOUS
10
167.4590000000000032
20
-83.4124999999999943
11
167.3089999999999975
21
-83.4124999999999943
0
LINE
8
BLACK
6
CONTINUOUS
10
167.3089999999999975
20
-83.4124999999999943
11
167.2802989999999852
21
-83.4067909999999983
0
LINE
8
BLACK
6
CONTINUOUS
10
167.2802989999999852
20
-83.4067909999999983
11
167.2559669999999983
21
-83.3905329999999907
0
LINE
8
BLACK
6
CONTINUOUS
10
167.2559669999999983
20
-83.3905329999999907
11
167.2397090000000048
21
-83.3662009999999896
0
LINE
8
BLACK
6
CONTINUOUS
10
167.2397090000000048
20
-83.3662009999999896
11
167.2339999999999804
21
-83.3374999999999915
0
LINE
8
BLACK
6
CONTINUOUS
10
167.2339999999999804
20
-83.3374999999999915
11
167.2339999999999804
21
-82.0125000000000028
0
LINE
8
BLACK
6
CONTINUOUS
10
167.2339999999999804
20
-82.0125000000000028
11
167.2397090000000048
21
-81.9837989999999905
0
LINE
8
BLACK
6
CONTINUOUS
10
167.2397090000000048
20
-81.9837989999999905
11
167.2559669999999983
21
-81.9594669999999894
0
LINE
8
BLACK
6
CONTINUOUS
10
167.2559669999999983
20
-81.9594669999999894
11
167.2802989999999852
21
-81.943208999999996
0
LINE
8
BLACK
6
CONTINUOUS
10
167.2802989999999852
20
-81.943208999999996
11
167.3089999999999975
21
-81.9375
0
LINE
8
BLACK
6
CONTINUOUS
10
167.3089999999999975
20
-81.9375
11
167.4590000000000032
21
-81.9375
0
LINE
8
BLACK
6
CONTINUOUS
10
167.4590000000000032
20
-81.9375
11
167.4877009999999871
21
-81.943208999999996
0
LINE
8
BLACK
6
CONTINUOUS
10
167.9877009999999871
20
-81.943208999999996
11
168.0120330000000024
21
-81.9594669999999894
0
LINE
8
BLACK
6
CONTINUOUS
10
168.0120330000000024
20
-81.9594669999999894
11
168.0282909999999958
21
-81.9837989999999905
0
LINE
8
BLACK
6
CONTINUOUS
10
168.0282909999999958
20
-81.9837989999999905
11
168.0339999999999918
21
-82.0125000000000028
0
LINE
8
BLACK
6
CONTINUOUS
10
168.0339999999999918
20
-82.0125000000000028
11
168.0339999999999918
21
-83.3374999999999915
0
LINE
8
BLACK
6
CONTINUOUS
10
168.0339999999999918
20
-83.3374999999999915
11
168.0282909999999958
21
-83.3662009999999896
0
LINE
8
BLACK
6
CONTINUOUS
10
168.0282909999999958
20
-83.3662009999999896
11
168.0120330000000024
21
-83.3905329999999907
0
LINE
8
BLACK
6
CONTINUOUS
10
168.0120330000000024
20
-83.3905329999999907
11
167.9877009999999871
21
-83.4067909999999983
0
LINE
8
BLACK
6
CONTINUOUS
10
167.9877009999999871
20
-83.4067909999999983
11
167.9590000000000032
21
-83.4124999999999943
0
LINE
8
BLACK
6
CONTINUOUS
10
167.9590000000000032
20
-83.4124999999999943
11
167.8089999999999975
21
-83.4124999999999943
0
LINE
8
BLACK
6
CONTINUOUS
10
167.8089999999999975
20
-83.4124999999999943
11
167.7802989999999852
21
-83.4067909999999983
0
LINE
8
BLACK
6
CONTINUOUS
10
167.7802989999999852
20
-83.4067909999999983
11
167.7559669999999983
21
-83.3905329999999907
0
LINE
8
BLACK
6
CONTINUOUS
10
167.7559669999999983
20
-83.3905329999999907
11
167.7397090000000048
21
-83.3662009999999896
0
LINE
8
BLACK
6
CONTINUOUS
10
167.7397090000000048
20
-83.3662009999999896
11
167.7339999999999804
21
-83.3374999999999915
0
LINE
8
BLACK
6
CONTINUOUS
10
167.7339999999999804
20
-83.3374999999999915
11
167.7339999999999804
21
-82.0125000000000028
0
LINE
8
BLACK
6
CONTINUOUS
10
167.7339999999999804
20
-82.0125000000000028
11
167.7397090000000048
21
-81.9837989999999905
0
LINE
8
BLACK
6
CONTINUOUS
10
167.7397090000000048
20
-81.9837989999999905
11
167.7559669999999983
21
-81.9594669999999894
0
LINE
8
BLACK
6
CONTINUOUS
10
167.7559669999999983
20
-81.9594669999999894
11
167.7802989999999852
21
-81.943208999999996
0
LINE
8
BLACK
6
CONTINUOUS
10
167.7802989999999852
20
-81.943208999999996
11
167.8089999999999975
21
-81.9375
0
LINE
8
BLACK
6
CONTINUOUS
10
167.8089999999999975
20
-81.9375
11
167.9590000000000032
21
-81.9375
0
LINE
8
BLACK
6
CONTINUOUS
10
167.9590000000000032
20
-81.9375
11
167.9877009999999871
21
-81.943208999999996
0
LINE
8
BLACK
6
CONTINUOUS
10
168.4877009999999871
20
-81.943208999999996
11
168.5120330000000024
21
-81.9594669999999894
0
LINE
8
BLACK
6
CONTINUOUS
10
168.5120330000000024
20
-81.9594669999999894
11
168.5282909999999958
21
-81.9837989999999905
0
LINE
8
BLACK
6
CONTINUOUS
10
168.5282909999999958
20
-81.9837989999999905
11
168.5339999999999918
21
-82.0125000000000028
0
LINE
8
BLACK
6
CONTINUOUS
10
168.5339999999999918
20
-82.0125000000000028
11
168.5339999999999918
21
-83.3374999999999915
0
LINE
8
BLACK
6
CONTINUOUS
10
168.5339999999999918
20
-83.3374999999999915
11
168.5282909999999958
21
-83.3662009999999896
0
LINE
8
BLACK
6
CONTINUOUS
10
168.5282909999999958
20
-83.3662009999999896
11
168.5120330000000024
21
-83.3905329999999907
0
LINE
8
BLACK
6
CONTINUOUS
10
168.5120330000000024
20
-83.3905329999999907
11
168.4877009999999871
21
-83.4067909999999983
0
LINE
8
BLACK
6
CONTINUOUS
10
168.4877009999999871
20
-83.4067909999999983
11
168.4590000000000032
21
-83.4124999999999943
0
LINE
8
BLACK
6
CONTINUOUS
10
168.4590000000000032
20
-83.4124999999999943
11
168.3089999999999975
21
-83.4124999999999943
0
LINE
8
BLACK
6
CONTINUOUS
10
168.3089999999999975
20
-83.4124999999999943
11
168.2802989999999852
21
-83.4067909999999983
0
LINE
8
BLACK
6
CONTINUOUS
10
168.2802989999999852
20
-83.4067909999999983
11
168.2559669999999983
21
-83.3905329999999907
0
LINE
8
BLACK
6
CONTINUOUS
10
168.2559669999999983
20
-83.3905329999999907
11
168.2397090000000048
21
-83.3662009999999896
0
LINE
8
BLACK
6
CONTINUOUS
10
168.2397090000000048
20
-83.3662009999999896
11
168.2339999999999804
21
-83.3374999999999915
0
LINE
8
BLACK
6
CONTINUOUS
10
168.2339999999999804
20
-83.3374999999999915
11
168.2339999999999804
21
-82.0125000000000028
0
LINE
8
BLACK
6
CONTINUOUS
10
168.2339999999999804
20
-82.0125000000000028
11
168.2397090000000048
21
-81.9837989999999905
0
LINE
8
BLACK
6
CONTINUOUS
10
168.2397090000000048
20
-81.9837989999999905
11
168.2559669999999983
21
-81.9594669999999894
0
LINE
8
BLACK
6
CONTINUOUS
10
168.2559669999999983
20
-81.9594669999999894
11
168.2802989999999852
21
-81.943208999999996
0
LINE
8
BLACK
6
CONTINUOUS
10
168.2802989999999852
20
-81.943208999999996
11
168.3089999999999975
21
-81.9375
0
LINE
8
BLACK
6
CONTINUOUS
10
168.3089999999999975
20
-81.9375
11
168.4590000000000032
21
-81.9375
0
LINE
8
BLACK
6
CONTINUOUS
10
168.4590000000000032
20
-81.9375
11
168.4877009999999871
21
-81.943208999999996
0
LINE
8
BLACK
6
CONTINUOUS
10
168.9877009999999871
20
-81.943208999999996
11
169.0120330000000024
21
-81.9594669999999894
0
LINE
8
BLACK
6
CONTINUOUS
10
169.0120330000000024
20
-81.9594669999999894
11
169.0282909999999958
21
-81.9837989999999905
0
LINE
8
BLACK
6
CONTINUOUS
10
169.0282909999999958
20
-81.9837989999999905
11
169.0339999999999918
21
-82.0125000000000028
0
LINE
8
BLACK
6
CONTINUOUS
10
169.0339999999999918
20
-82.0125000000000028
11
169.0339999999999918
21
-83.3374999999999915
0
LINE
8
BLACK
6
CONTINUOUS
10
169.0339999999999918
20
-83.3374999999999915
11
169.0282909999999958
21
-83.3662009999999896
0
LINE
8
BLACK
6
CONTINUOUS
10
169.0282909999999958
20
-83.3662009999999896
11
169.0120330000000024
21
-83.3905329999999907
0
LINE
8
BLACK
6
CONTINUOUS
10
169.0120330000000024
20
-83.3905329999999907
11
168.9877009999999871
21
-83.4067909999999983
0
LINE
8
BLACK
6
CONTINUOUS
10
168.9877009999999871
20
-83.4067909999999983
11
168.9590000000000032
21
-83.4124999999999943
0
LINE
8
BLACK
6
CONTINUOUS
10
168.9590000000000032
20
-83.4124999999999943
11
168.8089999999999975
21
-83.4124999999999943
0
LINE
8
BLACK
6
CONTINUOUS
10
168.8089999999999975
20
-83.4124999999999943
11
168.7802989999999852
21
-83.4067909999999983
0
LINE
8
BLACK
6
CONTINUOUS
10
168.7802989999999852
20
-83.4067909999999983
11
168.7559669999999983
21
-83.3905329999999907
0
LINE
8
BLACK
6
CONTINUOUS
10
168.7559669999999983
20
-83.3905329999999907
11
168.7397090000000048
21
-83.3662009999999896
0
LINE
8
BLACK
6
CONTINUOUS
10
168.7397090000000048
20
-83.3662009999999896
11
168.7339999999999804
21
-83.3374999999999915
0
LINE
8
BLACK
6
CONTINUOUS
10
168.7339999999999804
20
-83.3374999999999915
11
168.7339999999999804
21
-82.0125000000000028
0
LINE
8
BLACK
6
CONTINUOUS
10
168.7339999999999804
20
-82.0125000000000028
11
168.7397090000000048
21
-81.9837989999999905
0
LINE
8
BLACK
6
CONTINUOUS
10
168.7397090000000048
20
-81.9837989999999905
11
168.7559669999999983
21
-81.9594669999999894
0
LINE
8
BLACK
6
CONTINUOUS
10
168.7559669999999983
20
-81.9594669999999894
11
168.7802989999999852
21
-81.943208999999996
0
LINE
8
BLACK
6
CONTINUOUS
10
168.7802989999999852
20
-81.943208999999996
11
168.8089999999999975
21
-81.9375
0
LINE
8
BLACK
6
CONTINUOUS
10
168.8089999999999975
20
-81.9375
11
168.9590000000000032
21
-81.9375
0
LINE
8
BLACK
6
CONTINUOUS
10
168.9590000000000032
20
-81.9375
11
168.9877009999999871
21
-81.943208999999996
0
LINE
8
BLACK
6
CONTINUOUS
10
169.4877009999999871
20
-81.943208999999996
11
169.5120330000000024
21
-81.9594669999999894
0
LINE
8
BLACK
6
CONTINUOUS
10
169.5120330000000024
20
-81.9594669999999894
11
169.5282909999999958
21
-81.9837989999999905
0
LINE
8
BLACK
6
CONTINUOUS
10
169.5282909999999958
20
-81.9837989999999905
11
169.5339999999999918
21
-82.0125000000000028
0
LINE
8
BLACK
6
CONTINUOUS
10
169.5339999999999918
20
-82.0125000000000028
11
169.5339999999999918
21
-83.3374999999999915
0
LINE
8
BLACK
6
CONTINUOUS
10
169.5339999999999918
20
-83.3374999999999915
11
169.5282909999999958
21
-83.3662009999999896
0
LINE
8
BLACK
6
CONTINUOUS
10
169.5282909999999958
20
-83.3662009999999896
11
169.5120330000000024
21
-83.3905329999999907
0
LINE
8
BLACK
6
CONTINUOUS
10
169.5120330000000024
20
-83.3905329999999907
11
169.4877009999999871
21
-83.4067909999999983
0
LINE
8
BLACK
6
CONTINUOUS
10
169.4877009999999871
20
-83.4067909999999983
11
169.4590000000000032
21
-83.4124999999999943
0
LINE
8
BLACK
6
CONTINUOUS
10
169.4590000000000032
20
-83.4124999999999943
11
169.3089999999999975
21
-83.4124999999999943
0
LINE
8
BLACK
6
CONTINUOUS
10
169.3089999999999975
20
-83.4124999999999943
11
169.2802989999999852
21
-83.4067909999999983
0
LINE
8
BLACK
6
CONTINUOUS
10
169.2802989999999852
20
-83.4067909999999983
11
169.2559669999999983
21
-83.3905329999999907
0
LINE
8
BLACK
6
CONTINUOUS
10
169.2559669999999983
20
-83.3905329999999907
11
169.2397090000000048
21
-83.3662009999999896
0
LINE
8
BLACK
6
CONTINUOUS
10
169.2397090000000048
20
-83.3662009999999896
11
169.2339999999999804
21
-83.3374999999999915
0
LINE
8
BLACK
6
CONTINUOUS
10
169.2339999999999804
20
-83.3374999999999915
11
169.2339999999999804
21
-82.0125000000000028
0
LINE
8
BLACK
6
CONTINUOUS
10
169.2339999999999804
20
-82.0125000000000028
11
169.2397090000000048
21
-81.9837989999999905
0
LINE
8
BLACK
6
CONTINUOUS
10
169.2397090000000048
20
-81.9837989999999905
11
169.2559669999999983
21
-81.9594669999999894
0
LINE
8
BLACK
6
CONTINUOUS
10
169.2559669999999983
20
-81.9594669999999894
11
169.2802989999999852
21
-81.943208999999996
0
LINE
8
BLACK
6
CONTINUOUS
10
169.2802989999999852
20
-81.943208999999996
11
169.3089999999999975
21
-81.9375
0
LINE
8
BLACK
6
CONTINUOUS
10
169.3089999999999975
20
-81.9375
11
169.4590000000000032
21
-81.9375
0
LINE
8
BLACK
6
CONTINUOUS
10
169.4590000000000032
20
-81.9375
11
169.4877009999999871
21
-81.943208999999996
0
LINE
8
BLACK
6
CONTINUOUS
10
169.9877009999999871
20
-81.943208999999996
11
170.0120330000000024
21
-81.9594669999999894
0
LINE
8
BLACK
6
CONTINUOUS
10
170.0120330000000024
20
-81.9594669999999894
11
170.0282909999999958
21
-81.9837989999999905
0
LINE
8
BLACK
6
CONTINUOUS
10
170.0282909999999958
20
-81.9837989999999905
11
170.0339999999999918
21
-82.0125000000000028
0
LINE
8
BLACK
6
CONTINUOUS
10
170.0339999999999918
20
-82.0125000000000028
11
170.0339999999999918
21
-83.3374999999999915
0
LINE
8
BLACK
6
CONTINUOUS
10
170.0339999999999918
20
-83.3374999999999915
11
170.0282909999999958
21
-83.3662009999999896
0
LINE
8
BLACK
6
CONTINUOUS
10
170.0282909999999958
20
-83.3662009999999896
11
170.0120330000000024
21
-83.3905329999999907
0
LINE
8
BLACK
6
CONTINUOUS
10
170.0120330000000024
20
-83.3905329999999907
11
169.9877009999999871
21
-83.4067909999999983
0
LINE
8
BLACK
6
CONTINUOUS
10
169.9877009999999871
20
-83.4067909999999983
11
169.9590000000000032
21
-83.4124999999999943
0
LINE
8
BLACK
6
CONTINUOUS
10
169.9590000000000032
20
-83.4124999999999943
11
169.8089999999999975
21
-83.4124999999999943
0
LINE
8
BLACK
6
CONTINUOUS
10
169.8089999999999975
20
-83.4124999999999943
11
169.7802989999999852
21
-83.4067909999999983
0
LINE
8
BLACK
6
CONTINUOUS
10
169.7802989999999852
20
-83.4067909999999983
11
169.7559669999999983
21
-83.3905329999999907
0
LINE
8
BLACK
6
CONTINUOUS
10
169.7559669999999983
20
-83.3905329999999907
11
169.7397090000000048
21
-83.3662009999999896
0
LINE
8
BLACK
6
CONTINUOUS
10
169.7397090000000048
20
-83.3662009999999896
11
169.7339999999999804
21
-83.3374999999999915
0
LINE
8
BLACK
6
CONTINUOUS
10
169.7339999999999804
20
-83.3374999999999915
11
169.7339999999999804
21
-82.0125000000000028
0
LINE
8
BLACK
6
CONTINUOUS
10
169.7339999999999804
20
-82.0125000000000028
11
169.7397090000000048
21
-81.9837989999999905
0
LINE
8
BLACK
6
CONTINUOUS
10
169.7397090000000048
20
-81.9837989999999905
11
169.7559669999999983
21
-81.9594669999999894
0
LINE
8
BLACK
6
CONTINUOUS
10
169.7559669999999983
20
-81.9594669999999894
11
169.7802989999999852
21
-81.943208999999996
0
LINE
8
BLACK
6
CONTINUOUS
10
169.7802989999999852
20
-81.943208999999996
11
169.8089999999999975
21
-81.9375
0
LINE
8
BLACK
6
CONTINUOUS
10
169.8089999999999975
20
-81.9375
11
169.9590000000000032
21
-81.9375
0
LINE
8
BLACK
6
CONTINUOUS
10
169.9590000000000032
20
-81.9375
11
169.9877009999999871
21
-81.943208999999996
0
LINE
8
BLACK
6
CONTINUOUS
10
161.5917079999999828
20
-82.4451839999999976
11
161.7114299999999787
21
-82.5221250000000026
0
LINE
8
BLACK
6
CONTINUOUS
10
161.7114299999999787
20
-82.5221250000000026
11
161.8046269999999822
21
-82.6296799999999934
0
LINE
8
BLACK
6
CONTINUOUS
10
161.8046269999999822
20
-82.6296799999999934
11
161.8637459999999919
21
-82.7591340000000031
0
LINE
8
BLACK
6
CONTINUOUS
10
161.8637459999999919
20
-82.7591340000000031
11
161.8839999999999861
21
-82.8999999999999915
0
LINE
8
BLACK
6
CONTINUOUS
10
161.8839999999999861
20
-82.8999999999999915
11
161.8637459999999919
21
-83.0408659999999941
0
LINE
8
BLACK
6
CONTINUOUS
10
161.8637459999999919
20
-83.0408659999999941
11
161.8046269999999822
21
-83.1703199999999896
0
LINE
8
BLACK
6
CONTINUOUS
10
161.8046269999999822
20
-83.1703199999999896
11
161.7114299999999787
21
-83.2778749999999945
0
LINE
8
BLACK
6
CONTINUOUS
10
161.7114299999999787
20
-83.2778749999999945
11
161.5917079999999828
21
-83.3548159999999996
0
LINE
8
BLACK
6
CONTINUOUS
10
161.5917079999999828
20
-83.3548159999999996
11
161.4551569999999856
21
-83.3949109999999934
0
LINE
8
BLACK
6
CONTINUOUS
10
161.4551569999999856
20
-83.3949109999999934
11
161.3128429999999867
21
-83.3949109999999934
0
LINE
8
BLACK
6
CONTINUOUS
10
161.3128429999999867
20
-83.3949109999999934
11
161.1762919999999895
21
-83.3548159999999996
0
LINE
8
BLACK
6
CONTINUOUS
10
161.1762919999999895
20
-83.3548159999999996
11
161.0565699999999936
21
-83.2778749999999945
0
LINE
8
BLACK
6
CONTINUOUS
10
161.0565699999999936
20
-83.2778749999999945
11
160.96337299999999
21
-83.1703199999999896
0
LINE
8
BLACK
6
CONTINUOUS
10
160.96337299999999
20
-83.1703199999999896
11
160.9042539999999804
21
-83.0408659999999941
0
LINE
8
BLACK
6
CONTINUOUS
10
160.9042539999999804
20
-83.0408659999999941
11
160.8839999999999861
21
-82.8999999999999915
0
LINE
8
BLACK
6
CONTINUOUS
10
160.8839999999999861
20
-82.8999999999999915
11
160.9042539999999804
21
-82.7591340000000031
0
LINE
8
BLACK
6
CONTINUOUS
10
160.9042539999999804
20
-82.7591340000000031
11
160.96337299999999
21
-82.6296799999999934
0
LINE
8
BLACK
6
CONTINUOUS
10
160.96337299999999
20
-82.6296799999999934
11
161.0565699999999936
21
-82.5221250000000026
0
LINE
8
BLACK
6
CONTINUOUS
10
161.0565699999999936
20
-82.5221250000000026
11
161.1762919999999895
21
-82.4451839999999976
0
LINE
8
BLACK
6
CONTINUOUS
10
161.1762919999999895
20
-82.4451839999999976
11
161.3128429999999867
21
-82.4050889999999896
0
LINE
8
BLACK
6
CONTINUOUS
10
161.3128429999999867
20
-82.4050889999999896
11
161.4551569999999856
21
-82.4050889999999896
0
LINE
8
BLACK
6
CONTINUOUS
10
161.4551569999999856
20
-82.4050889999999896
11
161.5917079999999828
21
-82.4451839999999976
0
LINE
8
BLACK
6
CONTINUOUS
10
176.8998869999999783
20
-82.3305790000000002
11
176.9769379999999899
21
-82.3820619999999906
0
LINE
8
BLACK
6
CONTINUOUS
10
176.9769379999999899
20
-82.3820619999999906
11
177.0284209999999803
21
-82.4591130000000021
0
LINE
8
BLACK
6
CONTINUOUS
10
177.0284209999999803
20
-82.4591130000000021
11
177.0464999999999804
21
-82.5499999999999972
0
LINE
8
BLACK
6
CONTINUOUS
10
177.0464999999999804
20
-82.5499999999999972
11
177.0464999999999804
21
-83.0249999999999915
0
LINE
8
BLACK
6
CONTINUOUS
10
177.0464999999999804
20
-83.0249999999999915
11
177.0284209999999803
21
-83.1158870000000007
0
LINE
8
BLACK
6
CONTINUOUS
10
177.0284209999999803
20
-83.1158870000000007
11
176.9769379999999899
21
-83.1929379999999981
0
LINE
8
BLACK
6
CONTINUOUS
10
176.9769379999999899
20
-83.1929379999999981
11
176.8998869999999783
21
-83.2444210000000027
0
LINE
8
BLACK
6
CONTINUOUS
10
176.8998869999999783
20
-83.2444210000000027
11
176.8089999999999975
21
-83.2625000000000028
0
LINE
8
BLACK
6
CONTINUOUS
10
176.8089999999999975
20
-83.2625000000000028
11
176.2090000000000032
21
-83.2625000000000028
0
LINE
8
BLACK
6
CONTINUOUS
10
176.2090000000000032
20
-83.2625000000000028
11
176.1181129999999939
21
-83.2444210000000027
0
LINE
8
BLACK
6
CONTINUOUS
10
176.1181129999999939
20
-83.2444210000000027
11
176.0410619999999824
21
-83.1929379999999981
0
LINE
8
BLACK
6
CONTINUOUS
10
176.0410619999999824
20
-83.1929379999999981
11
175.989578999999992
21
-83.1158870000000007
0
LINE
8
BLACK
6
CONTINUOUS
10
175.989578999999992
20
-83.1158870000000007
11
175.9714999999999918
21
-83.0249999999999915
0
LINE
8
BLACK
6
CONTINUOUS
10
175.9714999999999918
20
-83.0249999999999915
11
175.9714999999999918
21
-82.5499999999999972
0
LINE
8
BLACK
6
CONTINUOUS
10
175.9714999999999918
20
-82.5499999999999972
11
175.989578999999992
21
-82.4591130000000021
0
LINE
8
BLACK
6
CONTINUOUS
10
175.989578999999992
20
-82.4591130000000021
11
176.0410619999999824
21
-82.3820619999999906
0
LINE
8
BLACK
6
CONTINUOUS
10
176.0410619999999824
20
-82.3820619999999906
11
176.1181129999999939
21
-82.3305790000000002
0
LINE
8
BLACK
6
CONTINUOUS
10
176.1181129999999939
20
-82.3305790000000002
11
176.2090000000000032
21
-82.3125
0
LINE
8
BLACK
6
CONTINUOUS
10
176.2090000000000032
20
-82.3125
11
176.8089999999999975
21
-82.3125
0
LINE
8
BLACK
6
CONTINUOUS
10
176.8089999999999975
20
-82.3125
11
176.8998869999999783
21
-82.3305790000000002
0
LINE
8
BLACK
6
CONTINUOUS
10
178.6248870000000011
20
-82.3305790000000002
11
178.7019379999999842
21
-82.3820619999999906
0
LINE
8
BLACK
6
CONTINUOUS
10
178.7019379999999842
20
-82.3820619999999906
11
178.753421000000003
21
-82.4591130000000021
0
LINE
8
BLACK
6
CONTINUOUS
10
178.753421000000003
20
-82.4591130000000021
11
178.7715000000000032
21
-82.5499999999999972
0
LINE
8
BLACK
6
CONTINUOUS
10
178.7715000000000032
20
-82.5499999999999972
11
178.7715000000000032
21
-83.0249999999999915
0
LINE
8
BLACK
6
CONTINUOUS
10
178.7715000000000032
20
-83.0249999999999915
11
178.753421000000003
21
-83.1158870000000007
0
LINE
8
BLACK
6
CONTINUOUS
10
178.753421000000003
20
-83.1158870000000007
11
178.7019379999999842
21
-83.1929379999999981
0
LINE
8
BLACK
6
CONTINUOUS
10
178.7019379999999842
20
-83.1929379999999981
11
178.6248870000000011
21
-83.2444210000000027
0
LINE
8
BLACK
6
CONTINUOUS
10
178.6248870000000011
20
-83.2444210000000027
11
178.5339999999999918
21
-83.2625000000000028
0
LINE
8
BLACK
6
CONTINUOUS
10
178.5339999999999918
20
-83.2625000000000028
11
177.9339999999999975
21
-83.2625000000000028
0
LINE
8
BLACK
6
CONTINUOUS
10
177.9339999999999975
20
-83.2625000000000028
11
177.8431129999999882
21
-83.2444210000000027
0
LINE
8
BLACK
6
CONTINUOUS
10
177.8431129999999882
20
-83.2444210000000027
11
177.7660620000000051
21
-83.1929379999999981
0
LINE
8
BLACK
6
CONTINUOUS
10
177.7660620000000051
20
-83.1929379999999981
11
177.7145789999999863
21
-83.1158870000000007
0
LINE
8
BLACK
6
CONTINUOUS
10
177.7145789999999863
20
-83.1158870000000007
11
177.6964999999999861
21
-83.0249999999999915
0
LINE
8
BLACK
6
CONTINUOUS
10
177.6964999999999861
20
-83.0249999999999915
11
177.6964999999999861
21
-82.5499999999999972
0
LINE
8
BLACK
6
CONTINUOUS
10
177.6964999999999861
20
-82.5499999999999972
11
177.7145789999999863
21
-82.4591130000000021
0
LINE
8
BLACK
6
CONTINUOUS
10
177.7145789999999863
20
-82.4591130000000021
11
177.7660620000000051
21
-82.3820619999999906
0
LINE
8
BLACK
6
CONTINUOUS
10
177.7660620000000051
20
-82.3820619999999906
11
177.8431129999999882
21
-82.3305790000000002
0
LINE
8
BLACK
6
CONTINUOUS
10
177.8431129999999882
20
-82.3305790000000002
11
177.9339999999999975
21
-82.3125
0
LINE
8
BLACK
6
CONTINUOUS
10
177.9339999999999975
20
-82.3125
11
178.5339999999999918
21
-82.3125
0
LINE
8
BLACK
6
CONTINUOUS
10
178.5339999999999918
20
-82.3125
11
178.6248870000000011
21
-82.3305790000000002
0
LINE
8
BLACK
6
CONTINUOUS
10
171.4017079999999851
20
-82.1851839999999925
11
171.521429999999981
21
-82.2621249999999975
0
LINE
8
BLACK
6
CONTINUOUS
10
171.521429999999981
20
-82.2621249999999975
11
171.6146269999999845
21
-82.3696800000000025
0
LINE
8
BLACK
6
CONTINUOUS
10
171.6146269999999845
20
-82.3696800000000025
11
171.6737459999999942
21
-82.499133999999998
0
LINE
8
BLACK
6
CONTINUOUS
10
171.6737459999999942
20
-82.499133999999998
11
171.6939999999999884
21
-82.6400000000000006
0
LINE
8
BLACK
6
CONTINUOUS
10
171.6939999999999884
20
-82.6400000000000006
11
171.6737459999999942
21
-82.7808660000000032
0
LINE
8
BLACK
6
CONTINUOUS
10
171.6737459999999942
20
-82.7808660000000032
11
171.6146269999999845
21
-82.9103199999999987
0
LINE
8
BLACK
6
CONTINUOUS
10
171.6146269999999845
20
-82.9103199999999987
11
171.521429999999981
21
-83.0178749999999894
0
LINE
8
BLACK
6
CONTINUOUS
10
171.521429999999981
20
-83.0178749999999894
11
171.4017079999999851
21
-83.0948159999999945
0
LINE
8
BLACK
6
CONTINUOUS
10
171.4017079999999851
20
-83.0948159999999945
11
171.2651569999999879
21
-83.1349110000000024
0
LINE
8
BLACK
6
CONTINUOUS
10
171.2651569999999879
20
-83.1349110000000024
11
171.1228429999999889
21
-83.1349110000000024
0
LINE
8
BLACK
6
CONTINUOUS
10
171.1228429999999889
20
-83.1349110000000024
11
170.9862919999999917
21
-83.0948159999999945
0
LINE
8
BLACK
6
CONTINUOUS
10
170.9862919999999917
20
-83.0948159999999945
11
170.8665699999999958
21
-83.0178749999999894
0
LINE
8
BLACK
6
CONTINUOUS
10
170.8665699999999958
20
-83.0178749999999894
11
170.7733729999999923
21
-82.9103199999999987
0
LINE
8
BLACK
6
CONTINUOUS
10
170.7733729999999923
20
-82.9103199999999987
11
170.7142539999999826
21
-82.7808660000000032
0
LINE
8
BLACK
6
CONTINUOUS
10
170.7142539999999826
20
-82.7808660000000032
11
170.6939999999999884
21
-82.6400000000000006
0
LINE
8
BLACK
6
CONTINUOUS
10
170.6939999999999884
20
-82.6400000000000006
11
170.7142539999999826
21
-82.499133999999998
0
LINE
8
BLACK
6
CONTINUOUS
10
170.7142539999999826
20
-82.499133999999998
11
170.7733729999999923
21
-82.3696800000000025
0
LINE
8
BLACK
6
CONTINUOUS
10
170.7733729999999923
20
-82.3696800000000025
11
170.8665699999999958
21
-82.2621249999999975
0
LINE
8
BLACK
6
CONTINUOUS
10
170.8665699999999958
20
-82.2621249999999975
11
170.9862919999999917
21
-82.1851839999999925
0
LINE
8
BLACK
6
CONTINUOUS
10
170.9862919999999917
20
-82.1851839999999925
11
171.1228429999999889
21
-82.1450889999999987
0
LINE
8
BLACK
6
CONTINUOUS
10
171.1228429999999889
20
-82.1450889999999987
11
171.2651569999999879
21
-82.1450889999999987
0
LINE
8
BLACK
6
CONTINUOUS
10
171.2651569999999879
20
-82.1450889999999987
11
171.4017079999999851
21
-82.1851839999999925
0
LINE
8
BLACK
6
CONTINUOUS
10
157.7139999999999986
20
-82.6799999999999926
11
157.1140000000000043
21
-82.6799999999999926
0
LINE
8
BLACK
6
CONTINUOUS
10
157.1140000000000043
20
-82.6799999999999926
11
157.1140000000000043
21
-80.5799999999999983
0
LINE
8
BLACK
6
CONTINUOUS
10
157.1140000000000043
20
-80.5799999999999983
11
157.7139999999999986
21
-80.5799999999999983
0
LINE
8
BLACK
6
CONTINUOUS
10
157.7139999999999986
20
-80.5799999999999983
11
157.7139999999999986
21
-82.6799999999999926
0
LINE
8
BLACK
6
CONTINUOUS
10
158.6140000000000043
20
-82.6799999999999926
11
158.0139999999999816
21
-82.6799999999999926
0
LINE
8
BLACK
6
CONTINUOUS
10
158.0139999999999816
20
-82.6799999999999926
11
158.0139999999999816
21
-80.5799999999999983
0
LINE
8
BLACK
6
CONTINUOUS
10
158.0139999999999816
20
-80.5799999999999983
11
158.6140000000000043
21
-80.5799999999999983
0
LINE
8
BLACK
6
CONTINUOUS
10
158.6140000000000043
20
-80.5799999999999983
11
158.6140000000000043
21
-82.6799999999999926
0
LINE
8
BLACK
6
CONTINUOUS
10
154.8739999999999952
20
-82.3599999999999994
11
153.6740000000000066
21
-82.3599999999999994
0
LINE
8
BLACK
6
CONTINUOUS
10
153.6740000000000066
20
-82.3599999999999994
11
153.6740000000000066
21
-80.9599999999999937
0
LINE
8
BLACK
6
CONTINUOUS
10
153.6740000000000066
20
-80.9599999999999937
11
154.8739999999999952
21
-80.9599999999999937
0
LINE
8
BLACK
6
CONTINUOUS
10
154.8739999999999952
20
-80.9599999999999937
11
154.8739999999999952
21
-82.3599999999999994
0
LINE
8
BLACK
6
CONTINUOUS
10
156.5739999999999839
20
-82.3599999999999994
11
155.3739999999999952
21
-82.3599999999999994
0
LINE
8
BLACK
6
CONTINUOUS
10
155.3739999999999952
20
-82.3599999999999994
11
155.3739999999999952
21
-80.9599999999999937
0
LINE
8
BLACK
6
CONTINUOUS
10
155.3739999999999952
20
-80.9599999999999937
11
156.5739999999999839
21
-80.9599999999999937
0
LINE
8
BLACK
6
CONTINUOUS
10
156.5739999999999839
20
-80.9599999999999937
11
156.5739999999999839
21
-82.3599999999999994
0
LINE
8
BLACK
6
CONTINUOUS
10
175.6796709999999848
20
-80.9815299999999922
11
175.7607769999999903
21
-81.0357229999999902
0
LINE
8
BLACK
6
CONTINUOUS
10
175.7607769999999903
20
-81.0357229999999902
11
175.8149699999999882
21
-81.1168289999999956
0
LINE
8
BLACK
6
CONTINUOUS
10
175.8149699999999882
20
-81.1168289999999956
11
175.8340000000000032
21
-81.2124999999999915
0
LINE
8
BLACK
6
CONTINUOUS
10
175.8340000000000032
20
-81.2124999999999915
11
175.8340000000000032
21
-81.9124999999999943
0
LINE
8
BLACK
6
CONTINUOUS
10
175.8340000000000032
20
-81.9124999999999943
11
175.8149699999999882
21
-82.0081709999999902
0
LINE
8
BLACK
6
CONTINUOUS
10
175.8149699999999882
20
-82.0081709999999902
11
175.7607769999999903
21
-82.0892769999999956
0
LINE
8
BLACK
6
CONTINUOUS
10
175.7607769999999903
20
-82.0892769999999956
11
175.6796709999999848
21
-82.1434699999999935
0
LINE
8
BLACK
6
CONTINUOUS
10
175.6796709999999848
20
-82.1434699999999935
11
175.5840000000000032
21
-82.1624999999999943
0
LINE
8
BLACK
6
CONTINUOUS
10
175.5840000000000032
20
-82.1624999999999943
11
174.6839999999999975
21
-82.1624999999999943
0
LINE
8
BLACK
6
CONTINUOUS
10
174.6839999999999975
20
-82.1624999999999943
11
174.5883289999999874
21
-82.1434699999999935
0
LINE
8
BLACK
6
CONTINUOUS
10
174.5883289999999874
20
-82.1434699999999935
11
174.507222999999982
21
-82.0892769999999956
0
LINE
8
BLACK
6
CONTINUOUS
10
174.507222999999982
20
-82.0892769999999956
11
174.4530299999999841
21
-82.0081709999999902
0
LINE
8
BLACK
6
CONTINUOUS
10
174.4530299999999841
20
-82.0081709999999902
11
174.4339999999999975
21
-81.9124999999999943
0
LINE
8
BLACK
6
CONTINUOUS
10
174.4339999999999975
20
-81.9124999999999943
11
174.4339999999999975
21
-81.2124999999999915
0
LINE
8
BLACK
6
CONTINUOUS
10
174.4339999999999975
20
-81.2124999999999915
11
174.4530299999999841
21
-81.1168289999999956
0
LINE
8
BLACK
6
CONTINUOUS
10
174.4530299999999841
20
-81.1168289999999956
11
174.507222999999982
21
-81.0357229999999902
0
LINE
8
BLACK
6
CONTINUOUS
10
174.507222999999982
20
-81.0357229999999902
11
174.5883289999999874
21
-80.9815299999999922
0
LINE
8
BLACK
6
CONTINUOUS
10
174.5883289999999874
20
-80.9815299999999922
11
174.6839999999999975
21
-80.9624999999999915
0
LINE
8
BLACK
6
CONTINUOUS
10
174.6839999999999975
20
-80.9624999999999915
11
175.5840000000000032
21
-80.9624999999999915
0
LINE
8
BLACK
6
CONTINUOUS
10
175.5840000000000032
20
-80.9624999999999915
11
175.6796709999999848
21
-80.9815299999999922
0
LINE
8
BLACK
6
CONTINUOUS
10
160.4223869999999863
20
-81.0655789999999996
11
160.4994379999999978
21
-81.11706199999999
0
LINE
8
BLACK
6
CONTINUOUS
10
160.4994379999999978
20
-81.11706199999999
11
160.5509209999999882
21
-81.1941130000000015
0
LINE
8
BLACK
6
CONTINUOUS
10
160.5509209999999882
20
-81.1941130000000015
11
160.5689999999999884
21
-81.2849999999999966
0
LINE
8
BLACK
6
CONTINUOUS
10
160.5689999999999884
20
-81.2849999999999966
11
160.5689999999999884
21
-81.7849999999999966
0
LINE
8
BLACK
6
CONTINUOUS
10
160.5689999999999884
20
-81.7849999999999966
11
160.5509209999999882
21
-81.8758869999999916
0
LINE
8
BLACK
6
CONTINUOUS
10
160.5509209999999882
20
-81.8758869999999916
11
160.4994379999999978
21
-81.9529380000000032
0
LINE
8
BLACK
6
CONTINUOUS
10
160.4994379999999978
20
-81.9529380000000032
11
160.4223869999999863
21
-82.0044209999999936
0
LINE
8
BLACK
6
CONTINUOUS
10
160.4223869999999863
20
-82.0044209999999936
11
160.3315000000000055
21
-82.0224999999999937
0
LINE
8
BLACK
6
CONTINUOUS
10
160.3315000000000055
20
-82.0224999999999937
11
159.8564999999999827
21
-82.0224999999999937
0
LINE
8
BLACK
6
CONTINUOUS
10
159.8564999999999827
20
-82.0224999999999937
11
159.7656130000000019
21
-82.0044209999999936
0
LINE
8
BLACK
6
CONTINUOUS
10
159.7656130000000019
20
-82.0044209999999936
11
159.6885619999999903
21
-81.9529380000000032
0
LINE
8
BLACK
6
CONTINUOUS
10
159.6885619999999903
20
-81.9529380000000032
11
159.637079
21
-81.8758869999999916
0
LINE
8
BLACK
6
CONTINUOUS
10
159.637079
20
-81.8758869999999916
11
159.6189999999999998
21
-81.7849999999999966
0
LINE
8
BLACK
6
CONTINUOUS
10
159.6189999999999998
20
-81.7849999999999966
11
159.6189999999999998
21
-81.2849999999999966
0
LINE
8
BLACK
6
CONTINUOUS
10
159.6189999999999998
20
-81.2849999999999966
11
159.637079
21
-81.1941130000000015
0
LINE
8
BLACK
6
CONTINUOUS
10
159.637079
20
-81.1941130000000015
11
159.6885619999999903
21
-81.11706199999999
0
LINE
8
BLACK
6
CONTINUOUS
10
159.6885619999999903
20
-81.11706199999999
11
159.7656130000000019
21
-81.0655789999999996
0
LINE
8
BLACK
6
CONTINUOUS
10
159.7656130000000019
20
-81.0655789999999996
11
159.8564999999999827
21
-81.0474999999999994
0
LINE
8
BLACK
6
CONTINUOUS
10
159.8564999999999827
20
-81.0474999999999994
11
160.3315000000000055
21
-81.0474999999999994
0
LINE
8
BLACK
6
CONTINUOUS
10
160.3315000000000055
20
-81.0474999999999994
11
160.4223869999999863
21
-81.0655789999999996
0
LINE
8
BLACK
6
CONTINUOUS
10
172.2417079999999885
20
-80.9451839999999976
11
172.3614299999999844
21
-81.0221250000000026
0
LINE
8
BLACK
6
CONTINUOUS
10
172.3614299999999844
20
-81.0221250000000026
11
172.4546269999999879
21
-81.1296799999999934
0
LINE
8
BLACK
6
CONTINUOUS
10
172.4546269999999879
20
-81.1296799999999934
11
172.5137459999999976
21
-81.2591340000000031
0
LINE
8
BLACK
6
CONTINUOUS
10
172.5137459999999976
20
-81.2591340000000031
11
172.5339999999999918
21
-81.3999999999999915
0
LINE
8
BLACK
6
CONTINUOUS
10
172.5339999999999918
20
-81.3999999999999915
11
172.5137459999999976
21
-81.5408659999999941
0
LINE
8
BLACK
6
CONTINUOUS
10
172.5137459999999976
20
-81.5408659999999941
11
172.4546269999999879
21
-81.6703199999999896
0
LINE
8
BLACK
6
CONTINUOUS
10
172.4546269999999879
20
-81.6703199999999896
11
172.3614299999999844
21
-81.7778749999999945
0
LINE
8
BLACK
6
CONTINUOUS
10
172.3614299999999844
20
-81.7778749999999945
11
172.2417079999999885
21
-81.8548159999999996
0
LINE
8
BLACK
6
CONTINUOUS
10
172.2417079999999885
20
-81.8548159999999996
11
172.1051569999999913
21
-81.8949109999999934
0
LINE
8
BLACK
6
CONTINUOUS
10
172.1051569999999913
20
-81.8949109999999934
11
171.9628429999999923
21
-81.8949109999999934
0
LINE
8
BLACK
6
CONTINUOUS
10
171.9628429999999923
20
-81.8949109999999934
11
171.8262919999999951
21
-81.8548159999999996
0
LINE
8
BLACK
6
CONTINUOUS
10
171.8262919999999951
20
-81.8548159999999996
11
171.7065699999999993
21
-81.7778749999999945
0
LINE
8
BLACK
6
CONTINUOUS
10
171.7065699999999993
20
-81.7778749999999945
11
171.6133729999999957
21
-81.6703199999999896
0
LINE
8
BLACK
6
CONTINUOUS
10
171.6133729999999957
20
-81.6703199999999896
11
171.554253999999986
21
-81.5408659999999941
0
LINE
8
BLACK
6
CONTINUOUS
10
171.554253999999986
20
-81.5408659999999941
11
171.5339999999999918
21
-81.3999999999999915
0
LINE
8
BLACK
6
CONTINUOUS
10
171.5339999999999918
20
-81.3999999999999915
11
171.554253999999986
21
-81.2591340000000031
0
LINE
8
BLACK
6
CONTINUOUS
10
171.554253999999986
20
-81.2591340000000031
11
171.6133729999999957
21
-81.1296799999999934
0
LINE
8
BLACK
6
CONTINUOUS
10
171.6133729999999957
20
-81.1296799999999934
11
171.7065699999999993
21
-81.0221250000000026
0
LINE
8
BLACK
6
CONTINUOUS
10
171.7065699999999993
20
-81.0221250000000026
11
171.8262919999999951
21
-80.9451839999999976
0
LINE
8
BLACK
6
CONTINUOUS
10
171.8262919999999951
20
-80.9451839999999976
11
171.9628429999999923
21
-80.9050889999999896
0
LINE
8
BLACK
6
CONTINUOUS
10
171.9628429999999923
20
-80.9050889999999896
11
172.1051569999999913
21
-80.9050889999999896
0
LINE
8
BLACK
6
CONTINUOUS
10
172.1051569999999913
20
-80.9050889999999896
11
172.2417079999999885
21
-80.9451839999999976
0
LINE
8
BLACK
6
CONTINUOUS
10
180.6339999999999861
20
-81.6749999999999972
11
179.3340000000000032
21
-81.6749999999999972
0
LINE
8
BLACK
6
CONTINUOUS
10
179.3340000000000032
20
-81.6749999999999972
11
179.3340000000000032
21
-80.0249999999999915
0
LINE
8
BLACK
6
CONTINUOUS
10
179.3340000000000032
20
-80.0249999999999915
11
180.6339999999999861
21
-80.0249999999999915
0
LINE
8
BLACK
6
CONTINUOUS
10
180.6339999999999861
20
-80.0249999999999915
11
180.6339999999999861
21
-81.6749999999999972
0
LINE
8
BLACK
6
CONTINUOUS
10
162.8542079999999999
20
-80.6576840000000033
11
162.9739299999999957
21
-80.7346249999999941
0
LINE
8
BLACK
6
CONTINUOUS
10
162.9739299999999957
20
-80.7346249999999941
11
163.0671269999999993
21
-80.842179999999999
0
LINE
8
BLACK
6
CONTINUOUS
10
163.0671269999999993
20
-80.842179999999999
11
163.1262459999999805
21
-80.9716339999999946
0
LINE
8
BLACK
6
CONTINUOUS
10
163.1262459999999805
20
-80.9716339999999946
11
163.1465000000000032
21
-81.1124999999999972
0
LINE
8
BLACK
6
CONTINUOUS
10
163.1465000000000032
20
-81.1124999999999972
11
163.1262459999999805
21
-81.2533659999999998
0
LINE
8
BLACK
6
CONTINUOUS
10
163.1262459999999805
20
-81.2533659999999998
11
163.0671269999999993
21
-81.3828199999999953
0
LINE
8
BLACK
6
CONTINUOUS
10
163.0671269999999993
20
-81.3828199999999953
11
162.9739299999999957
21
-81.4903750000000002
0
LINE
8
BLACK
6
CONTINUOUS
10
162.9739299999999957
20
-81.4903750000000002
11
162.8542079999999999
21
-81.567315999999991
0
LINE
8
BLACK
6
CONTINUOUS
10
162.8542079999999999
20
-81.567315999999991
11
162.7176570000000027
21
-81.607410999999999
0
LINE
8
BLACK
6
CONTINUOUS
10
162.7176570000000027
20
-81.607410999999999
11
162.5753430000000037
21
-81.607410999999999
0
LINE
8
BLACK
6
CONTINUOUS
10
162.5753430000000037
20
-81.607410999999999
11
162.4387920000000065
21
-81.567315999999991
0
LINE
8
BLACK
6
CONTINUOUS
10
162.4387920000000065
20
-81.567315999999991
11
162.3190699999999822
21
-81.4903750000000002
0
LINE
8
BLACK
6
CONTINUOUS
10
162.3190699999999822
20
-81.4903750000000002
11
162.2258729999999787
21
-81.3828199999999953
0
LINE
8
BLACK
6
CONTINUOUS
10
162.2258729999999787
20
-81.3828199999999953
11
162.1667539999999974
21
-81.2533659999999998
0
LINE
8
BLACK
6
CONTINUOUS
10
162.1667539999999974
20
-81.2533659999999998
11
162.1465000000000032
21
-81.1124999999999972
0
LINE
8
BLACK
6
CONTINUOUS
10
162.1465000000000032
20
-81.1124999999999972
11
162.1667539999999974
21
-80.9716339999999946
0
LINE
8
BLACK
6
CONTINUOUS
10
162.1667539999999974
20
-80.9716339999999946
11
162.2258729999999787
21
-80.842179999999999
0
LINE
8
BLACK
6
CONTINUOUS
10
162.2258729999999787
20
-80.842179999999999
11
162.3190699999999822
21
-80.7346249999999941
0
LINE
8
BLACK
6
CONTINUOUS
10
162.3190699999999822
20
-80.7346249999999941
11
162.4387920000000065
21
-80.6576840000000033
0
LINE
8
BLACK
6
CONTINUOUS
10
162.4387920000000065
20
-80.6576840000000033
11
162.5753430000000037
21
-80.6175889999999953
0
LINE
8
BLACK
6
CONTINUOUS
10
162.5753430000000037
20
-80.6175889999999953
11
162.7176570000000027
21
-80.6175889999999953
0
LINE
8
BLACK
6
CONTINUOUS
10
162.7176570000000027
20
-80.6175889999999953
11
162.8542079999999999
21
-80.6576840000000033
0
LINE
8
BLACK
6
CONTINUOUS
10
170.7167079999999828
20
-80.2451839999999947
11
170.8364299999999787
21
-80.3221249999999998
0
LINE
8
BLACK
6
CONTINUOUS
10
170.8364299999999787
20
-80.3221249999999998
11
170.9296269999999822
21
-80.4296799999999905
0
LINE
8
BLACK
6
CONTINUOUS
10
170.9296269999999822
20
-80.4296799999999905
11
170.9887459999999919
21
-80.5591340000000002
0
LINE
8
BLACK
6
CONTINUOUS
10
170.9887459999999919
20
-80.5591340000000002
11
171.0089999999999861
21
-80.7000000000000028
0
LINE
8
BLACK
6
CONTINUOUS
10
171.0089999999999861
20
-80.7000000000000028
11
170.9887459999999919
21
-80.8408659999999912
0
LINE
8
BLACK
6
CONTINUOUS
10
170.9887459999999919
20
-80.8408659999999912
11
170.9296269999999822
21
-80.970320000000001
0
LINE
8
BLACK
6
CONTINUOUS
10
170.9296269999999822
20
-80.970320000000001
11
170.8364299999999787
21
-81.0778749999999917
0
LINE
8
BLACK
6
CONTINUOUS
10
170.8364299999999787
20
-81.0778749999999917
11
170.7167079999999828
21
-81.1548159999999967
0
LINE
8
BLACK
6
CONTINUOUS
10
170.7167079999999828
20
-81.1548159999999967
11
170.5801569999999856
21
-81.1949109999999905
0
LINE
8
BLACK
6
CONTINUOUS
10
170.5801569999999856
20
-81.1949109999999905
11
170.4378429999999867
21
-81.1949109999999905
0
LINE
8
BLACK
6
CONTINUOUS
10
170.4378429999999867
20
-81.1949109999999905
11
170.3012919999999895
21
-81.1548159999999967
0
LINE
8
BLACK
6
CONTINUOUS
10
170.3012919999999895
20
-81.1548159999999967
11
170.1815699999999936
21
-81.0778749999999917
0
LINE
8
BLACK
6
CONTINUOUS
10
170.1815699999999936
20
-81.0778749999999917
11
170.08837299999999
21
-80.970320000000001
0
LINE
8
BLACK
6
CONTINUOUS
10
170.08837299999999
20
-80.970320000000001
11
170.0292539999999804
21
-80.8408659999999912
0
LINE
8
BLACK
6
CONTINUOUS
10
170.0292539999999804
20
-80.8408659999999912
11
170.0089999999999861
21
-80.7000000000000028
0
LINE
8
BLACK
6
CONTINUOUS
10
170.0089999999999861
20
-80.7000000000000028
11
170.0292539999999804
21
-80.5591340000000002
0
LINE
8
BLACK
6
CONTINUOUS
10
170.0292539999999804
20
-80.5591340000000002
11
170.08837299999999
21
-80.4296799999999905
0
LINE
8
BLACK
6
CONTINUOUS
10
170.08837299999999
20
-80.4296799999999905
11
170.1815699999999936
21
-80.3221249999999998
0
LINE
8
BLACK
6
CONTINUOUS
10
170.1815699999999936
20
-80.3221249999999998
11
170.3012919999999895
21
-80.2451839999999947
0
LINE
8
BLACK
6
CONTINUOUS
10
170.3012919999999895
20
-80.2451839999999947
11
170.4378429999999867
21
-80.205089000000001
0
LINE
8
BLACK
6
CONTINUOUS
10
170.4378429999999867
20
-80.205089000000001
11
170.5801569999999856
21
-80.205089000000001
0
LINE
8
BLACK
6
CONTINUOUS
10
170.5801569999999856
20
-80.205089000000001
11
170.7167079999999828
21
-80.2451839999999947
0
LINE
8
BLACK
6
CONTINUOUS
10
178.1839999999999975
20
-80.6749999999999972
11
176.6339999999999861
21
-80.6749999999999972
0
LINE
8
BLACK
6
CONTINUOUS
10
176.6339999999999861
20
-80.6749999999999972
11
176.6339999999999861
21
-79.25
0
LINE
8
BLACK
6
CONTINUOUS
10
176.6339999999999861
20
-79.25
11
178.1839999999999975
21
-79.25
0
LINE
8
BLACK
6
CONTINUOUS
10
178.1839999999999975
20
-79.25
11
178.1839999999999975
21
-80.6749999999999972
0
LINE
8
BLACK
6
CONTINUOUS
10
160.4223869999999863
20
-79.2405789999999968
11
160.4994379999999978
21
-79.2920620000000014
0
LINE
8
BLACK
6
CONTINUOUS
10
160.4994379999999978
20
-79.2920620000000014
11
160.5509209999999882
21
-79.3691129999999987
0
LINE
8
BLACK
6
CONTINUOUS
10
160.5509209999999882
20
-79.3691129999999987
11
160.5689999999999884
21
-79.4599999999999937
0
LINE
8
BLACK
6
CONTINUOUS
10
160.5689999999999884
20
-79.4599999999999937
11
160.5689999999999884
21
-79.9599999999999937
0
LINE
8
BLACK
6
CONTINUOUS
10
160.5689999999999884
20
-79.9599999999999937
11
160.5509209999999882
21
-80.050887000000003
0
LINE
8
BLACK
6
CONTINUOUS
10
160.5509209999999882
20
-80.050887000000003
11
160.4994379999999978
21
-80.1279380000000003
0
LINE
8
BLACK
6
CONTINUOUS
10
160.4994379999999978
20
-80.1279380000000003
11
160.4223869999999863
21
-80.1794209999999907
0
LINE
8
BLACK
6
CONTINUOUS
10
160.4223869999999863
20
-80.1794209999999907
11
160.3315000000000055
21
-80.1974999999999909
0
LINE
8
BLACK
6
CONTINUOUS
10
160.3315000000000055
20
-80.1974999999999909
11
159.8564999999999827
21
-80.1974999999999909
0
LINE
8
BLACK
6
CONTINUOUS
10
159.8564999999999827
20
-80.1974999999999909
11
159.7656130000000019
21
-80.1794209999999907
0
LINE
8
BLACK
6
CONTINUOUS
10
159.7656130000000019
20
-80.1794209999999907
11
159.6885619999999903
21
-80.1279380000000003
0
LINE
8
BLACK
6
CONTINUOUS
10
159.6885619999999903
20
-80.1279380000000003
11
159.637079
21
-80.050887000000003
0
LINE
8
BLACK
6
CONTINUOUS
10
159.637079
20
-80.050887000000003
11
159.6189999999999998
21
-79.9599999999999937
0
LINE
8
BLACK
6
CONTINUOUS
10
159.6189999999999998
20
-79.9599999999999937
11
159.6189999999999998
21
-79.4599999999999937
0
LINE
8
BLACK
6
CONTINUOUS
10
159.6189999999999998
20
-79.4599999999999937
11
159.637079
21
-79.3691129999999987
0
LINE
8
BLACK
6
CONTINUOUS
10
159.637079
20
-79.3691129999999987
11
159.6885619999999903
21
-79.2920620000000014
0
LINE
8
BLACK
6
CONTINUOUS
10
159.6885619999999903
20
-79.2920620000000014
11
159.7656130000000019
21
-79.2405789999999968
0
LINE
8
BLACK
6
CONTINUOUS
10
159.7656130000000019
20
-79.2405789999999968
11
159.8564999999999827
21
-79.2224999999999966
0
LINE
8
BLACK
6
CONTINUOUS
10
159.8564999999999827
20
-79.2224999999999966
11
160.3315000000000055
21
-79.2224999999999966
0
LINE
8
BLACK
6
CONTINUOUS
10
160.3315000000000055
20
-79.2224999999999966
11
160.4223869999999863
21
-79.2405789999999968
0
LINE
8
BLACK
6
CONTINUOUS
10
166.0667080000000055
20
-79.2451839999999947
11
166.1864300000000014
21
-79.3221249999999998
0
LINE
8
BLACK
6
CONTINUOUS
10
166.1864300000000014
20
-79.3221249999999998
11
166.279627000000005
21
-79.4296799999999905
0
LINE
8
BLACK
6
CONTINUOUS
10
166.279627000000005
20
-79.4296799999999905
11
166.3387459999999862
21
-79.5591340000000002
0
LINE
8
BLACK
6
CONTINUOUS
10
166.3387459999999862
20
-79.5591340000000002
11
166.3589999999999804
21
-79.7000000000000028
0
LINE
8
BLACK
6
CONTINUOUS
10
166.3589999999999804
20
-79.7000000000000028
11
166.3387459999999862
21
-79.8408659999999912
0
LINE
8
BLACK
6
CONTINUOUS
10
166.3387459999999862
20
-79.8408659999999912
11
166.279627000000005
21
-79.970320000000001
0
LINE
8
BLACK
6
CONTINUOUS
10
166.279627000000005
20
-79.970320000000001
11
166.1864300000000014
21
-80.0778749999999917
0
LINE
8
BLACK
6
CONTINUOUS
10
166.1864300000000014
20
-80.0778749999999917
11
166.0667080000000055
21
-80.1548159999999967
0
LINE
8
BLACK
6
CONTINUOUS
10
166.0667080000000055
20
-80.1548159999999967
11
165.9301569999999799
21
-80.1949109999999905
0
LINE
8
BLACK
6
CONTINUOUS
10
165.9301569999999799
20
-80.1949109999999905
11
165.787842999999981
21
-80.1949109999999905
0
LINE
8
BLACK
6
CONTINUOUS
10
165.787842999999981
20
-80.1949109999999905
11
165.6512919999999838
21
-80.1548159999999967
0
LINE
8
BLACK
6
CONTINUOUS
10
165.6512919999999838
20
-80.1548159999999967
11
165.5315699999999879
21
-80.0778749999999917
0
LINE
8
BLACK
6
CONTINUOUS
10
165.5315699999999879
20
-80.0778749999999917
11
165.4383729999999844
21
-79.970320000000001
0
LINE
8
BLACK
6
CONTINUOUS
10
165.4383729999999844
20
-79.970320000000001
11
165.3792540000000031
21
-79.8408659999999912
0
LINE
8
BLACK
6
CONTINUOUS
10
165.3792540000000031
20
-79.8408659999999912
11
165.3589999999999804
21
-79.7000000000000028
0
LINE
8
BLACK
6
CONTINUOUS
10
165.3589999999999804
20
-79.7000000000000028
11
165.3792540000000031
21
-79.5591340000000002
0
LINE
8
BLACK
6
CONTINUOUS
10
165.3792540000000031
20
-79.5591340000000002
11
165.4383729999999844
21
-79.4296799999999905
0
LINE
8
BLACK
6
CONTINUOUS
10
165.4383729999999844
20
-79.4296799999999905
11
165.5315699999999879
21
-79.3221249999999998
0
LINE
8
BLACK
6
CONTINUOUS
10
165.5315699999999879
20
-79.3221249999999998
11
165.6512919999999838
21
-79.2451839999999947
0
LINE
8
BLACK
6
CONTINUOUS
10
165.6512919999999838
20
-79.2451839999999947
11
165.787842999999981
21
-79.205089000000001
0
LINE
8
BLACK
6
CONTINUOUS
10
165.787842999999981
20
-79.205089000000001
11
165.9301569999999799
21
-79.205089000000001
0
LINE
8
BLACK
6
CONTINUOUS
10
165.9301569999999799
20
-79.205089000000001
11
166.0667080000000055
21
-79.2451839999999947
0
LINE
8
BLACK
6
CONTINUOUS
10
175.6796709999999848
20
-78.9815299999999922
11
175.7607769999999903
21
-79.0357229999999902
0
LINE
8
BLACK
6
CONTINUOUS
10
175.7607769999999903
20
-79.0357229999999902
11
175.8149699999999882
21
-79.1168289999999956
0
LINE
8
BLACK
6
CONTINUOUS
10
175.8149699999999882
20
-79.1168289999999956
11
175.8340000000000032
21
-79.2124999999999915
0
LINE
8
BLACK
6
CONTINUOUS
10
175.8340000000000032
20
-79.2124999999999915
11
175.8340000000000032
21
-79.9124999999999943
0
LINE
8
BLACK
6
CONTINUOUS
10
175.8340000000000032
20
-79.9124999999999943
11
175.8149699999999882
21
-80.0081709999999902
0
LINE
8
BLACK
6
CONTINUOUS
10
175.8149699999999882
20
-80.0081709999999902
11
175.7607769999999903
21
-80.0892769999999956
0
LINE
8
BLACK
6
CONTINUOUS
10
175.7607769999999903
20
-80.0892769999999956
11
175.6796709999999848
21
-80.1434699999999935
0
LINE
8
BLACK
6
CONTINUOUS
10
175.6796709999999848
20
-80.1434699999999935
11
175.5840000000000032
21
-80.1624999999999943
0
LINE
8
BLACK
6
CONTINUOUS
10
175.5840000000000032
20
-80.1624999999999943
11
174.6839999999999975
21
-80.1624999999999943
0
LINE
8
BLACK
6
CONTINUOUS
10
174.6839999999999975
20
-80.1624999999999943
11
174.5883289999999874
21
-80.1434699999999935
0
LINE
8
BLACK
6
CONTINUOUS
10
174.5883289999999874
20
-80.1434699999999935
11
174.507222999999982
21
-80.0892769999999956
0
LINE
8
BLACK
6
CONTINUOUS
10
174.507222999999982
20
-80.0892769999999956
11
174.4530299999999841
21
-80.0081709999999902
0
LINE
8
BLACK
6
CONTINUOUS
10
174.4530299999999841
20
-80.0081709999999902
11
174.4339999999999975
21
-79.9124999999999943
0
LINE
8
BLACK
6
CONTINUOUS
10
174.4339999999999975
20
-79.9124999999999943
11
174.4339999999999975
21
-79.2124999999999915
0
LINE
8
BLACK
6
CONTINUOUS
10
174.4339999999999975
20
-79.2124999999999915
11
174.4530299999999841
21
-79.1168289999999956
0
LINE
8
BLACK
6
CONTINUOUS
10
174.4530299999999841
20
-79.1168289999999956
11
174.507222999999982
21
-79.0357229999999902
0
LINE
8
BLACK
6
CONTINUOUS
10
174.507222999999982
20
-79.0357229999999902
11
174.5883289999999874
21
-78.9815299999999922
0
LINE
8
BLACK
6
CONTINUOUS
10
174.5883289999999874
20
-78.9815299999999922
11
174.6839999999999975
21
-78.9624999999999915
0
LINE
8
BLACK
6
CONTINUOUS
10
174.6839999999999975
20
-78.9624999999999915
11
175.5840000000000032
21
-78.9624999999999915
0
LINE
8
BLACK
6
CONTINUOUS
10
175.5840000000000032
20
-78.9624999999999915
11
175.6796709999999848
21
-78.9815299999999922
0
LINE
8
BLACK
6
CONTINUOUS
10
154.8739999999999952
20
-80.1599999999999966
11
153.6740000000000066
21
-80.1599999999999966
0
LINE
8
BLACK
6
CONTINUOUS
10
153.6740000000000066
20
-80.1599999999999966
11
153.6740000000000066
21
-78.7599999999999909
0
LINE
8
BLACK
6
CONTINUOUS
10
153.6740000000000066
20
-78.7599999999999909
11
154.8739999999999952
21
-78.7599999999999909
0
LINE
8
BLACK
6
CONTINUOUS
10
154.8739999999999952
20
-78.7599999999999909
11
154.8739999999999952
21
-80.1599999999999966
0
LINE
8
BLACK
6
CONTINUOUS
10
156.5739999999999839
20
-80.1599999999999966
11
155.3739999999999952
21
-80.1599999999999966
0
LINE
8
BLACK
6
CONTINUOUS
10
155.3739999999999952
20
-80.1599999999999966
11
155.3739999999999952
21
-78.7599999999999909
0
LINE
8
BLACK
6
CONTINUOUS
10
155.3739999999999952
20
-78.7599999999999909
11
156.5739999999999839
21
-78.7599999999999909
0
LINE
8
BLACK
6
CONTINUOUS
10
156.5739999999999839
20
-78.7599999999999909
11
156.5739999999999839
21
-80.1599999999999966
0
LINE
8
BLACK
6
CONTINUOUS
10
172.8167080000000055
20
-79.0701839999999976
11
172.9364300000000014
21
-79.1471250000000026
0
LINE
8
BLACK
6
CONTINUOUS
10
172.9364300000000014
20
-79.1471250000000026
11
173.029627000000005
21
-79.2546799999999934
0
LINE
8
BLACK
6
CONTINUOUS
10
173.029627000000005
20
-79.2546799999999934
11
173.0887459999999862
21
-79.3841340000000031
0
LINE
8
BLACK
6
CONTINUOUS
10
173.0887459999999862
20
-79.3841340000000031
11
173.1089999999999804
21
-79.5249999999999915
0
LINE
8
BLACK
6
CONTINUOUS
10
173.1089999999999804
20
-79.5249999999999915
11
173.0887459999999862
21
-79.6658659999999941
0
LINE
8
BLACK
6
CONTINUOUS
10
173.0887459999999862
20
-79.6658659999999941
11
173.029627000000005
21
-79.7953199999999896
0
LINE
8
BLACK
6
CONTINUOUS
10
173.029627000000005
20
-79.7953199999999896
11
172.9364300000000014
21
-79.9028749999999945
0
LINE
8
BLACK
6
CONTINUOUS
10
172.9364300000000014
20
-79.9028749999999945
11
172.8167080000000055
21
-79.9798159999999996
0
LINE
8
BLACK
6
CONTINUOUS
10
172.8167080000000055
20
-79.9798159999999996
11
172.6801569999999799
21
-80.0199109999999934
0
LINE
8
BLACK
6
CONTINUOUS
10
172.6801569999999799
20
-80.0199109999999934
11
172.537842999999981
21
-80.0199109999999934
0
LINE
8
BLACK
6
CONTINUOUS
10
172.537842999999981
20
-80.0199109999999934
11
172.4012919999999838
21
-79.9798159999999996
0
LINE
8
BLACK
6
CONTINUOUS
10
172.4012919999999838
20
-79.9798159999999996
11
172.2815699999999879
21
-79.9028749999999945
0
LINE
8
BLACK
6
CONTINUOUS
10
172.2815699999999879
20
-79.9028749999999945
11
172.1883729999999844
21
-79.7953199999999896
0
LINE
8
BLACK
6
CONTINUOUS
10
172.1883729999999844
20
-79.7953199999999896
11
172.1292540000000031
21
-79.6658659999999941
0
LINE
8
BLACK
6
CONTINUOUS
10
172.1292540000000031
20
-79.6658659999999941
11
172.1089999999999804
21
-79.5249999999999915
0
LINE
8
BLACK
6
CONTINUOUS
10
172.1089999999999804
20
-79.5249999999999915
11
172.1292540000000031
21
-79.3841340000000031
0
LINE
8
BLACK
6
CONTINUOUS
10
172.1292540000000031
20
-79.3841340000000031
11
172.1883729999999844
21
-79.2546799999999934
0
LINE
8
BLACK
6
CONTINUOUS
10
172.1883729999999844
20
-79.2546799999999934
11
172.2815699999999879
21
-79.1471250000000026
0
LINE
8
BLACK
6
CONTINUOUS
10
172.2815699999999879
20
-79.1471250000000026
11
172.4012919999999838
21
-79.0701839999999976
0
LINE
8
BLACK
6
CONTINUOUS
10
172.4012919999999838
20
-79.0701839999999976
11
172.537842999999981
21
-79.0300889999999896
0
LINE
8
BLACK
6
CONTINUOUS
10
172.537842999999981
20
-79.0300889999999896
11
172.6801569999999799
21
-79.0300889999999896
0
LINE
8
BLACK
6
CONTINUOUS
10
172.6801569999999799
20
-79.0300889999999896
11
172.8167080000000055
21
-79.0701839999999976
0
LINE
8
BLACK
6
CONTINUOUS
10
180.9339999999999975
20
-79.5249999999999915
11
179.0339999999999918
21
-79.5249999999999915
0
LINE
8
BLACK
6
CONTINUOUS
10
179.0339999999999918
20
-79.5249999999999915
11
179.0339999999999918
21
-77.7249999999999943
0
LINE
8
BLACK
6
CONTINUOUS
10
179.0339999999999918
20
-77.7249999999999943
11
180.9339999999999975
21
-77.7249999999999943
0
LINE
8
BLACK
6
CONTINUOUS
10
180.9339999999999975
20
-77.7249999999999943
11
180.9339999999999975
21
-79.5249999999999915
0
LINE
8
BLACK
6
CONTINUOUS
10
178.0139999999999816
20
-79.
11
176.6339999999999861
21
-79.
0
LINE
8
BLACK
6
CONTINUOUS
10
176.6339999999999861
20
-79.
11
176.6339999999999861
21
-78.5499999999999972
0
LINE
8
BLACK
6
CONTINUOUS
10
176.6339999999999861
20
-78.5499999999999972
11
178.0139999999999816
21
-78.5499999999999972
0
LINE
8
BLACK
6
CONTINUOUS
10
178.0139999999999816
20
-78.5499999999999972
11
178.0139999999999816
21
-79.
0
LINE
8
BLACK
6
CONTINUOUS
10
160.5523869999999818
20
-77.863078999999999
11
160.6294379999999933
21
-77.9145619999999894
0
LINE
8
BLACK
6
CONTINUOUS
10
160.6294379999999933
20
-77.9145619999999894
11
160.6809209999999837
21
-77.991613000000001
0
LINE
8
BLACK
6
CONTINUOUS
10
160.6809209999999837
20
-77.991613000000001
11
160.6989999999999839
21
-78.082499999999996
0
LINE
8
BLACK
6
CONTINUOUS
10
160.6989999999999839
20
-78.082499999999996
11
160.6989999999999839
21
-78.5574999999999903
0
LINE
8
BLACK
6
CONTINUOUS
10
160.6989999999999839
20
-78.5574999999999903
11
160.6809209999999837
21
-78.6483869999999996
0
LINE
8
BLACK
6
CONTINUOUS
10
160.6809209999999837
20
-78.6483869999999996
11
160.6294379999999933
21
-78.7254379999999969
0
LINE
8
BLACK
6
CONTINUOUS
10
160.6294379999999933
20
-78.7254379999999969
11
160.5523869999999818
21
-78.7769210000000015
0
LINE
8
BLACK
6
CONTINUOUS
10
160.5523869999999818
20
-78.7769210000000015
11
160.4615000000000009
21
-78.7950000000000017
0
LINE
8
BLACK
6
CONTINUOUS
10
160.4615000000000009
20
-78.7950000000000017
11
159.8864999999999839
21
-78.7950000000000017
0
LINE
8
BLACK
6
CONTINUOUS
10
159.8864999999999839
20
-78.7950000000000017
11
159.795613000000003
21
-78.7769210000000015
0
LINE
8
BLACK
6
CONTINUOUS
10
159.795613000000003
20
-78.7769210000000015
11
159.7185619999999915
21
-78.7254379999999969
0
LINE
8
BLACK
6
CONTINUOUS
10
159.7185619999999915
20
-78.7254379999999969
11
159.6670790000000011
21
-78.6483869999999996
0
LINE
8
BLACK
6
CONTINUOUS
10
159.6670790000000011
20
-78.6483869999999996
11
159.6490000000000009
21
-78.5574999999999903
0
LINE
8
BLACK
6
CONTINUOUS
10
159.6490000000000009
20
-78.5574999999999903
11
159.6490000000000009
21
-78.082499999999996
0
LINE
8
BLACK
6
CONTINUOUS
10
159.6490000000000009
20
-78.082499999999996
11
159.6670790000000011
21
-77.991613000000001
0
LINE
8
BLACK
6
CONTINUOUS
10
159.6670790000000011
20
-77.991613000000001
11
159.7185619999999915
21
-77.9145619999999894
0
LINE
8
BLACK
6
CONTINUOUS
10
159.7185619999999915
20
-77.9145619999999894
11
159.795613000000003
21
-77.863078999999999
0
LINE
8
BLACK
6
CONTINUOUS
10
159.795613000000003
20
-77.863078999999999
11
159.8864999999999839
21
-77.8449999999999989
0
LINE
8
BLACK
6
CONTINUOUS
10
159.8864999999999839
20
-77.8449999999999989
11
160.4615000000000009
21
-77.8449999999999989
0
LINE
8
BLACK
6
CONTINUOUS
10
160.4615000000000009
20
-77.8449999999999989
11
160.5523869999999818
21
-77.863078999999999
0
LINE
8
BLACK
6
CONTINUOUS
10
162.3023869999999818
20
-77.863078999999999
11
162.3794379999999933
21
-77.9145619999999894
0
LINE
8
BLACK
6
CONTINUOUS
10
162.3794379999999933
20
-77.9145619999999894
11
162.4309209999999837
21
-77.991613000000001
0
LINE
8
BLACK
6
CONTINUOUS
10
162.4309209999999837
20
-77.991613000000001
11
162.4489999999999839
21
-78.082499999999996
0
LINE
8
BLACK
6
CONTINUOUS
10
162.4489999999999839
20
-78.082499999999996
11
162.4489999999999839
21
-78.5574999999999903
0
LINE
8
BLACK
6
CONTINUOUS
10
162.4489999999999839
20
-78.5574999999999903
11
162.4309209999999837
21
-78.6483869999999996
0
LINE
8
BLACK
6
CONTINUOUS
10
162.4309209999999837
20
-78.6483869999999996
11
162.3794379999999933
21
-78.7254379999999969
0
LINE
8
BLACK
6
CONTINUOUS
10
162.3794379999999933
20
-78.7254379999999969
11
162.3023869999999818
21
-78.7769210000000015
0
LINE
8
BLACK
6
CONTINUOUS
10
162.3023869999999818
20
-78.7769210000000015
11
162.2115000000000009
21
-78.7950000000000017
0
LINE
8
BLACK
6
CONTINUOUS
10
162.2115000000000009
20
-78.7950000000000017
11
161.6364999999999839
21
-78.7950000000000017
0
LINE
8
BLACK
6
CONTINUOUS
10
161.6364999999999839
20
-78.7950000000000017
11
161.545613000000003
21
-78.7769210000000015
0
LINE
8
BLACK
6
CONTINUOUS
10
161.545613000000003
20
-78.7769210000000015
11
161.4685619999999915
21
-78.7254379999999969
0
LINE
8
BLACK
6
CONTINUOUS
10
161.4685619999999915
20
-78.7254379999999969
11
161.4170790000000011
21
-78.6483869999999996
0
LINE
8
BLACK
6
CONTINUOUS
10
161.4170790000000011
20
-78.6483869999999996
11
161.3990000000000009
21
-78.5574999999999903
0
LINE
8
BLACK
6
CONTINUOUS
10
161.3990000000000009
20
-78.5574999999999903
11
161.3990000000000009
21
-78.082499999999996
0
LINE
8
BLACK
6
CONTINUOUS
10
161.3990000000000009
20
-78.082499999999996
11
161.4170790000000011
21
-77.991613000000001
0
LINE
8
BLACK
6
CONTINUOUS
10
161.4170790000000011
20
-77.991613000000001
11
161.4685619999999915
21
-77.9145619999999894
0
LINE
8
BLACK
6
CONTINUOUS
10
161.4685619999999915
20
-77.9145619999999894
11
161.545613000000003
21
-77.863078999999999
0
LINE
8
BLACK
6
CONTINUOUS
10
161.545613000000003
20
-77.863078999999999
11
161.6364999999999839
21
-77.8449999999999989
0
LINE
8
BLACK
6
CONTINUOUS
10
161.6364999999999839
20
-77.8449999999999989
11
162.2115000000000009
21
-77.8449999999999989
0
LINE
8
BLACK
6
CONTINUOUS
10
162.2115000000000009
20
-77.8449999999999989
11
162.3023869999999818
21
-77.863078999999999
0
LINE
8
BLACK
6
CONTINUOUS
10
166.1723869999999863
20
-77.6805789999999945
11
166.2494379999999978
21
-77.7320619999999991
0
LINE
8
BLACK
6
CONTINUOUS
10
166.2494379999999978
20
-77.7320619999999991
11
166.3009209999999882
21
-77.8091129999999964
0
LINE
8
BLACK
6
CONTINUOUS
10
166.3009209999999882
20
-77.8091129999999964
11
166.3189999999999884
21
-77.8999999999999915
0
LINE
8
BLACK
6
CONTINUOUS
10
166.3189999999999884
20
-77.8999999999999915
11
166.3189999999999884
21
-78.3999999999999915
0
LINE
8
BLACK
6
CONTINUOUS
10
166.3189999999999884
20
-78.3999999999999915
11
166.3009209999999882
21
-78.4908870000000007
0
LINE
8
BLACK
6
CONTINUOUS
10
166.3009209999999882
20
-78.4908870000000007
11
166.2494379999999978
21
-78.5679379999999981
0
LINE
8
BLACK
6
CONTINUOUS
10
166.2494379999999978
20
-78.5679379999999981
11
166.1723869999999863
21
-78.6194210000000027
0
LINE
8
BLACK
6
CONTINUOUS
10
166.1723869999999863
20
-78.6194210000000027
11
166.0815000000000055
21
-78.6375000000000028
0
LINE
8
BLACK
6
CONTINUOUS
10
166.0815000000000055
20
-78.6375000000000028
11
165.6064999999999827
21
-78.6375000000000028
0
LINE
8
BLACK
6
CONTINUOUS
10
165.6064999999999827
20
-78.6375000000000028
11
165.5156130000000019
21
-78.6194210000000027
0
LINE
8
BLACK
6
CONTINUOUS
10
165.5156130000000019
20
-78.6194210000000027
11
165.4385619999999903
21
-78.5679379999999981
0
LINE
8
BLACK
6
CONTINUOUS
10
165.4385619999999903
20
-78.5679379999999981
11
165.387079
21
-78.4908870000000007
0
LINE
8
BLACK
6
CONTINUOUS
10
165.387079
20
-78.4908870000000007
11
165.3689999999999998
21
-78.3999999999999915
0
LINE
8
BLACK
6
CONTINUOUS
10
165.3689999999999998
20
-78.3999999999999915
11
165.3689999999999998
21
-77.8999999999999915
0
LINE
8
BLACK
6
CONTINUOUS
10
165.3689999999999998
20
-77.8999999999999915
11
165.387079
21
-77.8091129999999964
0
LINE
8
BLACK
6
CONTINUOUS
10
165.387079
20
-77.8091129999999964
11
165.4385619999999903
21
-77.7320619999999991
0
LINE
8
BLACK
6
CONTINUOUS
10
165.4385619999999903
20
-77.7320619999999991
11
165.5156130000000019
21
-77.6805789999999945
0
LINE
8
BLACK
6
CONTINUOUS
10
165.5156130000000019
20
-77.6805789999999945
11
165.6064999999999827
21
-77.6624999999999943
0
LINE
8
BLACK
6
CONTINUOUS
10
165.6064999999999827
20
-77.6624999999999943
11
166.0815000000000055
21
-77.6624999999999943
0
LINE
8
BLACK
6
CONTINUOUS
10
166.0815000000000055
20
-77.6624999999999943
11
166.1723869999999863
21
-77.6805789999999945
0
LINE
8
BLACK
6
CONTINUOUS
10
178.0139999999999816
20
-78.3499999999999943
11
176.6339999999999861
21
-78.3499999999999943
0
LINE
8
BLACK
6
CONTINUOUS
10
176.6339999999999861
20
-78.3499999999999943
11
176.6339999999999861
21
-77.8999999999999915
0
LINE
8
BLACK
6
CONTINUOUS
10
176.6339999999999861
20
-77.8999999999999915
11
178.0139999999999816
21
-77.8999999999999915
0
LINE
8
BLACK
6
CONTINUOUS
10
178.0139999999999816
20
-77.8999999999999915
11
178.0139999999999816
21
-78.3499999999999943
0
LINE
8
BLACK
6
CONTINUOUS
10
154.6898869999999988
20
-77.2550789999999949
11
154.7669379999999819
21
-77.3065619999999996
0
LINE
8
BLACK
6
CONTINUOUS
10
154.7669379999999819
20
-77.3065619999999996
11
154.8184210000000007
21
-77.3836129999999969
0
LINE
8
BLACK
6
CONTINUOUS
10
154.8184210000000007
20
-77.3836129999999969
11
154.8365000000000009
21
-77.4744999999999919
0
LINE
8
BLACK
6
CONTINUOUS
10
154.8365000000000009
20
-77.4744999999999919
11
154.8365000000000009
21
-77.9495000000000005
0
LINE
8
BLACK
6
CONTINUOUS
10
154.8365000000000009
20
-77.9495000000000005
11
154.8184210000000007
21
-78.0403869999999955
0
LINE
8
BLACK
6
CONTINUOUS
10
154.8184210000000007
20
-78.0403869999999955
11
154.7669379999999819
21
-78.1174379999999928
0
LINE
8
BLACK
6
CONTINUOUS
10
154.7669379999999819
20
-78.1174379999999928
11
154.6898869999999988
21
-78.1689209999999974
0
LINE
8
BLACK
6
CONTINUOUS
10
154.6898869999999988
20
-78.1689209999999974
11
154.5989999999999895
21
-78.1869999999999976
0
LINE
8
BLACK
6
CONTINUOUS
10
154.5989999999999895
20
-78.1869999999999976
11
153.9989999999999952
21
-78.1869999999999976
0
LINE
8
BLACK
6
CONTINUOUS
10
153.9989999999999952
20
-78.1869999999999976
11
153.908112999999986
21
-78.1689209999999974
0
LINE
8
BLACK
6
CONTINUOUS
10
153.908112999999986
20
-78.1689209999999974
11
153.8310620000000029
21
-78.1174379999999928
0
LINE
8
BLACK
6
CONTINUOUS
10
153.8310620000000029
20
-78.1174379999999928
11
153.779578999999984
21
-78.0403869999999955
0
LINE
8
BLACK
6
CONTINUOUS
10
153.779578999999984
20
-78.0403869999999955
11
153.7614999999999839
21
-77.9495000000000005
0
LINE
8
BLACK
6
CONTINUOUS
10
153.7614999999999839
20
-77.9495000000000005
11
153.7614999999999839
21
-77.4744999999999919
0
LINE
8
BLACK
6
CONTINUOUS
10
153.7614999999999839
20
-77.4744999999999919
11
153.779578999999984
21
-77.3836129999999969
0
LINE
8
BLACK
6
CONTINUOUS
10
153.779578999999984
20
-77.3836129999999969
11
153.8310620000000029
21
-77.3065619999999996
0
LINE
8
BLACK
6
CONTINUOUS
10
153.8310620000000029
20
-77.3065619999999996
11
153.908112999999986
21
-77.2550789999999949
0
LINE
8
BLACK
6
CONTINUOUS
10
153.908112999999986
20
-77.2550789999999949
11
153.9989999999999952
21
-77.2369999999999948
0
LINE
8
BLACK
6
CONTINUOUS
10
153.9989999999999952
20
-77.2369999999999948
11
154.5989999999999895
21
-77.2369999999999948
0
LINE
8
BLACK
6
CONTINUOUS
10
154.5989999999999895
20
-77.2369999999999948
11
154.6898869999999988
21
-77.2550789999999949
0
LINE
8
BLACK
6
CONTINUOUS
10
156.4148869999999931
20
-77.2550789999999949
11
156.4919380000000046
21
-77.3065619999999996
0
LINE
8
BLACK
6
CONTINUOUS
10
156.4919380000000046
20
-77.3065619999999996
11
156.543420999999995
21
-77.3836129999999969
0
LINE
8
BLACK
6
CONTINUOUS
10
156.543420999999995
20
-77.3836129999999969
11
156.5614999999999952
21
-77.4744999999999919
0
LINE
8
BLACK
6
CONTINUOUS
10
156.5614999999999952
20
-77.4744999999999919
11
156.5614999999999952
21
-77.9495000000000005
0
LINE
8
BLACK
6
CONTINUOUS
10
156.5614999999999952
20
-77.9495000000000005
11
156.543420999999995
21
-78.0403869999999955
0
LINE
8
BLACK
6
CONTINUOUS
10
156.543420999999995
20
-78.0403869999999955
11
156.4919380000000046
21
-78.1174379999999928
0
LINE
8
BLACK
6
CONTINUOUS
10
156.4919380000000046
20
-78.1174379999999928
11
156.4148869999999931
21
-78.1689209999999974
0
LINE
8
BLACK
6
CONTINUOUS
10
156.4148869999999931
20
-78.1689209999999974
11
156.3239999999999839
21
-78.1869999999999976
0
LINE
8
BLACK
6
CONTINUOUS
10
156.3239999999999839
20
-78.1869999999999976
11
155.7239999999999895
21
-78.1869999999999976
0
LINE
8
BLACK
6
CONTINUOUS
10
155.7239999999999895
20
-78.1869999999999976
11
155.6331129999999803
21
-78.1689209999999974
0
LINE
8
BLACK
6
CONTINUOUS
10
155.6331129999999803
20
-78.1689209999999974
11
155.5560619999999972
21
-78.1174379999999928
0
LINE
8
BLACK
6
CONTINUOUS
10
155.5560619999999972
20
-78.1174379999999928
11
155.5045790000000068
21
-78.0403869999999955
0
LINE
8
BLACK
6
CONTINUOUS
10
155.5045790000000068
20
-78.0403869999999955
11
155.4865000000000066
21
-77.9495000000000005
0
LINE
8
BLACK
6
CONTINUOUS
10
155.4865000000000066
20
-77.9495000000000005
11
155.4865000000000066
21
-77.4744999999999919
0
LINE
8
BLACK
6
CONTINUOUS
10
155.4865000000000066
20
-77.4744999999999919
11
155.5045790000000068
21
-77.3836129999999969
0
LINE
8
BLACK
6
CONTINUOUS
10
155.5045790000000068
20
-77.3836129999999969
11
155.5560619999999972
21
-77.3065619999999996
0
LINE
8
BLACK
6
CONTINUOUS
10
155.5560619999999972
20
-77.3065619999999996
11
155.6331129999999803
21
-77.2550789999999949
0
LINE
8
BLACK
6
CONTINUOUS
10
155.6331129999999803
20
-77.2550789999999949
11
155.7239999999999895
21
-77.2369999999999948
0
LINE
8
BLACK
6
CONTINUOUS
10
155.7239999999999895
20
-77.2369999999999948
11
156.3239999999999839
21
-77.2369999999999948
0
LINE
8
BLACK
6
CONTINUOUS
10
156.3239999999999839
20
-77.2369999999999948
11
156.4148869999999931
21
-77.2550789999999949
0
LINE
8
BLACK
6
CONTINUOUS
10
178.0139999999999816
20
-77.7000000000000028
11
176.6339999999999861
21
-77.7000000000000028
0
LINE
8
BLACK
6
CONTINUOUS
10
176.6339999999999861
20
-77.7000000000000028
11
176.6339999999999861
21
-77.25
0
LINE
8
BLACK
6
CONTINUOUS
10
176.6339999999999861
20
-77.25
11
178.0139999999999816
21
-77.25
0
LINE
8
BLACK
6
CONTINUOUS
10
178.0139999999999816
20
-77.25
11
178.0139999999999816
21
-77.7000000000000028
0
LINE
8
BLACK
6
CONTINUOUS
10
162.1417079999999942
20
-76.3451840000000033
11
162.2614299999999901
21
-76.4221249999999941
0
LINE
8
BLACK
6
CONTINUOUS
10
162.2614299999999901
20
-76.4221249999999941
11
162.3546269999999936
21
-76.529679999999999
0
LINE
8
BLACK
6
CONTINUOUS
10
162.3546269999999936
20
-76.529679999999999
11
162.4137460000000033
21
-76.6591339999999946
0
LINE
8
BLACK
6
CONTINUOUS
10
162.4137460000000033
20
-76.6591339999999946
11
162.4339999999999975
21
-76.7999999999999972
0
LINE
8
BLACK
6
CONTINUOUS
10
162.4339999999999975
20
-76.7999999999999972
11
162.4137460000000033
21
-76.9408659999999998
0
LINE
8
BLACK
6
CONTINUOUS
10
162.4137460000000033
20
-76.9408659999999998
11
162.3546269999999936
21
-77.0703199999999953
0
LINE
8
BLACK
6
CONTINUOUS
10
162.3546269999999936
20
-77.0703199999999953
11
162.2614299999999901
21
-77.1778750000000002
0
LINE
8
BLACK
6
CONTINUOUS
10
162.2614299999999901
20
-77.1778750000000002
11
162.1417079999999942
21
-77.254815999999991
0
LINE
8
BLACK
6
CONTINUOUS
10
162.1417079999999942
20
-77.254815999999991
11
162.005156999999997
21
-77.294910999999999
0
LINE
8
BLACK
6
CONTINUOUS
10
162.005156999999997
20
-77.294910999999999
11
161.862842999999998
21
-77.294910999999999
0
LINE
8
BLACK
6
CONTINUOUS
10
161.862842999999998
20
-77.294910999999999
11
161.7262920000000008
21
-77.254815999999991
0
LINE
8
BLACK
6
CONTINUOUS
10
161.7262920000000008
20
-77.254815999999991
11
161.6065700000000049
21
-77.1778750000000002
0
LINE
8
BLACK
6
CONTINUOUS
10
161.6065700000000049
20
-77.1778750000000002
11
161.5133730000000014
21
-77.0703199999999953
0
LINE
8
BLACK
6
CONTINUOUS
10
161.5133730000000014
20
-77.0703199999999953
11
161.4542539999999917
21
-76.9408659999999998
0
LINE
8
BLACK
6
CONTINUOUS
10
161.4542539999999917
20
-76.9408659999999998
11
161.4339999999999975
21
-76.7999999999999972
0
LINE
8
BLACK
6
CONTINUOUS
10
161.4339999999999975
20
-76.7999999999999972
11
161.4542539999999917
21
-76.6591339999999946
0
LINE
8
BLACK
6
CONTINUOUS
10
161.4542539999999917
20
-76.6591339999999946
11
161.5133730000000014
21
-76.529679999999999
0
LINE
8
BLACK
6
CONTINUOUS
10
161.5133730000000014
20
-76.529679999999999
11
161.6065700000000049
21
-76.4221249999999941
0
LINE
8
BLACK
6
CONTINUOUS
10
161.6065700000000049
20
-76.4221249999999941
11
161.7262920000000008
21
-76.3451840000000033
0
LINE
8
BLACK
6
CONTINUOUS
10
161.7262920000000008
20
-76.3451840000000033
11
161.862842999999998
21
-76.3050889999999953
0
LINE
8
BLACK
6
CONTINUOUS
10
161.862842999999998
20
-76.3050889999999953
11
162.005156999999997
21
-76.3050889999999953
0
LINE
8
BLACK
6
CONTINUOUS
10
162.005156999999997
20
-76.3050889999999953
11
162.1417079999999942
21
-76.3451840000000033
0
LINE
8
BLACK
6
CONTINUOUS
10
178.0139999999999816
20
-77.0499999999999972
11
176.6339999999999861
21
-77.0499999999999972
0
LINE
8
BLACK
6
CONTINUOUS
10
176.6339999999999861
20
-77.0499999999999972
11
176.6339999999999861
21
-76.5999999999999943
0
LINE
8
BLACK
6
CONTINUOUS
10
176.6339999999999861
20
-76.5999999999999943
11
178.0139999999999816
21
-76.5999999999999943
0
LINE
8
BLACK
6
CONTINUOUS
10
178.0139999999999816
20
-76.5999999999999943
11
178.0139999999999816
21
-77.0499999999999972
0
LINE
8
BLACK
6
CONTINUOUS
10
175.3917079999999942
20
-76.0051839999999999
11
175.5114299999999901
21
-76.0821249999999907
0
LINE
8
BLACK
6
CONTINUOUS
10
175.5114299999999901
20
-76.0821249999999907
11
175.6046269999999936
21
-76.1896799999999956
0
LINE
8
BLACK
6
CONTINUOUS
10
175.6046269999999936
20
-76.1896799999999956
11
175.6637460000000033
21
-76.3191339999999911
0
LINE
8
BLACK
6
CONTINUOUS
10
175.6637460000000033
20
-76.3191339999999911
11
175.6839999999999975
21
-76.4599999999999937
0
LINE
8
BLACK
6
CONTINUOUS
10
175.6839999999999975
20
-76.4599999999999937
11
175.6637460000000033
21
-76.6008659999999963
0
LINE
8
BLACK
6
CONTINUOUS
10
175.6637460000000033
20
-76.6008659999999963
11
175.6046269999999936
21
-76.7303199999999919
0
LINE
8
BLACK
6
CONTINUOUS
10
175.6046269999999936
20
-76.7303199999999919
11
175.5114299999999901
21
-76.8378749999999968
0
LINE
8
BLACK
6
CONTINUOUS
10
175.5114299999999901
20
-76.8378749999999968
11
175.3917079999999942
21
-76.9148160000000018
0
LINE
8
BLACK
6
CONTINUOUS
10
175.3917079999999942
20
-76.9148160000000018
11
175.255156999999997
21
-76.9549109999999956
0
LINE
8
BLACK
6
CONTINUOUS
10
175.255156999999997
20
-76.9549109999999956
11
175.112842999999998
21
-76.9549109999999956
0
LINE
8
BLACK
6
CONTINUOUS
10
175.112842999999998
20
-76.9549109999999956
11
174.9762920000000008
21
-76.9148160000000018
0
LINE
8
BLACK
6
CONTINUOUS
10
174.9762920000000008
20
-76.9148160000000018
11
174.8565700000000049
21
-76.8378749999999968
0
LINE
8
BLACK
6
CONTINUOUS
10
174.8565700000000049
20
-76.8378749999999968
11
174.7633730000000014
21
-76.7303199999999919
0
LINE
8
BLACK
6
CONTINUOUS
10
174.7633730000000014
20
-76.7303199999999919
11
174.7042539999999917
21
-76.6008659999999963
0
LINE
8
BLACK
6
CONTINUOUS
10
174.7042539999999917
20
-76.6008659999999963
11
174.6839999999999975
21
-76.4599999999999937
0
LINE
8
BLACK
6
CONTINUOUS
10
174.6839999999999975
20
-76.4599999999999937
11
174.7042539999999917
21
-76.3191339999999911
0
LINE
8
BLACK
6
CONTINUOUS
10
174.7042539999999917
20
-76.3191339999999911
11
174.7633730000000014
21
-76.1896799999999956
0
LINE
8
BLACK
6
CONTINUOUS
10
174.7633730000000014
20
-76.1896799999999956
11
174.8565700000000049
21
-76.0821249999999907
0
LINE
8
BLACK
6
CONTINUOUS
10
174.8565700000000049
20
-76.0821249999999907
11
174.9762920000000008
21
-76.0051839999999999
0
LINE
8
BLACK
6
CONTINUOUS
10
174.9762920000000008
20
-76.0051839999999999
11
175.112842999999998
21
-75.9650889999999919
0
LINE
8
BLACK
6
CONTINUOUS
10
175.112842999999998
20
-75.9650889999999919
11
175.255156999999997
21
-75.9650889999999919
0
LINE
8
BLACK
6
CONTINUOUS
10
175.255156999999997
20
-75.9650889999999919
11
175.3917079999999942
21
-76.0051839999999999
0
LINE
8
BLACK
6
CONTINUOUS
10
166.1723869999999863
20
-75.8555789999999917
11
166.2494379999999978
21
-75.9070619999999963
0
LINE
8
BLACK
6
CONTINUOUS
10
166.2494379999999978
20
-75.9070619999999963
11
166.3009209999999882
21
-75.9841129999999936
0
LINE
8
BLACK
6
CONTINUOUS
10
166.3009209999999882
20
-75.9841129999999936
11
166.3189999999999884
21
-76.0750000000000028
0
LINE
8
BLACK
6
CONTINUOUS
10
166.3189999999999884
20
-76.0750000000000028
11
166.3189999999999884
21
-76.5750000000000028
0
LINE
8
BLACK
6
CONTINUOUS
10
166.3189999999999884
20
-76.5750000000000028
11
166.3009209999999882
21
-76.6658869999999979
0
LINE
8
BLACK
6
CONTINUOUS
10
166.3009209999999882
20
-76.6658869999999979
11
166.2494379999999978
21
-76.7429379999999952
0
LINE
8
BLACK
6
CONTINUOUS
10
166.2494379999999978
20
-76.7429379999999952
11
166.1723869999999863
21
-76.7944209999999998
0
LINE
8
BLACK
6
CONTINUOUS
10
166.1723869999999863
20
-76.7944209999999998
11
166.0815000000000055
21
-76.8125
0
LINE
8
BLACK
6
CONTINUOUS
10
166.0815000000000055
20
-76.8125
11
165.6064999999999827
21
-76.8125
0
LINE
8
BLACK
6
CONTINUOUS
10
165.6064999999999827
20
-76.8125
11
165.5156130000000019
21
-76.7944209999999998
0
LINE
8
BLACK
6
CONTINUOUS
10
165.5156130000000019
20
-76.7944209999999998
11
165.4385619999999903
21
-76.7429379999999952
0
LINE
8
BLACK
6
CONTINUOUS
10
165.4385619999999903
20
-76.7429379999999952
11
165.387079
21
-76.6658869999999979
0
LINE
8
BLACK
6
CONTINUOUS
10
165.387079
20
-76.6658869999999979
11
165.3689999999999998
21
-76.5750000000000028
0
LINE
8
BLACK
6
CONTINUOUS
10
165.3689999999999998
20
-76.5750000000000028
11
165.3689999999999998
21
-76.0750000000000028
0
LINE
8
BLACK
6
CONTINUOUS
10
165.3689999999999998
20
-76.0750000000000028
11
165.387079
21
-75.9841129999999936
0
LINE
8
BLACK
6
CONTINUOUS
10
165.387079
20
-75.9841129999999936
11
165.4385619999999903
21
-75.9070619999999963
0
LINE
8
BLACK
6
CONTINUOUS
10
165.4385619999999903
20
-75.9070619999999963
11
165.5156130000000019
21
-75.8555789999999917
0
LINE
8
BLACK
6
CONTINUOUS
10
165.5156130000000019
20
-75.8555789999999917
11
165.6064999999999827
21
-75.8374999999999915
0
LINE
8
BLACK
6
CONTINUOUS
10
165.6064999999999827
20
-75.8374999999999915
11
166.0815000000000055
21
-75.8374999999999915
0
LINE
8
BLACK
6
CONTINUOUS
10
166.0815000000000055
20
-75.8374999999999915
11
166.1723869999999863
21
-75.8555789999999917
0
LINE
8
BLACK
6
CONTINUOUS
10
159.9373870000000011
20
-75.5995789999999914
11
160.0144379999999842
21
-75.651061999999996
0
LINE
8
BLACK
6
CONTINUOUS
10
160.0144379999999842
20
-75.651061999999996
11
160.065921000000003
21
-75.7281129999999933
0
LINE
8
BLACK
6
CONTINUOUS
10
160.065921000000003
20
-75.7281129999999933
11
160.0840000000000032
21
-75.8190000000000026
0
LINE
8
BLACK
6
CONTINUOUS
10
160.0840000000000032
20
-75.8190000000000026
11
160.0840000000000032
21
-76.4189999999999969
0
LINE
8
BLACK
6
CONTINUOUS
10
160.0840000000000032
20
-76.4189999999999969
11
160.065921000000003
21
-76.509886999999992
0
LINE
8
BLACK
6
CONTINUOUS
10
160.065921000000003
20
-76.509886999999992
11
160.0144379999999842
21
-76.5869380000000035
0
LINE
8
BLACK
6
CONTINUOUS
10
160.0144379999999842
20
-76.5869380000000035
11
159.9373870000000011
21
-76.6384209999999939
0
LINE
8
BLACK
6
CONTINUOUS
10
159.9373870000000011
20
-76.6384209999999939
11
159.8464999999999918
21
-76.6564999999999941
0
LINE
8
BLACK
6
CONTINUOUS
10
159.8464999999999918
20
-76.6564999999999941
11
159.3714999999999975
21
-76.6564999999999941
0
LINE
8
BLACK
6
CONTINUOUS
10
159.3714999999999975
20
-76.6564999999999941
11
159.2806129999999882
21
-76.6384209999999939
0
LINE
8
BLACK
6
CONTINUOUS
10
159.2806129999999882
20
-76.6384209999999939
11
159.2035620000000051
21
-76.5869380000000035
0
LINE
8
BLACK
6
CONTINUOUS
10
159.2035620000000051
20
-76.5869380000000035
11
159.1520789999999863
21
-76.509886999999992
0
LINE
8
BLACK
6
CONTINUOUS
10
159.1520789999999863
20
-76.509886999999992
11
159.1339999999999861
21
-76.4189999999999969
0
LINE
8
BLACK
6
CONTINUOUS
10
159.1339999999999861
20
-76.4189999999999969
11
159.1339999999999861
21
-75.8190000000000026
0
LINE
8
BLACK
6
CONTINUOUS
10
159.1339999999999861
20
-75.8190000000000026
11
159.1520789999999863
21
-75.7281129999999933
0
LINE
8
BLACK
6
CONTINUOUS
10
159.1520789999999863
20
-75.7281129999999933
11
159.2035620000000051
21
-75.651061999999996
0
LINE
8
BLACK
6
CONTINUOUS
10
159.2035620000000051
20
-75.651061999999996
11
159.2806129999999882
21
-75.5995789999999914
0
LINE
8
BLACK
6
CONTINUOUS
10
159.2806129999999882
20
-75.5995789999999914
11
159.3714999999999975
21
-75.5814999999999912
0
LINE
8
BLACK
6
CONTINUOUS
10
159.3714999999999975
20
-75.5814999999999912
11
159.8464999999999918
21
-75.5814999999999912
0
LINE
8
BLACK
6
CONTINUOUS
10
159.8464999999999918
20
-75.5814999999999912
11
159.9373870000000011
21
-75.5995789999999914
0
LINE
8
BLACK
6
CONTINUOUS
10
156.4673870000000022
20
-75.5855789999999956
11
156.5444379999999853
21
-75.6370620000000002
0
LINE
8
BLACK
6
CONTINUOUS
10
156.5444379999999853
20
-75.6370620000000002
11
156.5959210000000041
21
-75.7141129999999976
0
LINE
8
BLACK
6
CONTINUOUS
10
156.5959210000000041
20
-75.7141129999999976
11
156.6140000000000043
21
-75.8049999999999926
0
LINE
8
BLACK
6
CONTINUOUS
10
156.6140000000000043
20
-75.8049999999999926
11
156.6140000000000043
21
-76.4050000000000011
0
LINE
8
BLACK
6
CONTINUOUS
10
156.6140000000000043
20
-76.4050000000000011
11
156.5959210000000041
21
-76.4958869999999962
0
LINE
8
BLACK
6
CONTINUOUS
10
156.5959210000000041
20
-76.4958869999999962
11
156.5444379999999853
21
-76.5729379999999935
0
LINE
8
BLACK
6
CONTINUOUS
10
156.5444379999999853
20
-76.5729379999999935
11
156.4673870000000022
21
-76.6244209999999981
0
LINE
8
BLACK
6
CONTINUOUS
10
156.4673870000000022
20
-76.6244209999999981
11
156.376499999999993
21
-76.6424999999999983
0
LINE
8
BLACK
6
CONTINUOUS
10
156.376499999999993
20
-76.6424999999999983
11
155.9014999999999986
21
-76.6424999999999983
0
LINE
8
BLACK
6
CONTINUOUS
10
155.9014999999999986
20
-76.6424999999999983
11
155.8106129999999894
21
-76.6244209999999981
0
LINE
8
BLACK
6
CONTINUOUS
10
155.8106129999999894
20
-76.6244209999999981
11
155.7335620000000063
21
-76.5729379999999935
0
LINE
8
BLACK
6
CONTINUOUS
10
155.7335620000000063
20
-76.5729379999999935
11
155.6820789999999874
21
-76.4958869999999962
0
LINE
8
BLACK
6
CONTINUOUS
10
155.6820789999999874
20
-76.4958869999999962
11
155.6639999999999873
21
-76.4050000000000011
0
LINE
8
BLACK
6
CONTINUOUS
10
155.6639999999999873
20
-76.4050000000000011
11
155.6639999999999873
21
-75.8049999999999926
0
LINE
8
BLACK
6
CONTINUOUS
10
155.6639999999999873
20
-75.8049999999999926
11
155.6820789999999874
21
-75.7141129999999976
0
LINE
8
BLACK
6
CONTINUOUS
10
155.6820789999999874
20
-75.7141129999999976
11
155.7335620000000063
21
-75.6370620000000002
0
LINE
8
BLACK
6
CONTINUOUS
10
155.7335620000000063
20
-75.6370620000000002
11
155.8106129999999894
21
-75.5855789999999956
0
LINE
8
BLACK
6
CONTINUOUS
10
155.8106129999999894
20
-75.5855789999999956
11
155.9014999999999986
21
-75.5674999999999955
0
LINE
8
BLACK
6
CONTINUOUS
10
155.9014999999999986
20
-75.5674999999999955
11
156.376499999999993
21
-75.5674999999999955
0
LINE
8
BLACK
6
CONTINUOUS
10
156.376499999999993
20
-75.5674999999999955
11
156.4673870000000022
21
-75.5855789999999956
0
LINE
8
BLACK
6
CONTINUOUS
10
180.9339999999999975
20
-76.4249999999999972
11
179.0339999999999918
21
-76.4249999999999972
0
LINE
8
BLACK
6
CONTINUOUS
10
179.0339999999999918
20
-76.4249999999999972
11
179.0339999999999918
21
-75.4249999999999972
0
LINE
8
BLACK
6
CONTINUOUS
10
179.0339999999999918
20
-75.4249999999999972
11
180.9339999999999975
21
-75.4249999999999972
0
LINE
8
BLACK
6
CONTINUOUS
10
180.9339999999999975
20
-75.4249999999999972
11
180.9339999999999975
21
-76.4249999999999972
0
LINE
8
BLACK
6
CONTINUOUS
10
178.0139999999999816
20
-76.3999999999999915
11
176.6339999999999861
21
-76.3999999999999915
0
LINE
8
BLACK
6
CONTINUOUS
10
176.6339999999999861
20
-76.3999999999999915
11
176.6339999999999861
21
-75.9500000000000028
0
LINE
8
BLACK
6
CONTINUOUS
10
176.6339999999999861
20
-75.9500000000000028
11
178.0139999999999816
21
-75.9500000000000028
0
LINE
8
BLACK
6
CONTINUOUS
10
178.0139999999999816
20
-75.9500000000000028
11
178.0139999999999816
21
-76.3999999999999915
0
LINE
8
BLACK
6
CONTINUOUS
10
178.1839999999999975
20
-75.7000000000000028
11
176.6339999999999861
21
-75.7000000000000028
0
LINE
8
BLACK
6
CONTINUOUS
10
176.6339999999999861
20
-75.7000000000000028
11
176.6339999999999861
21
-74.2749999999999915
0
LINE
8
BLACK
6
CONTINUOUS
10
176.6339999999999861
20
-74.2749999999999915
11
178.1839999999999975
21
-74.2749999999999915
0
LINE
8
BLACK
6
CONTINUOUS
10
178.1839999999999975
20
-74.2749999999999915
11
178.1839999999999975
21
-75.7000000000000028
0
LINE
8
BLACK
6
CONTINUOUS
10
157.7139999999999986
20
-75.4799999999999898
11
157.1140000000000043
21
-75.4799999999999898
0
LINE
8
BLACK
6
CONTINUOUS
10
157.1140000000000043
20
-75.4799999999999898
11
157.1140000000000043
21
-73.3799999999999955
0
LINE
8
BLACK
6
CONTINUOUS
10
157.1140000000000043
20
-73.3799999999999955
11
157.7139999999999986
21
-73.3799999999999955
0
LINE
8
BLACK
6
CONTINUOUS
10
157.7139999999999986
20
-73.3799999999999955
11
157.7139999999999986
21
-75.4799999999999898
0
LINE
8
BLACK
6
CONTINUOUS
10
158.6140000000000043
20
-75.4799999999999898
11
158.0139999999999816
21
-75.4799999999999898
0
LINE
8
BLACK
6
CONTINUOUS
10
158.0139999999999816
20
-75.4799999999999898
11
158.0139999999999816
21
-73.3799999999999955
0
LINE
8
BLACK
6
CONTINUOUS
10
158.0139999999999816
20
-73.3799999999999955
11
158.6140000000000043
21
-73.3799999999999955
0
LINE
8
BLACK
6
CONTINUOUS
10
158.6140000000000043
20
-73.3799999999999955
11
158.6140000000000043
21
-75.4799999999999898
0
LINE
8
BLACK
6
CONTINUOUS
10
165.986707999999993
20
-74.1201839999999947
11
166.1064299999999889
21
-74.1971249999999998
0
LINE
8
BLACK
6
CONTINUOUS
10
166.1064299999999889
20
-74.1971249999999998
11
166.1996269999999924
21
-74.3046799999999905
0
LINE
8
BLACK
6
CONTINUOUS
10
166.1996269999999924
20
-74.3046799999999905
11
166.2587460000000021
21
-74.4341340000000002
0
LINE
8
BLACK
6
CONTINUOUS
10
166.2587460000000021
20
-74.4341340000000002
11
166.2789999999999964
21
-74.5750000000000028
0
LINE
8
BLACK
6
CONTINUOUS
10
166.2789999999999964
20
-74.5750000000000028
11
166.2587460000000021
21
-74.7158659999999912
0
LINE
8
BLACK
6
CONTINUOUS
10
166.2587460000000021
20
-74.7158659999999912
11
166.1996269999999924
21
-74.845320000000001
0
LINE
8
BLACK
6
CONTINUOUS
10
166.1996269999999924
20
-74.845320000000001
11
166.1064299999999889
21
-74.9528749999999917
0
LINE
8
BLACK
6
CONTINUOUS
10
166.1064299999999889
20
-74.9528749999999917
11
165.986707999999993
21
-75.0298159999999967
0
LINE
8
BLACK
6
CONTINUOUS
10
165.986707999999993
20
-75.0298159999999967
11
165.8501569999999958
21
-75.0699109999999905
0
LINE
8
BLACK
6
CONTINUOUS
10
165.8501569999999958
20
-75.0699109999999905
11
165.7078429999999969
21
-75.0699109999999905
0
LINE
8
BLACK
6
CONTINUOUS
10
165.7078429999999969
20
-75.0699109999999905
11
165.5712919999999997
21
-75.0298159999999967
0
LINE
8
BLACK
6
CONTINUOUS
10
165.5712919999999997
20
-75.0298159999999967
11
165.4515700000000038
21
-74.9528749999999917
0
LINE
8
BLACK
6
CONTINUOUS
10
165.4515700000000038
20
-74.9528749999999917
11
165.3583730000000003
21
-74.845320000000001
0
LINE
8
BLACK
6
CONTINUOUS
10
165.3583730000000003
20
-74.845320000000001
11
165.2992539999999906
21
-74.7158659999999912
0
LINE
8
BLACK
6
CONTINUOUS
10
165.2992539999999906
20
-74.7158659999999912
11
165.2789999999999964
21
-74.5750000000000028
0
LINE
8
BLACK
6
CONTINUOUS
10
165.2789999999999964
20
-74.5750000000000028
11
165.2992539999999906
21
-74.4341340000000002
0
LINE
8
BLACK
6
CONTINUOUS
10
165.2992539999999906
20
-74.4341340000000002
11
165.3583730000000003
21
-74.3046799999999905
0
LINE
8
BLACK
6
CONTINUOUS
10
165.3583730000000003
20
-74.3046799999999905
11
165.4515700000000038
21
-74.1971249999999998
0
LINE
8
BLACK
6
CONTINUOUS
10
165.4515700000000038
20
-74.1971249999999998
11
165.5712919999999997
21
-74.1201839999999947
0
LINE
8
BLACK
6
CONTINUOUS
10
165.5712919999999997
20
-74.1201839999999947
11
165.7078429999999969
21
-74.080089000000001
0
LINE
8
BLACK
6
CONTINUOUS
10
165.7078429999999969
20
-74.080089000000001
11
165.8501569999999958
21
-74.080089000000001
0
LINE
8
BLACK
6
CONTINUOUS
10
165.8501569999999958
20
-74.080089000000001
11
165.986707999999993
21
-74.1201839999999947
0
LINE
8
BLACK
6
CONTINUOUS
10
161.7917079999999999
20
-74.0951840000000033
11
161.9114299999999957
21
-74.1721249999999941
0
LINE
8
BLACK
6
CONTINUOUS
10
161.9114299999999957
20
-74.1721249999999941
11
162.0046269999999993
21
-74.279679999999999
0
LINE
8
BLACK
6
CONTINUOUS
10
162.0046269999999993
20
-74.279679999999999
11
162.0637459999999805
21
-74.4091339999999946
0
LINE
8
BLACK
6
CONTINUOUS
10
162.0637459999999805
20
-74.4091339999999946
11
162.0840000000000032
21
-74.5499999999999972
0
LINE
8
BLACK
6
CONTINUOUS
10
162.0840000000000032
20
-74.5499999999999972
11
162.0637459999999805
21
-74.6908659999999998
0
LINE
8
BLACK
6
CONTINUOUS
10
162.0637459999999805
20
-74.6908659999999998
11
162.0046269999999993
21
-74.8203199999999953
0
LINE
8
BLACK
6
CONTINUOUS
10
162.0046269999999993
20
-74.8203199999999953
11
161.9114299999999957
21
-74.9278750000000002
0
LINE
8
BLACK
6
CONTINUOUS
10
161.9114299999999957
20
-74.9278750000000002
11
161.7917079999999999
21
-75.004815999999991
0
LINE
8
BLACK
6
CONTINUOUS
10
161.7917079999999999
20
-75.004815999999991
11
161.6551570000000027
21
-75.044910999999999
0
LINE
8
BLACK
6
CONTINUOUS
10
161.6551570000000027
20
-75.044910999999999
11
161.5128430000000037
21
-75.044910999999999
0
LINE
8
BLACK
6
CONTINUOUS
10
161.5128430000000037
20
-75.044910999999999
11
161.3762920000000065
21
-75.004815999999991
0
LINE
8
BLACK
6
CONTINUOUS
10
161.3762920000000065
20
-75.004815999999991
11
161.2565699999999822
21
-74.9278750000000002
0
LINE
8
BLACK
6
CONTINUOUS
10
161.2565699999999822
20
-74.9278750000000002
11
161.1633729999999787
21
-74.8203199999999953
0
LINE
8
BLACK
6
CONTINUOUS
10
161.1633729999999787
20
-74.8203199999999953
11
161.1042539999999974
21
-74.6908659999999998
0
LINE
8
BLACK
6
CONTINUOUS
10
161.1042539999999974
20
-74.6908659999999998
11
161.0840000000000032
21
-74.5499999999999972
0
LINE
8
BLACK
6
CONTINUOUS
10
161.0840000000000032
20
-74.5499999999999972
11
161.1042539999999974
21
-74.4091339999999946
0
LINE
8
BLACK
6
CONTINUOUS
10
161.1042539999999974
20
-74.4091339999999946
11
161.1633729999999787
21
-74.279679999999999
0
LINE
8
BLACK
6
CONTINUOUS
10
161.1633729999999787
20
-74.279679999999999
11
161.2565699999999822
21
-74.1721249999999941
0
LINE
8
BLACK
6
CONTINUOUS
10
161.2565699999999822
20
-74.1721249999999941
11
161.3762920000000065
21
-74.0951840000000033
0
LINE
8
BLACK
6
CONTINUOUS
10
161.3762920000000065
20
-74.0951840000000033
11
161.5128430000000037
21
-74.0550889999999953
0
LINE
8
BLACK
6
CONTINUOUS
10
161.5128430000000037
20
-74.0550889999999953
11
161.6551570000000027
21
-74.0550889999999953
0
LINE
8
BLACK
6
CONTINUOUS
10
161.6551570000000027
20
-74.0550889999999953
11
161.7917079999999999
21
-74.0951840000000033
0
LINE
8
BLACK
6
CONTINUOUS
10
163.6167079999999885
20
-74.0951840000000033
11
163.7364299999999844
21
-74.1721249999999941
0
LINE
8
BLACK
6
CONTINUOUS
10
163.7364299999999844
20
-74.1721249999999941
11
163.8296269999999879
21
-74.279679999999999
0
LINE
8
BLACK
6
CONTINUOUS
10
163.8296269999999879
20
-74.279679999999999
11
163.8887459999999976
21
-74.4091339999999946
0
LINE
8
BLACK
6
CONTINUOUS
10
163.8887459999999976
20
-74.4091339999999946
11
163.9089999999999918
21
-74.5499999999999972
0
LINE
8
BLACK
6
CONTINUOUS
10
163.9089999999999918
20
-74.5499999999999972
11
163.8887459999999976
21
-74.6908659999999998
0
LINE
8
BLACK
6
CONTINUOUS
10
163.8887459999999976
20
-74.6908659999999998
11
163.8296269999999879
21
-74.8203199999999953
0
LINE
8
BLACK
6
CONTINUOUS
10
163.8296269999999879
20
-74.8203199999999953
11
163.7364299999999844
21
-74.9278750000000002
0
LINE
8
BLACK
6
CONTINUOUS
10
163.7364299999999844
20
-74.9278750000000002
11
163.6167079999999885
21
-75.004815999999991
0
LINE
8
BLACK
6
CONTINUOUS
10
163.6167079999999885
20
-75.004815999999991
11
163.4801569999999913
21
-75.044910999999999
0
LINE
8
BLACK
6
CONTINUOUS
10
163.4801569999999913
20
-75.044910999999999
11
163.3378429999999923
21
-75.044910999999999
0
LINE
8
BLACK
6
CONTINUOUS
10
163.3378429999999923
20
-75.044910999999999
11
163.2012919999999951
21
-75.004815999999991
0
LINE
8
BLACK
6
CONTINUOUS
10
163.2012919999999951
20
-75.004815999999991
11
163.0815699999999993
21
-74.9278750000000002
0
LINE
8
BLACK
6
CONTINUOUS
10
163.0815699999999993
20
-74.9278750000000002
11
162.9883729999999957
21
-74.8203199999999953
0
LINE
8
BLACK
6
CONTINUOUS
10
162.9883729999999957
20
-74.8203199999999953
11
162.929253999999986
21
-74.6908659999999998
0
LINE
8
BLACK
6
CONTINUOUS
10
162.929253999999986
20
-74.6908659999999998
11
162.9089999999999918
21
-74.5499999999999972
0
LINE
8
BLACK
6
CONTINUOUS
10
162.9089999999999918
20
-74.5499999999999972
11
162.929253999999986
21
-74.4091339999999946
0
LINE
8
BLACK
6
CONTINUOUS
10
162.929253999999986
20
-74.4091339999999946
11
162.9883729999999957
21
-74.279679999999999
0
LINE
8
BLACK
6
CONTINUOUS
10
162.9883729999999957
20
-74.279679999999999
11
163.0815699999999993
21
-74.1721249999999941
0
LINE
8
BLACK
6
CONTINUOUS
10
163.0815699999999993
20
-74.1721249999999941
11
163.2012919999999951
21
-74.0951840000000033
0
LINE
8
BLACK
6
CONTINUOUS
10
163.2012919999999951
20
-74.0951840000000033
11
163.3378429999999923
21
-74.0550889999999953
0
LINE
8
BLACK
6
CONTINUOUS
10
163.3378429999999923
20
-74.0550889999999953
11
163.4801569999999913
21
-74.0550889999999953
0
LINE
8
BLACK
6
CONTINUOUS
10
163.4801569999999913
20
-74.0550889999999953
11
163.6167079999999885
21
-74.0951840000000033
0
LINE
8
BLACK
6
CONTINUOUS
10
167.7617079999999987
20
-74.0951840000000033
11
167.8814299999999946
21
-74.1721249999999941
0
LINE
8
BLACK
6
CONTINUOUS
10
167.8814299999999946
20
-74.1721249999999941
11
167.9746269999999981
21
-74.279679999999999
0
LINE
8
BLACK
6
CONTINUOUS
10
167.9746269999999981
20
-74.279679999999999
11
168.0337459999999794
21
-74.4091339999999946
0
LINE
8
BLACK
6
CONTINUOUS
10
168.0337459999999794
20
-74.4091339999999946
11
168.054000000000002
21
-74.5499999999999972
0
LINE
8
BLACK
6
CONTINUOUS
10
168.054000000000002
20
-74.5499999999999972
11
168.0337459999999794
21
-74.6908659999999998
0
LINE
8
BLACK
6
CONTINUOUS
10
168.0337459999999794
20
-74.6908659999999998
11
167.9746269999999981
21
-74.8203199999999953
0
LINE
8
BLACK
6
CONTINUOUS
10
167.9746269999999981
20
-74.8203199999999953
11
167.8814299999999946
21
-74.9278750000000002
0
LINE
8
BLACK
6
CONTINUOUS
10
167.8814299999999946
20
-74.9278750000000002
11
167.7617079999999987
21
-75.004815999999991
0
LINE
8
BLACK
6
CONTINUOUS
10
167.7617079999999987
20
-75.004815999999991
11
167.6251570000000015
21
-75.044910999999999
0
LINE
8
BLACK
6
CONTINUOUS
10
167.6251570000000015
20
-75.044910999999999
11
167.4828430000000026
21
-75.044910999999999
0
LINE
8
BLACK
6
CONTINUOUS
10
167.4828430000000026
20
-75.044910999999999
11
167.3462920000000054
21
-75.004815999999991
0
LINE
8
BLACK
6
CONTINUOUS
10
167.3462920000000054
20
-75.004815999999991
11
167.2265699999999811
21
-74.9278750000000002
0
LINE
8
BLACK
6
CONTINUOUS
10
167.2265699999999811
20
-74.9278750000000002
11
167.133373000000006
21
-74.8203199999999953
0
LINE
8
BLACK
6
CONTINUOUS
10
167.133373000000006
20
-74.8203199999999953
11
167.0742539999999963
21
-74.6908659999999998
0
LINE
8
BLACK
6
CONTINUOUS
10
167.0742539999999963
20
-74.6908659999999998
11
167.054000000000002
21
-74.5499999999999972
0
LINE
8
BLACK
6
CONTINUOUS
10
167.054000000000002
20
-74.5499999999999972
11
167.0742539999999963
21
-74.4091339999999946
0
LINE
8
BLACK
6
CONTINUOUS
10
167.0742539999999963
20
-74.4091339999999946
11
167.133373000000006
21
-74.279679999999999
0
LINE
8
BLACK
6
CONTINUOUS
10
167.133373000000006
20
-74.279679999999999
11
167.2265699999999811
21
-74.1721249999999941
0
LINE
8
BLACK
6
CONTINUOUS
10
167.2265699999999811
20
-74.1721249999999941
11
167.3462920000000054
21
-74.0951840000000033
0
LINE
8
BLACK
6
CONTINUOUS
10
167.3462920000000054
20
-74.0951840000000033
11
167.4828430000000026
21
-74.0550889999999953
0
LINE
8
BLACK
6
CONTINUOUS
10
167.4828430000000026
20
-74.0550889999999953
11
167.6251570000000015
21
-74.0550889999999953
0
LINE
8
BLACK
6
CONTINUOUS
10
167.6251570000000015
20
-74.0550889999999953
11
167.7617079999999987
21
-74.0951840000000033
0
LINE
8
BLACK
6
CONTINUOUS
10
169.5117079999999987
20
-74.0951840000000033
11
169.6314299999999946
21
-74.1721249999999941
0
LINE
8
BLACK
6
CONTINUOUS
10
169.6314299999999946
20
-74.1721249999999941
11
169.7246269999999981
21
-74.279679999999999
0
LINE
8
BLACK
6
CONTINUOUS
10
169.7246269999999981
20
-74.279679999999999
11
169.7837459999999794
21
-74.4091339999999946
0
LINE
8
BLACK
6
CONTINUOUS
10
169.7837459999999794
20
-74.4091339999999946
11
169.804000000000002
21
-74.5499999999999972
0
LINE
8
BLACK
6
CONTINUOUS
10
169.804000000000002
20
-74.5499999999999972
11
169.7837459999999794
21
-74.6908659999999998
0
LINE
8
BLACK
6
CONTINUOUS
10
169.7837459999999794
20
-74.6908659999999998
11
169.7246269999999981
21
-74.8203199999999953
0
LINE
8
BLACK
6
CONTINUOUS
10
169.7246269999999981
20
-74.8203199999999953
11
169.6314299999999946
21
-74.9278750000000002
0
LINE
8
BLACK
6
CONTINUOUS
10
169.6314299999999946
20
-74.9278750000000002
11
169.5117079999999987
21
-75.004815999999991
0
LINE
8
BLACK
6
CONTINUOUS
10
169.5117079999999987
20
-75.004815999999991
11
169.3751570000000015
21
-75.044910999999999
0
LINE
8
BLACK
6
CONTINUOUS
10
169.3751570000000015
20
-75.044910999999999
11
169.2328430000000026
21
-75.044910999999999
0
LINE
8
BLACK
6
CONTINUOUS
10
169.2328430000000026
20
-75.044910999999999
11
169.0962920000000054
21
-75.004815999999991
0
LINE
8
BLACK
6
CONTINUOUS
10
169.0962920000000054
20
-75.004815999999991
11
168.9765699999999811
21
-74.9278750000000002
0
LINE
8
BLACK
6
CONTINUOUS
10
168.9765699999999811
20
-74.9278750000000002
11
168.883373000000006
21
-74.8203199999999953
0
LINE
8
BLACK
6
CONTINUOUS
10
168.883373000000006
20
-74.8203199999999953
11
168.8242539999999963
21
-74.6908659999999998
0
LINE
8
BLACK
6
CONTINUOUS
10
168.8242539999999963
20
-74.6908659999999998
11
168.804000000000002
21
-74.5499999999999972
0
LINE
8
BLACK
6
CONTINUOUS
10
168.804000000000002
20
-74.5499999999999972
11
168.8242539999999963
21
-74.4091339999999946
0
LINE
8
BLACK
6
CONTINUOUS
10
168.8242539999999963
20
-74.4091339999999946
11
168.883373000000006
21
-74.279679999999999
0
LINE
8
BLACK
6
CONTINUOUS
10
168.883373000000006
20
-74.279679999999999
11
168.9765699999999811
21
-74.1721249999999941
0
LINE
8
BLACK
6
CONTINUOUS
10
168.9765699999999811
20
-74.1721249999999941
11
169.0962920000000054
21
-74.0951840000000033
0
LINE
8
BLACK
6
CONTINUOUS
10
169.0962920000000054
20
-74.0951840000000033
11
169.2328430000000026
21
-74.0550889999999953
0
LINE
8
BLACK
6
CONTINUOUS
10
169.2328430000000026
20
-74.0550889999999953
11
169.3751570000000015
21
-74.0550889999999953
0
LINE
8
BLACK
6
CONTINUOUS
10
169.3751570000000015
20
-74.0550889999999953
11
169.5117079999999987
21
-74.0951840000000033
0
LINE
8
BLACK
6
CONTINUOUS
10
172.986707999999993
20
-74.0951840000000033
11
173.1064299999999889
21
-74.1721249999999941
0
LINE
8
BLACK
6
CONTINUOUS
10
173.1064299999999889
20
-74.1721249999999941
11
173.1996269999999924
21
-74.279679999999999
0
LINE
8
BLACK
6
CONTINUOUS
10
173.1996269999999924
20
-74.279679999999999
11
173.2587460000000021
21
-74.4091339999999946
0
LINE
8
BLACK
6
CONTINUOUS
10
173.2587460000000021
20
-74.4091339999999946
11
173.2789999999999964
21
-74.5499999999999972
0
LINE
8
BLACK
6
CONTINUOUS
10
173.2789999999999964
20
-74.5499999999999972
11
173.2587460000000021
21
-74.6908659999999998
0
LINE
8
BLACK
6
CONTINUOUS
10
173.2587460000000021
20
-74.6908659999999998
11
173.1996269999999924
21
-74.8203199999999953
0
LINE
8
BLACK
6
CONTINUOUS
10
173.1996269999999924
20
-74.8203199999999953
11
173.1064299999999889
21
-74.9278750000000002
0
LINE
8
BLACK
6
CONTINUOUS
10
173.1064299999999889
20
-74.9278750000000002
11
172.986707999999993
21
-75.004815999999991
0
LINE
8
BLACK
6
CONTINUOUS
10
172.986707999999993
20
-75.004815999999991
11
172.8501569999999958
21
-75.044910999999999
0
LINE
8
BLACK
6
CONTINUOUS
10
172.8501569999999958
20
-75.044910999999999
11
172.7078429999999969
21
-75.044910999999999
0
LINE
8
BLACK
6
CONTINUOUS
10
172.7078429999999969
20
-75.044910999999999
11
172.5712919999999997
21
-75.004815999999991
0
LINE
8
BLACK
6
CONTINUOUS
10
172.5712919999999997
20
-75.004815999999991
11
172.4515700000000038
21
-74.9278750000000002
0
LINE
8
BLACK
6
CONTINUOUS
10
172.4515700000000038
20
-74.9278750000000002
11
172.3583730000000003
21
-74.8203199999999953
0
LINE
8
BLACK
6
CONTINUOUS
10
172.3583730000000003
20
-74.8203199999999953
11
172.2992539999999906
21
-74.6908659999999998
0
LINE
8
BLACK
6
CONTINUOUS
10
172.2992539999999906
20
-74.6908659999999998
11
172.2789999999999964
21
-74.5499999999999972
0
LINE
8
BLACK
6
CONTINUOUS
10
172.2789999999999964
20
-74.5499999999999972
11
172.2992539999999906
21
-74.4091339999999946
0
LINE
8
BLACK
6
CONTINUOUS
10
172.2992539999999906
20
-74.4091339999999946
11
172.3583730000000003
21
-74.279679999999999
0
LINE
8
BLACK
6
CONTINUOUS
10
172.3583730000000003
20
-74.279679999999999
11
172.4515700000000038
21
-74.1721249999999941
0
LINE
8
BLACK
6
CONTINUOUS
10
172.4515700000000038
20
-74.1721249999999941
11
172.5712919999999997
21
-74.0951840000000033
0
LINE
8
BLACK
6
CONTINUOUS
10
172.5712919999999997
20
-74.0951840000000033
11
172.7078429999999969
21
-74.0550889999999953
0
LINE
8
BLACK
6
CONTINUOUS
10
172.7078429999999969
20
-74.0550889999999953
11
172.8501569999999958
21
-74.0550889999999953
0
LINE
8
BLACK
6
CONTINUOUS
10
172.8501569999999958
20
-74.0550889999999953
11
172.986707999999993
21
-74.0951840000000033
0
LINE
8
BLACK
6
CONTINUOUS
10
174.7617079999999987
20
-74.0951840000000033
11
174.8814299999999946
21
-74.1721249999999941
0
LINE
8
BLACK
6
CONTINUOUS
10
174.8814299999999946
20
-74.1721249999999941
11
174.9746269999999981
21
-74.279679999999999
0
LINE
8
BLACK
6
CONTINUOUS
10
174.9746269999999981
20
-74.279679999999999
11
175.0337459999999794
21
-74.4091339999999946
0
LINE
8
BLACK
6
CONTINUOUS
10
175.0337459999999794
20
-74.4091339999999946
11
175.054000000000002
21
-74.5499999999999972
0
LINE
8
BLACK
6
CONTINUOUS
10
175.054000000000002
20
-74.5499999999999972
11
175.0337459999999794
21
-74.6908659999999998
0
LINE
8
BLACK
6
CONTINUOUS
10
175.0337459999999794
20
-74.6908659999999998
11
174.9746269999999981
21
-74.8203199999999953
0
LINE
8
BLACK
6
CONTINUOUS
10
174.9746269999999981
20
-74.8203199999999953
11
174.8814299999999946
21
-74.9278750000000002
0
LINE
8
BLACK
6
CONTINUOUS
10
174.8814299999999946
20
-74.9278750000000002
11
174.7617079999999987
21
-75.004815999999991
0
LINE
8
BLACK
6
CONTINUOUS
10
174.7617079999999987
20
-75.004815999999991
11
174.6251570000000015
21
-75.044910999999999
0
LINE
8
BLACK
6
CONTINUOUS
10
174.6251570000000015
20
-75.044910999999999
11
174.4828430000000026
21
-75.044910999999999
0
LINE
8
BLACK
6
CONTINUOUS
10
174.4828430000000026
20
-75.044910999999999
11
174.3462920000000054
21
-75.004815999999991
0
LINE
8
BLACK
6
CONTINUOUS
10
174.3462920000000054
20
-75.004815999999991
11
174.2265699999999811
21
-74.9278750000000002
0
LINE
8
BLACK
6
CONTINUOUS
10
174.2265699999999811
20
-74.9278750000000002
11
174.133373000000006
21
-74.8203199999999953
0
LINE
8
BLACK
6
CONTINUOUS
10
174.133373000000006
20
-74.8203199999999953
11
174.0742539999999963
21
-74.6908659999999998
0
LINE
8
BLACK
6
CONTINUOUS
10
174.0742539999999963
20
-74.6908659999999998
11
174.054000000000002
21
-74.5499999999999972
0
LINE
8
BLACK
6
CONTINUOUS
10
174.054000000000002
20
-74.5499999999999972
11
174.0742539999999963
21
-74.4091339999999946
0
LINE
8
BLACK
6
CONTINUOUS
10
174.0742539999999963
20
-74.4091339999999946
11
174.133373000000006
21
-74.279679999999999
0
LINE
8
BLACK
6
CONTINUOUS
10
174.133373000000006
20
-74.279679999999999
11
174.2265699999999811
21
-74.1721249999999941
0
LINE
8
BLACK
6
CONTINUOUS
10
174.2265699999999811
20
-74.1721249999999941
11
174.3462920000000054
21
-74.0951840000000033
0
LINE
8
BLACK
6
CONTINUOUS
10
174.3462920000000054
20
-74.0951840000000033
11
174.4828430000000026
21
-74.0550889999999953
0
LINE
8
BLACK
6
CONTINUOUS
10
174.4828430000000026
20
-74.0550889999999953
11
174.6251570000000015
21
-74.0550889999999953
0
LINE
8
BLACK
6
CONTINUOUS
10
174.6251570000000015
20
-74.0550889999999953
11
174.7617079999999987
21
-74.0951840000000033
0
LINE
8
BLACK
6
CONTINUOUS
10
171.2617079999999987
20
-74.0701839999999976
11
171.3814299999999946
21
-74.1471250000000026
0
LINE
8
BLACK
6
CONTINUOUS
10
171.3814299999999946
20
-74.1471250000000026
11
171.4746269999999981
21
-74.2546799999999934
0
LINE
8
BLACK
6
CONTINUOUS
10
171.4746269999999981
20
-74.2546799999999934
11
171.5337459999999794
21
-74.3841340000000031
0
LINE
8
BLACK
6
CONTINUOUS
10
171.5337459999999794
20
-74.3841340000000031
11
171.554000000000002
21
-74.5249999999999915
0
LINE
8
BLACK
6
CONTINUOUS
10
171.554000000000002
20
-74.5249999999999915
11
171.5337459999999794
21
-74.6658659999999941
0
LINE
8
BLACK
6
CONTINUOUS
10
171.5337459999999794
20
-74.6658659999999941
11
171.4746269999999981
21
-74.7953199999999896
0
LINE
8
BLACK
6
CONTINUOUS
10
171.4746269999999981
20
-74.7953199999999896
11
171.3814299999999946
21
-74.9028749999999945
0
LINE
8
BLACK
6
CONTINUOUS
10
171.3814299999999946
20
-74.9028749999999945
11
171.2617079999999987
21
-74.9798159999999996
0
LINE
8
BLACK
6
CONTINUOUS
10
171.2617079999999987
20
-74.9798159999999996
11
171.1251570000000015
21
-75.0199109999999934
0
LINE
8
BLACK
6
CONTINUOUS
10
171.1251570000000015
20
-75.0199109999999934
11
170.9828430000000026
21
-75.0199109999999934
0
LINE
8
BLACK
6
CONTINUOUS
10
170.9828430000000026
20
-75.0199109999999934
11
170.8462920000000054
21
-74.9798159999999996
0
LINE
8
BLACK
6
CONTINUOUS
10
170.8462920000000054
20
-74.9798159999999996
11
170.7265699999999811
21
-74.9028749999999945
0
LINE
8
BLACK
6
CONTINUOUS
10
170.7265699999999811
20
-74.9028749999999945
11
170.633373000000006
21
-74.7953199999999896
0
LINE
8
BLACK
6
CONTINUOUS
10
170.633373000000006
20
-74.7953199999999896
11
170.5742539999999963
21
-74.6658659999999941
0
LINE
8
BLACK
6
CONTINUOUS
10
170.5742539999999963
20
-74.6658659999999941
11
170.554000000000002
21
-74.5249999999999915
0
LINE
8
BLACK
6
CONTINUOUS
10
170.554000000000002
20
-74.5249999999999915
11
170.5742539999999963
21
-74.3841340000000031
0
LINE
8
BLACK
6
CONTINUOUS
10
170.5742539999999963
20
-74.3841340000000031
11
170.633373000000006
21
-74.2546799999999934
0
LINE
8
BLACK
6
CONTINUOUS
10
170.633373000000006
20
-74.2546799999999934
11
170.7265699999999811
21
-74.1471250000000026
0
LINE
8
BLACK
6
CONTINUOUS
10
170.7265699999999811
20
-74.1471250000000026
11
170.8462920000000054
21
-74.0701839999999976
0
LINE
8
BLACK
6
CONTINUOUS
10
170.8462920000000054
20
-74.0701839999999976
11
170.9828430000000026
21
-74.0300889999999896
0
LINE
8
BLACK
6
CONTINUOUS
10
170.9828430000000026
20
-74.0300889999999896
11
171.1251570000000015
21
-74.0300889999999896
0
LINE
8
BLACK
6
CONTINUOUS
10
171.1251570000000015
20
-74.0300889999999896
11
171.2617079999999987
21
-74.0701839999999976
0
LINE
8
BLACK
6
CONTINUOUS
10
159.9373870000000011
20
-73.8745789999999971
11
160.0144379999999842
21
-73.9260620000000017
0
LINE
8
BLACK
6
CONTINUOUS
10
160.0144379999999842
20
-73.9260620000000017
11
160.065921000000003
21
-74.003112999999999
0
LINE
8
BLACK
6
CONTINUOUS
10
160.065921000000003
20
-74.003112999999999
11
160.0840000000000032
21
-74.0939999999999941
0
LINE
8
BLACK
6
CONTINUOUS
10
160.0840000000000032
20
-74.0939999999999941
11
160.0840000000000032
21
-74.6940000000000026
0
LINE
8
BLACK
6
CONTINUOUS
10
160.0840000000000032
20
-74.6940000000000026
11
160.065921000000003
21
-74.7848869999999977
0
LINE
8
BLACK
6
CONTINUOUS
10
160.065921000000003
20
-74.7848869999999977
11
160.0144379999999842
21
-74.861937999999995
0
LINE
8
BLACK
6
CONTINUOUS
10
160.0144379999999842
20
-74.861937999999995
11
159.9373870000000011
21
-74.9134209999999996
0
LINE
8
BLACK
6
CONTINUOUS
10
159.9373870000000011
20
-74.9134209999999996
11
159.8464999999999918
21
-74.9314999999999998
0
LINE
8
BLACK
6
CONTINUOUS
10
159.8464999999999918
20
-74.9314999999999998
11
159.3714999999999975
21
-74.9314999999999998
0
LINE
8
BLACK
6
CONTINUOUS
10
159.3714999999999975
20
-74.9314999999999998
11
159.2806129999999882
21
-74.9134209999999996
0
LINE
8
BLACK
6
CONTINUOUS
10
159.2806129999999882
20
-74.9134209999999996
11
159.2035620000000051
21
-74.861937999999995
0
LINE
8
BLACK
6
CONTINUOUS
10
159.2035620000000051
20
-74.861937999999995
11
159.1520789999999863
21
-74.7848869999999977
0
LINE
8
BLACK
6
CONTINUOUS
10
159.1520789999999863
20
-74.7848869999999977
11
159.1339999999999861
21
-74.6940000000000026
0
LINE
8
BLACK
6
CONTINUOUS
10
159.1339999999999861
20
-74.6940000000000026
11
159.1339999999999861
21
-74.0939999999999941
0
LINE
8
BLACK
6
CONTINUOUS
10
159.1339999999999861
20
-74.0939999999999941
11
159.1520789999999863
21
-74.003112999999999
0
LINE
8
BLACK
6
CONTINUOUS
10
159.1520789999999863
20
-74.003112999999999
11
159.2035620000000051
21
-73.9260620000000017
0
LINE
8
BLACK
6
CONTINUOUS
10
159.2035620000000051
20
-73.9260620000000017
11
159.2806129999999882
21
-73.8745789999999971
0
LINE
8
BLACK
6
CONTINUOUS
10
159.2806129999999882
20
-73.8745789999999971
11
159.3714999999999975
21
-73.8564999999999969
0
LINE
8
BLACK
6
CONTINUOUS
10
159.3714999999999975
20
-73.8564999999999969
11
159.8464999999999918
21
-73.8564999999999969
0
LINE
8
BLACK
6
CONTINUOUS
10
159.8464999999999918
20
-73.8564999999999969
11
159.9373870000000011
21
-73.8745789999999971
0
LINE
8
BLACK
6
CONTINUOUS
10
180.6339999999999861
20
-74.9249999999999972
11
179.3340000000000032
21
-74.9249999999999972
0
LINE
8
BLACK
6
CONTINUOUS
10
179.3340000000000032
20
-74.9249999999999972
11
179.3340000000000032
21
-73.2749999999999915
0
LINE
8
BLACK
6
CONTINUOUS
10
179.3340000000000032
20
-73.2749999999999915
11
180.6339999999999861
21
-73.2749999999999915
0
LINE
8
BLACK
6
CONTINUOUS
10
180.6339999999999861
20
-73.2749999999999915
11
180.6339999999999861
21
-74.9249999999999972
0
LINE
8
BLACK
6
CONTINUOUS
10
156.4673870000000022
20
-73.8605790000000013
11
156.5444379999999853
21
-73.9120619999999917
0
LINE
8
BLACK
6
CONTINUOUS
10
156.5444379999999853
20
-73.9120619999999917
11
156.5959210000000041
21
-73.9891130000000032
0
LINE
8
BLACK
6
CONTINUOUS
10
156.5959210000000041
20
-73.9891130000000032
11
156.6140000000000043
21
-74.0799999999999983
0
LINE
8
BLACK
6
CONTINUOUS
10
156.6140000000000043
20
-74.0799999999999983
11
156.6140000000000043
21
-74.6799999999999926
0
LINE
8
BLACK
6
CONTINUOUS
10
156.6140000000000043
20
-74.6799999999999926
11
156.5959210000000041
21
-74.7708870000000019
0
LINE
8
BLACK
6
CONTINUOUS
10
156.5959210000000041
20
-74.7708870000000019
11
156.5444379999999853
21
-74.8479379999999992
0
LINE
8
BLACK
6
CONTINUOUS
10
156.5444379999999853
20
-74.8479379999999992
11
156.4673870000000022
21
-74.8994209999999896
0
LINE
8
BLACK
6
CONTINUOUS
10
156.4673870000000022
20
-74.8994209999999896
11
156.376499999999993
21
-74.9174999999999898
0
LINE
8
BLACK
6
CONTINUOUS
10
156.376499999999993
20
-74.9174999999999898
11
155.9014999999999986
21
-74.9174999999999898
0
LINE
8
BLACK
6
CONTINUOUS
10
155.9014999999999986
20
-74.9174999999999898
11
155.8106129999999894
21
-74.8994209999999896
0
LINE
8
BLACK
6
CONTINUOUS
10
155.8106129999999894
20
-74.8994209999999896
11
155.7335620000000063
21
-74.8479379999999992
0
LINE
8
BLACK
6
CONTINUOUS
10
155.7335620000000063
20
-74.8479379999999992
11
155.6820789999999874
21
-74.7708870000000019
0
LINE
8
BLACK
6
CONTINUOUS
10
155.6820789999999874
20
-74.7708870000000019
11
155.6639999999999873
21
-74.6799999999999926
0
LINE
8
BLACK
6
CONTINUOUS
10
155.6639999999999873
20
-74.6799999999999926
11
155.6639999999999873
21
-74.0799999999999983
0
LINE
8
BLACK
6
CONTINUOUS
10
155.6639999999999873
20
-74.0799999999999983
11
155.6820789999999874
21
-73.9891130000000032
0
LINE
8
BLACK
6
CONTINUOUS
10
155.6820789999999874
20
-73.9891130000000032
11
155.7335620000000063
21
-73.9120619999999917
0
LINE
8
BLACK
6
CONTINUOUS
10
155.7335620000000063
20
-73.9120619999999917
11
155.8106129999999894
21
-73.8605790000000013
0
LINE
8
BLACK
6
CONTINUOUS
10
155.8106129999999894
20
-73.8605790000000013
11
155.9014999999999986
21
-73.8425000000000011
0
LINE
8
BLACK
6
CONTINUOUS
10
155.9014999999999986
20
-73.8425000000000011
11
156.376499999999993
21
-73.8425000000000011
0
LINE
8
BLACK
6
CONTINUOUS
10
156.376499999999993
20
-73.8425000000000011
11
156.4673870000000022
21
-73.8605790000000013
  0
ENDSEC
  0
EOF
