  0
SECTION
  2
HEADER
  9
$ANGBASE
  50
0.0
  9
$ANGDIR
  70
1
  9
$MEASUREMENT
  70
1
  0
ENDSEC
  0
SECTION
  2
TABLES
  0
TABLE
  2
LTYPE
  70
4
  0
LTYPE
  5
40F
  2
CONTINUOUS
  70
0
  3
Solid line
  72
65
  73
0
  40
0.0
  0
LTYPE
  5
410
  2
DASHDOT
 70
0
  3
Dash Dot ____ _ ____ _
 72
65
 73
4
 40
2.0
 49
1.25
 49
-0.25
 49
0.25
 49
-0.25
  0
LTYPE
  5
411
  2
DASHED
 70
0
  3
Dashed __ __ __ __ __
 72
65
 73
2
 40
0.75
 49
0.5
 49
-0.25
  0
LTYPE
  5
43B
  2
DOTTED
 70
0
  3
Dotted .  .  .  .
 72
65
 73
2
 40
0.2
 49
0.0
 49
-0.2
  0
ENDTAB
  0
TABLE
  2
STYLE
  70
4
  0
STYLE
  2
KICAD
  70
0
  40
0
  41
1
  42
1
  50
0
  71
0
  3
isocp.shx
  0
STYLE
  2
KICADB
  70
0
  40
0
  41
1
  42
1
  50
0
  71
0
  3
isocp.shx
  0
STYLE
  2
KICADI
  70
0
  40
0
  41
1
  42
1
  50
15
  71
0
  3
isocp.shx
  0
STYLE
  2
KICADBI
  70
0
  40
0
  41
1
  42
1
  50
15
  71
0
  3
isocp.shx
  0
ENDTAB
  0
TABLE
  2
LAYER
  70
1
  0
LAYER
  2
BLACK
  70
0
  62
7
  6
CONTINUOUS
  0
ENDTAB
  0
ENDSEC
  0
SECTION
  2
ENTITIES
0
LINE
8
BLACK
6
CONTINUOUS
10
164.4877009999999871
20
-90.2682089999999988
11
164.5120330000000024
21
-90.2844669999999923
0
LINE
8
BLACK
6
CONTINUOUS
10
164.5120330000000024
20
-90.2844669999999923
11
164.5282909999999958
21
-90.3087989999999934
0
LINE
8
BLACK
6
CONTINUOUS
10
164.5282909999999958
20
-90.3087989999999934
11
164.5339999999999918
21
-90.3374999999999915
0
LINE
8
BLACK
6
CONTINUOUS
10
164.5339999999999918
20
-90.3374999999999915
11
164.5339999999999918
21
-91.6624999999999943
0
LINE
8
BLACK
6
CONTINUOUS
10
164.5339999999999918
20
-91.6624999999999943
11
164.5282909999999958
21
-91.6912009999999924
0
LINE
8
BLACK
6
CONTINUOUS
10
164.5282909999999958
20
-91.6912009999999924
11
164.5120330000000024
21
-91.7155329999999935
0
LINE
8
BLACK
6
CONTINUOUS
10
164.5120330000000024
20
-91.7155329999999935
11
164.5089999999999861
21
-91.7175589999999943
0
LINE
8
BLACK
6
CONTINUOUS
10
164.5089999999999861
20
-91.7175589999999943
11
164.5089999999999861
21
-92.375
0
LINE
8
BLACK
6
CONTINUOUS
10
164.5089999999999861
20
-92.375
11
164.5065979999999968
21
-92.3993859999999927
0
LINE
8
BLACK
6
CONTINUOUS
10
164.5065979999999968
20
-92.3993859999999927
11
164.5065979999999968
21
-92.3993869999999902
0
LINE
8
BLACK
6
CONTINUOUS
10
164.5065979999999968
20
-92.3993869999999902
11
164.4879339999999956
21
-92.4444459999999992
0
LINE
8
BLACK
6
CONTINUOUS
10
164.4879339999999956
20
-92.4444459999999992
11
164.4723889999999926
21
-92.4633879999999948
0
LINE
8
BLACK
6
CONTINUOUS
10
164.4723889999999926
20
-92.4633879999999948
11
164.0473879999999838
21
-92.888387999999992
0
LINE
8
BLACK
6
CONTINUOUS
10
164.0473879999999838
20
-92.888387999999992
11
164.0284509999999898
21
-92.9039279999999934
0
LINE
8
BLACK
6
CONTINUOUS
10
164.0284509999999898
20
-92.9039279999999934
11
164.0284460000000024
21
-92.9039339999999925
0
LINE
8
BLACK
6
CONTINUOUS
10
164.0284460000000024
20
-92.9039339999999925
11
164.0056209999999908
21
-92.9133879999999976
0
LINE
8
BLACK
6
CONTINUOUS
10
164.0056209999999908
20
-92.9133879999999976
11
163.9833869999999933
21
-92.9225979999999936
0
LINE
8
BLACK
6
CONTINUOUS
10
163.9833869999999933
20
-92.9225979999999936
11
163.9833859999999959
21
-92.9225979999999936
0
LINE
8
BLACK
6
CONTINUOUS
10
163.9833859999999959
20
-92.9225979999999936
11
163.9590000000000032
21
-92.9249999999999972
0
LINE
8
BLACK
6
CONTINUOUS
10
163.9590000000000032
20
-92.9249999999999972
11
163.1201930000000004
21
-92.9249999999999972
0
LINE
8
BLACK
6
CONTINUOUS
10
163.1201930000000004
20
-92.9249999999999972
11
161.8618040000000065
21
-94.1833879999999937
0
LINE
8
BLACK
6
CONTINUOUS
10
161.8618040000000065
20
-94.1833879999999937
11
161.842866999999984
21
-94.1989279999999951
0
LINE
8
BLACK
6
CONTINUOUS
10
161.842866999999984
20
-94.1989279999999951
11
161.8428619999999967
21
-94.1989339999999942
0
LINE
8
BLACK
6
CONTINUOUS
10
161.8428619999999967
20
-94.1989339999999942
11
161.8109999999999786
21
-94.2121309999999994
0
LINE
8
BLACK
6
CONTINUOUS
10
161.8109999999999786
20
-94.2121309999999994
11
161.7978029999999876
21
-94.2175979999999953
0
LINE
8
BLACK
6
CONTINUOUS
10
161.7978029999999876
20
-94.2175979999999953
11
161.7978019999999901
21
-94.2175979999999953
0
LINE
8
BLACK
6
CONTINUOUS
10
161.7978019999999901
20
-94.2175979999999953
11
161.7734159999999974
21
-94.2199999999999989
0
LINE
8
BLACK
6
CONTINUOUS
10
161.7734159999999974
20
-94.2199999999999989
11
160.5943809999999985
21
-94.2199999999999989
0
LINE
8
BLACK
6
CONTINUOUS
10
160.5943809999999985
20
-94.2199999999999989
11
160.3559919999999863
21
-94.4583879999999994
0
LINE
8
BLACK
6
CONTINUOUS
10
160.3559919999999863
20
-94.4583879999999994
11
160.3370549999999923
21
-94.4739280000000008
0
LINE
8
BLACK
6
CONTINUOUS
10
160.3370549999999923
20
-94.4739280000000008
11
160.337050000000005
21
-94.4739339999999999
0
LINE
8
BLACK
6
CONTINUOUS
10
160.337050000000005
20
-94.4739339999999999
11
160.3051879999999869
21
-94.4871309999999909
0
LINE
8
BLACK
6
CONTINUOUS
10
160.3051879999999869
20
-94.4871309999999909
11
160.2919909999999959
21
-94.492598000000001
0
LINE
8
BLACK
6
CONTINUOUS
10
160.2919909999999959
20
-94.492598000000001
11
160.2919899999999984
21
-94.492598000000001
0
LINE
8
BLACK
6
CONTINUOUS
10
160.2919899999999984
20
-94.492598000000001
11
160.2676040000000057
21
-94.4949999999999903
0
LINE
8
BLACK
6
CONTINUOUS
10
160.2676040000000057
20
-94.4949999999999903
11
156.280776000000003
21
-94.4949999999999903
0
LINE
8
BLACK
6
CONTINUOUS
10
156.280776000000003
20
-94.4949999999999903
11
154.6779249999999877
21
-96.097849999999994
0
LINE
8
BLACK
6
CONTINUOUS
10
154.6779249999999877
20
-96.097849999999994
11
154.728746000000001
21
-96.2091339999999917
0
LINE
8
BLACK
6
CONTINUOUS
10
154.728746000000001
20
-96.2091339999999917
11
154.7489999999999952
21
-96.3499999999999943
0
LINE
8
BLACK
6
CONTINUOUS
10
154.7489999999999952
20
-96.3499999999999943
11
154.728746000000001
21
-96.4908659999999969
0
LINE
8
BLACK
6
CONTINUOUS
10
154.728746000000001
20
-96.4908659999999969
11
154.6696269999999913
21
-96.6203199999999924
0
LINE
8
BLACK
6
CONTINUOUS
10
154.6696269999999913
20
-96.6203199999999924
11
154.5764299999999878
21
-96.7278749999999974
0
LINE
8
BLACK
6
CONTINUOUS
10
154.5764299999999878
20
-96.7278749999999974
11
154.4567079999999919
21
-96.8048160000000024
0
LINE
8
BLACK
6
CONTINUOUS
10
154.4567079999999919
20
-96.8048160000000024
11
154.3201569999999947
21
-96.8449109999999962
0
LINE
8
BLACK
6
CONTINUOUS
10
154.3201569999999947
20
-96.8449109999999962
11
154.1778429999999958
21
-96.8449109999999962
0
LINE
8
BLACK
6
CONTINUOUS
10
154.1778429999999958
20
-96.8449109999999962
11
154.0412919999999986
21
-96.8048160000000024
0
LINE
8
BLACK
6
CONTINUOUS
10
154.0412919999999986
20
-96.8048160000000024
11
153.9215700000000027
21
-96.7278749999999974
0
LINE
8
BLACK
6
CONTINUOUS
10
153.9215700000000027
20
-96.7278749999999974
11
153.8283729999999991
21
-96.6203199999999924
0
LINE
8
BLACK
6
CONTINUOUS
10
153.8283729999999991
20
-96.6203199999999924
11
153.7692539999999894
21
-96.4908659999999969
0
LINE
8
BLACK
6
CONTINUOUS
10
153.7692539999999894
20
-96.4908659999999969
11
153.7489999999999952
21
-96.3499999999999943
0
LINE
8
BLACK
6
CONTINUOUS
10
153.7489999999999952
20
-96.3499999999999943
11
153.7692539999999894
21
-96.2091339999999917
0
LINE
8
BLACK
6
CONTINUOUS
10
153.7692539999999894
20
-96.2091339999999917
11
153.8283729999999991
21
-96.0796799999999962
0
LINE
8
BLACK
6
CONTINUOUS
10
153.8283729999999991
20
-96.0796799999999962
11
153.9215700000000027
21
-95.9721249999999912
0
LINE
8
BLACK
6
CONTINUOUS
10
153.9215700000000027
20
-95.9721249999999912
11
154.0412919999999986
21
-95.8951840000000004
0
LINE
8
BLACK
6
CONTINUOUS
10
154.0412919999999986
20
-95.8951840000000004
11
154.1778429999999958
21
-95.8550889999999924
0
LINE
8
BLACK
6
CONTINUOUS
10
154.1778429999999958
20
-95.8550889999999924
11
154.3201569999999947
21
-95.8550889999999924
0
LINE
8
BLACK
6
CONTINUOUS
10
154.3201569999999947
20
-95.8550889999999924
11
154.4567079999999919
21
-95.8951840000000004
0
LINE
8
BLACK
6
CONTINUOUS
10
154.4567079999999919
20
-95.8951840000000004
11
154.4995229999999822
21
-95.9226999999999919
0
LINE
8
BLACK
6
CONTINUOUS
10
154.4995229999999822
20
-95.9226999999999919
11
156.1406120000000044
21
-94.2816119999999955
0
LINE
8
BLACK
6
CONTINUOUS
10
156.1406120000000044
20
-94.2816119999999955
11
156.1595480000000009
21
-94.2660709999999966
0
LINE
8
BLACK
6
CONTINUOUS
10
156.1595480000000009
20
-94.2660709999999966
11
156.1595539999999858
21
-94.266065999999995
0
LINE
8
BLACK
6
CONTINUOUS
10
156.1595539999999858
20
-94.266065999999995
11
156.1962509999999895
21
-94.250866000000002
0
LINE
8
BLACK
6
CONTINUOUS
10
156.1962509999999895
20
-94.250866000000002
11
156.2046129999999948
21
-94.2474019999999939
0
LINE
8
BLACK
6
CONTINUOUS
10
156.2046129999999948
20
-94.2474019999999939
11
156.2046139999999923
21
-94.2474019999999939
0
LINE
8
BLACK
6
CONTINUOUS
10
156.2046139999999923
20
-94.2474019999999939
11
156.228999999999985
21
-94.2449999999999903
0
LINE
8
BLACK
6
CONTINUOUS
10
156.228999999999985
20
-94.2449999999999903
11
160.2158279999999877
21
-94.2449999999999903
0
LINE
8
BLACK
6
CONTINUOUS
10
160.2158279999999877
20
-94.2449999999999903
11
160.4542160000000024
21
-94.0066109999999924
0
LINE
8
BLACK
6
CONTINUOUS
10
160.4542160000000024
20
-94.0066109999999924
11
160.4731579999999838
21
-93.9910659999999893
0
LINE
8
BLACK
6
CONTINUOUS
10
160.4731579999999838
20
-93.9910659999999893
11
160.5182169999999928
21
-93.9724020000000024
0
LINE
8
BLACK
6
CONTINUOUS
10
160.5182169999999928
20
-93.9724020000000024
11
160.5182179999999903
21
-93.9724020000000024
0
LINE
8
BLACK
6
CONTINUOUS
10
160.5182179999999903
20
-93.9724020000000024
11
160.542603999999983
21
-93.9699999999999989
0
LINE
8
BLACK
6
CONTINUOUS
10
160.542603999999983
20
-93.9699999999999989
11
161.7216399999999794
21
-93.9699999999999989
0
LINE
8
BLACK
6
CONTINUOUS
10
161.7216399999999794
20
-93.9699999999999989
11
162.9800280000000043
21
-92.7116109999999907
0
LINE
8
BLACK
6
CONTINUOUS
10
162.9800280000000043
20
-92.7116109999999907
11
162.9989699999999857
21
-92.6960660000000018
0
LINE
8
BLACK
6
CONTINUOUS
10
162.9989699999999857
20
-92.6960660000000018
11
163.0440299999999922
21
-92.6774020000000007
0
LINE
8
BLACK
6
CONTINUOUS
10
163.0440299999999922
20
-92.6774020000000007
11
163.0684159999999849
21
-92.6749999999999972
0
LINE
8
BLACK
6
CONTINUOUS
10
163.0684159999999849
20
-92.6749999999999972
11
163.9072239999999852
21
-92.6749999999999972
0
LINE
8
BLACK
6
CONTINUOUS
10
163.9072239999999852
20
-92.6749999999999972
11
164.2589999999999861
21
-92.3232229999999987
0
LINE
8
BLACK
6
CONTINUOUS
10
164.2589999999999861
20
-92.3232229999999987
11
164.2589999999999861
21
-91.7175589999999943
0
LINE
8
BLACK
6
CONTINUOUS
10
164.2589999999999861
20
-91.7175589999999943
11
164.2559669999999983
21
-91.7155329999999935
0
LINE
8
BLACK
6
CONTINUOUS
10
164.2559669999999983
20
-91.7155329999999935
11
164.2397090000000048
21
-91.6912009999999924
0
LINE
8
BLACK
6
CONTINUOUS
10
164.2397090000000048
20
-91.6912009999999924
11
164.2339999999999804
21
-91.6624999999999943
0
LINE
8
BLACK
6
CONTINUOUS
10
164.2339999999999804
20
-91.6624999999999943
11
164.2339999999999804
21
-90.3374999999999915
0
LINE
8
BLACK
6
CONTINUOUS
10
164.2339999999999804
20
-90.3374999999999915
11
164.2397090000000048
21
-90.3087989999999934
0
LINE
8
BLACK
6
CONTINUOUS
10
164.2397090000000048
20
-90.3087989999999934
11
164.2559669999999983
21
-90.2844669999999923
0
LINE
8
BLACK
6
CONTINUOUS
10
164.2559669999999983
20
-90.2844669999999923
11
164.2802989999999852
21
-90.2682089999999988
0
LINE
8
BLACK
6
CONTINUOUS
10
164.2802989999999852
20
-90.2682089999999988
11
164.3089999999999975
21
-90.2625000000000028
0
LINE
8
BLACK
6
CONTINUOUS
10
164.3089999999999975
20
-90.2625000000000028
11
164.4590000000000032
21
-90.2625000000000028
0
LINE
8
BLACK
6
CONTINUOUS
10
164.4590000000000032
20
-90.2625000000000028
11
164.4877009999999871
21
-90.2682089999999988
0
LINE
8
BLACK
6
CONTINUOUS
10
165.9877009999999871
20
-90.2682089999999988
11
166.0120330000000024
21
-90.2844669999999923
0
LINE
8
BLACK
6
CONTINUOUS
10
166.0120330000000024
20
-90.2844669999999923
11
166.0282909999999958
21
-90.3087989999999934
0
LINE
8
BLACK
6
CONTINUOUS
10
166.0282909999999958
20
-90.3087989999999934
11
166.0339999999999918
21
-90.3374999999999915
0
LINE
8
BLACK
6
CONTINUOUS
10
166.0339999999999918
20
-90.3374999999999915
11
166.0339999999999918
21
-91.6624999999999943
0
LINE
8
BLACK
6
CONTINUOUS
10
166.0339999999999918
20
-91.6624999999999943
11
166.0282909999999958
21
-91.6912009999999924
0
LINE
8
BLACK
6
CONTINUOUS
10
166.0282909999999958
20
-91.6912009999999924
11
166.0120330000000024
21
-91.7155329999999935
0
LINE
8
BLACK
6
CONTINUOUS
10
166.0120330000000024
20
-91.7155329999999935
11
166.0089999999999861
21
-91.7175589999999943
0
LINE
8
BLACK
6
CONTINUOUS
10
166.0089999999999861
20
-91.7175589999999943
11
166.0089999999999861
21
-93.2800000000000011
0
LINE
8
BLACK
6
CONTINUOUS
10
166.0089999999999861
20
-93.2800000000000011
11
166.0065979999999968
21
-93.3043859999999938
0
LINE
8
BLACK
6
CONTINUOUS
10
166.0065979999999968
20
-93.3043859999999938
11
166.0065979999999968
21
-93.3043869999999913
0
LINE
8
BLACK
6
CONTINUOUS
10
166.0065979999999968
20
-93.3043869999999913
11
165.9879339999999956
21
-93.3494460000000004
0
LINE
8
BLACK
6
CONTINUOUS
10
165.9879339999999956
20
-93.3494460000000004
11
165.9723879999999951
21
-93.3683879999999959
0
LINE
8
BLACK
6
CONTINUOUS
10
165.9723879999999951
20
-93.3683879999999959
11
165.1023879999999906
21
-94.2383880000000005
0
LINE
8
BLACK
6
CONTINUOUS
10
165.1023879999999906
20
-94.2383880000000005
11
165.0834509999999966
21
-94.2539280000000019
0
LINE
8
BLACK
6
CONTINUOUS
10
165.0834509999999966
20
-94.2539280000000019
11
165.0834459999999808
21
-94.253934000000001
0
LINE
8
BLACK
6
CONTINUOUS
10
165.0834459999999808
20
-94.253934000000001
11
165.0515839999999912
21
-94.267130999999992
0
LINE
8
BLACK
6
CONTINUOUS
10
165.0515839999999912
20
-94.267130999999992
11
165.0383870000000002
21
-94.2725980000000021
0
LINE
8
BLACK
6
CONTINUOUS
10
165.0383870000000002
20
-94.2725980000000021
11
165.0383860000000027
21
-94.2725980000000021
0
LINE
8
BLACK
6
CONTINUOUS
10
165.0383860000000027
20
-94.2725980000000021
11
165.0139999999999816
21
-94.2749999999999915
0
LINE
8
BLACK
6
CONTINUOUS
10
165.0139999999999816
20
-94.2749999999999915
11
163.6793810000000065
21
-94.2749999999999915
0
LINE
8
BLACK
6
CONTINUOUS
10
163.6793810000000065
20
-94.2749999999999915
11
162.420991999999984
21
-95.5333880000000022
0
LINE
8
BLACK
6
CONTINUOUS
10
162.420991999999984
20
-95.5333880000000022
11
162.4020549999999901
21
-95.5489279999999894
0
LINE
8
BLACK
6
CONTINUOUS
10
162.4020549999999901
20
-95.5489279999999894
11
162.4020500000000027
21
-95.5489340000000027
0
LINE
8
BLACK
6
CONTINUOUS
10
162.4020500000000027
20
-95.5489340000000027
11
162.3701879999999846
21
-95.5621309999999937
0
LINE
8
BLACK
6
CONTINUOUS
10
162.3701879999999846
20
-95.5621309999999937
11
162.3569909999999936
21
-95.5675979999999896
0
LINE
8
BLACK
6
CONTINUOUS
10
162.3569909999999936
20
-95.5675979999999896
11
162.3569899999999961
21
-95.5675979999999896
0
LINE
8
BLACK
6
CONTINUOUS
10
162.3569899999999961
20
-95.5675979999999896
11
162.3326040000000035
21
-95.5699999999999932
0
LINE
8
BLACK
6
CONTINUOUS
10
162.3326040000000035
20
-95.5699999999999932
11
161.1871730000000014
21
-95.5699999999999932
0
LINE
8
BLACK
6
CONTINUOUS
10
161.1871730000000014
20
-95.5699999999999932
11
160.9487839999999892
21
-95.8083879999999937
0
LINE
8
BLACK
6
CONTINUOUS
10
160.9487839999999892
20
-95.8083879999999937
11
160.9298469999999952
21
-95.8239279999999951
0
LINE
8
BLACK
6
CONTINUOUS
10
160.9298469999999952
20
-95.8239279999999951
11
160.9298419999999794
21
-95.8239339999999942
0
LINE
8
BLACK
6
CONTINUOUS
10
160.9298419999999794
20
-95.8239339999999942
11
160.8979799999999898
21
-95.8371309999999994
0
LINE
8
BLACK
6
CONTINUOUS
10
160.8979799999999898
20
-95.8371309999999994
11
160.8847829999999988
21
-95.8425979999999953
0
LINE
8
BLACK
6
CONTINUOUS
10
160.8847829999999988
20
-95.8425979999999953
11
160.8847820000000013
21
-95.8425979999999953
0
LINE
8
BLACK
6
CONTINUOUS
10
160.8847820000000013
20
-95.8425979999999953
11
160.8603959999999802
21
-95.8449999999999989
0
LINE
8
BLACK
6
CONTINUOUS
10
160.8603959999999802
20
-95.8449999999999989
11
160.6357769999999903
21
-95.8449999999999989
0
LINE
8
BLACK
6
CONTINUOUS
10
160.6357769999999903
20
-95.8449999999999989
11
160.4629249999999843
21
-96.0178509999999932
0
LINE
8
BLACK
6
CONTINUOUS
10
160.4629249999999843
20
-96.0178509999999932
11
160.5137459999999976
21
-96.1291339999999934
0
LINE
8
BLACK
6
CONTINUOUS
10
160.5137459999999976
20
-96.1291339999999934
11
160.5339999999999918
21
-96.269999999999996
0
LINE
8
BLACK
6
CONTINUOUS
10
160.5339999999999918
20
-96.269999999999996
11
160.5137459999999976
21
-96.4108659999999986
0
LINE
8
BLACK
6
CONTINUOUS
10
160.5137459999999976
20
-96.4108659999999986
11
160.4546269999999879
21
-96.5403199999999941
0
LINE
8
BLACK
6
CONTINUOUS
10
160.4546269999999879
20
-96.5403199999999941
11
160.3614299999999844
21
-96.6478749999999991
0
LINE
8
BLACK
6
CONTINUOUS
10
160.3614299999999844
20
-96.6478749999999991
11
160.2417079999999885
21
-96.7248159999999899
0
LINE
8
BLACK
6
CONTINUOUS
10
160.2417079999999885
20
-96.7248159999999899
11
160.1051569999999913
21
-96.7649109999999979
0
LINE
8
BLACK
6
CONTINUOUS
10
160.1051569999999913
20
-96.7649109999999979
11
159.9628429999999923
21
-96.7649109999999979
0
LINE
8
BLACK
6
CONTINUOUS
10
159.9628429999999923
20
-96.7649109999999979
11
159.8262919999999951
21
-96.7248159999999899
0
LINE
8
BLACK
6
CONTINUOUS
10
159.8262919999999951
20
-96.7248159999999899
11
159.7065699999999993
21
-96.6478749999999991
0
LINE
8
BLACK
6
CONTINUOUS
10
159.7065699999999993
20
-96.6478749999999991
11
159.6133729999999957
21
-96.5403199999999941
0
LINE
8
BLACK
6
CONTINUOUS
10
159.6133729999999957
20
-96.5403199999999941
11
159.554253999999986
21
-96.4108659999999986
0
LINE
8
BLACK
6
CONTINUOUS
10
159.554253999999986
20
-96.4108659999999986
11
159.5339999999999918
21
-96.269999999999996
0
LINE
8
BLACK
6
CONTINUOUS
10
159.5339999999999918
20
-96.269999999999996
11
159.554253999999986
21
-96.1291339999999934
0
LINE
8
BLACK
6
CONTINUOUS
10
159.554253999999986
20
-96.1291339999999934
11
159.6133729999999957
21
-95.9996799999999979
0
LINE
8
BLACK
6
CONTINUOUS
10
159.6133729999999957
20
-95.9996799999999979
11
159.7065699999999993
21
-95.892124999999993
0
LINE
8
BLACK
6
CONTINUOUS
10
159.7065699999999993
20
-95.892124999999993
11
159.8262919999999951
21
-95.8151840000000021
0
LINE
8
BLACK
6
CONTINUOUS
10
159.8262919999999951
20
-95.8151840000000021
11
159.9628429999999923
21
-95.7750889999999941
0
LINE
8
BLACK
6
CONTINUOUS
10
159.9628429999999923
20
-95.7750889999999941
11
160.1051569999999913
21
-95.7750889999999941
0
LINE
8
BLACK
6
CONTINUOUS
10
160.1051569999999913
20
-95.7750889999999941
11
160.2417079999999885
21
-95.8151840000000021
0
LINE
8
BLACK
6
CONTINUOUS
10
160.2417079999999885
20
-95.8151840000000021
11
160.2845229999999788
21
-95.8426989999999961
0
LINE
8
BLACK
6
CONTINUOUS
10
160.2845229999999788
20
-95.8426989999999961
11
160.4956109999999967
21
-95.6316119999999898
0
LINE
8
BLACK
6
CONTINUOUS
10
160.4956109999999967
20
-95.6316119999999898
11
160.5145530000000065
21
-95.616067000000001
0
LINE
8
BLACK
6
CONTINUOUS
10
160.5145530000000065
20
-95.616067000000001
11
160.514554000000004
21
-95.6160659999999893
0
LINE
8
BLACK
6
CONTINUOUS
10
160.514554000000004
20
-95.6160659999999893
11
160.5438439999999787
21
-95.6039339999999953
0
LINE
8
BLACK
6
CONTINUOUS
10
160.5438439999999787
20
-95.6039339999999953
11
160.5596129999999846
21
-95.5974020000000024
0
LINE
8
BLACK
6
CONTINUOUS
10
160.5596129999999846
20
-95.5974020000000024
11
160.5596139999999821
21
-95.5974020000000024
0
LINE
8
BLACK
6
CONTINUOUS
10
160.5596139999999821
20
-95.5974020000000024
11
160.5840000000000032
21
-95.5949999999999989
0
LINE
8
BLACK
6
CONTINUOUS
10
160.5840000000000032
20
-95.5949999999999989
11
160.8086199999999906
21
-95.5949999999999989
0
LINE
8
BLACK
6
CONTINUOUS
10
160.8086199999999906
20
-95.5949999999999989
11
161.0470080000000053
21
-95.3566110000000009
0
LINE
8
BLACK
6
CONTINUOUS
10
161.0470080000000053
20
-95.3566110000000009
11
161.0659499999999866
21
-95.3410659999999979
0
LINE
8
BLACK
6
CONTINUOUS
10
161.0659499999999866
20
-95.3410659999999979
11
161.1110089999999957
21
-95.3224019999999967
0
LINE
8
BLACK
6
CONTINUOUS
10
161.1110089999999957
20
-95.3224019999999967
11
161.1110099999999932
21
-95.3224019999999967
0
LINE
8
BLACK
6
CONTINUOUS
10
161.1110099999999932
20
-95.3224019999999967
11
161.1353959999999859
21
-95.3199999999999932
0
LINE
8
BLACK
6
CONTINUOUS
10
161.1353959999999859
20
-95.3199999999999932
11
162.2808279999999854
21
-95.3199999999999932
0
LINE
8
BLACK
6
CONTINUOUS
10
162.2808279999999854
20
-95.3199999999999932
11
163.5392159999999819
21
-94.0616109999999992
0
LINE
8
BLACK
6
CONTINUOUS
10
163.5392159999999819
20
-94.0616109999999992
11
163.5581579999999917
21
-94.0460659999999962
0
LINE
8
BLACK
6
CONTINUOUS
10
163.5581579999999917
20
-94.0460659999999962
11
163.6032179999999983
21
-94.027401999999995
0
LINE
8
BLACK
6
CONTINUOUS
10
163.6032179999999983
20
-94.027401999999995
11
163.6276039999999909
21
-94.0249999999999915
0
LINE
8
BLACK
6
CONTINUOUS
10
163.6276039999999909
20
-94.0249999999999915
11
164.962223999999992
21
-94.0249999999999915
0
LINE
8
BLACK
6
CONTINUOUS
10
164.962223999999992
20
-94.0249999999999915
11
165.7589999999999861
21
-93.2282239999999973
0
LINE
8
BLACK
6
CONTINUOUS
10
165.7589999999999861
20
-93.2282239999999973
11
165.7589999999999861
21
-91.7175589999999943
0
LINE
8
BLACK
6
CONTINUOUS
10
165.7589999999999861
20
-91.7175589999999943
11
165.7559669999999983
21
-91.7155329999999935
0
LINE
8
BLACK
6
CONTINUOUS
10
165.7559669999999983
20
-91.7155329999999935
11
165.7397090000000048
21
-91.6912009999999924
0
LINE
8
BLACK
6
CONTINUOUS
10
165.7397090000000048
20
-91.6912009999999924
11
165.7339999999999804
21
-91.6624999999999943
0
LINE
8
BLACK
6
CONTINUOUS
10
165.7339999999999804
20
-91.6624999999999943
11
165.7339999999999804
21
-90.3374999999999915
0
LINE
8
BLACK
6
CONTINUOUS
10
165.7339999999999804
20
-90.3374999999999915
11
165.7397090000000048
21
-90.3087989999999934
0
LINE
8
BLACK
6
CONTINUOUS
10
165.7397090000000048
20
-90.3087989999999934
11
165.7559669999999983
21
-90.2844669999999923
0
LINE
8
BLACK
6
CONTINUOUS
10
165.7559669999999983
20
-90.2844669999999923
11
165.7802989999999852
21
-90.2682089999999988
0
LINE
8
BLACK
6
CONTINUOUS
10
165.7802989999999852
20
-90.2682089999999988
11
165.8089999999999975
21
-90.2625000000000028
0
LINE
8
BLACK
6
CONTINUOUS
10
165.8089999999999975
20
-90.2625000000000028
11
165.9590000000000032
21
-90.2625000000000028
0
LINE
8
BLACK
6
CONTINUOUS
10
165.9590000000000032
20
-90.2625000000000028
11
165.9877009999999871
21
-90.2682089999999988
0
LINE
8
BLACK
6
CONTINUOUS
10
166.4877009999999871
20
-90.2682089999999988
11
166.5120330000000024
21
-90.2844669999999923
0
LINE
8
BLACK
6
CONTINUOUS
10
166.5120330000000024
20
-90.2844669999999923
11
166.5282909999999958
21
-90.3087989999999934
0
LINE
8
BLACK
6
CONTINUOUS
10
166.5282909999999958
20
-90.3087989999999934
11
166.5339999999999918
21
-90.3374999999999915
0
LINE
8
BLACK
6
CONTINUOUS
10
166.5339999999999918
20
-90.3374999999999915
11
166.5339999999999918
21
-91.6624999999999943
0
LINE
8
BLACK
6
CONTINUOUS
10
166.5339999999999918
20
-91.6624999999999943
11
166.5282909999999958
21
-91.6912009999999924
0
LINE
8
BLACK
6
CONTINUOUS
10
166.5282909999999958
20
-91.6912009999999924
11
166.5120330000000024
21
-91.7155329999999935
0
LINE
8
BLACK
6
CONTINUOUS
10
166.5120330000000024
20
-91.7155329999999935
11
166.5089999999999861
21
-91.7175589999999943
0
LINE
8
BLACK
6
CONTINUOUS
10
166.5089999999999861
20
-91.7175589999999943
11
166.5089999999999861
21
-93.4163959999999918
0
LINE
8
BLACK
6
CONTINUOUS
10
166.5089999999999861
20
-93.4163959999999918
11
166.5065979999999968
21
-93.4407819999999987
0
LINE
8
BLACK
6
CONTINUOUS
10
166.5065979999999968
20
-93.4407819999999987
11
166.5065979999999968
21
-93.4407829999999962
0
LINE
8
BLACK
6
CONTINUOUS
10
166.5065979999999968
20
-93.4407829999999962
11
166.4879339999999956
21
-93.485841999999991
0
LINE
8
BLACK
6
CONTINUOUS
10
166.4879339999999956
20
-93.485841999999991
11
166.4723879999999951
21
-93.5047840000000008
0
LINE
8
BLACK
6
CONTINUOUS
10
166.4723879999999951
20
-93.5047840000000008
11
165.2887839999999926
21
-94.6883879999999891
0
LINE
8
BLACK
6
CONTINUOUS
10
165.2887839999999926
20
-94.6883879999999891
11
165.2698469999999986
21
-94.7039279999999906
0
LINE
8
BLACK
6
CONTINUOUS
10
165.2698469999999986
20
-94.7039279999999906
11
165.2698419999999828
21
-94.7039339999999896
0
LINE
8
BLACK
6
CONTINUOUS
10
165.2698419999999828
20
-94.7039339999999896
11
165.2379799999999932
21
-94.7171309999999949
0
LINE
8
BLACK
6
CONTINUOUS
10
165.2379799999999932
20
-94.7171309999999949
11
165.2247830000000022
21
-94.7225979999999907
0
LINE
8
BLACK
6
CONTINUOUS
10
165.2247830000000022
20
-94.7225979999999907
11
165.2247820000000047
21
-94.7225979999999907
0
LINE
8
BLACK
6
CONTINUOUS
10
165.2247820000000047
20
-94.7225979999999907
11
165.2003959999999836
21
-94.7249999999999943
0
LINE
8
BLACK
6
CONTINUOUS
10
165.2003959999999836
20
-94.7249999999999943
11
163.86577699999998
21
-94.7249999999999943
0
LINE
8
BLACK
6
CONTINUOUS
10
163.86577699999998
20
-94.7249999999999943
11
162.3070219999999892
21
-96.2837529999999902
0
LINE
8
BLACK
6
CONTINUOUS
10
162.3070219999999892
20
-96.2837529999999902
11
162.2887460000000033
21
-96.4108659999999986
0
LINE
8
BLACK
6
CONTINUOUS
10
162.2887460000000033
20
-96.4108659999999986
11
162.2296269999999936
21
-96.5403199999999941
0
LINE
8
BLACK
6
CONTINUOUS
10
162.2296269999999936
20
-96.5403199999999941
11
162.1364299999999901
21
-96.6478749999999991
0
LINE
8
BLACK
6
CONTINUOUS
10
162.1364299999999901
20
-96.6478749999999991
11
162.0167079999999942
21
-96.7248159999999899
0
LINE
8
BLACK
6
CONTINUOUS
10
162.0167079999999942
20
-96.7248159999999899
11
161.880156999999997
21
-96.7649109999999979
0
LINE
8
BLACK
6
CONTINUOUS
10
161.880156999999997
20
-96.7649109999999979
11
161.737842999999998
21
-96.7649109999999979
0
LINE
8
BLACK
6
CONTINUOUS
10
161.737842999999998
20
-96.7649109999999979
11
161.6012920000000008
21
-96.7248159999999899
0
LINE
8
BLACK
6
CONTINUOUS
10
161.6012920000000008
20
-96.7248159999999899
11
161.4815700000000049
21
-96.6478749999999991
0
LINE
8
BLACK
6
CONTINUOUS
10
161.4815700000000049
20
-96.6478749999999991
11
161.3883730000000014
21
-96.5403199999999941
0
LINE
8
BLACK
6
CONTINUOUS
10
161.3883730000000014
20
-96.5403199999999941
11
161.3292539999999917
21
-96.4108659999999986
0
LINE
8
BLACK
6
CONTINUOUS
10
161.3292539999999917
20
-96.4108659999999986
11
161.3089999999999975
21
-96.269999999999996
0
LINE
8
BLACK
6
CONTINUOUS
10
161.3089999999999975
20
-96.269999999999996
11
161.3292539999999917
21
-96.1291339999999934
0
LINE
8
BLACK
6
CONTINUOUS
10
161.3292539999999917
20
-96.1291339999999934
11
161.3883730000000014
21
-95.9996799999999979
0
LINE
8
BLACK
6
CONTINUOUS
10
161.3883730000000014
20
-95.9996799999999979
11
161.4815700000000049
21
-95.892124999999993
0
LINE
8
BLACK
6
CONTINUOUS
10
161.4815700000000049
20
-95.892124999999993
11
161.6012920000000008
21
-95.8151840000000021
0
LINE
8
BLACK
6
CONTINUOUS
10
161.6012920000000008
20
-95.8151840000000021
11
161.737842999999998
21
-95.7750889999999941
0
LINE
8
BLACK
6
CONTINUOUS
10
161.737842999999998
20
-95.7750889999999941
11
161.880156999999997
21
-95.7750889999999941
0
LINE
8
BLACK
6
CONTINUOUS
10
161.880156999999997
20
-95.7750889999999941
11
162.0167079999999942
21
-95.8151840000000021
0
LINE
8
BLACK
6
CONTINUOUS
10
162.0167079999999942
20
-95.8151840000000021
11
162.1364299999999901
21
-95.892124999999993
0
LINE
8
BLACK
6
CONTINUOUS
10
162.1364299999999901
20
-95.892124999999993
11
162.2296269999999936
21
-95.9996799999999979
0
LINE
8
BLACK
6
CONTINUOUS
10
162.2296269999999936
20
-95.9996799999999979
11
162.2321089999999799
21
-96.0051139999999918
0
LINE
8
BLACK
6
CONTINUOUS
10
162.2321089999999799
20
-96.0051139999999918
11
163.7256119999999839
21
-94.511611000000002
0
LINE
8
BLACK
6
CONTINUOUS
10
163.7256119999999839
20
-94.511611000000002
11
163.7445539999999937
21
-94.496065999999999
0
LINE
8
BLACK
6
CONTINUOUS
10
163.7445539999999937
20
-94.496065999999999
11
163.7896140000000003
21
-94.4774019999999979
0
LINE
8
BLACK
6
CONTINUOUS
10
163.7896140000000003
20
-94.4774019999999979
11
163.813999999999993
21
-94.4749999999999943
0
LINE
8
BLACK
6
CONTINUOUS
10
163.813999999999993
20
-94.4749999999999943
11
165.148619999999994
21
-94.4749999999999943
0
LINE
8
BLACK
6
CONTINUOUS
10
165.148619999999994
20
-94.4749999999999943
11
166.2589999999999861
21
-93.3646200000000022
0
LINE
8
BLACK
6
CONTINUOUS
10
166.2589999999999861
20
-93.3646200000000022
11
166.2589999999999861
21
-91.7175589999999943
0
LINE
8
BLACK
6
CONTINUOUS
10
166.2589999999999861
20
-91.7175589999999943
11
166.2559669999999983
21
-91.7155329999999935
0
LINE
8
BLACK
6
CONTINUOUS
10
166.2559669999999983
20
-91.7155329999999935
11
166.2397090000000048
21
-91.6912009999999924
0
LINE
8
BLACK
6
CONTINUOUS
10
166.2397090000000048
20
-91.6912009999999924
11
166.2339999999999804
21
-91.6624999999999943
0
LINE
8
BLACK
6
CONTINUOUS
10
166.2339999999999804
20
-91.6624999999999943
11
166.2339999999999804
21
-90.3374999999999915
0
LINE
8
BLACK
6
CONTINUOUS
10
166.2339999999999804
20
-90.3374999999999915
11
166.2397090000000048
21
-90.3087989999999934
0
LINE
8
BLACK
6
CONTINUOUS
10
166.2397090000000048
20
-90.3087989999999934
11
166.2559669999999983
21
-90.2844669999999923
0
LINE
8
BLACK
6
CONTINUOUS
10
166.2559669999999983
20
-90.2844669999999923
11
166.2802989999999852
21
-90.2682089999999988
0
LINE
8
BLACK
6
CONTINUOUS
10
166.2802989999999852
20
-90.2682089999999988
11
166.3089999999999975
21
-90.2625000000000028
0
LINE
8
BLACK
6
CONTINUOUS
10
166.3089999999999975
20
-90.2625000000000028
11
166.4590000000000032
21
-90.2625000000000028
0
LINE
8
BLACK
6
CONTINUOUS
10
166.4590000000000032
20
-90.2625000000000028
11
166.4877009999999871
21
-90.2682089999999988
0
LINE
8
BLACK
6
CONTINUOUS
10
166.9877009999999871
20
-90.2682089999999988
11
167.0120330000000024
21
-90.2844669999999923
0
LINE
8
BLACK
6
CONTINUOUS
10
167.0120330000000024
20
-90.2844669999999923
11
167.0282909999999958
21
-90.3087989999999934
0
LINE
8
BLACK
6
CONTINUOUS
10
167.0282909999999958
20
-90.3087989999999934
11
167.0339999999999918
21
-90.3374999999999915
0
LINE
8
BLACK
6
CONTINUOUS
10
167.0339999999999918
20
-90.3374999999999915
11
167.0339999999999918
21
-91.6624999999999943
0
LINE
8
BLACK
6
CONTINUOUS
10
167.0339999999999918
20
-91.6624999999999943
11
167.0282909999999958
21
-91.6912009999999924
0
LINE
8
BLACK
6
CONTINUOUS
10
167.0282909999999958
20
-91.6912009999999924
11
167.0120330000000024
21
-91.7155329999999935
0
LINE
8
BLACK
6
CONTINUOUS
10
167.0120330000000024
20
-91.7155329999999935
11
167.0089999999999861
21
-91.7175589999999943
0
LINE
8
BLACK
6
CONTINUOUS
10
167.0089999999999861
20
-91.7175589999999943
11
167.0089999999999861
21
-93.5527919999999966
0
LINE
8
BLACK
6
CONTINUOUS
10
167.0089999999999861
20
-93.5527919999999966
11
167.0065979999999968
21
-93.5771779999999893
0
LINE
8
BLACK
6
CONTINUOUS
10
167.0065979999999968
20
-93.5771779999999893
11
167.0065979999999968
21
-93.577179000000001
0
LINE
8
BLACK
6
CONTINUOUS
10
167.0065979999999968
20
-93.577179000000001
11
167.0011309999999867
21
-93.590375999999992
0
LINE
8
BLACK
6
CONTINUOUS
10
167.0011309999999867
20
-93.590375999999992
11
166.9879339999999956
21
-93.6222379999999958
0
LINE
8
BLACK
6
CONTINUOUS
10
166.9879339999999956
20
-93.6222379999999958
11
166.9879279999999824
21
-93.6222429999999974
0
LINE
8
BLACK
6
CONTINUOUS
10
166.9879279999999824
20
-93.6222429999999974
11
166.9723879999999951
21
-93.6411799999999914
0
LINE
8
BLACK
6
CONTINUOUS
10
166.9723879999999951
20
-93.6411799999999914
11
165.4751799999999946
21
-95.138387999999992
0
LINE
8
BLACK
6
CONTINUOUS
10
165.4751799999999946
20
-95.138387999999992
11
165.4562430000000006
21
-95.1539279999999934
0
LINE
8
BLACK
6
CONTINUOUS
10
165.4562430000000006
20
-95.1539279999999934
11
165.4562379999999848
21
-95.1539339999999925
0
LINE
8
BLACK
6
CONTINUOUS
10
165.4562379999999848
20
-95.1539339999999925
11
165.4243759999999952
21
-95.1671309999999977
0
LINE
8
BLACK
6
CONTINUOUS
10
165.4243759999999952
20
-95.1671309999999977
11
165.4111790000000042
21
-95.1725979999999936
0
LINE
8
BLACK
6
CONTINUOUS
10
165.4111790000000042
20
-95.1725979999999936
11
165.4111780000000067
21
-95.1725979999999936
0
LINE
8
BLACK
6
CONTINUOUS
10
165.4111780000000067
20
-95.1725979999999936
11
165.3867919999999856
21
-95.1749999999999972
0
LINE
8
BLACK
6
CONTINUOUS
10
165.3867919999999856
20
-95.1749999999999972
11
164.6257769999999994
21
-95.1749999999999972
0
LINE
8
BLACK
6
CONTINUOUS
10
164.6257769999999994
20
-95.1749999999999972
11
163.9097380000000044
21
-95.8910369999999972
0
LINE
8
BLACK
6
CONTINUOUS
10
163.9097380000000044
20
-95.8910369999999972
11
163.9114299999999957
21
-95.892124999999993
0
LINE
8
BLACK
6
CONTINUOUS
10
163.9114299999999957
20
-95.892124999999993
11
164.0046269999999993
21
-95.9996799999999979
0
LINE
8
BLACK
6
CONTINUOUS
10
164.0046269999999993
20
-95.9996799999999979
11
164.0637459999999805
21
-96.1291339999999934
0
LINE
8
BLACK
6
CONTINUOUS
10
164.0637459999999805
20
-96.1291339999999934
11
164.0840000000000032
21
-96.269999999999996
0
LINE
8
BLACK
6
CONTINUOUS
10
164.0840000000000032
20
-96.269999999999996
11
164.0637459999999805
21
-96.4108659999999986
0
LINE
8
BLACK
6
CONTINUOUS
10
164.0637459999999805
20
-96.4108659999999986
11
164.0046269999999993
21
-96.5403199999999941
0
LINE
8
BLACK
6
CONTINUOUS
10
164.0046269999999993
20
-96.5403199999999941
11
163.9114299999999957
21
-96.6478749999999991
0
LINE
8
BLACK
6
CONTINUOUS
10
163.9114299999999957
20
-96.6478749999999991
11
163.7917079999999999
21
-96.7248159999999899
0
LINE
8
BLACK
6
CONTINUOUS
10
163.7917079999999999
20
-96.7248159999999899
11
163.6551570000000027
21
-96.7649109999999979
0
LINE
8
BLACK
6
CONTINUOUS
10
163.6551570000000027
20
-96.7649109999999979
11
163.5128430000000037
21
-96.7649109999999979
0
LINE
8
BLACK
6
CONTINUOUS
10
163.5128430000000037
20
-96.7649109999999979
11
163.3762920000000065
21
-96.7248159999999899
0
LINE
8
BLACK
6
CONTINUOUS
10
163.3762920000000065
20
-96.7248159999999899
11
163.2565699999999822
21
-96.6478749999999991
0
LINE
8
BLACK
6
CONTINUOUS
10
163.2565699999999822
20
-96.6478749999999991
11
163.1633729999999787
21
-96.5403199999999941
0
LINE
8
BLACK
6
CONTINUOUS
10
163.1633729999999787
20
-96.5403199999999941
11
163.1042539999999974
21
-96.4108659999999986
0
LINE
8
BLACK
6
CONTINUOUS
10
163.1042539999999974
20
-96.4108659999999986
11
163.0840000000000032
21
-96.269999999999996
0
LINE
8
BLACK
6
CONTINUOUS
10
163.0840000000000032
20
-96.269999999999996
11
163.1042539999999974
21
-96.1291339999999934
0
LINE
8
BLACK
6
CONTINUOUS
10
163.1042539999999974
20
-96.1291339999999934
11
163.1633729999999787
21
-95.9996799999999979
0
LINE
8
BLACK
6
CONTINUOUS
10
163.1633729999999787
20
-95.9996799999999979
11
163.2565699999999822
21
-95.892124999999993
0
LINE
8
BLACK
6
CONTINUOUS
10
163.2565699999999822
20
-95.892124999999993
11
163.3762920000000065
21
-95.8151840000000021
0
LINE
8
BLACK
6
CONTINUOUS
10
163.3762920000000065
20
-95.8151840000000021
11
163.5128430000000037
21
-95.7750889999999941
0
LINE
8
BLACK
6
CONTINUOUS
10
163.5128430000000037
20
-95.7750889999999941
11
163.6551570000000027
21
-95.7750889999999941
0
LINE
8
BLACK
6
CONTINUOUS
10
163.6551570000000027
20
-95.7750889999999941
11
163.668280999999979
21
-95.7789420000000007
0
LINE
8
BLACK
6
CONTINUOUS
10
163.668280999999979
20
-95.7789420000000007
11
164.4856110000000058
21
-94.9616120000000024
0
LINE
8
BLACK
6
CONTINUOUS
10
164.4856110000000058
20
-94.9616120000000024
11
164.5045529999999872
21
-94.9460669999999993
0
LINE
8
BLACK
6
CONTINUOUS
10
164.5045529999999872
20
-94.9460669999999993
11
164.5045539999999846
21
-94.9460660000000018
0
LINE
8
BLACK
6
CONTINUOUS
10
164.5045539999999846
20
-94.9460660000000018
11
164.5338459999999827
21
-94.9339329999999961
0
LINE
8
BLACK
6
CONTINUOUS
10
164.5338459999999827
20
-94.9339329999999961
11
164.5496129999999937
21
-94.9274020000000007
0
LINE
8
BLACK
6
CONTINUOUS
10
164.5496129999999937
20
-94.9274020000000007
11
164.5496139999999912
21
-94.9274020000000007
0
LINE
8
BLACK
6
CONTINUOUS
10
164.5496139999999912
20
-94.9274020000000007
11
164.5739999999999839
21
-94.9249999999999972
0
LINE
8
BLACK
6
CONTINUOUS
10
164.5739999999999839
20
-94.9249999999999972
11
165.335015999999996
21
-94.9249999999999972
0
LINE
8
BLACK
6
CONTINUOUS
10
165.335015999999996
20
-94.9249999999999972
11
166.7589999999999861
21
-93.5010159999999928
0
LINE
8
BLACK
6
CONTINUOUS
10
166.7589999999999861
20
-93.5010159999999928
11
166.7589999999999861
21
-91.7175589999999943
0
LINE
8
BLACK
6
CONTINUOUS
10
166.7589999999999861
20
-91.7175589999999943
11
166.7559669999999983
21
-91.7155329999999935
0
LINE
8
BLACK
6
CONTINUOUS
10
166.7559669999999983
20
-91.7155329999999935
11
166.7397090000000048
21
-91.6912009999999924
0
LINE
8
BLACK
6
CONTINUOUS
10
166.7397090000000048
20
-91.6912009999999924
11
166.7339999999999804
21
-91.6624999999999943
0
LINE
8
BLACK
6
CONTINUOUS
10
166.7339999999999804
20
-91.6624999999999943
11
166.7339999999999804
21
-90.3374999999999915
0
LINE
8
BLACK
6
CONTINUOUS
10
166.7339999999999804
20
-90.3374999999999915
11
166.7397090000000048
21
-90.3087989999999934
0
LINE
8
BLACK
6
CONTINUOUS
10
166.7397090000000048
20
-90.3087989999999934
11
166.7559669999999983
21
-90.2844669999999923
0
LINE
8
BLACK
6
CONTINUOUS
10
166.7559669999999983
20
-90.2844669999999923
11
166.7802989999999852
21
-90.2682089999999988
0
LINE
8
BLACK
6
CONTINUOUS
10
166.7802989999999852
20
-90.2682089999999988
11
166.8089999999999975
21
-90.2625000000000028
0
LINE
8
BLACK
6
CONTINUOUS
10
166.8089999999999975
20
-90.2625000000000028
11
166.9590000000000032
21
-90.2625000000000028
0
LINE
8
BLACK
6
CONTINUOUS
10
166.9590000000000032
20
-90.2625000000000028
11
166.9877009999999871
21
-90.2682089999999988
0
LINE
8
BLACK
6
CONTINUOUS
10
167.4877009999999871
20
-90.2682089999999988
11
167.5120330000000024
21
-90.2844669999999923
0
LINE
8
BLACK
6
CONTINUOUS
10
167.5120330000000024
20
-90.2844669999999923
11
167.5282909999999958
21
-90.3087989999999934
0
LINE
8
BLACK
6
CONTINUOUS
10
167.5282909999999958
20
-90.3087989999999934
11
167.5339999999999918
21
-90.3374999999999915
0
LINE
8
BLACK
6
CONTINUOUS
10
167.5339999999999918
20
-90.3374999999999915
11
167.5339999999999918
21
-91.6624999999999943
0
LINE
8
BLACK
6
CONTINUOUS
10
167.5339999999999918
20
-91.6624999999999943
11
167.5282909999999958
21
-91.6912009999999924
0
LINE
8
BLACK
6
CONTINUOUS
10
167.5282909999999958
20
-91.6912009999999924
11
167.5120330000000024
21
-91.7155329999999935
0
LINE
8
BLACK
6
CONTINUOUS
10
167.5120330000000024
20
-91.7155329999999935
11
167.5089999999999861
21
-91.7175589999999943
0
LINE
8
BLACK
6
CONTINUOUS
10
167.5089999999999861
20
-91.7175589999999943
11
167.5089999999999861
21
-93.8399999999999892
0
LINE
8
BLACK
6
CONTINUOUS
10
167.5089999999999861
20
-93.8399999999999892
11
167.5065979999999968
21
-93.8643859999999961
0
LINE
8
BLACK
6
CONTINUOUS
10
167.5065979999999968
20
-93.8643859999999961
11
167.5065979999999968
21
-93.8643869999999936
0
LINE
8
BLACK
6
CONTINUOUS
10
167.5065979999999968
20
-93.8643869999999936
11
167.5054219999999816
21
-93.8672249999999906
0
LINE
8
BLACK
6
CONTINUOUS
10
167.5054219999999816
20
-93.8672249999999906
11
167.4879339999999956
21
-93.9094460000000026
0
LINE
8
BLACK
6
CONTINUOUS
10
167.4879339999999956
20
-93.9094460000000026
11
167.4879329999999982
21
-93.9094470000000001
0
LINE
8
BLACK
6
CONTINUOUS
10
167.4879329999999982
20
-93.9094470000000001
11
167.4723879999999951
21
-93.9283889999999957
0
LINE
8
BLACK
6
CONTINUOUS
10
167.4723879999999951
20
-93.9283889999999957
11
166.1589999999999918
21
-95.2417760000000015
0
LINE
8
BLACK
6
CONTINUOUS
10
166.1589999999999918
20
-95.2417760000000015
11
166.1589999999999918
21
-95.5
0
LINE
8
BLACK
6
CONTINUOUS
10
166.1589999999999918
20
-95.5
11
166.1565980000000025
21
-95.5243859999999927
0
LINE
8
BLACK
6
CONTINUOUS
10
166.1565980000000025
20
-95.5243859999999927
11
166.1379340000000013
21
-95.5694459999999992
0
LINE
8
BLACK
6
CONTINUOUS
10
166.1379340000000013
20
-95.5694459999999992
11
166.1379279999999881
21
-95.5694510000000008
0
LINE
8
BLACK
6
CONTINUOUS
10
166.1379279999999881
20
-95.5694510000000008
11
166.1223880000000008
21
-95.5883879999999948
0
LINE
8
BLACK
6
CONTINUOUS
10
166.1223880000000008
20
-95.5883879999999948
11
165.7478119999999819
21
-95.962963000000002
0
LINE
8
BLACK
6
CONTINUOUS
10
165.7478119999999819
20
-95.962963000000002
11
165.779627000000005
21
-95.9996799999999979
0
LINE
8
BLACK
6
CONTINUOUS
10
165.779627000000005
20
-95.9996799999999979
11
165.8387459999999862
21
-96.1291339999999934
0
LINE
8
BLACK
6
CONTINUOUS
10
165.8387459999999862
20
-96.1291339999999934
11
165.8589999999999804
21
-96.269999999999996
0
LINE
8
BLACK
6
CONTINUOUS
10
165.8589999999999804
20
-96.269999999999996
11
165.8387459999999862
21
-96.4108659999999986
0
LINE
8
BLACK
6
CONTINUOUS
10
165.8387459999999862
20
-96.4108659999999986
11
165.779627000000005
21
-96.5403199999999941
0
LINE
8
BLACK
6
CONTINUOUS
10
165.779627000000005
20
-96.5403199999999941
11
165.6864300000000014
21
-96.6478749999999991
0
LINE
8
BLACK
6
CONTINUOUS
10
165.6864300000000014
20
-96.6478749999999991
11
165.5667080000000055
21
-96.7248159999999899
0
LINE
8
BLACK
6
CONTINUOUS
10
165.5667080000000055
20
-96.7248159999999899
11
165.4301569999999799
21
-96.7649109999999979
0
LINE
8
BLACK
6
CONTINUOUS
10
165.4301569999999799
20
-96.7649109999999979
11
165.287842999999981
21
-96.7649109999999979
0
LINE
8
BLACK
6
CONTINUOUS
10
165.287842999999981
20
-96.7649109999999979
11
165.1512919999999838
21
-96.7248159999999899
0
LINE
8
BLACK
6
CONTINUOUS
10
165.1512919999999838
20
-96.7248159999999899
11
165.0315699999999879
21
-96.6478749999999991
0
LINE
8
BLACK
6
CONTINUOUS
10
165.0315699999999879
20
-96.6478749999999991
11
164.9383729999999844
21
-96.5403199999999941
0
LINE
8
BLACK
6
CONTINUOUS
10
164.9383729999999844
20
-96.5403199999999941
11
164.8792540000000031
21
-96.4108659999999986
0
LINE
8
BLACK
6
CONTINUOUS
10
164.8792540000000031
20
-96.4108659999999986
11
164.8589999999999804
21
-96.269999999999996
0
LINE
8
BLACK
6
CONTINUOUS
10
164.8589999999999804
20
-96.269999999999996
11
164.8792540000000031
21
-96.1291339999999934
0
LINE
8
BLACK
6
CONTINUOUS
10
164.8792540000000031
20
-96.1291339999999934
11
164.9383729999999844
21
-95.9996799999999979
0
LINE
8
BLACK
6
CONTINUOUS
10
164.9383729999999844
20
-95.9996799999999979
11
165.0315699999999879
21
-95.892124999999993
0
LINE
8
BLACK
6
CONTINUOUS
10
165.0315699999999879
20
-95.892124999999993
11
165.1512919999999838
21
-95.8151840000000021
0
LINE
8
BLACK
6
CONTINUOUS
10
165.1512919999999838
20
-95.8151840000000021
11
165.287842999999981
21
-95.7750889999999941
0
LINE
8
BLACK
6
CONTINUOUS
10
165.287842999999981
20
-95.7750889999999941
11
165.4301569999999799
21
-95.7750889999999941
0
LINE
8
BLACK
6
CONTINUOUS
10
165.4301569999999799
20
-95.7750889999999941
11
165.5476390000000038
21
-95.809584000000001
0
LINE
8
BLACK
6
CONTINUOUS
10
165.5476390000000038
20
-95.809584000000001
11
165.9089999999999918
21
-95.4482239999999962
0
LINE
8
BLACK
6
CONTINUOUS
10
165.9089999999999918
20
-95.4482239999999962
11
165.9089999999999918
21
-95.1899999999999977
0
LINE
8
BLACK
6
CONTINUOUS
10
165.9089999999999918
20
-95.1899999999999977
11
165.9114019999999812
21
-95.1656139999999908
0
LINE
8
BLACK
6
CONTINUOUS
10
165.9114019999999812
20
-95.1656139999999908
11
165.9119110000000035
21
-95.1643859999999933
0
LINE
8
BLACK
6
CONTINUOUS
10
165.9119110000000035
20
-95.1643859999999933
11
165.9168679999999938
21
-95.1524149999999906
0
LINE
8
BLACK
6
CONTINUOUS
10
165.9168679999999938
20
-95.1524149999999906
11
165.9300659999999823
21
-95.1205539999999985
0
LINE
8
BLACK
6
CONTINUOUS
10
165.9300659999999823
20
-95.1205539999999985
11
165.9300709999999981
21
-95.1205479999999994
0
LINE
8
BLACK
6
CONTINUOUS
10
165.9300709999999981
20
-95.1205479999999994
11
165.9456119999999828
21
-95.1016119999999887
0
LINE
8
BLACK
6
CONTINUOUS
10
165.9456119999999828
20
-95.1016119999999887
11
167.2589999999999861
21
-93.7882230000000021
0
LINE
8
BLACK
6
CONTINUOUS
10
167.2589999999999861
20
-93.7882230000000021
11
167.2589999999999861
21
-91.7175589999999943
0
LINE
8
BLACK
6
CONTINUOUS
10
167.2589999999999861
20
-91.7175589999999943
11
167.2559669999999983
21
-91.7155329999999935
0
LINE
8
BLACK
6
CONTINUOUS
10
167.2559669999999983
20
-91.7155329999999935
11
167.2397090000000048
21
-91.6912009999999924
0
LINE
8
BLACK
6
CONTINUOUS
10
167.2397090000000048
20
-91.6912009999999924
11
167.2339999999999804
21
-91.6624999999999943
0
LINE
8
BLACK
6
CONTINUOUS
10
167.2339999999999804
20
-91.6624999999999943
11
167.2339999999999804
21
-90.3374999999999915
0
LINE
8
BLACK
6
CONTINUOUS
10
167.2339999999999804
20
-90.3374999999999915
11
167.2397090000000048
21
-90.3087989999999934
0
LINE
8
BLACK
6
CONTINUOUS
10
167.2397090000000048
20
-90.3087989999999934
11
167.2559669999999983
21
-90.2844669999999923
0
LINE
8
BLACK
6
CONTINUOUS
10
167.2559669999999983
20
-90.2844669999999923
11
167.2802989999999852
21
-90.2682089999999988
0
LINE
8
BLACK
6
CONTINUOUS
10
167.2802989999999852
20
-90.2682089999999988
11
167.3089999999999975
21
-90.2625000000000028
0
LINE
8
BLACK
6
CONTINUOUS
10
167.3089999999999975
20
-90.2625000000000028
11
167.4590000000000032
21
-90.2625000000000028
0
LINE
8
BLACK
6
CONTINUOUS
10
167.4590000000000032
20
-90.2625000000000028
11
167.4877009999999871
21
-90.2682089999999988
0
LINE
8
BLACK
6
CONTINUOUS
10
167.9877009999999871
20
-90.2682089999999988
11
168.0120330000000024
21
-90.2844669999999923
0
LINE
8
BLACK
6
CONTINUOUS
10
168.0120330000000024
20
-90.2844669999999923
11
168.0282909999999958
21
-90.3087989999999934
0
LINE
8
BLACK
6
CONTINUOUS
10
168.0282909999999958
20
-90.3087989999999934
11
168.0339999999999918
21
-90.3374999999999915
0
LINE
8
BLACK
6
CONTINUOUS
10
168.0339999999999918
20
-90.3374999999999915
11
168.0339999999999918
21
-91.6624999999999943
0
LINE
8
BLACK
6
CONTINUOUS
10
168.0339999999999918
20
-91.6624999999999943
11
168.0282909999999958
21
-91.6912009999999924
0
LINE
8
BLACK
6
CONTINUOUS
10
168.0282909999999958
20
-91.6912009999999924
11
168.0120330000000024
21
-91.7155329999999935
0
LINE
8
BLACK
6
CONTINUOUS
10
168.0120330000000024
20
-91.7155329999999935
11
168.0089999999999861
21
-91.7175589999999943
0
LINE
8
BLACK
6
CONTINUOUS
10
168.0089999999999861
20
-91.7175589999999943
11
168.0089999999999861
21
-94.0799999999999983
0
LINE
8
BLACK
6
CONTINUOUS
10
168.0089999999999861
20
-94.0799999999999983
11
168.0065979999999968
21
-94.104385999999991
0
LINE
8
BLACK
6
CONTINUOUS
10
168.0065979999999968
20
-94.104385999999991
11
167.9879339999999956
21
-94.1494459999999975
0
LINE
8
BLACK
6
CONTINUOUS
10
167.9879339999999956
20
-94.1494459999999975
11
167.9879279999999824
21
-94.1494509999999991
0
LINE
8
BLACK
6
CONTINUOUS
10
167.9879279999999824
20
-94.1494509999999991
11
167.9723879999999951
21
-94.1683879999999931
0
LINE
8
BLACK
6
CONTINUOUS
10
167.9723879999999951
20
-94.1683879999999931
11
167.2589999999999861
21
-94.8817760000000021
0
LINE
8
BLACK
6
CONTINUOUS
10
167.2589999999999861
20
-94.8817760000000021
11
167.2589999999999861
21
-95.7908979999999985
0
LINE
8
BLACK
6
CONTINUOUS
10
167.2589999999999861
20
-95.7908979999999985
11
167.3417079999999828
21
-95.8151840000000021
0
LINE
8
BLACK
6
CONTINUOUS
10
167.3417079999999828
20
-95.8151840000000021
11
167.4614299999999787
21
-95.892124999999993
0
LINE
8
BLACK
6
CONTINUOUS
10
167.4614299999999787
20
-95.892124999999993
11
167.5546269999999822
21
-95.9996799999999979
0
LINE
8
BLACK
6
CONTINUOUS
10
167.5546269999999822
20
-95.9996799999999979
11
167.6137459999999919
21
-96.1291339999999934
0
LINE
8
BLACK
6
CONTINUOUS
10
167.6137459999999919
20
-96.1291339999999934
11
167.6339999999999861
21
-96.269999999999996
0
LINE
8
BLACK
6
CONTINUOUS
10
167.6339999999999861
20
-96.269999999999996
11
167.6137459999999919
21
-96.4108659999999986
0
LINE
8
BLACK
6
CONTINUOUS
10
167.6137459999999919
20
-96.4108659999999986
11
167.5546269999999822
21
-96.5403199999999941
0
LINE
8
BLACK
6
CONTINUOUS
10
167.5546269999999822
20
-96.5403199999999941
11
167.4614299999999787
21
-96.6478749999999991
0
LINE
8
BLACK
6
CONTINUOUS
10
167.4614299999999787
20
-96.6478749999999991
11
167.3417079999999828
21
-96.7248159999999899
0
LINE
8
BLACK
6
CONTINUOUS
10
167.3417079999999828
20
-96.7248159999999899
11
167.2051569999999856
21
-96.7649109999999979
0
LINE
8
BLACK
6
CONTINUOUS
10
167.2051569999999856
20
-96.7649109999999979
11
167.0628429999999867
21
-96.7649109999999979
0
LINE
8
BLACK
6
CONTINUOUS
10
167.0628429999999867
20
-96.7649109999999979
11
166.9262919999999895
21
-96.7248159999999899
0
LINE
8
BLACK
6
CONTINUOUS
10
166.9262919999999895
20
-96.7248159999999899
11
166.8065699999999936
21
-96.6478749999999991
0
LINE
8
BLACK
6
CONTINUOUS
10
166.8065699999999936
20
-96.6478749999999991
11
166.71337299999999
21
-96.5403199999999941
0
LINE
8
BLACK
6
CONTINUOUS
10
166.71337299999999
20
-96.5403199999999941
11
166.6542539999999804
21
-96.4108659999999986
0
LINE
8
BLACK
6
CONTINUOUS
10
166.6542539999999804
20
-96.4108659999999986
11
166.6339999999999861
21
-96.269999999999996
0
LINE
8
BLACK
6
CONTINUOUS
10
166.6339999999999861
20
-96.269999999999996
11
166.6542539999999804
21
-96.1291339999999934
0
LINE
8
BLACK
6
CONTINUOUS
10
166.6542539999999804
20
-96.1291339999999934
11
166.71337299999999
21
-95.9996799999999979
0
LINE
8
BLACK
6
CONTINUOUS
10
166.71337299999999
20
-95.9996799999999979
11
166.8065699999999936
21
-95.892124999999993
0
LINE
8
BLACK
6
CONTINUOUS
10
166.8065699999999936
20
-95.892124999999993
11
166.9262919999999895
21
-95.8151840000000021
0
LINE
8
BLACK
6
CONTINUOUS
10
166.9262919999999895
20
-95.8151840000000021
11
167.0089999999999861
21
-95.7908979999999985
0
LINE
8
BLACK
6
CONTINUOUS
10
167.0089999999999861
20
-95.7908979999999985
11
167.0089999999999861
21
-94.8299999999999983
0
LINE
8
BLACK
6
CONTINUOUS
10
167.0089999999999861
20
-94.8299999999999983
11
167.0114020000000039
21
-94.8056139999999914
0
LINE
8
BLACK
6
CONTINUOUS
10
167.0114020000000039
20
-94.8056139999999914
11
167.0114269999999976
21
-94.8055540000000008
0
LINE
8
BLACK
6
CONTINUOUS
10
167.0114269999999976
20
-94.8055540000000008
11
167.0192729999999983
21
-94.7866109999999935
0
LINE
8
BLACK
6
CONTINUOUS
10
167.0192729999999983
20
-94.7866109999999935
11
167.030066000000005
21
-94.7605539999999991
0
LINE
8
BLACK
6
CONTINUOUS
10
167.030066000000005
20
-94.7605539999999991
11
167.0300709999999924
21
-94.760548
0
LINE
8
BLACK
6
CONTINUOUS
10
167.0300709999999924
20
-94.760548
11
167.0456120000000055
21
-94.7416119999999893
0
LINE
8
BLACK
6
CONTINUOUS
10
167.0456120000000055
20
-94.7416119999999893
11
167.7589999999999861
21
-94.0282239999999945
0
LINE
8
BLACK
6
CONTINUOUS
10
167.7589999999999861
20
-94.0282239999999945
11
167.7589999999999861
21
-91.7175589999999943
0
LINE
8
BLACK
6
CONTINUOUS
10
167.7589999999999861
20
-91.7175589999999943
11
167.7559669999999983
21
-91.7155329999999935
0
LINE
8
BLACK
6
CONTINUOUS
10
167.7559669999999983
20
-91.7155329999999935
11
167.7397090000000048
21
-91.6912009999999924
0
LINE
8
BLACK
6
CONTINUOUS
10
167.7397090000000048
20
-91.6912009999999924
11
167.7339999999999804
21
-91.6624999999999943
0
LINE
8
BLACK
6
CONTINUOUS
10
167.7339999999999804
20
-91.6624999999999943
11
167.7339999999999804
21
-90.3374999999999915
0
LINE
8
BLACK
6
CONTINUOUS
10
167.7339999999999804
20
-90.3374999999999915
11
167.7397090000000048
21
-90.3087989999999934
0
LINE
8
BLACK
6
CONTINUOUS
10
167.7397090000000048
20
-90.3087989999999934
11
167.7559669999999983
21
-90.2844669999999923
0
LINE
8
BLACK
6
CONTINUOUS
10
167.7559669999999983
20
-90.2844669999999923
11
167.7802989999999852
21
-90.2682089999999988
0
LINE
8
BLACK
6
CONTINUOUS
10
167.7802989999999852
20
-90.2682089999999988
11
167.8089999999999975
21
-90.2625000000000028
0
LINE
8
BLACK
6
CONTINUOUS
10
167.8089999999999975
20
-90.2625000000000028
11
167.9590000000000032
21
-90.2625000000000028
0
LINE
8
BLACK
6
CONTINUOUS
10
167.9590000000000032
20
-90.2625000000000028
11
167.9877009999999871
21
-90.2682089999999988
0
LINE
8
BLACK
6
CONTINUOUS
10
162.1417079999999942
20
-76.3451840000000033
11
162.2614299999999901
21
-76.4221249999999941
0
LINE
8
BLACK
6
CONTINUOUS
10
162.2614299999999901
20
-76.4221249999999941
11
162.3546269999999936
21
-76.529679999999999
0
LINE
8
BLACK
6
CONTINUOUS
10
162.3546269999999936
20
-76.529679999999999
11
162.4137460000000033
21
-76.6591339999999946
0
LINE
8
BLACK
6
CONTINUOUS
10
162.4137460000000033
20
-76.6591339999999946
11
162.4339999999999975
21
-76.7999999999999972
0
LINE
8
BLACK
6
CONTINUOUS
10
162.4339999999999975
20
-76.7999999999999972
11
162.4137460000000033
21
-76.9408659999999998
0
LINE
8
BLACK
6
CONTINUOUS
10
162.4137460000000033
20
-76.9408659999999998
11
162.3546269999999936
21
-77.0703199999999953
0
LINE
8
BLACK
6
CONTINUOUS
10
162.3546269999999936
20
-77.0703199999999953
11
162.2614299999999901
21
-77.1778750000000002
0
LINE
8
BLACK
6
CONTINUOUS
10
162.2614299999999901
20
-77.1778750000000002
11
162.1417079999999942
21
-77.254815999999991
0
LINE
8
BLACK
6
CONTINUOUS
10
162.1417079999999942
20
-77.254815999999991
11
162.0589999999999975
21
-77.2791009999999972
0
LINE
8
BLACK
6
CONTINUOUS
10
162.0589999999999975
20
-77.2791009999999972
11
162.0589999999999975
21
-77.8449999999999989
0
LINE
8
BLACK
6
CONTINUOUS
10
162.0589999999999975
20
-77.8449999999999989
11
162.2115000000000009
21
-77.8449999999999989
0
LINE
8
BLACK
6
CONTINUOUS
10
162.2115000000000009
20
-77.8449999999999989
11
162.3023869999999818
21
-77.863078999999999
0
LINE
8
BLACK
6
CONTINUOUS
10
162.3023869999999818
20
-77.863078999999999
11
162.3794379999999933
21
-77.9145619999999894
0
LINE
8
BLACK
6
CONTINUOUS
10
162.3794379999999933
20
-77.9145619999999894
11
162.4309209999999837
21
-77.991613000000001
0
LINE
8
BLACK
6
CONTINUOUS
10
162.4309209999999837
20
-77.991613000000001
11
162.4489999999999839
21
-78.082499999999996
0
LINE
8
BLACK
6
CONTINUOUS
10
162.4489999999999839
20
-78.082499999999996
11
162.4489999999999839
21
-78.5574999999999903
0
LINE
8
BLACK
6
CONTINUOUS
10
162.4489999999999839
20
-78.5574999999999903
11
162.4309209999999837
21
-78.6483869999999996
0
LINE
8
BLACK
6
CONTINUOUS
10
162.4309209999999837
20
-78.6483869999999996
11
162.3794379999999933
21
-78.7254379999999969
0
LINE
8
BLACK
6
CONTINUOUS
10
162.3794379999999933
20
-78.7254379999999969
11
162.3023869999999818
21
-78.7769210000000015
0
LINE
8
BLACK
6
CONTINUOUS
10
162.3023869999999818
20
-78.7769210000000015
11
162.2115000000000009
21
-78.7950000000000017
0
LINE
8
BLACK
6
CONTINUOUS
10
162.2115000000000009
20
-78.7950000000000017
11
162.0490000000000066
21
-78.7950000000000017
0
LINE
8
BLACK
6
CONTINUOUS
10
162.0490000000000066
20
-78.7950000000000017
11
162.0490000000000066
21
-80.3382229999999993
0
LINE
8
BLACK
6
CONTINUOUS
10
162.0490000000000066
20
-80.3382229999999993
11
162.3959759999999903
21
-80.6851989999999972
0
LINE
8
BLACK
6
CONTINUOUS
10
162.3959759999999903
20
-80.6851989999999972
11
162.4387920000000065
21
-80.6576840000000033
0
LINE
8
BLACK
6
CONTINUOUS
10
162.4387920000000065
20
-80.6576840000000033
11
162.5753430000000037
21
-80.6175889999999953
0
LINE
8
BLACK
6
CONTINUOUS
10
162.5753430000000037
20
-80.6175889999999953
11
162.7176570000000027
21
-80.6175889999999953
0
LINE
8
BLACK
6
CONTINUOUS
10
162.7176570000000027
20
-80.6175889999999953
11
162.8542079999999999
21
-80.6576840000000033
0
LINE
8
BLACK
6
CONTINUOUS
10
162.8542079999999999
20
-80.6576840000000033
11
162.9739299999999957
21
-80.7346249999999941
0
LINE
8
BLACK
6
CONTINUOUS
10
162.9739299999999957
20
-80.7346249999999941
11
163.0671269999999993
21
-80.842179999999999
0
LINE
8
BLACK
6
CONTINUOUS
10
163.0671269999999993
20
-80.842179999999999
11
163.1262459999999805
21
-80.9716339999999946
0
LINE
8
BLACK
6
CONTINUOUS
10
163.1262459999999805
20
-80.9716339999999946
11
163.1465000000000032
21
-81.1124999999999972
0
LINE
8
BLACK
6
CONTINUOUS
10
163.1465000000000032
20
-81.1124999999999972
11
163.1262459999999805
21
-81.2533659999999998
0
LINE
8
BLACK
6
CONTINUOUS
10
163.1262459999999805
20
-81.2533659999999998
11
163.0754249999999956
21
-81.364649
0
LINE
8
BLACK
6
CONTINUOUS
10
163.0754249999999956
20
-81.364649
11
164.2339999999999804
21
-82.5232230000000015
0
LINE
8
BLACK
6
CONTINUOUS
10
164.2339999999999804
20
-82.5232230000000015
11
164.2339999999999804
21
-82.0125000000000028
0
LINE
8
BLACK
6
CONTINUOUS
10
164.2339999999999804
20
-82.0125000000000028
11
164.2397090000000048
21
-81.9837989999999905
0
LINE
8
BLACK
6
CONTINUOUS
10
164.2397090000000048
20
-81.9837989999999905
11
164.2559669999999983
21
-81.9594669999999894
0
LINE
8
BLACK
6
CONTINUOUS
10
164.2559669999999983
20
-81.9594669999999894
11
164.2802989999999852
21
-81.943208999999996
0
LINE
8
BLACK
6
CONTINUOUS
10
164.2802989999999852
20
-81.943208999999996
11
164.3089999999999975
21
-81.9375
0
LINE
8
BLACK
6
CONTINUOUS
10
164.3089999999999975
20
-81.9375
11
164.4590000000000032
21
-81.9375
0
LINE
8
BLACK
6
CONTINUOUS
10
164.4590000000000032
20
-81.9375
11
164.4877009999999871
21
-81.943208999999996
0
LINE
8
BLACK
6
CONTINUOUS
10
164.4877009999999871
20
-81.943208999999996
11
164.5120330000000024
21
-81.9594669999999894
0
LINE
8
BLACK
6
CONTINUOUS
10
164.5120330000000024
20
-81.9594669999999894
11
164.5282909999999958
21
-81.9837989999999905
0
LINE
8
BLACK
6
CONTINUOUS
10
164.5282909999999958
20
-81.9837989999999905
11
164.5339999999999918
21
-82.0125000000000028
0
LINE
8
BLACK
6
CONTINUOUS
10
164.5339999999999918
20
-82.0125000000000028
11
164.5339999999999918
21
-83.3374999999999915
0
LINE
8
BLACK
6
CONTINUOUS
10
164.5339999999999918
20
-83.3374999999999915
11
164.5282909999999958
21
-83.3662009999999896
0
LINE
8
BLACK
6
CONTINUOUS
10
164.5282909999999958
20
-83.3662009999999896
11
164.5120330000000024
21
-83.3905329999999907
0
LINE
8
BLACK
6
CONTINUOUS
10
164.5120330000000024
20
-83.3905329999999907
11
164.5089999999999861
21
-83.3925589999999914
0
LINE
8
BLACK
6
CONTINUOUS
10
164.5089999999999861
20
-83.3925589999999914
11
164.5089999999999861
21
-83.426407999999995
0
LINE
8
BLACK
6
CONTINUOUS
10
164.5089999999999861
20
-83.426407999999995
11
164.9721739999999954
21
-83.8895819999999901
0
LINE
8
BLACK
6
CONTINUOUS
10
164.9721739999999954
20
-83.8895819999999901
11
164.9933149999999955
21
-83.8875000000000028
0
LINE
8
BLACK
6
CONTINUOUS
10
164.9933149999999955
20
-83.8875000000000028
11
169.6414999999999793
21
-83.8875000000000028
0
LINE
8
BLACK
6
CONTINUOUS
10
169.6414999999999793
20
-83.8875000000000028
11
169.6805180000000064
21
-83.891342999999992
0
LINE
8
BLACK
6
CONTINUOUS
10
169.6805180000000064
20
-83.891342999999992
11
169.7526139999999941
21
-83.921205999999998
0
LINE
8
BLACK
6
CONTINUOUS
10
169.7526139999999941
20
-83.921205999999998
11
169.7829209999999875
21
-83.9460789999999974
0
LINE
8
BLACK
6
CONTINUOUS
10
169.7829209999999875
20
-83.9460789999999974
11
169.7993419999999958
21
-83.9624999999999915
0
LINE
8
BLACK
6
CONTINUOUS
10
169.7993419999999958
20
-83.9624999999999915
11
170.5789399999999887
21
-83.9624999999999915
0
LINE
8
BLACK
6
CONTINUOUS
10
170.5789399999999887
20
-83.9624999999999915
11
170.5809669999999869
21
-83.9594669999999894
0
LINE
8
BLACK
6
CONTINUOUS
10
170.5809669999999869
20
-83.9594669999999894
11
170.6052990000000023
21
-83.943208999999996
0
LINE
8
BLACK
6
CONTINUOUS
10
170.6052990000000023
20
-83.943208999999996
11
170.6339999999999861
21
-83.9375
0
LINE
8
BLACK
6
CONTINUOUS
10
170.6339999999999861
20
-83.9375
11
171.1714999999999804
21
-83.9375
0
LINE
8
BLACK
6
CONTINUOUS
10
171.1714999999999804
20
-83.9375
11
171.1714999999999804
21
-83.1349110000000024
0
LINE
8
BLACK
6
CONTINUOUS
10
171.1714999999999804
20
-83.1349110000000024
11
171.1228429999999889
21
-83.1349110000000024
0
LINE
8
BLACK
6
CONTINUOUS
10
171.1228429999999889
20
-83.1349110000000024
11
170.9862919999999917
21
-83.0948159999999945
0
LINE
8
BLACK
6
CONTINUOUS
10
170.9862919999999917
20
-83.0948159999999945
11
170.8665699999999958
21
-83.0178749999999894
0
LINE
8
BLACK
6
CONTINUOUS
10
170.8665699999999958
20
-83.0178749999999894
11
170.7733729999999923
21
-82.9103199999999987
0
LINE
8
BLACK
6
CONTINUOUS
10
170.7733729999999923
20
-82.9103199999999987
11
170.7142539999999826
21
-82.7808660000000032
0
LINE
8
BLACK
6
CONTINUOUS
10
170.7142539999999826
20
-82.7808660000000032
11
170.6939999999999884
21
-82.6400000000000006
0
LINE
8
BLACK
6
CONTINUOUS
10
170.6939999999999884
20
-82.6400000000000006
11
170.7142539999999826
21
-82.499133999999998
0
LINE
8
BLACK
6
CONTINUOUS
10
170.7142539999999826
20
-82.499133999999998
11
170.7733729999999923
21
-82.3696800000000025
0
LINE
8
BLACK
6
CONTINUOUS
10
170.7733729999999923
20
-82.3696800000000025
11
170.8665699999999958
21
-82.2621249999999975
0
LINE
8
BLACK
6
CONTINUOUS
10
170.8665699999999958
20
-82.2621249999999975
11
170.9862919999999917
21
-82.1851839999999925
0
LINE
8
BLACK
6
CONTINUOUS
10
170.9862919999999917
20
-82.1851839999999925
11
171.1228429999999889
21
-82.1450889999999987
0
LINE
8
BLACK
6
CONTINUOUS
10
171.1228429999999889
20
-82.1450889999999987
11
171.2651569999999879
21
-82.1450889999999987
0
LINE
8
BLACK
6
CONTINUOUS
10
171.2651569999999879
20
-82.1450889999999987
11
171.4017079999999851
21
-82.1851839999999925
0
LINE
8
BLACK
6
CONTINUOUS
10
171.4017079999999851
20
-82.1851839999999925
11
171.521429999999981
21
-82.2621249999999975
0
LINE
8
BLACK
6
CONTINUOUS
10
171.521429999999981
20
-82.2621249999999975
11
171.6146269999999845
21
-82.3696800000000025
0
LINE
8
BLACK
6
CONTINUOUS
10
171.6146269999999845
20
-82.3696800000000025
11
171.6737459999999942
21
-82.499133999999998
0
LINE
8
BLACK
6
CONTINUOUS
10
171.6737459999999942
20
-82.499133999999998
11
171.6939999999999884
21
-82.6400000000000006
0
LINE
8
BLACK
6
CONTINUOUS
10
171.6939999999999884
20
-82.6400000000000006
11
171.6737459999999942
21
-82.7808660000000032
0
LINE
8
BLACK
6
CONTINUOUS
10
171.6737459999999942
20
-82.7808660000000032
11
171.6146269999999845
21
-82.9103199999999987
0
LINE
8
BLACK
6
CONTINUOUS
10
171.6146269999999845
20
-82.9103199999999987
11
171.521429999999981
21
-83.0178749999999894
0
LINE
8
BLACK
6
CONTINUOUS
10
171.521429999999981
20
-83.0178749999999894
11
171.4465979999999945
21
-83.0659660000000031
0
LINE
8
BLACK
6
CONTINUOUS
10
171.4465979999999945
20
-83.0659660000000031
11
171.4465979999999945
21
-83.0943869999999976
0
LINE
8
BLACK
6
CONTINUOUS
10
171.4465979999999945
20
-83.0943869999999976
11
171.4279339999999934
21
-83.1394469999999899
0
LINE
8
BLACK
6
CONTINUOUS
10
171.4279339999999934
20
-83.1394469999999899
11
171.4214999999999804
21
-83.1458810000000028
0
LINE
8
BLACK
6
CONTINUOUS
10
171.4214999999999804
20
-83.1458810000000028
11
171.4214999999999804
21
-83.9375
0
LINE
8
BLACK
6
CONTINUOUS
10
171.4214999999999804
20
-83.9375
11
171.9590000000000032
21
-83.9375
0
LINE
8
BLACK
6
CONTINUOUS
10
171.9590000000000032
20
-83.9375
11
171.9877009999999871
21
-83.943208999999996
0
LINE
8
BLACK
6
CONTINUOUS
10
171.9877009999999871
20
-83.943208999999996
11
172.0120330000000024
21
-83.9594669999999894
0
LINE
8
BLACK
6
CONTINUOUS
10
172.0120330000000024
20
-83.9594669999999894
11
172.0282909999999958
21
-83.9837989999999905
0
LINE
8
BLACK
6
CONTINUOUS
10
172.0282909999999958
20
-83.9837989999999905
11
172.0339999999999918
21
-84.0125000000000028
0
LINE
8
BLACK
6
CONTINUOUS
10
172.0339999999999918
20
-84.0125000000000028
11
172.0339999999999918
21
-84.1624999999999943
0
LINE
8
BLACK
6
CONTINUOUS
10
172.0339999999999918
20
-84.1624999999999943
11
172.0282909999999958
21
-84.1912009999999924
0
LINE
8
BLACK
6
CONTINUOUS
10
172.0282909999999958
20
-84.1912009999999924
11
172.0120330000000024
21
-84.2155329999999935
0
LINE
8
BLACK
6
CONTINUOUS
10
172.0120330000000024
20
-84.2155329999999935
11
171.9877009999999871
21
-84.2317910000000012
0
LINE
8
BLACK
6
CONTINUOUS
10
171.9877009999999871
20
-84.2317910000000012
11
171.9590000000000032
21
-84.2374999999999972
0
LINE
8
BLACK
6
CONTINUOUS
10
171.9590000000000032
20
-84.2374999999999972
11
170.6339999999999861
21
-84.2374999999999972
0
LINE
8
BLACK
6
CONTINUOUS
10
170.6339999999999861
20
-84.2374999999999972
11
170.6052990000000023
21
-84.2317910000000012
0
LINE
8
BLACK
6
CONTINUOUS
10
170.6052990000000023
20
-84.2317910000000012
11
170.5809669999999869
21
-84.2155329999999935
0
LINE
8
BLACK
6
CONTINUOUS
10
170.5809669999999869
20
-84.2155329999999935
11
170.5789399999999887
21
-84.2124999999999915
0
LINE
8
BLACK
6
CONTINUOUS
10
170.5789399999999887
20
-84.2124999999999915
11
170.0450529999999958
21
-84.2124999999999915
0
LINE
8
BLACK
6
CONTINUOUS
10
170.0450529999999958
20
-84.2124999999999915
11
170.0502939999999796
21
-84.2188859999999977
0
LINE
8
BLACK
6
CONTINUOUS
10
170.0502939999999796
20
-84.2188859999999977
11
170.0801569999999856
21
-84.2909819999999996
0
LINE
8
BLACK
6
CONTINUOUS
10
170.0801569999999856
20
-84.2909819999999996
11
170.0840000000000032
21
-84.3299999999999983
0
LINE
8
BLACK
6
CONTINUOUS
10
170.0840000000000032
20
-84.3299999999999983
11
170.0840000000000032
21
-89.8599999999999994
0
LINE
8
BLACK
6
CONTINUOUS
10
170.0840000000000032
20
-89.8599999999999994
11
170.0801569999999856
21
-89.8990179999999981
0
LINE
8
BLACK
6
CONTINUOUS
10
170.0801569999999856
20
-89.8990179999999981
11
170.0502939999999796
21
-89.971114
0
LINE
8
BLACK
6
CONTINUOUS
10
170.0502939999999796
20
-89.971114
11
170.0089999999999861
21
-90.0124079999999935
0
LINE
8
BLACK
6
CONTINUOUS
10
170.0089999999999861
20
-90.0124079999999935
11
170.0089999999999861
21
-90.282439999999994
0
LINE
8
BLACK
6
CONTINUOUS
10
170.0089999999999861
20
-90.282439999999994
11
170.0120330000000024
21
-90.2844669999999923
0
LINE
8
BLACK
6
CONTINUOUS
10
170.0120330000000024
20
-90.2844669999999923
11
170.0282909999999958
21
-90.3087989999999934
0
LINE
8
BLACK
6
CONTINUOUS
10
170.0282909999999958
20
-90.3087989999999934
11
170.0339999999999918
21
-90.3374999999999915
0
LINE
8
BLACK
6
CONTINUOUS
10
170.0339999999999918
20
-90.3374999999999915
11
170.0339999999999918
21
-90.875
0
LINE
8
BLACK
6
CONTINUOUS
10
170.0339999999999918
20
-90.875
11
170.5840000000000032
21
-90.875
0
LINE
8
BLACK
6
CONTINUOUS
10
170.5840000000000032
20
-90.875
11
170.6083859999999959
21
-90.8774019999999894
0
LINE
8
BLACK
6
CONTINUOUS
10
170.6083859999999959
20
-90.8774019999999894
11
170.6083869999999933
21
-90.8774019999999894
0
LINE
8
BLACK
6
CONTINUOUS
10
170.6083869999999933
20
-90.8774019999999894
11
170.6133209999999849
21
-90.8794460000000015
0
LINE
8
BLACK
6
CONTINUOUS
10
170.6133209999999849
20
-90.8794460000000015
11
170.6534460000000024
21
-90.8960659999999905
0
LINE
8
BLACK
6
CONTINUOUS
10
170.6534460000000024
20
-90.8960659999999905
11
170.6534509999999898
21
-90.8960709999999921
0
LINE
8
BLACK
6
CONTINUOUS
10
170.6534509999999898
20
-90.8960709999999921
11
170.6723879999999838
21
-90.911611999999991
0
LINE
8
BLACK
6
CONTINUOUS
10
170.6723879999999838
20
-90.911611999999991
11
170.6970649999999807
21
-90.9362890000000021
0
LINE
8
BLACK
6
CONTINUOUS
10
170.6970649999999807
20
-90.9362890000000021
11
170.7056129999999996
21
-90.9305789999999945
0
LINE
8
BLACK
6
CONTINUOUS
10
170.7056129999999996
20
-90.9305789999999945
11
170.7964999999999804
21
-90.9124999999999943
0
LINE
8
BLACK
6
CONTINUOUS
10
170.7964999999999804
20
-90.9124999999999943
11
171.2715000000000032
21
-90.9124999999999943
0
LINE
8
BLACK
6
CONTINUOUS
10
171.2715000000000032
20
-90.9124999999999943
11
171.362386999999984
21
-90.9305789999999945
0
LINE
8
BLACK
6
CONTINUOUS
10
171.362386999999984
20
-90.9305789999999945
11
171.4394379999999956
21
-90.9820619999999991
0
LINE
8
BLACK
6
CONTINUOUS
10
171.4394379999999956
20
-90.9820619999999991
11
171.490920999999986
21
-91.0591129999999964
0
LINE
8
BLACK
6
CONTINUOUS
10
171.490920999999986
20
-91.0591129999999964
11
171.5089999999999861
21
-91.1499999999999915
0
LINE
8
BLACK
6
CONTINUOUS
10
171.5089999999999861
20
-91.1499999999999915
11
171.5089999999999861
21
-91.2000000000000028
0
LINE
8
BLACK
6
CONTINUOUS
10
171.5089999999999861
20
-91.2000000000000028
11
171.7090000000000032
21
-91.2000000000000028
0
LINE
8
BLACK
6
CONTINUOUS
10
171.7090000000000032
20
-91.2000000000000028
11
171.757772999999986
21
-91.2048039999999958
0
LINE
8
BLACK
6
CONTINUOUS
10
171.757772999999986
20
-91.2048039999999958
11
171.8478929999999991
21
-91.2421329999999955
0
LINE
8
BLACK
6
CONTINUOUS
10
171.8478929999999991
20
-91.2421329999999955
11
171.847896999999989
21
-91.2421369999999996
0
LINE
8
BLACK
6
CONTINUOUS
10
171.847896999999989
20
-91.2421369999999996
11
171.8857769999999903
21
-91.2732230000000015
0
LINE
8
BLACK
6
CONTINUOUS
10
171.8857769999999903
20
-91.2732230000000015
11
172.900777000000005
21
-92.2882230000000021
0
LINE
8
BLACK
6
CONTINUOUS
10
172.900777000000005
20
-92.2882230000000021
11
172.9318679999999802
21
-92.3261079999999907
0
LINE
8
BLACK
6
CONTINUOUS
10
172.9318679999999802
20
-92.3261079999999907
11
172.9691969999999799
21
-92.4162279999999896
0
LINE
8
BLACK
6
CONTINUOUS
10
172.9691969999999799
20
-92.4162279999999896
11
172.9691969999999799
21
-92.4162369999999953
0
LINE
8
BLACK
6
CONTINUOUS
10
172.9691969999999799
20
-92.4162369999999953
11
172.9739999999999895
21
-92.4649999999999892
0
LINE
8
BLACK
6
CONTINUOUS
10
172.9739999999999895
20
-92.4649999999999892
11
172.9739999999999895
21
-95.8664459999999963
0
LINE
8
BLACK
6
CONTINUOUS
10
172.9739999999999895
20
-95.8664459999999963
11
173.047553999999991
21
-95.9399999999999977
0
LINE
8
BLACK
6
CONTINUOUS
10
173.047553999999991
20
-95.9399999999999977
11
180.5240000000000009
21
-95.9399999999999977
0
LINE
8
BLACK
6
CONTINUOUS
10
180.5240000000000009
20
-95.9399999999999977
11
180.5240000000000009
21
-93.4746959999999945
0
LINE
8
BLACK
6
CONTINUOUS
10
180.5240000000000009
20
-93.4746959999999945
11
180.4551569999999856
21
-93.4949110000000019
0
LINE
8
BLACK
6
CONTINUOUS
10
180.4551569999999856
20
-93.4949110000000019
11
180.3128429999999867
21
-93.4949110000000019
0
LINE
8
BLACK
6
CONTINUOUS
10
180.3128429999999867
20
-93.4949110000000019
11
180.1762919999999895
21
-93.4548159999999939
0
LINE
8
BLACK
6
CONTINUOUS
10
180.1762919999999895
20
-93.4548159999999939
11
180.0565699999999936
21
-93.3778749999999889
0
LINE
8
BLACK
6
CONTINUOUS
10
180.0565699999999936
20
-93.3778749999999889
11
179.96337299999999
21
-93.2703199999999981
0
LINE
8
BLACK
6
CONTINUOUS
10
179.96337299999999
20
-93.2703199999999981
11
179.9042539999999804
21
-93.1408660000000026
0
LINE
8
BLACK
6
CONTINUOUS
10
179.9042539999999804
20
-93.1408660000000026
11
179.8839999999999861
21
-93.
0
LINE
8
BLACK
6
CONTINUOUS
10
179.8839999999999861
20
-93.
11
179.9042539999999804
21
-92.8591339999999974
0
LINE
8
BLACK
6
CONTINUOUS
10
179.9042539999999804
20
-92.8591339999999974
11
179.96337299999999
21
-92.7296800000000019
0
LINE
8
BLACK
6
CONTINUOUS
10
179.96337299999999
20
-92.7296800000000019
11
180.0565699999999936
21
-92.6221249999999969
0
LINE
8
BLACK
6
CONTINUOUS
10
180.0565699999999936
20
-92.6221249999999969
11
180.1762919999999895
21
-92.5451839999999919
0
LINE
8
BLACK
6
CONTINUOUS
10
180.1762919999999895
20
-92.5451839999999919
11
180.3128429999999867
21
-92.5050889999999981
0
LINE
8
BLACK
6
CONTINUOUS
10
180.3128429999999867
20
-92.5050889999999981
11
180.4551569999999856
21
-92.5050889999999981
0
LINE
8
BLACK
6
CONTINUOUS
10
180.4551569999999856
20
-92.5050889999999981
11
180.5240000000000009
21
-92.5253029999999939
0
LINE
8
BLACK
6
CONTINUOUS
10
180.5240000000000009
20
-92.5253029999999939
11
180.5240000000000009
21
-92.0393779999999992
0
LINE
8
BLACK
6
CONTINUOUS
10
180.5240000000000009
20
-92.0393779999999992
11
180.505156999999997
21
-92.044910999999999
0
LINE
8
BLACK
6
CONTINUOUS
10
180.505156999999997
20
-92.044910999999999
11
180.362842999999998
21
-92.044910999999999
0
LINE
8
BLACK
6
CONTINUOUS
10
180.362842999999998
20
-92.044910999999999
11
180.2262920000000008
21
-92.004815999999991
0
LINE
8
BLACK
6
CONTINUOUS
10
180.2262920000000008
20
-92.004815999999991
11
180.1065700000000049
21
-91.9278750000000002
0
LINE
8
BLACK
6
CONTINUOUS
10
180.1065700000000049
20
-91.9278750000000002
11
180.0133730000000014
21
-91.8203199999999953
0
LINE
8
BLACK
6
CONTINUOUS
10
180.0133730000000014
20
-91.8203199999999953
11
179.9542539999999917
21
-91.6908659999999998
0
LINE
8
BLACK
6
CONTINUOUS
10
179.9542539999999917
20
-91.6908659999999998
11
179.9339999999999975
21
-91.5499999999999972
0
LINE
8
BLACK
6
CONTINUOUS
10
179.9339999999999975
20
-91.5499999999999972
11
179.9542539999999917
21
-91.4091339999999946
0
LINE
8
BLACK
6
CONTINUOUS
10
179.9542539999999917
20
-91.4091339999999946
11
180.0133730000000014
21
-91.279679999999999
0
LINE
8
BLACK
6
CONTINUOUS
10
180.0133730000000014
20
-91.279679999999999
11
180.1065700000000049
21
-91.1721249999999941
0
LINE
8
BLACK
6
CONTINUOUS
10
180.1065700000000049
20
-91.1721249999999941
11
180.2262920000000008
21
-91.0951839999999891
0
LINE
8
BLACK
6
CONTINUOUS
10
180.2262920000000008
20
-91.0951839999999891
11
180.362842999999998
21
-91.0550889999999953
0
LINE
8
BLACK
6
CONTINUOUS
10
180.362842999999998
20
-91.0550889999999953
11
180.505156999999997
21
-91.0550889999999953
0
LINE
8
BLACK
6
CONTINUOUS
10
180.505156999999997
20
-91.0550889999999953
11
180.5240000000000009
21
-91.0606209999999976
0
LINE
8
BLACK
6
CONTINUOUS
10
180.5240000000000009
20
-91.0606209999999976
11
180.5240000000000009
21
-90.5949109999999962
0
LINE
8
BLACK
6
CONTINUOUS
10
180.5240000000000009
20
-90.5949109999999962
11
180.412842999999981
21
-90.5949109999999962
0
LINE
8
BLACK
6
CONTINUOUS
10
180.412842999999981
20
-90.5949109999999962
11
180.2762919999999838
21
-90.5548160000000024
0
LINE
8
BLACK
6
CONTINUOUS
10
180.2762919999999838
20
-90.5548160000000024
11
180.1565699999999879
21
-90.4778749999999974
0
LINE
8
BLACK
6
CONTINUOUS
10
180.1565699999999879
20
-90.4778749999999974
11
180.0633729999999844
21
-90.3703199999999924
0
LINE
8
BLACK
6
CONTINUOUS
10
180.0633729999999844
20
-90.3703199999999924
11
180.0042540000000031
21
-90.2408659999999969
0
LINE
8
BLACK
6
CONTINUOUS
10
180.0042540000000031
20
-90.2408659999999969
11
179.9839999999999804
21
-90.0999999999999943
0
LINE
8
BLACK
6
CONTINUOUS
10
179.9839999999999804
20
-90.0999999999999943
11
180.0042540000000031
21
-89.9591339999999917
0
LINE
8
BLACK
6
CONTINUOUS
10
180.0042540000000031
20
-89.9591339999999917
11
180.0633729999999844
21
-89.8296799999999962
0
LINE
8
BLACK
6
CONTINUOUS
10
180.0633729999999844
20
-89.8296799999999962
11
180.1565699999999879
21
-89.7221249999999912
0
LINE
8
BLACK
6
CONTINUOUS
10
180.1565699999999879
20
-89.7221249999999912
11
180.2762919999999838
21
-89.6451840000000004
0
LINE
8
BLACK
6
CONTINUOUS
10
180.2762919999999838
20
-89.6451840000000004
11
180.412842999999981
21
-89.6050889999999924
0
LINE
8
BLACK
6
CONTINUOUS
10
180.412842999999981
20
-89.6050889999999924
11
180.5240000000000009
21
-89.6050889999999924
0
LINE
8
BLACK
6
CONTINUOUS
10
180.5240000000000009
20
-89.6050889999999924
11
180.5240000000000009
21
-87.9247759999999943
0
LINE
8
BLACK
6
CONTINUOUS
10
180.5240000000000009
20
-87.9247759999999943
11
180.4315699999999936
21
-87.8653750000000002
0
LINE
8
BLACK
6
CONTINUOUS
10
180.4315699999999936
20
-87.8653750000000002
11
180.33837299999999
21
-87.7578199999999953
0
LINE
8
BLACK
6
CONTINUOUS
10
180.33837299999999
20
-87.7578199999999953
11
180.2792539999999804
21
-87.6283659999999998
0
LINE
8
BLACK
6
CONTINUOUS
10
180.2792539999999804
20
-87.6283659999999998
11
180.2589999999999861
21
-87.4874999999999972
0
LINE
8
BLACK
6
CONTINUOUS
10
180.2589999999999861
20
-87.4874999999999972
11
180.2792539999999804
21
-87.3466339999999946
0
LINE
8
BLACK
6
CONTINUOUS
10
180.2792539999999804
20
-87.3466339999999946
11
180.33837299999999
21
-87.217179999999999
0
LINE
8
BLACK
6
CONTINUOUS
10
180.33837299999999
20
-87.217179999999999
11
180.4315699999999936
21
-87.1096249999999941
0
LINE
8
BLACK
6
CONTINUOUS
10
180.4315699999999936
20
-87.1096249999999941
11
180.5512919999999895
21
-87.0326839999999891
0
LINE
8
BLACK
6
CONTINUOUS
10
180.5512919999999895
20
-87.0326839999999891
11
180.5840000000000032
21
-87.0230799999999931
0
LINE
8
BLACK
6
CONTINUOUS
10
180.5840000000000032
20
-87.0230799999999931
11
180.5840000000000032
21
-86.2359149999999914
0
LINE
8
BLACK
6
CONTINUOUS
10
180.5840000000000032
20
-86.2359149999999914
11
180.5421089999999822
21
-86.2311959999999971
0
LINE
8
BLACK
6
CONTINUOUS
10
180.5421089999999822
20
-86.2311959999999971
11
180.3835870000000057
21
-86.1757269999999949
0
LINE
8
BLACK
6
CONTINUOUS
10
180.3835870000000057
20
-86.1757269999999949
11
180.2770129999999824
21
-86.1087619999999987
0
LINE
8
BLACK
6
CONTINUOUS
10
180.2770129999999824
20
-86.1087619999999987
11
179.5098879999999895
21
-86.8758879999999891
0
LINE
8
BLACK
6
CONTINUOUS
10
179.5098879999999895
20
-86.8758879999999891
11
179.4909509999999955
21
-86.8914279999999906
0
LINE
8
BLACK
6
CONTINUOUS
10
179.4909509999999955
20
-86.8914279999999906
11
179.4909459999999797
21
-86.8914339999999896
0
LINE
8
BLACK
6
CONTINUOUS
10
179.4909459999999797
20
-86.8914339999999896
11
179.4609099999999842
21
-86.9038749999999993
0
LINE
8
BLACK
6
CONTINUOUS
10
179.4609099999999842
20
-86.9038749999999993
11
179.445886999999999
21
-86.9100979999999907
0
LINE
8
BLACK
6
CONTINUOUS
10
179.445886999999999
20
-86.9100979999999907
11
179.4458860000000016
21
-86.9100979999999907
0
LINE
8
BLACK
6
CONTINUOUS
10
179.4458860000000016
20
-86.9100979999999907
11
179.4214999999999804
21
-86.9124999999999943
0
LINE
8
BLACK
6
CONTINUOUS
10
179.4214999999999804
20
-86.9124999999999943
11
178.6339999999999861
21
-86.9124999999999943
0
LINE
8
BLACK
6
CONTINUOUS
10
178.6339999999999861
20
-86.9124999999999943
11
178.6339999999999861
21
-87.2999999999999972
0
LINE
8
BLACK
6
CONTINUOUS
10
178.6339999999999861
20
-87.2999999999999972
11
178.6225819999999942
21
-87.3574029999999908
0
LINE
8
BLACK
6
CONTINUOUS
10
178.6225819999999942
20
-87.3574029999999908
11
178.5900659999999789
21
-87.4060659999999956
0
LINE
8
BLACK
6
CONTINUOUS
10
178.5900659999999789
20
-87.4060659999999956
11
178.5414030000000025
21
-87.4385819999999967
0
LINE
8
BLACK
6
CONTINUOUS
10
178.5414030000000025
20
-87.4385819999999967
11
178.4839999999999804
21
-87.4500000000000028
0
LINE
8
BLACK
6
CONTINUOUS
10
178.4839999999999804
20
-87.4500000000000028
11
178.1839999999999975
21
-87.4500000000000028
0
LINE
8
BLACK
6
CONTINUOUS
10
178.1839999999999975
20
-87.4500000000000028
11
178.1265970000000038
21
-87.4385819999999967
0
LINE
8
BLACK
6
CONTINUOUS
10
178.1265970000000038
20
-87.4385819999999967
11
178.0779339999999991
21
-87.4060659999999956
0
LINE
8
BLACK
6
CONTINUOUS
10
178.0779339999999991
20
-87.4060659999999956
11
178.0454179999999837
21
-87.3574029999999908
0
LINE
8
BLACK
6
CONTINUOUS
10
178.0454179999999837
20
-87.3574029999999908
11
178.0339999999999918
21
-87.2999999999999972
0
LINE
8
BLACK
6
CONTINUOUS
10
178.0339999999999918
20
-87.2999999999999972
11
178.0339999999999918
21
-86.9099999999999966
0
LINE
8
BLACK
6
CONTINUOUS
10
178.0339999999999918
20
-86.9099999999999966
11
177.6839999999999975
21
-86.9099999999999966
0
LINE
8
BLACK
6
CONTINUOUS
10
177.6839999999999975
20
-86.9099999999999966
11
177.6839999999999975
21
-87.2974999999999994
0
LINE
8
BLACK
6
CONTINUOUS
10
177.6839999999999975
20
-87.2974999999999994
11
177.6725820000000056
21
-87.3549029999999931
0
LINE
8
BLACK
6
CONTINUOUS
10
177.6725820000000056
20
-87.3549029999999931
11
177.6400659999999903
21
-87.4035659999999979
0
LINE
8
BLACK
6
CONTINUOUS
10
177.6400659999999903
20
-87.4035659999999979
11
177.5914029999999855
21
-87.436081999999999
0
LINE
8
BLACK
6
CONTINUOUS
10
177.5914029999999855
20
-87.436081999999999
11
177.5339999999999918
21
-87.4474999999999909
0
LINE
8
BLACK
6
CONTINUOUS
10
177.5339999999999918
20
-87.4474999999999909
11
177.2339999999999804
21
-87.4474999999999909
0
LINE
8
BLACK
6
CONTINUOUS
10
177.2339999999999804
20
-87.4474999999999909
11
177.1765969999999868
21
-87.436081999999999
0
LINE
8
BLACK
6
CONTINUOUS
10
177.1765969999999868
20
-87.436081999999999
11
177.127933999999982
21
-87.4035659999999979
0
LINE
8
BLACK
6
CONTINUOUS
10
177.127933999999982
20
-87.4035659999999979
11
177.0954179999999951
21
-87.3549029999999931
0
LINE
8
BLACK
6
CONTINUOUS
10
177.0954179999999951
20
-87.3549029999999931
11
177.0840000000000032
21
-87.2974999999999994
0
LINE
8
BLACK
6
CONTINUOUS
10
177.0840000000000032
20
-87.2974999999999994
11
177.0840000000000032
21
-86.2724999999999937
0
LINE
8
BLACK
6
CONTINUOUS
10
177.0840000000000032
20
-86.2724999999999937
11
177.0954179999999951
21
-86.2150970000000001
0
LINE
8
BLACK
6
CONTINUOUS
10
177.0954179999999951
20
-86.2150970000000001
11
177.127933999999982
21
-86.1664339999999953
0
LINE
8
BLACK
6
CONTINUOUS
10
177.127933999999982
20
-86.1664339999999953
11
177.1765969999999868
21
-86.1339179999999942
0
LINE
8
BLACK
6
CONTINUOUS
10
177.1765969999999868
20
-86.1339179999999942
11
177.2339999999999804
21
-86.1225000000000023
0
LINE
8
BLACK
6
CONTINUOUS
10
177.2339999999999804
20
-86.1225000000000023
11
177.5339999999999918
21
-86.1225000000000023
0
LINE
8
BLACK
6
CONTINUOUS
10
177.5339999999999918
20
-86.1225000000000023
11
177.5914029999999855
21
-86.1339179999999942
0
LINE
8
BLACK
6
CONTINUOUS
10
177.5914029999999855
20
-86.1339179999999942
11
177.6400659999999903
21
-86.1664339999999953
0
LINE
8
BLACK
6
CONTINUOUS
10
177.6400659999999903
20
-86.1664339999999953
11
177.6725820000000056
21
-86.2150970000000001
0
LINE
8
BLACK
6
CONTINUOUS
10
177.6725820000000056
20
-86.2150970000000001
11
177.6839999999999975
21
-86.2724999999999937
0
LINE
8
BLACK
6
CONTINUOUS
10
177.6839999999999975
20
-86.2724999999999937
11
177.6839999999999975
21
-86.6599999999999966
0
LINE
8
BLACK
6
CONTINUOUS
10
177.6839999999999975
20
-86.6599999999999966
11
178.0339999999999918
21
-86.6599999999999966
0
LINE
8
BLACK
6
CONTINUOUS
10
178.0339999999999918
20
-86.6599999999999966
11
178.0339999999999918
21
-86.2749999999999915
0
LINE
8
BLACK
6
CONTINUOUS
10
178.0339999999999918
20
-86.2749999999999915
11
178.0454179999999837
21
-86.2175969999999978
0
LINE
8
BLACK
6
CONTINUOUS
10
178.0454179999999837
20
-86.2175969999999978
11
178.0779339999999991
21
-86.168933999999993
0
LINE
8
BLACK
6
CONTINUOUS
10
178.0779339999999991
20
-86.168933999999993
11
178.1265970000000038
21
-86.1364179999999919
0
LINE
8
BLACK
6
CONTINUOUS
10
178.1265970000000038
20
-86.1364179999999919
11
178.1839999999999975
21
-86.125
0
LINE
8
BLACK
6
CONTINUOUS
10
178.1839999999999975
20
-86.125
11
178.4839999999999804
21
-86.125
0
LINE
8
BLACK
6
CONTINUOUS
10
178.4839999999999804
20
-86.125
11
178.5414030000000025
21
-86.1364179999999919
0
LINE
8
BLACK
6
CONTINUOUS
10
178.5414030000000025
20
-86.1364179999999919
11
178.5900659999999789
21
-86.168933999999993
0
LINE
8
BLACK
6
CONTINUOUS
10
178.5900659999999789
20
-86.168933999999993
11
178.6225819999999942
21
-86.2175969999999978
0
LINE
8
BLACK
6
CONTINUOUS
10
178.6225819999999942
20
-86.2175969999999978
11
178.6339999999999861
21
-86.2749999999999915
0
LINE
8
BLACK
6
CONTINUOUS
10
178.6339999999999861
20
-86.2749999999999915
11
178.6339999999999861
21
-86.6624999999999943
0
LINE
8
BLACK
6
CONTINUOUS
10
178.6339999999999861
20
-86.6624999999999943
11
179.3697239999999908
21
-86.6624999999999943
0
LINE
8
BLACK
6
CONTINUOUS
10
179.3697239999999908
20
-86.6624999999999943
11
180.1002369999999928
21
-85.9319859999999949
0
LINE
8
BLACK
6
CONTINUOUS
10
180.1002369999999928
20
-85.9319859999999949
11
180.0332729999999799
21
-85.8254129999999975
0
LINE
8
BLACK
6
CONTINUOUS
10
180.0332729999999799
20
-85.8254129999999975
11
179.9778039999999919
21
-85.6668909999999926
0
LINE
8
BLACK
6
CONTINUOUS
10
179.9778039999999919
20
-85.6668909999999926
11
179.9590000000000032
21
-85.5
0
LINE
8
BLACK
6
CONTINUOUS
10
179.9590000000000032
20
-85.5
11
179.9778039999999919
21
-85.3331089999999932
0
LINE
8
BLACK
6
CONTINUOUS
10
179.9778039999999919
20
-85.3331089999999932
11
180.0332729999999799
21
-85.1745870000000025
0
LINE
8
BLACK
6
CONTINUOUS
10
180.0332729999999799
20
-85.1745870000000025
11
180.1226259999999968
21
-85.0323829999999958
0
LINE
8
BLACK
6
CONTINUOUS
10
180.1226259999999968
20
-85.0323829999999958
11
180.2413829999999848
21
-84.9136259999999936
0
LINE
8
BLACK
6
CONTINUOUS
10
180.2413829999999848
20
-84.9136259999999936
11
180.3835870000000057
21
-84.8242729999999909
0
LINE
8
BLACK
6
CONTINUOUS
10
180.3835870000000057
20
-84.8242729999999909
11
180.5421089999999822
21
-84.7688040000000029
0
LINE
8
BLACK
6
CONTINUOUS
10
180.5421089999999822
20
-84.7688040000000029
11
180.7090000000000032
21
-84.75
0
LINE
8
BLACK
6
CONTINUOUS
10
180.7090000000000032
20
-84.75
11
180.8758909999999958
21
-84.7688040000000029
0
LINE
8
BLACK
6
CONTINUOUS
10
180.8758909999999958
20
-84.7688040000000029
11
181.0344130000000007
21
-84.8242729999999909
0
LINE
8
BLACK
6
CONTINUOUS
10
181.0344130000000007
20
-84.8242729999999909
11
181.1766169999999931
21
-84.9136259999999936
0
LINE
8
BLACK
6
CONTINUOUS
10
181.1766169999999931
20
-84.9136259999999936
11
181.2953739999999812
21
-85.0323829999999958
0
LINE
8
BLACK
6
CONTINUOUS
10
181.2953739999999812
20
-85.0323829999999958
11
181.384726999999998
21
-85.1745870000000025
0
LINE
8
BLACK
6
CONTINUOUS
10
181.384726999999998
20
-85.1745870000000025
11
181.440195999999986
21
-85.3331089999999932
0
LINE
8
BLACK
6
CONTINUOUS
10
181.440195999999986
20
-85.3331089999999932
11
181.4590000000000032
21
-85.5
0
LINE
8
BLACK
6
CONTINUOUS
10
181.4590000000000032
20
-85.5
11
181.440195999999986
21
-85.6668909999999926
0
LINE
8
BLACK
6
CONTINUOUS
10
181.440195999999986
20
-85.6668909999999926
11
181.384726999999998
21
-85.8254129999999975
0
LINE
8
BLACK
6
CONTINUOUS
10
181.384726999999998
20
-85.8254129999999975
11
181.2953739999999812
21
-85.96761699999999
0
LINE
8
BLACK
6
CONTINUOUS
10
181.2953739999999812
20
-85.96761699999999
11
181.1766169999999931
21
-86.0863739999999922
0
LINE
8
BLACK
6
CONTINUOUS
10
181.1766169999999931
20
-86.0863739999999922
11
181.0344130000000007
21
-86.1757269999999949
0
LINE
8
BLACK
6
CONTINUOUS
10
181.0344130000000007
20
-86.1757269999999949
11
180.8758909999999958
21
-86.2311959999999971
0
LINE
8
BLACK
6
CONTINUOUS
10
180.8758909999999958
20
-86.2311959999999971
11
180.8340000000000032
21
-86.2359149999999914
0
LINE
8
BLACK
6
CONTINUOUS
10
180.8340000000000032
20
-86.2359149999999914
11
180.8340000000000032
21
-86.9937169999999895
0
LINE
8
BLACK
6
CONTINUOUS
10
180.8340000000000032
20
-86.9937169999999895
11
180.9667079999999828
21
-87.0326839999999891
0
LINE
8
BLACK
6
CONTINUOUS
10
180.9667079999999828
20
-87.0326839999999891
11
181.0864299999999787
21
-87.1096249999999941
0
LINE
8
BLACK
6
CONTINUOUS
10
181.0864299999999787
20
-87.1096249999999941
11
181.1796269999999822
21
-87.217179999999999
0
LINE
8
BLACK
6
CONTINUOUS
10
181.1796269999999822
20
-87.217179999999999
11
181.2387459999999919
21
-87.3466339999999946
0
LINE
8
BLACK
6
CONTINUOUS
10
181.2387459999999919
20
-87.3466339999999946
11
181.2589999999999861
21
-87.4874999999999972
0
LINE
8
BLACK
6
CONTINUOUS
10
181.2589999999999861
20
-87.4874999999999972
11
181.2387459999999919
21
-87.6283659999999998
0
LINE
8
BLACK
6
CONTINUOUS
10
181.2387459999999919
20
-87.6283659999999998
11
181.1796269999999822
21
-87.7578199999999953
0
LINE
8
BLACK
6
CONTINUOUS
10
181.1796269999999822
20
-87.7578199999999953
11
181.0864299999999787
21
-87.8653750000000002
0
LINE
8
BLACK
6
CONTINUOUS
10
181.0864299999999787
20
-87.8653750000000002
11
181.0240000000000009
21
-87.9054959999999994
0
LINE
8
BLACK
6
CONTINUOUS
10
181.0240000000000009
20
-87.9054959999999994
11
181.0240000000000009
21
-96.1850000000000023
0
LINE
8
BLACK
6
CONTINUOUS
10
181.0240000000000009
20
-96.1850000000000023
11
181.0191959999999938
21
-96.2337729999999993
0
LINE
8
BLACK
6
CONTINUOUS
10
181.0191959999999938
20
-96.2337729999999993
11
180.9818669999999941
21
-96.3238929999999982
0
LINE
8
BLACK
6
CONTINUOUS
10
180.9818669999999941
20
-96.3238929999999982
11
180.9818619999999783
21
-96.3238970000000023
0
LINE
8
BLACK
6
CONTINUOUS
10
180.9818619999999783
20
-96.3238970000000023
11
180.950776999999988
21
-96.3617769999999894
0
LINE
8
BLACK
6
CONTINUOUS
10
180.950776999999988
20
-96.3617769999999894
11
180.9457769999999925
21
-96.366776999999999
0
LINE
8
BLACK
6
CONTINUOUS
10
180.9457769999999925
20
-96.366776999999999
11
180.9078969999999913
21
-96.3978619999999893
0
LINE
8
BLACK
6
CONTINUOUS
10
180.9078969999999913
20
-96.3978619999999893
11
180.9078930000000014
21
-96.3978669999999909
0
LINE
8
BLACK
6
CONTINUOUS
10
180.9078930000000014
20
-96.3978669999999909
11
180.8177729999999883
21
-96.4351959999999906
0
LINE
8
BLACK
6
CONTINUOUS
10
180.8177729999999883
20
-96.4351959999999906
11
180.7690000000000055
21
-96.4399999999999977
0
LINE
8
BLACK
6
CONTINUOUS
10
180.7690000000000055
20
-96.4399999999999977
11
172.9439999999999884
21
-96.4399999999999977
0
LINE
8
BLACK
6
CONTINUOUS
10
172.9439999999999884
20
-96.4399999999999977
11
172.8952270000000055
21
-96.4351959999999906
0
LINE
8
BLACK
6
CONTINUOUS
10
172.8952270000000055
20
-96.4351959999999906
11
172.8051069999999925
21
-96.3978669999999909
0
LINE
8
BLACK
6
CONTINUOUS
10
172.8051069999999925
20
-96.3978669999999909
11
172.8051020000000051
21
-96.3978619999999893
0
LINE
8
BLACK
6
CONTINUOUS
10
172.8051020000000051
20
-96.3978619999999893
11
172.7672230000000013
21
-96.366776999999999
0
LINE
8
BLACK
6
CONTINUOUS
10
172.7672230000000013
20
-96.366776999999999
11
172.5472230000000025
21
-96.1467770000000002
0
LINE
8
BLACK
6
CONTINUOUS
10
172.5472230000000025
20
-96.1467770000000002
11
172.5161369999999863
21
-96.1088969999999989
0
LINE
8
BLACK
6
CONTINUOUS
10
172.5161369999999863
20
-96.1088969999999989
11
172.5161329999999964
21
-96.1088929999999948
0
LINE
8
BLACK
6
CONTINUOUS
10
172.5161329999999964
20
-96.1088929999999948
11
172.4788039999999967
21
-96.0187729999999959
0
LINE
8
BLACK
6
CONTINUOUS
10
172.4788039999999967
20
-96.0187729999999959
11
172.4739999999999895
21
-95.9699999999999989
0
LINE
8
BLACK
6
CONTINUOUS
10
172.4739999999999895
20
-95.9699999999999989
11
172.4739999999999895
21
-92.5685539999999918
0
LINE
8
BLACK
6
CONTINUOUS
10
172.4739999999999895
20
-92.5685539999999918
11
171.6054460000000006
21
-91.7000000000000028
0
LINE
8
BLACK
6
CONTINUOUS
10
171.6054460000000006
20
-91.7000000000000028
11
171.5089999999999861
21
-91.7000000000000028
0
LINE
8
BLACK
6
CONTINUOUS
10
171.5089999999999861
20
-91.7000000000000028
11
171.5089999999999861
21
-91.75
0
LINE
8
BLACK
6
CONTINUOUS
10
171.5089999999999861
20
-91.75
11
171.490920999999986
21
-91.8408869999999951
0
LINE
8
BLACK
6
CONTINUOUS
10
171.490920999999986
20
-91.8408869999999951
11
171.4394379999999956
21
-91.9179379999999924
0
LINE
8
BLACK
6
CONTINUOUS
10
171.4394379999999956
20
-91.9179379999999924
11
171.362386999999984
21
-91.969420999999997
0
LINE
8
BLACK
6
CONTINUOUS
10
171.362386999999984
20
-91.969420999999997
11
171.2715000000000032
21
-91.9874999999999972
0
LINE
8
BLACK
6
CONTINUOUS
10
171.2715000000000032
20
-91.9874999999999972
11
170.7964999999999804
21
-91.9874999999999972
0
LINE
8
BLACK
6
CONTINUOUS
10
170.7964999999999804
20
-91.9874999999999972
11
170.7056129999999996
21
-91.969420999999997
0
LINE
8
BLACK
6
CONTINUOUS
10
170.7056129999999996
20
-91.969420999999997
11
170.6285619999999881
21
-91.9179379999999924
0
LINE
8
BLACK
6
CONTINUOUS
10
170.6285619999999881
20
-91.9179379999999924
11
170.5770789999999977
21
-91.8408869999999951
0
LINE
8
BLACK
6
CONTINUOUS
10
170.5770789999999977
20
-91.8408869999999951
11
170.5589999999999975
21
-91.75
0
LINE
8
BLACK
6
CONTINUOUS
10
170.5589999999999975
20
-91.75
11
170.5589999999999975
21
-91.1517759999999981
0
LINE
8
BLACK
6
CONTINUOUS
10
170.5589999999999975
20
-91.1517759999999981
11
170.5322239999999852
21
-91.125
0
LINE
8
BLACK
6
CONTINUOUS
10
170.5322239999999852
20
-91.125
11
170.0339999999999918
21
-91.125
0
LINE
8
BLACK
6
CONTINUOUS
10
170.0339999999999918
20
-91.125
11
170.0339999999999918
21
-91.6624999999999943
0
LINE
8
BLACK
6
CONTINUOUS
10
170.0339999999999918
20
-91.6624999999999943
11
170.0282909999999958
21
-91.6912009999999924
0
LINE
8
BLACK
6
CONTINUOUS
10
170.0282909999999958
20
-91.6912009999999924
11
170.0120330000000024
21
-91.7155329999999935
0
LINE
8
BLACK
6
CONTINUOUS
10
170.0120330000000024
20
-91.7155329999999935
11
169.9877009999999871
21
-91.7317910000000012
0
LINE
8
BLACK
6
CONTINUOUS
10
169.9877009999999871
20
-91.7317910000000012
11
169.9590000000000032
21
-91.7374999999999972
0
LINE
8
BLACK
6
CONTINUOUS
10
169.9590000000000032
20
-91.7374999999999972
11
169.8089999999999975
21
-91.7374999999999972
0
LINE
8
BLACK
6
CONTINUOUS
10
169.8089999999999975
20
-91.7374999999999972
11
169.7802989999999852
21
-91.7317910000000012
0
LINE
8
BLACK
6
CONTINUOUS
10
169.7802989999999852
20
-91.7317910000000012
11
169.7559669999999983
21
-91.7155329999999935
0
LINE
8
BLACK
6
CONTINUOUS
10
169.7559669999999983
20
-91.7155329999999935
11
169.7397090000000048
21
-91.6912009999999924
0
LINE
8
BLACK
6
CONTINUOUS
10
169.7397090000000048
20
-91.6912009999999924
11
169.7339999999999804
21
-91.6624999999999943
0
LINE
8
BLACK
6
CONTINUOUS
10
169.7339999999999804
20
-91.6624999999999943
11
169.7339999999999804
21
-90.3374999999999915
0
LINE
8
BLACK
6
CONTINUOUS
10
169.7339999999999804
20
-90.3374999999999915
11
169.7397090000000048
21
-90.3087989999999934
0
LINE
8
BLACK
6
CONTINUOUS
10
169.7397090000000048
20
-90.3087989999999934
11
169.7559669999999983
21
-90.2844669999999923
0
LINE
8
BLACK
6
CONTINUOUS
10
169.7559669999999983
20
-90.2844669999999923
11
169.7589999999999861
21
-90.282439999999994
0
LINE
8
BLACK
6
CONTINUOUS
10
169.7589999999999861
20
-90.282439999999994
11
169.7589999999999861
21
-90.0148969999999906
0
LINE
8
BLACK
6
CONTINUOUS
10
169.7589999999999861
20
-90.0148969999999906
11
169.7425790000000063
21
-90.0014209999999935
0
LINE
8
BLACK
6
CONTINUOUS
10
169.7425790000000063
20
-90.0014209999999935
11
169.5711579999999969
21
-89.8299999999999983
0
LINE
8
BLACK
6
CONTINUOUS
10
169.5711579999999969
20
-89.8299999999999983
11
164.304000000000002
21
-89.8299999999999983
0
LINE
8
BLACK
6
CONTINUOUS
10
164.304000000000002
20
-89.8299999999999983
11
164.2828580000000045
21
-89.8279169999999993
0
LINE
8
BLACK
6
CONTINUOUS
10
164.2828580000000045
20
-89.8279169999999993
11
163.9656369999999868
21
-90.1451390000000004
0
LINE
8
BLACK
6
CONTINUOUS
10
163.9656369999999868
20
-90.1451390000000004
11
163.9656369999999868
21
-90.1741409999999917
0
LINE
8
BLACK
6
CONTINUOUS
10
163.9656369999999868
20
-90.1741409999999917
11
163.9395069999999919
21
-90.2372249999999951
0
LINE
8
BLACK
6
CONTINUOUS
10
163.9395069999999919
20
-90.2372249999999951
11
163.9177430000000015
21
-90.2637440000000026
0
LINE
8
BLACK
6
CONTINUOUS
10
163.9177430000000015
20
-90.2637440000000026
11
161.7577440000000024
21
-92.4237439999999992
0
LINE
8
BLACK
6
CONTINUOUS
10
161.7577440000000024
20
-92.4237439999999992
11
161.7382199999999841
21
-92.4397649999999942
0
LINE
8
BLACK
6
CONTINUOUS
10
161.7382199999999841
20
-92.4397649999999942
11
160.2842420000000061
21
-93.8937439999999981
0
LINE
8
BLACK
6
CONTINUOUS
10
160.2842420000000061
20
-93.8937439999999981
11
160.2577269999999885
21
-93.9155019999999894
0
LINE
8
BLACK
6
CONTINUOUS
10
160.2577269999999885
20
-93.9155019999999894
11
160.2577229999999986
21
-93.915506999999991
0
LINE
8
BLACK
6
CONTINUOUS
10
160.2577229999999986
20
-93.915506999999991
11
160.1946389999999951
21
-93.9416370000000001
0
LINE
8
BLACK
6
CONTINUOUS
10
160.1946389999999951
20
-93.9416370000000001
11
160.1604979999999898
21
-93.9449999999999932
0
LINE
8
BLACK
6
CONTINUOUS
10
160.1604979999999898
20
-93.9449999999999932
11
158.7639999999999816
21
-93.9449999999999932
0
LINE
8
BLACK
6
CONTINUOUS
10
158.7639999999999816
20
-93.9449999999999932
11
158.7298590000000047
21
-93.9416370000000001
0
LINE
8
BLACK
6
CONTINUOUS
10
158.7298590000000047
20
-93.9416370000000001
11
158.6667750000000012
21
-93.915506999999991
0
LINE
8
BLACK
6
CONTINUOUS
10
158.6667750000000012
20
-93.915506999999991
11
158.6667699999999854
21
-93.9155019999999894
0
LINE
8
BLACK
6
CONTINUOUS
10
158.6667699999999854
20
-93.9155019999999894
11
158.6402559999999937
21
-93.8937439999999981
0
LINE
8
BLACK
6
CONTINUOUS
10
158.6402559999999937
20
-93.8937439999999981
11
157.9965119999999956
21
-93.25
0
LINE
8
BLACK
6
CONTINUOUS
10
157.9965119999999956
20
-93.25
11
157.1939999999999884
21
-93.25
0
LINE
8
BLACK
6
CONTINUOUS
10
157.1939999999999884
20
-93.25
11
157.0983290000000068
21
-93.2309699999999992
0
LINE
8
BLACK
6
CONTINUOUS
10
157.0983290000000068
20
-93.2309699999999992
11
157.0172230000000013
21
-93.1767770000000013
0
LINE
8
BLACK
6
CONTINUOUS
10
157.0172230000000013
20
-93.1767770000000013
11
156.9630300000000034
21
-93.0956709999999958
0
LINE
8
BLACK
6
CONTINUOUS
10
156.9630300000000034
20
-93.0956709999999958
11
156.9439999999999884
21
-93.
0
LINE
8
BLACK
6
CONTINUOUS
10
156.9439999999999884
20
-93.
11
156.9439999999999884
21
-92.7749999999999915
0
LINE
8
BLACK
6
CONTINUOUS
10
156.9439999999999884
20
-92.7749999999999915
11
155.3739999999999952
21
-92.7749999999999915
0
LINE
8
BLACK
6
CONTINUOUS
10
155.3739999999999952
20
-92.7749999999999915
11
155.3496140000000025
21
-92.7725980000000021
0
LINE
8
BLACK
6
CONTINUOUS
10
155.3496140000000025
20
-92.7725980000000021
11
155.3496130000000051
21
-92.7725980000000021
0
LINE
8
BLACK
6
CONTINUOUS
10
155.3496130000000051
20
-92.7725980000000021
11
155.304553999999996
21
-92.753934000000001
0
LINE
8
BLACK
6
CONTINUOUS
10
155.304553999999996
20
-92.753934000000001
11
155.2856119999999862
21
-92.7383880000000005
0
LINE
8
BLACK
6
CONTINUOUS
10
155.2856119999999862
20
-92.7383880000000005
11
153.2356120000000033
21
-90.6883879999999891
0
LINE
8
BLACK
6
CONTINUOUS
10
153.2356120000000033
20
-90.6883879999999891
11
153.2200709999999901
21
-90.6694509999999951
0
LINE
8
BLACK
6
CONTINUOUS
10
153.2200709999999901
20
-90.6694509999999951
11
153.2200660000000028
21
-90.6694459999999935
0
LINE
8
BLACK
6
CONTINUOUS
10
153.2200660000000028
20
-90.6694459999999935
11
153.2068679999999858
21
-90.6375839999999897
0
LINE
8
BLACK
6
CONTINUOUS
10
153.2068679999999858
20
-90.6375839999999897
11
153.2014020000000016
21
-90.6243869999999987
0
LINE
8
BLACK
6
CONTINUOUS
10
153.2014020000000016
20
-90.6243869999999987
11
153.2014020000000016
21
-90.6243860000000012
0
LINE
8
BLACK
6
CONTINUOUS
10
153.2014020000000016
20
-90.6243860000000012
11
153.1989999999999839
21
-90.5999999999999943
0
LINE
8
BLACK
6
CONTINUOUS
10
153.1989999999999839
20
-90.5999999999999943
11
153.1989999999999839
21
-85.7399999999999949
0
LINE
8
BLACK
6
CONTINUOUS
10
153.1989999999999839
20
-85.7399999999999949
11
153.2014020000000016
21
-85.7156140000000022
0
LINE
8
BLACK
6
CONTINUOUS
10
153.2014020000000016
20
-85.7156140000000022
11
153.2014360000000011
21
-85.7155329999999935
0
LINE
8
BLACK
6
CONTINUOUS
10
153.2014360000000011
20
-85.7155329999999935
11
153.2068679999999858
21
-85.702415000000002
0
LINE
8
BLACK
6
CONTINUOUS
10
153.2068679999999858
20
-85.702415000000002
11
153.2200660000000028
21
-85.6705539999999957
0
LINE
8
BLACK
6
CONTINUOUS
10
153.2200660000000028
20
-85.6705539999999957
11
153.2200709999999901
21
-85.6705479999999966
0
LINE
8
BLACK
6
CONTINUOUS
10
153.2200709999999901
20
-85.6705479999999966
11
153.2356120000000033
21
-85.6516120000000001
0
LINE
8
BLACK
6
CONTINUOUS
10
153.2356120000000033
20
-85.6516120000000001
11
153.6156119999999987
21
-85.2716119999999904
0
LINE
8
BLACK
6
CONTINUOUS
10
153.6156119999999987
20
-85.2716119999999904
11
153.6345479999999952
21
-85.2560709999999915
0
LINE
8
BLACK
6
CONTINUOUS
10
153.6345479999999952
20
-85.2560709999999915
11
153.6345539999999801
21
-85.2560659999999899
0
LINE
8
BLACK
6
CONTINUOUS
10
153.6345539999999801
20
-85.2560659999999899
11
153.6664150000000006
21
-85.2428680000000014
0
LINE
8
BLACK
6
CONTINUOUS
10
153.6664150000000006
20
-85.2428680000000014
11
153.6796129999999891
21
-85.237402000000003
0
LINE
8
BLACK
6
CONTINUOUS
10
153.6796129999999891
20
-85.237402000000003
11
153.6796139999999866
21
-85.237402000000003
0
LINE
8
BLACK
6
CONTINUOUS
10
153.6796139999999866
20
-85.237402000000003
11
153.7039999999999793
21
-85.2349999999999994
0
LINE
8
BLACK
6
CONTINUOUS
10
153.7039999999999793
20
-85.2349999999999994
11
153.9814999999999827
21
-85.2349999999999994
0
LINE
8
BLACK
6
CONTINUOUS
10
153.9814999999999827
20
-85.2349999999999994
11
153.9814999999999827
21
-85.1225000000000023
0
LINE
8
BLACK
6
CONTINUOUS
10
153.9814999999999827
20
-85.1225000000000023
11
153.9995789999999829
21
-85.031612999999993
0
LINE
8
BLACK
6
CONTINUOUS
10
153.9995789999999829
20
-85.031612999999993
11
154.0510620000000017
21
-84.9545619999999957
0
LINE
8
BLACK
6
CONTINUOUS
10
154.0510620000000017
20
-84.9545619999999957
11
154.1281129999999848
21
-84.9030789999999911
0
LINE
8
BLACK
6
CONTINUOUS
10
154.1281129999999848
20
-84.9030789999999911
11
154.2189999999999941
21
-84.8849999999999909
0
LINE
8
BLACK
6
CONTINUOUS
10
154.2189999999999941
20
-84.8849999999999909
11
154.7189999999999941
21
-84.8849999999999909
0
LINE
8
BLACK
6
CONTINUOUS
10
154.7189999999999941
20
-84.8849999999999909
11
154.8098870000000034
21
-84.9030789999999911
0
LINE
8
BLACK
6
CONTINUOUS
10
154.8098870000000034
20
-84.9030789999999911
11
154.8869379999999865
21
-84.9545619999999957
0
LINE
8
BLACK
6
CONTINUOUS
10
154.8869379999999865
20
-84.9545619999999957
11
154.9384210000000053
21
-85.031612999999993
0
LINE
8
BLACK
6
CONTINUOUS
10
154.9384210000000053
20
-85.031612999999993
11
154.9565000000000055
21
-85.1225000000000023
0
LINE
8
BLACK
6
CONTINUOUS
10
154.9565000000000055
20
-85.1225000000000023
11
154.9565000000000055
21
-85.5974999999999966
0
LINE
8
BLACK
6
CONTINUOUS
10
154.9565000000000055
20
-85.5974999999999966
11
154.9384210000000053
21
-85.6883869999999916
0
LINE
8
BLACK
6
CONTINUOUS
10
154.9384210000000053
20
-85.6883869999999916
11
154.8869379999999865
21
-85.7654380000000032
0
LINE
8
BLACK
6
CONTINUOUS
10
154.8869379999999865
20
-85.7654380000000032
11
154.8098870000000034
21
-85.8169209999999936
0
LINE
8
BLACK
6
CONTINUOUS
10
154.8098870000000034
20
-85.8169209999999936
11
154.7189999999999941
21
-85.8349999999999937
0
LINE
8
BLACK
6
CONTINUOUS
10
154.7189999999999941
20
-85.8349999999999937
11
154.2189999999999941
21
-85.8349999999999937
0
LINE
8
BLACK
6
CONTINUOUS
10
154.2189999999999941
20
-85.8349999999999937
11
154.1281129999999848
21
-85.8169209999999936
0
LINE
8
BLACK
6
CONTINUOUS
10
154.1281129999999848
20
-85.8169209999999936
11
154.0510620000000017
21
-85.7654380000000032
0
LINE
8
BLACK
6
CONTINUOUS
10
154.0510620000000017
20
-85.7654380000000032
11
153.9995789999999829
21
-85.6883869999999916
0
LINE
8
BLACK
6
CONTINUOUS
10
153.9995789999999829
20
-85.6883869999999916
11
153.9814999999999827
21
-85.5974999999999966
0
LINE
8
BLACK
6
CONTINUOUS
10
153.9814999999999827
20
-85.5974999999999966
11
153.9814999999999827
21
-85.4849999999999994
0
LINE
8
BLACK
6
CONTINUOUS
10
153.9814999999999827
20
-85.4849999999999994
11
153.7557759999999973
21
-85.4849999999999994
0
LINE
8
BLACK
6
CONTINUOUS
10
153.7557759999999973
20
-85.4849999999999994
11
153.4489999999999839
21
-85.7917759999999987
0
LINE
8
BLACK
6
CONTINUOUS
10
153.4489999999999839
20
-85.7917759999999987
11
153.4489999999999839
21
-90.5482239999999905
0
LINE
8
BLACK
6
CONTINUOUS
10
153.4489999999999839
20
-90.5482239999999905
11
155.4257759999999848
21
-92.5249999999999915
0
LINE
8
BLACK
6
CONTINUOUS
10
155.4257759999999848
20
-92.5249999999999915
11
156.9439999999999884
21
-92.5249999999999915
0
LINE
8
BLACK
6
CONTINUOUS
10
156.9439999999999884
20
-92.5249999999999915
11
156.9439999999999884
21
-92.2999999999999972
0
LINE
8
BLACK
6
CONTINUOUS
10
156.9439999999999884
20
-92.2999999999999972
11
156.9630300000000034
21
-92.2043290000000013
0
LINE
8
BLACK
6
CONTINUOUS
10
156.9630300000000034
20
-92.2043290000000013
11
157.0172230000000013
21
-92.1232229999999959
0
LINE
8
BLACK
6
CONTINUOUS
10
157.0172230000000013
20
-92.1232229999999959
11
157.0983290000000068
21
-92.0690299999999979
0
LINE
8
BLACK
6
CONTINUOUS
10
157.0983290000000068
20
-92.0690299999999979
11
157.1939999999999884
21
-92.0499999999999972
0
LINE
8
BLACK
6
CONTINUOUS
10
157.1939999999999884
20
-92.0499999999999972
11
158.0939999999999941
21
-92.0499999999999972
0
LINE
8
BLACK
6
CONTINUOUS
10
158.0939999999999941
20
-92.0499999999999972
11
158.1896710000000041
21
-92.0690299999999979
0
LINE
8
BLACK
6
CONTINUOUS
10
158.1896710000000041
20
-92.0690299999999979
11
158.2707769999999812
21
-92.1232229999999959
0
LINE
8
BLACK
6
CONTINUOUS
10
158.2707769999999812
20
-92.1232229999999959
11
158.3249699999999791
21
-92.2043290000000013
0
LINE
8
BLACK
6
CONTINUOUS
10
158.3249699999999791
20
-92.2043290000000013
11
158.3439999999999941
21
-92.2999999999999972
0
LINE
8
BLACK
6
CONTINUOUS
10
158.3439999999999941
20
-92.2999999999999972
11
158.3439999999999941
21
-93.
0
LINE
8
BLACK
6
CONTINUOUS
10
158.3439999999999941
20
-93.
11
158.32699199999999
21
-93.0855040000000002
0
LINE
8
BLACK
6
CONTINUOUS
10
158.32699199999999
20
-93.0855040000000002
11
158.8364880000000028
21
-93.5949999999999989
0
LINE
8
BLACK
6
CONTINUOUS
10
158.8364880000000028
20
-93.5949999999999989
11
160.088009999999997
21
-93.5949999999999989
0
LINE
8
BLACK
6
CONTINUOUS
10
160.088009999999997
20
-93.5949999999999989
11
161.5067540000000008
21
-92.1762559999999951
0
LINE
8
BLACK
6
CONTINUOUS
10
161.5067540000000008
20
-92.1762559999999951
11
161.5262769999999932
21
-92.1602340000000027
0
LINE
8
BLACK
6
CONTINUOUS
10
161.5262769999999932
20
-92.1602340000000027
11
163.6702559999999949
21
-90.016256999999996
0
LINE
8
BLACK
6
CONTINUOUS
10
163.6702559999999949
20
-90.016256999999996
11
163.6967750000000024
21
-89.9944929999999914
0
LINE
8
BLACK
6
CONTINUOUS
10
163.6967750000000024
20
-89.9944929999999914
11
163.7598590000000058
21
-89.9683629999999965
0
LINE
8
BLACK
6
CONTINUOUS
10
163.7598590000000058
20
-89.9683629999999965
11
163.7888609999999971
21
-89.9683629999999965
0
LINE
8
BLACK
6
CONTINUOUS
10
163.7888609999999971
20
-89.9683629999999965
11
164.1078430000000026
21
-89.6493809999999911
0
LINE
8
BLACK
6
CONTINUOUS
10
164.1078430000000026
20
-89.6493809999999911
11
164.1078430000000026
21
-89.5909819999999968
0
LINE
8
BLACK
6
CONTINUOUS
10
164.1078430000000026
20
-89.5909819999999968
11
164.1377059999999801
21
-89.5188859999999949
0
LINE
8
BLACK
6
CONTINUOUS
10
164.1377059999999801
20
-89.5188859999999949
11
164.1928859999999872
21
-89.4637060000000019
0
LINE
8
BLACK
6
CONTINUOUS
10
164.1928859999999872
20
-89.4637060000000019
11
164.2649820000000034
21
-89.433842999999996
0
LINE
8
BLACK
6
CONTINUOUS
10
164.2649820000000034
20
-89.433842999999996
11
164.304000000000002
21
-89.4299999999999926
0
LINE
8
BLACK
6
CONTINUOUS
10
164.304000000000002
20
-89.4299999999999926
11
169.6539999999999964
21
-89.4299999999999926
0
LINE
8
BLACK
6
CONTINUOUS
10
169.6539999999999964
20
-89.4299999999999926
11
169.6839999999999975
21
-89.4329539999999952
0
LINE
8
BLACK
6
CONTINUOUS
10
169.6839999999999975
20
-89.4329539999999952
11
169.6839999999999975
21
-84.4128419999999977
0
LINE
8
BLACK
6
CONTINUOUS
10
169.6839999999999975
20
-84.4128419999999977
11
169.5586579999999799
21
-84.2874999999999943
0
LINE
8
BLACK
6
CONTINUOUS
10
169.5586579999999799
20
-84.2874999999999943
11
164.9933149999999955
21
-84.2874999999999943
0
LINE
8
BLACK
6
CONTINUOUS
10
164.9933149999999955
20
-84.2874999999999943
11
164.9542969999999968
21
-84.2836569999999909
0
LINE
8
BLACK
6
CONTINUOUS
10
164.9542969999999968
20
-84.2836569999999909
11
164.8822009999999807
21
-84.2537939999999992
0
LINE
8
BLACK
6
CONTINUOUS
10
164.8822009999999807
20
-84.2537939999999992
11
164.827021000000002
21
-84.1986139999999921
0
LINE
8
BLACK
6
CONTINUOUS
10
164.827021000000002
20
-84.1986139999999921
11
164.797157999999996
21
-84.1265179999999901
0
LINE
8
BLACK
6
CONTINUOUS
10
164.797157999999996
20
-84.1265179999999901
11
164.797157999999996
21
-84.0681189999999958
0
LINE
8
BLACK
6
CONTINUOUS
10
164.797157999999996
20
-84.0681189999999958
11
164.2956120000000055
21
-83.5665729999999911
0
LINE
8
BLACK
6
CONTINUOUS
10
164.2956120000000055
20
-83.5665729999999911
11
164.2800709999999924
21
-83.5476359999999971
0
LINE
8
BLACK
6
CONTINUOUS
10
164.2800709999999924
20
-83.5476359999999971
11
164.280066000000005
21
-83.5476309999999955
0
LINE
8
BLACK
6
CONTINUOUS
10
164.280066000000005
20
-83.5476309999999955
11
164.2614020000000039
21
-83.5025710000000032
0
LINE
8
BLACK
6
CONTINUOUS
10
164.2614020000000039
20
-83.5025710000000032
11
164.2589999999999861
21
-83.4781849999999963
0
LINE
8
BLACK
6
CONTINUOUS
10
164.2589999999999861
20
-83.4781849999999963
11
164.2589999999999861
21
-83.3925589999999914
0
LINE
8
BLACK
6
CONTINUOUS
10
164.2589999999999861
20
-83.3925589999999914
11
164.2559669999999983
21
-83.3905329999999907
0
LINE
8
BLACK
6
CONTINUOUS
10
164.2559669999999983
20
-83.3905329999999907
11
164.2397090000000048
21
-83.3662009999999896
0
LINE
8
BLACK
6
CONTINUOUS
10
164.2397090000000048
20
-83.3662009999999896
11
164.2339999999999804
21
-83.3374999999999915
0
LINE
8
BLACK
6
CONTINUOUS
10
164.2339999999999804
20
-83.3374999999999915
11
164.2339999999999804
21
-82.7999999999999972
0
LINE
8
BLACK
6
CONTINUOUS
10
164.2339999999999804
20
-82.7999999999999972
11
164.2090000000000032
21
-82.7999999999999972
0
LINE
8
BLACK
6
CONTINUOUS
10
164.2090000000000032
20
-82.7999999999999972
11
164.1846139999999821
21
-82.7975979999999936
0
LINE
8
BLACK
6
CONTINUOUS
10
164.1846139999999821
20
-82.7975979999999936
11
164.139554000000004
21
-82.7789339999999925
0
LINE
8
BLACK
6
CONTINUOUS
10
164.139554000000004
20
-82.7789339999999925
11
164.1206119999999942
21
-82.7633889999999894
0
LINE
8
BLACK
6
CONTINUOUS
10
164.1206119999999942
20
-82.7633889999999894
11
162.8970229999999901
21
-81.5397990000000021
0
LINE
8
BLACK
6
CONTINUOUS
10
162.8970229999999901
20
-81.5397990000000021
11
162.8542079999999999
21
-81.567315999999991
0
LINE
8
BLACK
6
CONTINUOUS
10
162.8542079999999999
20
-81.567315999999991
11
162.7176570000000027
21
-81.607410999999999
0
LINE
8
BLACK
6
CONTINUOUS
10
162.7176570000000027
20
-81.607410999999999
11
162.5753430000000037
21
-81.607410999999999
0
LINE
8
BLACK
6
CONTINUOUS
10
162.5753430000000037
20
-81.607410999999999
11
162.4387920000000065
21
-81.567315999999991
0
LINE
8
BLACK
6
CONTINUOUS
10
162.4387920000000065
20
-81.567315999999991
11
162.3190699999999822
21
-81.4903750000000002
0
LINE
8
BLACK
6
CONTINUOUS
10
162.3190699999999822
20
-81.4903750000000002
11
162.2258729999999787
21
-81.3828199999999953
0
LINE
8
BLACK
6
CONTINUOUS
10
162.2258729999999787
20
-81.3828199999999953
11
162.1667539999999974
21
-81.2533659999999998
0
LINE
8
BLACK
6
CONTINUOUS
10
162.1667539999999974
20
-81.2533659999999998
11
162.1465000000000032
21
-81.1124999999999972
0
LINE
8
BLACK
6
CONTINUOUS
10
162.1465000000000032
20
-81.1124999999999972
11
162.1667539999999974
21
-80.9716339999999946
0
LINE
8
BLACK
6
CONTINUOUS
10
162.1667539999999974
20
-80.9716339999999946
11
162.2175739999999848
21
-80.8603509999999943
0
LINE
8
BLACK
6
CONTINUOUS
10
162.2175739999999848
20
-80.8603509999999943
11
161.8356119999999976
21
-80.4783879999999954
0
LINE
8
BLACK
6
CONTINUOUS
10
161.8356119999999976
20
-80.4783879999999954
11
161.8200709999999845
21
-80.4594510000000014
0
LINE
8
BLACK
6
CONTINUOUS
10
161.8200709999999845
20
-80.4594510000000014
11
161.8200659999999971
21
-80.4594459999999998
0
LINE
8
BLACK
6
CONTINUOUS
10
161.8200659999999971
20
-80.4594459999999998
11
161.801401999999996
21
-80.4143859999999933
0
LINE
8
BLACK
6
CONTINUOUS
10
161.801401999999996
20
-80.4143859999999933
11
161.7990000000000066
21
-80.3900000000000006
0
LINE
8
BLACK
6
CONTINUOUS
10
161.7990000000000066
20
-80.3900000000000006
11
161.7990000000000066
21
-78.7950000000000017
0
LINE
8
BLACK
6
CONTINUOUS
10
161.7990000000000066
20
-78.7950000000000017
11
161.6364999999999839
21
-78.7950000000000017
0
LINE
8
BLACK
6
CONTINUOUS
10
161.6364999999999839
20
-78.7950000000000017
11
161.545613000000003
21
-78.7769210000000015
0
LINE
8
BLACK
6
CONTINUOUS
10
161.545613000000003
20
-78.7769210000000015
11
161.4685619999999915
21
-78.7254379999999969
0
LINE
8
BLACK
6
CONTINUOUS
10
161.4685619999999915
20
-78.7254379999999969
11
161.4170790000000011
21
-78.6483869999999996
0
LINE
8
BLACK
6
CONTINUOUS
10
161.4170790000000011
20
-78.6483869999999996
11
161.3990000000000009
21
-78.5574999999999903
0
LINE
8
BLACK
6
CONTINUOUS
10
161.3990000000000009
20
-78.5574999999999903
11
161.3990000000000009
21
-78.082499999999996
0
LINE
8
BLACK
6
CONTINUOUS
10
161.3990000000000009
20
-78.082499999999996
11
161.4170790000000011
21
-77.991613000000001
0
LINE
8
BLACK
6
CONTINUOUS
10
161.4170790000000011
20
-77.991613000000001
11
161.4685619999999915
21
-77.9145619999999894
0
LINE
8
BLACK
6
CONTINUOUS
10
161.4685619999999915
20
-77.9145619999999894
11
161.545613000000003
21
-77.863078999999999
0
LINE
8
BLACK
6
CONTINUOUS
10
161.545613000000003
20
-77.863078999999999
11
161.6364999999999839
21
-77.8449999999999989
0
LINE
8
BLACK
6
CONTINUOUS
10
161.6364999999999839
20
-77.8449999999999989
11
161.8089999999999975
21
-77.8449999999999989
0
LINE
8
BLACK
6
CONTINUOUS
10
161.8089999999999975
20
-77.8449999999999989
11
161.8089999999999975
21
-77.2791009999999972
0
LINE
8
BLACK
6
CONTINUOUS
10
161.8089999999999975
20
-77.2791009999999972
11
161.7262920000000008
21
-77.254815999999991
0
LINE
8
BLACK
6
CONTINUOUS
10
161.7262920000000008
20
-77.254815999999991
11
161.6065700000000049
21
-77.1778750000000002
0
LINE
8
BLACK
6
CONTINUOUS
10
161.6065700000000049
20
-77.1778750000000002
11
161.5133730000000014
21
-77.0703199999999953
0
LINE
8
BLACK
6
CONTINUOUS
10
161.5133730000000014
20
-77.0703199999999953
11
161.4542539999999917
21
-76.9408659999999998
0
LINE
8
BLACK
6
CONTINUOUS
10
161.4542539999999917
20
-76.9408659999999998
11
161.4339999999999975
21
-76.7999999999999972
0
LINE
8
BLACK
6
CONTINUOUS
10
161.4339999999999975
20
-76.7999999999999972
11
161.4542539999999917
21
-76.6591339999999946
0
LINE
8
BLACK
6
CONTINUOUS
10
161.4542539999999917
20
-76.6591339999999946
11
161.5133730000000014
21
-76.529679999999999
0
LINE
8
BLACK
6
CONTINUOUS
10
161.5133730000000014
20
-76.529679999999999
11
161.6065700000000049
21
-76.4221249999999941
0
LINE
8
BLACK
6
CONTINUOUS
10
161.6065700000000049
20
-76.4221249999999941
11
161.7262920000000008
21
-76.3451840000000033
0
LINE
8
BLACK
6
CONTINUOUS
10
161.7262920000000008
20
-76.3451840000000033
11
161.862842999999998
21
-76.3050889999999953
0
LINE
8
BLACK
6
CONTINUOUS
10
161.862842999999998
20
-76.3050889999999953
11
162.005156999999997
21
-76.3050889999999953
0
LINE
8
BLACK
6
CONTINUOUS
10
162.005156999999997
20
-76.3050889999999953
11
162.1417079999999942
21
-76.3451840000000033
0
LINE
8
BLACK
6
CONTINUOUS
10
164.9877009999999871
20
-90.2682089999999988
11
165.0120330000000024
21
-90.2844669999999923
0
LINE
8
BLACK
6
CONTINUOUS
10
165.0120330000000024
20
-90.2844669999999923
11
165.0282909999999958
21
-90.3087989999999934
0
LINE
8
BLACK
6
CONTINUOUS
10
165.0282909999999958
20
-90.3087989999999934
11
165.0339999999999918
21
-90.3374999999999915
0
LINE
8
BLACK
6
CONTINUOUS
10
165.0339999999999918
20
-90.3374999999999915
11
165.0339999999999918
21
-91.0249999999999915
0
LINE
8
BLACK
6
CONTINUOUS
10
165.0339999999999918
20
-91.0249999999999915
11
165.0339999999999918
21
-92.7000000000000028
0
LINE
8
BLACK
6
CONTINUOUS
10
165.0339999999999918
20
-92.7000000000000028
11
165.0315980000000025
21
-92.7243859999999955
0
LINE
8
BLACK
6
CONTINUOUS
10
165.0315980000000025
20
-92.7243859999999955
11
165.0315980000000025
21
-92.724386999999993
0
LINE
8
BLACK
6
CONTINUOUS
10
165.0315980000000025
20
-92.724386999999993
11
165.029043999999999
21
-92.7305530000000005
0
LINE
8
BLACK
6
CONTINUOUS
10
165.029043999999999
20
-92.7305530000000005
11
165.0129340000000013
21
-92.7694460000000021
0
LINE
8
BLACK
6
CONTINUOUS
10
165.0129340000000013
20
-92.7694460000000021
11
165.0129330000000039
21
-92.7694469999999995
0
LINE
8
BLACK
6
CONTINUOUS
10
165.0129330000000039
20
-92.7694469999999995
11
164.9973880000000008
21
-92.7883889999999951
0
LINE
8
BLACK
6
CONTINUOUS
10
164.9973880000000008
20
-92.7883889999999951
11
164.4473879999999895
21
-93.3383879999999948
0
LINE
8
BLACK
6
CONTINUOUS
10
164.4473879999999895
20
-93.3383879999999948
11
164.4284509999999955
21
-93.3539279999999962
0
LINE
8
BLACK
6
CONTINUOUS
10
164.4284509999999955
20
-93.3539279999999962
11
164.4284459999999797
21
-93.3539339999999953
0
LINE
8
BLACK
6
CONTINUOUS
10
164.4284459999999797
20
-93.3539339999999953
11
164.3965839999999901
21
-93.3671310000000005
0
LINE
8
BLACK
6
CONTINUOUS
10
164.3965839999999901
20
-93.3671310000000005
11
164.383386999999999
21
-93.3725979999999964
0
LINE
8
BLACK
6
CONTINUOUS
10
164.383386999999999
20
-93.3725979999999964
11
164.3833860000000016
21
-93.3725979999999964
0
LINE
8
BLACK
6
CONTINUOUS
10
164.3833860000000016
20
-93.3725979999999964
11
164.3589999999999804
21
-93.375
0
LINE
8
BLACK
6
CONTINUOUS
10
164.3589999999999804
20
-93.375
11
163.3065890000000024
21
-93.375
0
LINE
8
BLACK
6
CONTINUOUS
10
163.3065890000000024
20
-93.375
11
162.04819999999998
21
-94.6333879999999965
0
LINE
8
BLACK
6
CONTINUOUS
10
162.04819999999998
20
-94.6333879999999965
11
162.0292629999999861
21
-94.648927999999998
0
LINE
8
BLACK
6
CONTINUOUS
10
162.0292629999999861
20
-94.648927999999998
11
162.0292579999999987
21
-94.648933999999997
0
LINE
8
BLACK
6
CONTINUOUS
10
162.0292579999999987
20
-94.648933999999997
11
161.9986499999999978
21
-94.661611999999991
0
LINE
8
BLACK
6
CONTINUOUS
10
161.9986499999999978
20
-94.661611999999991
11
161.9841989999999896
21
-94.6675979999999981
0
LINE
8
BLACK
6
CONTINUOUS
10
161.9841989999999896
20
-94.6675979999999981
11
161.9841979999999921
21
-94.6675979999999981
0
LINE
8
BLACK
6
CONTINUOUS
10
161.9841979999999921
20
-94.6675979999999981
11
161.9598119999999994
21
-94.6700000000000017
0
LINE
8
BLACK
6
CONTINUOUS
10
161.9598119999999994
20
-94.6700000000000017
11
160.7807770000000005
21
-94.6700000000000017
0
LINE
8
BLACK
6
CONTINUOUS
10
160.7807770000000005
20
-94.6700000000000017
11
160.5423879999999883
21
-94.9083880000000022
0
LINE
8
BLACK
6
CONTINUOUS
10
160.5423879999999883
20
-94.9083880000000022
11
160.5234509999999943
21
-94.9239279999999894
0
LINE
8
BLACK
6
CONTINUOUS
10
160.5234509999999943
20
-94.9239279999999894
11
160.5234459999999785
21
-94.9239340000000027
0
LINE
8
BLACK
6
CONTINUOUS
10
160.5234459999999785
20
-94.9239340000000027
11
160.4915839999999889
21
-94.9371309999999937
0
LINE
8
BLACK
6
CONTINUOUS
10
160.4915839999999889
20
-94.9371309999999937
11
160.4783869999999979
21
-94.9425979999999896
0
LINE
8
BLACK
6
CONTINUOUS
10
160.4783869999999979
20
-94.9425979999999896
11
160.4783860000000004
21
-94.9425979999999896
0
LINE
8
BLACK
6
CONTINUOUS
10
160.4783860000000004
20
-94.9425979999999896
11
160.4539999999999793
21
-94.9449999999999932
0
LINE
8
BLACK
6
CONTINUOUS
10
160.4539999999999793
20
-94.9449999999999932
11
157.3707770000000039
21
-94.9449999999999932
0
LINE
8
BLACK
6
CONTINUOUS
10
157.3707770000000039
20
-94.9449999999999932
11
156.6929250000000025
21
-95.6228499999999997
0
LINE
8
BLACK
6
CONTINUOUS
10
156.6929250000000025
20
-95.6228499999999997
11
156.7437459999999874
21
-95.7341339999999974
0
LINE
8
BLACK
6
CONTINUOUS
10
156.7437459999999874
20
-95.7341339999999974
11
156.7639999999999816
21
-95.875
0
LINE
8
BLACK
6
CONTINUOUS
10
156.7639999999999816
20
-95.875
11
156.7437459999999874
21
-96.0158660000000026
0
LINE
8
BLACK
6
CONTINUOUS
10
156.7437459999999874
20
-96.0158660000000026
11
156.6846270000000061
21
-96.1453199999999981
0
LINE
8
BLACK
6
CONTINUOUS
10
156.6846270000000061
20
-96.1453199999999981
11
156.5914300000000026
21
-96.2528749999999889
0
LINE
8
BLACK
6
CONTINUOUS
10
156.5914300000000026
20
-96.2528749999999889
11
156.4717080000000067
21
-96.3298159999999939
0
LINE
8
BLACK
6
CONTINUOUS
10
156.4717080000000067
20
-96.3298159999999939
11
156.3351569999999811
21
-96.3699110000000019
0
LINE
8
BLACK
6
CONTINUOUS
10
156.3351569999999811
20
-96.3699110000000019
11
156.1928429999999821
21
-96.3699110000000019
0
LINE
8
BLACK
6
CONTINUOUS
10
156.1928429999999821
20
-96.3699110000000019
11
156.0562919999999849
21
-96.3298159999999939
0
LINE
8
BLACK
6
CONTINUOUS
10
156.0562919999999849
20
-96.3298159999999939
11
155.936569999999989
21
-96.2528749999999889
0
LINE
8
BLACK
6
CONTINUOUS
10
155.936569999999989
20
-96.2528749999999889
11
155.8433729999999855
21
-96.1453199999999981
0
LINE
8
BLACK
6
CONTINUOUS
10
155.8433729999999855
20
-96.1453199999999981
11
155.7842540000000042
21
-96.0158660000000026
0
LINE
8
BLACK
6
CONTINUOUS
10
155.7842540000000042
20
-96.0158660000000026
11
155.7639999999999816
21
-95.875
0
LINE
8
BLACK
6
CONTINUOUS
10
155.7639999999999816
20
-95.875
11
155.7842540000000042
21
-95.7341339999999974
0
LINE
8
BLACK
6
CONTINUOUS
10
155.7842540000000042
20
-95.7341339999999974
11
155.8433729999999855
21
-95.6046800000000019
0
LINE
8
BLACK
6
CONTINUOUS
10
155.8433729999999855
20
-95.6046800000000019
11
155.936569999999989
21
-95.4971249999999969
0
LINE
8
BLACK
6
CONTINUOUS
10
155.936569999999989
20
-95.4971249999999969
11
156.0562919999999849
21
-95.4201839999999919
0
LINE
8
BLACK
6
CONTINUOUS
10
156.0562919999999849
20
-95.4201839999999919
11
156.1928429999999821
21
-95.3800889999999981
0
LINE
8
BLACK
6
CONTINUOUS
10
156.1928429999999821
20
-95.3800889999999981
11
156.3351569999999811
21
-95.3800889999999981
0
LINE
8
BLACK
6
CONTINUOUS
10
156.3351569999999811
20
-95.3800889999999981
11
156.4717080000000067
21
-95.4201839999999919
0
LINE
8
BLACK
6
CONTINUOUS
10
156.4717080000000067
20
-95.4201839999999919
11
156.514522999999997
21
-95.4476999999999975
0
LINE
8
BLACK
6
CONTINUOUS
10
156.514522999999997
20
-95.4476999999999975
11
157.2306109999999819
21
-94.7316119999999984
0
LINE
8
BLACK
6
CONTINUOUS
10
157.2306109999999819
20
-94.7316119999999984
11
157.2495529999999917
21
-94.7160669999999953
0
LINE
8
BLACK
6
CONTINUOUS
10
157.2495529999999917
20
-94.7160669999999953
11
157.2495539999999892
21
-94.7160659999999979
0
LINE
8
BLACK
6
CONTINUOUS
10
157.2495539999999892
20
-94.7160659999999979
11
157.2788459999999873
21
-94.7039329999999921
0
LINE
8
BLACK
6
CONTINUOUS
10
157.2788459999999873
20
-94.7039329999999921
11
157.2946129999999982
21
-94.6974019999999967
0
LINE
8
BLACK
6
CONTINUOUS
10
157.2946129999999982
20
-94.6974019999999967
11
157.2946139999999957
21
-94.6974019999999967
0
LINE
8
BLACK
6
CONTINUOUS
10
157.2946139999999957
20
-94.6974019999999967
11
157.3189999999999884
21
-94.6949999999999932
0
LINE
8
BLACK
6
CONTINUOUS
10
157.3189999999999884
20
-94.6949999999999932
11
160.4022239999999897
21
-94.6949999999999932
0
LINE
8
BLACK
6
CONTINUOUS
10
160.4022239999999897
20
-94.6949999999999932
11
160.6406120000000044
21
-94.4566109999999952
0
LINE
8
BLACK
6
CONTINUOUS
10
160.6406120000000044
20
-94.4566109999999952
11
160.6595539999999858
21
-94.4410659999999922
0
LINE
8
BLACK
6
CONTINUOUS
10
160.6595539999999858
20
-94.4410659999999922
11
160.7046129999999948
21
-94.4224019999999911
0
LINE
8
BLACK
6
CONTINUOUS
10
160.7046129999999948
20
-94.4224019999999911
11
160.7046139999999923
21
-94.4224019999999911
0
LINE
8
BLACK
6
CONTINUOUS
10
160.7046139999999923
20
-94.4224019999999911
11
160.728999999999985
21
-94.4200000000000017
0
LINE
8
BLACK
6
CONTINUOUS
10
160.728999999999985
20
-94.4200000000000017
11
161.9080359999999814
21
-94.4200000000000017
0
LINE
8
BLACK
6
CONTINUOUS
10
161.9080359999999814
20
-94.4200000000000017
11
163.1664240000000063
21
-93.1616109999999935
0
LINE
8
BLACK
6
CONTINUOUS
10
163.1664240000000063
20
-93.1616109999999935
11
163.1853659999999877
21
-93.1460659999999905
0
LINE
8
BLACK
6
CONTINUOUS
10
163.1853659999999877
20
-93.1460659999999905
11
163.2304259999999942
21
-93.1274019999999894
0
LINE
8
BLACK
6
CONTINUOUS
10
163.2304259999999942
20
-93.1274019999999894
11
163.2548119999999869
21
-93.125
0
LINE
8
BLACK
6
CONTINUOUS
10
163.2548119999999869
20
-93.125
11
164.3072239999999908
21
-93.125
0
LINE
8
BLACK
6
CONTINUOUS
10
164.3072239999999908
20
-93.125
11
164.7839999999999918
21
-92.6482230000000015
0
LINE
8
BLACK
6
CONTINUOUS
10
164.7839999999999918
20
-92.6482230000000015
11
164.7839999999999918
21
-91.7325269999999904
0
LINE
8
BLACK
6
CONTINUOUS
10
164.7839999999999918
20
-91.7325269999999904
11
164.7802989999999852
21
-91.7317910000000012
0
LINE
8
BLACK
6
CONTINUOUS
10
164.7802989999999852
20
-91.7317910000000012
11
164.7559669999999983
21
-91.7155329999999935
0
LINE
8
BLACK
6
CONTINUOUS
10
164.7559669999999983
20
-91.7155329999999935
11
164.7397090000000048
21
-91.6912009999999924
0
LINE
8
BLACK
6
CONTINUOUS
10
164.7397090000000048
20
-91.6912009999999924
11
164.7339999999999804
21
-91.6624999999999943
0
LINE
8
BLACK
6
CONTINUOUS
10
164.7339999999999804
20
-91.6624999999999943
11
164.7339999999999804
21
-90.3374999999999915
0
LINE
8
BLACK
6
CONTINUOUS
10
164.7339999999999804
20
-90.3374999999999915
11
164.7397090000000048
21
-90.3087989999999934
0
LINE
8
BLACK
6
CONTINUOUS
10
164.7397090000000048
20
-90.3087989999999934
11
164.7559669999999983
21
-90.2844669999999923
0
LINE
8
BLACK
6
CONTINUOUS
10
164.7559669999999983
20
-90.2844669999999923
11
164.7802989999999852
21
-90.2682089999999988
0
LINE
8
BLACK
6
CONTINUOUS
10
164.7802989999999852
20
-90.2682089999999988
11
164.8089999999999975
21
-90.2625000000000028
0
LINE
8
BLACK
6
CONTINUOUS
10
164.8089999999999975
20
-90.2625000000000028
11
164.9590000000000032
21
-90.2625000000000028
0
LINE
8
BLACK
6
CONTINUOUS
10
164.9590000000000032
20
-90.2625000000000028
11
164.9877009999999871
21
-90.2682089999999988
0
LINE
8
BLACK
6
CONTINUOUS
10
165.4877009999999871
20
-90.2682089999999988
11
165.5120330000000024
21
-90.2844669999999923
0
LINE
8
BLACK
6
CONTINUOUS
10
165.5120330000000024
20
-90.2844669999999923
11
165.5282909999999958
21
-90.3087989999999934
0
LINE
8
BLACK
6
CONTINUOUS
10
165.5282909999999958
20
-90.3087989999999934
11
165.5339999999999918
21
-90.3374999999999915
0
LINE
8
BLACK
6
CONTINUOUS
10
165.5339999999999918
20
-90.3374999999999915
11
165.5339999999999918
21
-91.6624999999999943
0
LINE
8
BLACK
6
CONTINUOUS
10
165.5339999999999918
20
-91.6624999999999943
11
165.5282909999999958
21
-91.6912009999999924
0
LINE
8
BLACK
6
CONTINUOUS
10
165.5282909999999958
20
-91.6912009999999924
11
165.5120330000000024
21
-91.7155329999999935
0
LINE
8
BLACK
6
CONTINUOUS
10
165.5120330000000024
20
-91.7155329999999935
11
165.5089999999999861
21
-91.7175589999999943
0
LINE
8
BLACK
6
CONTINUOUS
10
165.5089999999999861
20
-91.7175589999999943
11
165.5089999999999861
21
-93.125
0
LINE
8
BLACK
6
CONTINUOUS
10
165.5089999999999861
20
-93.125
11
165.5065979999999968
21
-93.1493859999999927
0
LINE
8
BLACK
6
CONTINUOUS
10
165.5065979999999968
20
-93.1493859999999927
11
165.5065979999999968
21
-93.1493869999999902
0
LINE
8
BLACK
6
CONTINUOUS
10
165.5065979999999968
20
-93.1493869999999902
11
165.4879339999999956
21
-93.1944459999999992
0
LINE
8
BLACK
6
CONTINUOUS
10
165.4879339999999956
20
-93.1944459999999992
11
165.4723879999999951
21
-93.2133879999999948
0
LINE
8
BLACK
6
CONTINUOUS
10
165.4723879999999951
20
-93.2133879999999948
11
164.8973880000000065
21
-93.7883879999999976
0
LINE
8
BLACK
6
CONTINUOUS
10
164.8973880000000065
20
-93.7883879999999976
11
164.8784509999999841
21
-93.8039279999999991
0
LINE
8
BLACK
6
CONTINUOUS
10
164.8784509999999841
20
-93.8039279999999991
11
164.8784459999999967
21
-93.8039339999999982
0
LINE
8
BLACK
6
CONTINUOUS
10
164.8784459999999967
20
-93.8039339999999982
11
164.850246999999996
21
-93.8156139999999965
0
LINE
8
BLACK
6
CONTINUOUS
10
164.850246999999996
20
-93.8156139999999965
11
164.8333869999999877
21
-93.8225979999999993
0
LINE
8
BLACK
6
CONTINUOUS
10
164.8333869999999877
20
-93.8225979999999993
11
164.8333859999999902
21
-93.8225979999999993
0
LINE
8
BLACK
6
CONTINUOUS
10
164.8333859999999902
20
-93.8225979999999993
11
164.8089999999999975
21
-93.8250000000000028
0
LINE
8
BLACK
6
CONTINUOUS
10
164.8089999999999975
20
-93.8250000000000028
11
163.4929850000000044
21
-93.8250000000000028
0
LINE
8
BLACK
6
CONTINUOUS
10
163.4929850000000044
20
-93.8250000000000028
11
162.234595999999982
21
-95.0833879999999994
0
LINE
8
BLACK
6
CONTINUOUS
10
162.234595999999982
20
-95.0833879999999994
11
162.2156589999999881
21
-95.0989280000000008
0
LINE
8
BLACK
6
CONTINUOUS
10
162.2156589999999881
20
-95.0989280000000008
11
162.2156540000000007
21
-95.0989339999999999
0
LINE
8
BLACK
6
CONTINUOUS
10
162.2156540000000007
20
-95.0989339999999999
11
162.1837919999999826
21
-95.1121309999999909
0
LINE
8
BLACK
6
CONTINUOUS
10
162.1837919999999826
20
-95.1121309999999909
11
162.1705949999999916
21
-95.117598000000001
0
LINE
8
BLACK
6
CONTINUOUS
10
162.1705949999999916
20
-95.117598000000001
11
162.1705939999999941
21
-95.117598000000001
0
LINE
8
BLACK
6
CONTINUOUS
10
162.1705939999999941
20
-95.117598000000001
11
162.1462080000000014
21
-95.1199999999999903
0
LINE
8
BLACK
6
CONTINUOUS
10
162.1462080000000014
20
-95.1199999999999903
11
160.9671730000000025
21
-95.1199999999999903
0
LINE
8
BLACK
6
CONTINUOUS
10
160.9671730000000025
20
-95.1199999999999903
11
160.7287839999999903
21
-95.3583879999999908
0
LINE
8
BLACK
6
CONTINUOUS
10
160.7287839999999903
20
-95.3583879999999908
11
160.7098469999999963
21
-95.3739279999999923
0
LINE
8
BLACK
6
CONTINUOUS
10
160.7098469999999963
20
-95.3739279999999923
11
160.7098419999999805
21
-95.3739339999999913
0
LINE
8
BLACK
6
CONTINUOUS
10
160.7098419999999805
20
-95.3739339999999913
11
160.6779799999999909
21
-95.3871309999999966
0
LINE
8
BLACK
6
CONTINUOUS
10
160.6779799999999909
20
-95.3871309999999966
11
160.6647829999999999
21
-95.3925979999999925
0
LINE
8
BLACK
6
CONTINUOUS
10
160.6647829999999999
20
-95.3925979999999925
11
160.6647820000000024
21
-95.3925979999999925
0
LINE
8
BLACK
6
CONTINUOUS
10
160.6647820000000024
20
-95.3925979999999925
11
160.6403959999999813
21
-95.394999999999996
0
LINE
8
BLACK
6
CONTINUOUS
10
160.6403959999999813
20
-95.394999999999996
11
158.7157770000000028
21
-95.394999999999996
0
LINE
8
BLACK
6
CONTINUOUS
10
158.7157770000000028
20
-95.394999999999996
11
158.4820330000000013
21
-95.6287430000000001
0
LINE
8
BLACK
6
CONTINUOUS
10
158.4820330000000013
20
-95.6287430000000001
11
158.518745999999993
21
-95.7091339999999917
0
LINE
8
BLACK
6
CONTINUOUS
10
158.518745999999993
20
-95.7091339999999917
11
158.5389999999999873
21
-95.8499999999999943
0
LINE
8
BLACK
6
CONTINUOUS
10
158.5389999999999873
20
-95.8499999999999943
11
158.518745999999993
21
-95.9908659999999969
0
LINE
8
BLACK
6
CONTINUOUS
10
158.518745999999993
20
-95.9908659999999969
11
158.4596269999999834
21
-96.1203199999999924
0
LINE
8
BLACK
6
CONTINUOUS
10
158.4596269999999834
20
-96.1203199999999924
11
158.3664299999999798
21
-96.2278749999999974
0
LINE
8
BLACK
6
CONTINUOUS
10
158.3664299999999798
20
-96.2278749999999974
11
158.2467079999999839
21
-96.3048160000000024
0
LINE
8
BLACK
6
CONTINUOUS
10
158.2467079999999839
20
-96.3048160000000024
11
158.1101569999999867
21
-96.3449109999999962
0
LINE
8
BLACK
6
CONTINUOUS
10
158.1101569999999867
20
-96.3449109999999962
11
157.9678429999999878
21
-96.3449109999999962
0
LINE
8
BLACK
6
CONTINUOUS
10
157.9678429999999878
20
-96.3449109999999962
11
157.8312919999999906
21
-96.3048160000000024
0
LINE
8
BLACK
6
CONTINUOUS
10
157.8312919999999906
20
-96.3048160000000024
11
157.7115699999999947
21
-96.2278749999999974
0
LINE
8
BLACK
6
CONTINUOUS
10
157.7115699999999947
20
-96.2278749999999974
11
157.6183729999999912
21
-96.1203199999999924
0
LINE
8
BLACK
6
CONTINUOUS
10
157.6183729999999912
20
-96.1203199999999924
11
157.5592539999999815
21
-95.9908659999999969
0
LINE
8
BLACK
6
CONTINUOUS
10
157.5592539999999815
20
-95.9908659999999969
11
157.5389999999999873
21
-95.8499999999999943
0
LINE
8
BLACK
6
CONTINUOUS
10
157.5389999999999873
20
-95.8499999999999943
11
157.5592539999999815
21
-95.7091339999999917
0
LINE
8
BLACK
6
CONTINUOUS
10
157.5592539999999815
20
-95.7091339999999917
11
157.6183729999999912
21
-95.5796799999999962
0
LINE
8
BLACK
6
CONTINUOUS
10
157.6183729999999912
20
-95.5796799999999962
11
157.7115699999999947
21
-95.4721249999999912
0
LINE
8
BLACK
6
CONTINUOUS
10
157.7115699999999947
20
-95.4721249999999912
11
157.8312919999999906
21
-95.3951840000000004
0
LINE
8
BLACK
6
CONTINUOUS
10
157.8312919999999906
20
-95.3951840000000004
11
157.9678429999999878
21
-95.3550889999999924
0
LINE
8
BLACK
6
CONTINUOUS
10
157.9678429999999878
20
-95.3550889999999924
11
158.1101569999999867
21
-95.3550889999999924
0
LINE
8
BLACK
6
CONTINUOUS
10
158.1101569999999867
20
-95.3550889999999924
11
158.2467079999999839
21
-95.3951840000000004
0
LINE
8
BLACK
6
CONTINUOUS
10
158.2467079999999839
20
-95.3951840000000004
11
158.3169169999999895
21
-95.4403049999999951
0
LINE
8
BLACK
6
CONTINUOUS
10
158.3169169999999895
20
-95.4403049999999951
11
158.5756109999999808
21
-95.1816120000000012
0
LINE
8
BLACK
6
CONTINUOUS
10
158.5756109999999808
20
-95.1816120000000012
11
158.5945529999999906
21
-95.1660669999999982
0
LINE
8
BLACK
6
CONTINUOUS
10
158.5945529999999906
20
-95.1660669999999982
11
158.594553999999988
21
-95.1660660000000007
0
LINE
8
BLACK
6
CONTINUOUS
10
158.594553999999988
20
-95.1660660000000007
11
158.6238459999999861
21
-95.153932999999995
0
LINE
8
BLACK
6
CONTINUOUS
10
158.6238459999999861
20
-95.153932999999995
11
158.6396129999999971
21
-95.1474019999999996
0
LINE
8
BLACK
6
CONTINUOUS
10
158.6396129999999971
20
-95.1474019999999996
11
158.6396139999999946
21
-95.1474019999999996
0
LINE
8
BLACK
6
CONTINUOUS
10
158.6396139999999946
20
-95.1474019999999996
11
158.6639999999999873
21
-95.144999999999996
0
LINE
8
BLACK
6
CONTINUOUS
10
158.6639999999999873
20
-95.144999999999996
11
160.5886199999999917
21
-95.144999999999996
0
LINE
8
BLACK
6
CONTINUOUS
10
160.5886199999999917
20
-95.144999999999996
11
160.8270080000000064
21
-94.9066109999999981
0
LINE
8
BLACK
6
CONTINUOUS
10
160.8270080000000064
20
-94.9066109999999981
11
160.8459499999999878
21
-94.891065999999995
0
LINE
8
BLACK
6
CONTINUOUS
10
160.8459499999999878
20
-94.891065999999995
11
160.8910089999999968
21
-94.8724019999999939
0
LINE
8
BLACK
6
CONTINUOUS
10
160.8910089999999968
20
-94.8724019999999939
11
160.8910099999999943
21
-94.8724019999999939
0
LINE
8
BLACK
6
CONTINUOUS
10
160.8910099999999943
20
-94.8724019999999939
11
160.915395999999987
21
-94.8699999999999903
0
LINE
8
BLACK
6
CONTINUOUS
10
160.915395999999987
20
-94.8699999999999903
11
162.0944319999999834
21
-94.8699999999999903
0
LINE
8
BLACK
6
CONTINUOUS
10
162.0944319999999834
20
-94.8699999999999903
11
163.3528199999999799
21
-93.6116109999999964
0
LINE
8
BLACK
6
CONTINUOUS
10
163.3528199999999799
20
-93.6116109999999964
11
163.3717619999999897
21
-93.5960659999999933
0
LINE
8
BLACK
6
CONTINUOUS
10
163.3717619999999897
20
-93.5960659999999933
11
163.4168219999999963
21
-93.5774019999999922
0
LINE
8
BLACK
6
CONTINUOUS
10
163.4168219999999963
20
-93.5774019999999922
11
163.4412079999999889
21
-93.5750000000000028
0
LINE
8
BLACK
6
CONTINUOUS
10
163.4412079999999889
20
-93.5750000000000028
11
164.7572239999999795
21
-93.5750000000000028
0
LINE
8
BLACK
6
CONTINUOUS
10
164.7572239999999795
20
-93.5750000000000028
11
165.2589999999999861
21
-93.0732239999999962
0
LINE
8
BLACK
6
CONTINUOUS
10
165.2589999999999861
20
-93.0732239999999962
11
165.2589999999999861
21
-91.7175589999999943
0
LINE
8
BLACK
6
CONTINUOUS
10
165.2589999999999861
20
-91.7175589999999943
11
165.2559669999999983
21
-91.7155329999999935
0
LINE
8
BLACK
6
CONTINUOUS
10
165.2559669999999983
20
-91.7155329999999935
11
165.2397090000000048
21
-91.6912009999999924
0
LINE
8
BLACK
6
CONTINUOUS
10
165.2397090000000048
20
-91.6912009999999924
11
165.2339999999999804
21
-91.6624999999999943
0
LINE
8
BLACK
6
CONTINUOUS
10
165.2339999999999804
20
-91.6624999999999943
11
165.2339999999999804
21
-90.3374999999999915
0
LINE
8
BLACK
6
CONTINUOUS
10
165.2339999999999804
20
-90.3374999999999915
11
165.2397090000000048
21
-90.3087989999999934
0
LINE
8
BLACK
6
CONTINUOUS
10
165.2397090000000048
20
-90.3087989999999934
11
165.2559669999999983
21
-90.2844669999999923
0
LINE
8
BLACK
6
CONTINUOUS
10
165.2559669999999983
20
-90.2844669999999923
11
165.2802989999999852
21
-90.2682089999999988
0
LINE
8
BLACK
6
CONTINUOUS
10
165.2802989999999852
20
-90.2682089999999988
11
165.3089999999999975
21
-90.2625000000000028
0
LINE
8
BLACK
6
CONTINUOUS
10
165.3089999999999975
20
-90.2625000000000028
11
165.4590000000000032
21
-90.2625000000000028
0
LINE
8
BLACK
6
CONTINUOUS
10
165.4590000000000032
20
-90.2625000000000028
11
165.4877009999999871
21
-90.2682089999999988
0
LINE
8
BLACK
6
CONTINUOUS
10
168.4877009999999871
20
-90.2682089999999988
11
168.5120330000000024
21
-90.2844669999999923
0
LINE
8
BLACK
6
CONTINUOUS
10
168.5120330000000024
20
-90.2844669999999923
11
168.5282909999999958
21
-90.3087989999999934
0
LINE
8
BLACK
6
CONTINUOUS
10
168.5282909999999958
20
-90.3087989999999934
11
168.5339999999999918
21
-90.3374999999999915
0
LINE
8
BLACK
6
CONTINUOUS
10
168.5339999999999918
20
-90.3374999999999915
11
168.5339999999999918
21
-91.6624999999999943
0
LINE
8
BLACK
6
CONTINUOUS
10
168.5339999999999918
20
-91.6624999999999943
11
168.5282909999999958
21
-91.6912009999999924
0
LINE
8
BLACK
6
CONTINUOUS
10
168.5282909999999958
20
-91.6912009999999924
11
168.5120330000000024
21
-91.7155329999999935
0
LINE
8
BLACK
6
CONTINUOUS
10
168.5120330000000024
20
-91.7155329999999935
11
168.5089999999999861
21
-91.7175589999999943
0
LINE
8
BLACK
6
CONTINUOUS
10
168.5089999999999861
20
-91.7175589999999943
11
168.5089999999999861
21
-95.0882239999999967
0
LINE
8
BLACK
6
CONTINUOUS
10
168.5089999999999861
20
-95.0882239999999967
11
168.783475999999979
21
-95.3626999999999896
0
LINE
8
BLACK
6
CONTINUOUS
10
168.783475999999979
20
-95.3626999999999896
11
168.8262919999999951
21
-95.3351839999999982
0
LINE
8
BLACK
6
CONTINUOUS
10
168.8262919999999951
20
-95.3351839999999982
11
168.9628429999999923
21
-95.2950889999999902
0
LINE
8
BLACK
6
CONTINUOUS
10
168.9628429999999923
20
-95.2950889999999902
11
169.1051569999999913
21
-95.2950889999999902
0
LINE
8
BLACK
6
CONTINUOUS
10
169.1051569999999913
20
-95.2950889999999902
11
169.2417079999999885
21
-95.3351839999999982
0
LINE
8
BLACK
6
CONTINUOUS
10
169.2417079999999885
20
-95.3351839999999982
11
169.3614299999999844
21
-95.412124999999989
0
LINE
8
BLACK
6
CONTINUOUS
10
169.3614299999999844
20
-95.412124999999989
11
169.4546269999999879
21
-95.5196799999999939
0
LINE
8
BLACK
6
CONTINUOUS
10
169.4546269999999879
20
-95.5196799999999939
11
169.5137459999999976
21
-95.6491339999999894
0
LINE
8
BLACK
6
CONTINUOUS
10
169.5137459999999976
20
-95.6491339999999894
11
169.5339999999999918
21
-95.789999999999992
0
LINE
8
BLACK
6
CONTINUOUS
10
169.5339999999999918
20
-95.789999999999992
11
169.5137459999999976
21
-95.9308659999999946
0
LINE
8
BLACK
6
CONTINUOUS
10
169.5137459999999976
20
-95.9308659999999946
11
169.4546269999999879
21
-96.0603199999999902
0
LINE
8
BLACK
6
CONTINUOUS
10
169.4546269999999879
20
-96.0603199999999902
11
169.3614299999999844
21
-96.1678749999999951
0
LINE
8
BLACK
6
CONTINUOUS
10
169.3614299999999844
20
-96.1678749999999951
11
169.2417079999999885
21
-96.2448160000000001
0
LINE
8
BLACK
6
CONTINUOUS
10
169.2417079999999885
20
-96.2448160000000001
11
169.1051569999999913
21
-96.2849109999999939
0
LINE
8
BLACK
6
CONTINUOUS
10
169.1051569999999913
20
-96.2849109999999939
11
168.9628429999999923
21
-96.2849109999999939
0
LINE
8
BLACK
6
CONTINUOUS
10
168.9628429999999923
20
-96.2849109999999939
11
168.8262919999999951
21
-96.2448160000000001
0
LINE
8
BLACK
6
CONTINUOUS
10
168.8262919999999951
20
-96.2448160000000001
11
168.7065699999999993
21
-96.1678749999999951
0
LINE
8
BLACK
6
CONTINUOUS
10
168.7065699999999993
20
-96.1678749999999951
11
168.6133729999999957
21
-96.0603199999999902
0
LINE
8
BLACK
6
CONTINUOUS
10
168.6133729999999957
20
-96.0603199999999902
11
168.554253999999986
21
-95.9308659999999946
0
LINE
8
BLACK
6
CONTINUOUS
10
168.554253999999986
20
-95.9308659999999946
11
168.5339999999999918
21
-95.789999999999992
0
LINE
8
BLACK
6
CONTINUOUS
10
168.5339999999999918
20
-95.789999999999992
11
168.554253999999986
21
-95.6491339999999894
0
LINE
8
BLACK
6
CONTINUOUS
10
168.554253999999986
20
-95.6491339999999894
11
168.6050740000000019
21
-95.5378499999999917
0
LINE
8
BLACK
6
CONTINUOUS
10
168.6050740000000019
20
-95.5378499999999917
11
168.2956120000000055
21
-95.2283879999999954
0
LINE
8
BLACK
6
CONTINUOUS
10
168.2956120000000055
20
-95.2283879999999954
11
168.2800709999999924
21
-95.2094510000000014
0
LINE
8
BLACK
6
CONTINUOUS
10
168.2800709999999924
20
-95.2094510000000014
11
168.280066000000005
21
-95.2094459999999998
0
LINE
8
BLACK
6
CONTINUOUS
10
168.280066000000005
20
-95.2094459999999998
11
168.2620979999999804
21
-95.1660660000000007
0
LINE
8
BLACK
6
CONTINUOUS
10
168.2620979999999804
20
-95.1660660000000007
11
168.2614020000000039
21
-95.1643869999999907
0
LINE
8
BLACK
6
CONTINUOUS
10
168.2614020000000039
20
-95.1643869999999907
11
168.2614020000000039
21
-95.1643859999999933
0
LINE
8
BLACK
6
CONTINUOUS
10
168.2614020000000039
20
-95.1643859999999933
11
168.2589999999999861
21
-95.1400000000000006
0
LINE
8
BLACK
6
CONTINUOUS
10
168.2589999999999861
20
-95.1400000000000006
11
168.2589999999999861
21
-91.7175589999999943
0
LINE
8
BLACK
6
CONTINUOUS
10
168.2589999999999861
20
-91.7175589999999943
11
168.2559669999999983
21
-91.7155329999999935
0
LINE
8
BLACK
6
CONTINUOUS
10
168.2559669999999983
20
-91.7155329999999935
11
168.2397090000000048
21
-91.6912009999999924
0
LINE
8
BLACK
6
CONTINUOUS
10
168.2397090000000048
20
-91.6912009999999924
11
168.2339999999999804
21
-91.6624999999999943
0
LINE
8
BLACK
6
CONTINUOUS
10
168.2339999999999804
20
-91.6624999999999943
11
168.2339999999999804
21
-90.3374999999999915
0
LINE
8
BLACK
6
CONTINUOUS
10
168.2339999999999804
20
-90.3374999999999915
11
168.2397090000000048
21
-90.3087989999999934
0
LINE
8
BLACK
6
CONTINUOUS
10
168.2397090000000048
20
-90.3087989999999934
11
168.2559669999999983
21
-90.2844669999999923
0
LINE
8
BLACK
6
CONTINUOUS
10
168.2559669999999983
20
-90.2844669999999923
11
168.2802989999999852
21
-90.2682089999999988
0
LINE
8
BLACK
6
CONTINUOUS
10
168.2802989999999852
20
-90.2682089999999988
11
168.3089999999999975
21
-90.2625000000000028
0
LINE
8
BLACK
6
CONTINUOUS
10
168.3089999999999975
20
-90.2625000000000028
11
168.4590000000000032
21
-90.2625000000000028
0
LINE
8
BLACK
6
CONTINUOUS
10
168.4590000000000032
20
-90.2625000000000028
11
168.4877009999999871
21
-90.2682089999999988
0
LINE
8
BLACK
6
CONTINUOUS
10
168.9877009999999871
20
-90.2682089999999988
11
169.0120330000000024
21
-90.2844669999999923
0
LINE
8
BLACK
6
CONTINUOUS
10
169.0120330000000024
20
-90.2844669999999923
11
169.0282909999999958
21
-90.3087989999999934
0
LINE
8
BLACK
6
CONTINUOUS
10
169.0282909999999958
20
-90.3087989999999934
11
169.0339999999999918
21
-90.3374999999999915
0
LINE
8
BLACK
6
CONTINUOUS
10
169.0339999999999918
20
-90.3374999999999915
11
169.0339999999999918
21
-91.6624999999999943
0
LINE
8
BLACK
6
CONTINUOUS
10
169.0339999999999918
20
-91.6624999999999943
11
169.0282909999999958
21
-91.6912009999999924
0
LINE
8
BLACK
6
CONTINUOUS
10
169.0282909999999958
20
-91.6912009999999924
11
169.0120330000000024
21
-91.7155329999999935
0
LINE
8
BLACK
6
CONTINUOUS
10
169.0120330000000024
20
-91.7155329999999935
11
169.0089999999999861
21
-91.7175589999999943
0
LINE
8
BLACK
6
CONTINUOUS
10
169.0089999999999861
20
-91.7175589999999943
11
169.0089999999999861
21
-93.8632229999999907
0
LINE
8
BLACK
6
CONTINUOUS
10
169.0089999999999861
20
-93.8632229999999907
11
170.5084760000000017
21
-95.3626989999999921
0
LINE
8
BLACK
6
CONTINUOUS
10
170.5084760000000017
20
-95.3626989999999921
11
170.5512919999999895
21
-95.3351839999999982
0
LINE
8
BLACK
6
CONTINUOUS
10
170.5512919999999895
20
-95.3351839999999982
11
170.6878429999999867
21
-95.2950889999999902
0
LINE
8
BLACK
6
CONTINUOUS
10
170.6878429999999867
20
-95.2950889999999902
11
170.8301569999999856
21
-95.2950889999999902
0
LINE
8
BLACK
6
CONTINUOUS
10
170.8301569999999856
20
-95.2950889999999902
11
170.9667079999999828
21
-95.3351839999999982
0
LINE
8
BLACK
6
CONTINUOUS
10
170.9667079999999828
20
-95.3351839999999982
11
171.0864299999999787
21
-95.412124999999989
0
LINE
8
BLACK
6
CONTINUOUS
10
171.0864299999999787
20
-95.412124999999989
11
171.1796269999999822
21
-95.5196799999999939
0
LINE
8
BLACK
6
CONTINUOUS
10
171.1796269999999822
20
-95.5196799999999939
11
171.2387459999999919
21
-95.6491339999999894
0
LINE
8
BLACK
6
CONTINUOUS
10
171.2387459999999919
20
-95.6491339999999894
11
171.2589999999999861
21
-95.789999999999992
0
LINE
8
BLACK
6
CONTINUOUS
10
171.2589999999999861
20
-95.789999999999992
11
171.2387459999999919
21
-95.9308659999999946
0
LINE
8
BLACK
6
CONTINUOUS
10
171.2387459999999919
20
-95.9308659999999946
11
171.1796269999999822
21
-96.0603199999999902
0
LINE
8
BLACK
6
CONTINUOUS
10
171.1796269999999822
20
-96.0603199999999902
11
171.0864299999999787
21
-96.1678749999999951
0
LINE
8
BLACK
6
CONTINUOUS
10
171.0864299999999787
20
-96.1678749999999951
11
170.9667079999999828
21
-96.2448160000000001
0
LINE
8
BLACK
6
CONTINUOUS
10
170.9667079999999828
20
-96.2448160000000001
11
170.8301569999999856
21
-96.2849109999999939
0
LINE
8
BLACK
6
CONTINUOUS
10
170.8301569999999856
20
-96.2849109999999939
11
170.6878429999999867
21
-96.2849109999999939
0
LINE
8
BLACK
6
CONTINUOUS
10
170.6878429999999867
20
-96.2849109999999939
11
170.5512919999999895
21
-96.2448160000000001
0
LINE
8
BLACK
6
CONTINUOUS
10
170.5512919999999895
20
-96.2448160000000001
11
170.4315699999999936
21
-96.1678749999999951
0
LINE
8
BLACK
6
CONTINUOUS
10
170.4315699999999936
20
-96.1678749999999951
11
170.33837299999999
21
-96.0603199999999902
0
LINE
8
BLACK
6
CONTINUOUS
10
170.33837299999999
20
-96.0603199999999902
11
170.2792539999999804
21
-95.9308659999999946
0
LINE
8
BLACK
6
CONTINUOUS
10
170.2792539999999804
20
-95.9308659999999946
11
170.2589999999999861
21
-95.789999999999992
0
LINE
8
BLACK
6
CONTINUOUS
10
170.2589999999999861
20
-95.789999999999992
11
170.2792539999999804
21
-95.6491339999999894
0
LINE
8
BLACK
6
CONTINUOUS
10
170.2792539999999804
20
-95.6491339999999894
11
170.3300739999999962
21
-95.5378509999999892
0
LINE
8
BLACK
6
CONTINUOUS
10
170.3300739999999962
20
-95.5378509999999892
11
168.7956120000000055
21
-94.0033880000000011
0
LINE
8
BLACK
6
CONTINUOUS
10
168.7956120000000055
20
-94.0033880000000011
11
168.7800709999999924
21
-93.9844509999999929
0
LINE
8
BLACK
6
CONTINUOUS
10
168.7800709999999924
20
-93.9844509999999929
11
168.780066000000005
21
-93.9844459999999913
0
LINE
8
BLACK
6
CONTINUOUS
10
168.780066000000005
20
-93.9844459999999913
11
168.7614020000000039
21
-93.9393859999999989
0
LINE
8
BLACK
6
CONTINUOUS
10
168.7614020000000039
20
-93.9393859999999989
11
168.7589999999999861
21
-93.914999999999992
0
LINE
8
BLACK
6
CONTINUOUS
10
168.7589999999999861
20
-93.914999999999992
11
168.7589999999999861
21
-91.7175589999999943
0
LINE
8
BLACK
6
CONTINUOUS
10
168.7589999999999861
20
-91.7175589999999943
11
168.7559669999999983
21
-91.7155329999999935
0
LINE
8
BLACK
6
CONTINUOUS
10
168.7559669999999983
20
-91.7155329999999935
11
168.7397090000000048
21
-91.6912009999999924
0
LINE
8
BLACK
6
CONTINUOUS
10
168.7397090000000048
20
-91.6912009999999924
11
168.7339999999999804
21
-91.6624999999999943
0
LINE
8
BLACK
6
CONTINUOUS
10
168.7339999999999804
20
-91.6624999999999943
11
168.7339999999999804
21
-90.3374999999999915
0
LINE
8
BLACK
6
CONTINUOUS
10
168.7339999999999804
20
-90.3374999999999915
11
168.7397090000000048
21
-90.3087989999999934
0
LINE
8
BLACK
6
CONTINUOUS
10
168.7397090000000048
20
-90.3087989999999934
11
168.7559669999999983
21
-90.2844669999999923
0
LINE
8
BLACK
6
CONTINUOUS
10
168.7559669999999983
20
-90.2844669999999923
11
168.7802989999999852
21
-90.2682089999999988
0
LINE
8
BLACK
6
CONTINUOUS
10
168.7802989999999852
20
-90.2682089999999988
11
168.8089999999999975
21
-90.2625000000000028
0
LINE
8
BLACK
6
CONTINUOUS
10
168.8089999999999975
20
-90.2625000000000028
11
168.9590000000000032
21
-90.2625000000000028
0
LINE
8
BLACK
6
CONTINUOUS
10
168.9590000000000032
20
-90.2625000000000028
11
168.9877009999999871
21
-90.2682089999999988
0
LINE
8
BLACK
6
CONTINUOUS
10
171.9877009999999871
20
-89.443208999999996
11
172.0120330000000024
21
-89.4594669999999894
0
LINE
8
BLACK
6
CONTINUOUS
10
172.0120330000000024
20
-89.4594669999999894
11
172.0140600000000006
21
-89.4624999999999915
0
LINE
8
BLACK
6
CONTINUOUS
10
172.0140600000000006
20
-89.4624999999999915
11
172.3714999999999975
21
-89.4624999999999915
0
LINE
8
BLACK
6
CONTINUOUS
10
172.3714999999999975
20
-89.4624999999999915
11
172.3958859999999902
21
-89.464901999999995
0
LINE
8
BLACK
6
CONTINUOUS
10
172.3958859999999902
20
-89.464901999999995
11
172.3958869999999877
21
-89.464901999999995
0
LINE
8
BLACK
6
CONTINUOUS
10
172.3958869999999877
20
-89.464901999999995
11
172.4090839999999787
21
-89.4703679999999935
0
LINE
8
BLACK
6
CONTINUOUS
10
172.4090839999999787
20
-89.4703679999999935
11
172.4409459999999967
21
-89.4835659999999962
0
LINE
8
BLACK
6
CONTINUOUS
10
172.4409459999999967
20
-89.4835659999999962
11
172.4409509999999841
21
-89.4835709999999978
0
LINE
8
BLACK
6
CONTINUOUS
10
172.4409509999999841
20
-89.4835709999999978
11
172.4598879999999781
21
-89.4991119999999967
0
LINE
8
BLACK
6
CONTINUOUS
10
172.4598879999999781
20
-89.4991119999999967
11
174.1223880000000008
21
-91.161611999999991
0
LINE
8
BLACK
6
CONTINUOUS
10
174.1223880000000008
20
-91.161611999999991
11
174.1379279999999881
21
-91.1805480000000017
0
LINE
8
BLACK
6
CONTINUOUS
10
174.1379279999999881
20
-91.1805480000000017
11
174.1379340000000013
21
-91.1805540000000008
0
LINE
8
BLACK
6
CONTINUOUS
10
174.1379340000000013
20
-91.1805540000000008
11
174.1565980000000025
21
-91.2256139999999931
0
LINE
8
BLACK
6
CONTINUOUS
10
174.1565980000000025
20
-91.2256139999999931
11
174.1589999999999918
21
-91.25
0
LINE
8
BLACK
6
CONTINUOUS
10
174.1589999999999918
20
-91.25
11
174.1589999999999918
21
-94.420897999999994
0
LINE
8
BLACK
6
CONTINUOUS
10
174.1589999999999918
20
-94.420897999999994
11
174.2417079999999885
21
-94.4451839999999976
0
LINE
8
BLACK
6
CONTINUOUS
10
174.2417079999999885
20
-94.4451839999999976
11
174.3614299999999844
21
-94.5221250000000026
0
LINE
8
BLACK
6
CONTINUOUS
10
174.3614299999999844
20
-94.5221250000000026
11
174.4546269999999879
21
-94.6296799999999934
0
LINE
8
BLACK
6
CONTINUOUS
10
174.4546269999999879
20
-94.6296799999999934
11
174.5137459999999976
21
-94.7591339999999889
0
LINE
8
BLACK
6
CONTINUOUS
10
174.5137459999999976
20
-94.7591339999999889
11
174.5339999999999918
21
-94.8999999999999915
0
LINE
8
BLACK
6
CONTINUOUS
10
174.5339999999999918
20
-94.8999999999999915
11
174.5137459999999976
21
-95.0408659999999941
0
LINE
8
BLACK
6
CONTINUOUS
10
174.5137459999999976
20
-95.0408659999999941
11
174.4546269999999879
21
-95.1703199999999896
0
LINE
8
BLACK
6
CONTINUOUS
10
174.4546269999999879
20
-95.1703199999999896
11
174.3614299999999844
21
-95.2778749999999945
0
LINE
8
BLACK
6
CONTINUOUS
10
174.3614299999999844
20
-95.2778749999999945
11
174.2417079999999885
21
-95.3548159999999996
0
LINE
8
BLACK
6
CONTINUOUS
10
174.2417079999999885
20
-95.3548159999999996
11
174.1051569999999913
21
-95.3949109999999934
0
LINE
8
BLACK
6
CONTINUOUS
10
174.1051569999999913
20
-95.3949109999999934
11
173.9628429999999923
21
-95.3949109999999934
0
LINE
8
BLACK
6
CONTINUOUS
10
173.9628429999999923
20
-95.3949109999999934
11
173.8262919999999951
21
-95.3548159999999996
0
LINE
8
BLACK
6
CONTINUOUS
10
173.8262919999999951
20
-95.3548159999999996
11
173.7065699999999993
21
-95.2778749999999945
0
LINE
8
BLACK
6
CONTINUOUS
10
173.7065699999999993
20
-95.2778749999999945
11
173.6133729999999957
21
-95.1703199999999896
0
LINE
8
BLACK
6
CONTINUOUS
10
173.6133729999999957
20
-95.1703199999999896
11
173.554253999999986
21
-95.0408659999999941
0
LINE
8
BLACK
6
CONTINUOUS
10
173.554253999999986
20
-95.0408659999999941
11
173.5339999999999918
21
-94.8999999999999915
0
LINE
8
BLACK
6
CONTINUOUS
10
173.5339999999999918
20
-94.8999999999999915
11
173.554253999999986
21
-94.7591339999999889
0
LINE
8
BLACK
6
CONTINUOUS
10
173.554253999999986
20
-94.7591339999999889
11
173.6133729999999957
21
-94.6296799999999934
0
LINE
8
BLACK
6
CONTINUOUS
10
173.6133729999999957
20
-94.6296799999999934
11
173.7065699999999993
21
-94.5221250000000026
0
LINE
8
BLACK
6
CONTINUOUS
10
173.7065699999999993
20
-94.5221250000000026
11
173.8262919999999951
21
-94.4451839999999976
0
LINE
8
BLACK
6
CONTINUOUS
10
173.8262919999999951
20
-94.4451839999999976
11
173.9089999999999918
21
-94.420897999999994
0
LINE
8
BLACK
6
CONTINUOUS
10
173.9089999999999918
20
-94.420897999999994
11
173.9089999999999918
21
-91.3017759999999896
0
LINE
8
BLACK
6
CONTINUOUS
10
173.9089999999999918
20
-91.3017759999999896
11
172.3197239999999795
21
-89.7124999999999915
0
LINE
8
BLACK
6
CONTINUOUS
10
172.3197239999999795
20
-89.7124999999999915
11
172.0140600000000006
21
-89.7124999999999915
0
LINE
8
BLACK
6
CONTINUOUS
10
172.0140600000000006
20
-89.7124999999999915
11
172.0120330000000024
21
-89.7155329999999935
0
LINE
8
BLACK
6
CONTINUOUS
10
172.0120330000000024
20
-89.7155329999999935
11
171.9877009999999871
21
-89.7317910000000012
0
LINE
8
BLACK
6
CONTINUOUS
10
171.9877009999999871
20
-89.7317910000000012
11
171.9590000000000032
21
-89.7374999999999972
0
LINE
8
BLACK
6
CONTINUOUS
10
171.9590000000000032
20
-89.7374999999999972
11
170.6339999999999861
21
-89.7374999999999972
0
LINE
8
BLACK
6
CONTINUOUS
10
170.6339999999999861
20
-89.7374999999999972
11
170.6052990000000023
21
-89.7317910000000012
0
LINE
8
BLACK
6
CONTINUOUS
10
170.6052990000000023
20
-89.7317910000000012
11
170.5809669999999869
21
-89.7155329999999935
0
LINE
8
BLACK
6
CONTINUOUS
10
170.5809669999999869
20
-89.7155329999999935
11
170.5647089999999935
21
-89.6912009999999924
0
LINE
8
BLACK
6
CONTINUOUS
10
170.5647089999999935
20
-89.6912009999999924
11
170.5589999999999975
21
-89.6624999999999943
0
LINE
8
BLACK
6
CONTINUOUS
10
170.5589999999999975
20
-89.6624999999999943
11
170.5589999999999975
21
-89.5125000000000028
0
LINE
8
BLACK
6
CONTINUOUS
10
170.5589999999999975
20
-89.5125000000000028
11
170.5647089999999935
21
-89.4837989999999905
0
LINE
8
BLACK
6
CONTINUOUS
10
170.5647089999999935
20
-89.4837989999999905
11
170.5809669999999869
21
-89.4594669999999894
0
LINE
8
BLACK
6
CONTINUOUS
10
170.5809669999999869
20
-89.4594669999999894
11
170.6052990000000023
21
-89.443208999999996
0
LINE
8
BLACK
6
CONTINUOUS
10
170.6052990000000023
20
-89.443208999999996
11
170.6339999999999861
21
-89.4375
0
LINE
8
BLACK
6
CONTINUOUS
10
170.6339999999999861
20
-89.4375
11
171.9590000000000032
21
-89.4375
0
LINE
8
BLACK
6
CONTINUOUS
10
171.9590000000000032
20
-89.4375
11
171.9877009999999871
21
-89.443208999999996
0
LINE
8
BLACK
6
CONTINUOUS
10
171.9877009999999871
20
-88.943208999999996
11
172.0120330000000024
21
-88.9594669999999894
0
LINE
8
BLACK
6
CONTINUOUS
10
172.0120330000000024
20
-88.9594669999999894
11
172.0140600000000006
21
-88.9624999999999915
0
LINE
8
BLACK
6
CONTINUOUS
10
172.0140600000000006
20
-88.9624999999999915
11
172.6980930000000001
21
-88.9624999999999915
0
LINE
8
BLACK
6
CONTINUOUS
10
172.6980930000000001
20
-88.9624999999999915
11
172.7224789999999928
21
-88.964901999999995
0
LINE
8
BLACK
6
CONTINUOUS
10
172.7224789999999928
20
-88.964901999999995
11
172.7224799999999902
21
-88.964901999999995
0
LINE
8
BLACK
6
CONTINUOUS
10
172.7224799999999902
20
-88.964901999999995
11
172.7356769999999813
21
-88.9703679999999935
0
LINE
8
BLACK
6
CONTINUOUS
10
172.7356769999999813
20
-88.9703679999999935
11
172.7675389999999993
21
-88.9835659999999962
0
LINE
8
BLACK
6
CONTINUOUS
10
172.7675389999999993
20
-88.9835659999999962
11
172.7675439999999867
21
-88.9835709999999978
0
LINE
8
BLACK
6
CONTINUOUS
10
172.7675439999999867
20
-88.9835709999999978
11
172.7864809999999807
21
-88.9991119999999967
0
LINE
8
BLACK
6
CONTINUOUS
10
172.7864809999999807
20
-88.9991119999999967
11
175.1723879999999838
21
-91.3850189999999998
0
LINE
8
BLACK
6
CONTINUOUS
10
175.1723879999999838
20
-91.3850189999999998
11
175.1879279999999994
21
-91.4039549999999963
0
LINE
8
BLACK
6
CONTINUOUS
10
175.1879279999999994
20
-91.4039549999999963
11
175.1879339999999843
21
-91.4039609999999954
0
LINE
8
BLACK
6
CONTINUOUS
10
175.1879339999999843
20
-91.4039609999999954
11
175.2065979999999854
21
-91.4490210000000019
0
LINE
8
BLACK
6
CONTINUOUS
10
175.2065979999999854
20
-91.4490210000000019
11
175.2090000000000032
21
-91.4734069999999946
0
LINE
8
BLACK
6
CONTINUOUS
10
175.2090000000000032
20
-91.4734069999999946
11
175.2090000000000032
21
-94.0982240000000019
0
LINE
8
BLACK
6
CONTINUOUS
10
175.2090000000000032
20
-94.0982240000000019
11
175.5584759999999847
21
-94.4476999999999975
0
LINE
8
BLACK
6
CONTINUOUS
10
175.5584759999999847
20
-94.4476999999999975
11
175.6012920000000008
21
-94.4201839999999919
0
LINE
8
BLACK
6
CONTINUOUS
10
175.6012920000000008
20
-94.4201839999999919
11
175.737842999999998
21
-94.3800889999999981
0
LINE
8
BLACK
6
CONTINUOUS
10
175.737842999999998
20
-94.3800889999999981
11
175.880156999999997
21
-94.3800889999999981
0
LINE
8
BLACK
6
CONTINUOUS
10
175.880156999999997
20
-94.3800889999999981
11
176.0167079999999942
21
-94.4201839999999919
0
LINE
8
BLACK
6
CONTINUOUS
10
176.0167079999999942
20
-94.4201839999999919
11
176.1364299999999901
21
-94.4971249999999969
0
LINE
8
BLACK
6
CONTINUOUS
10
176.1364299999999901
20
-94.4971249999999969
11
176.2296269999999936
21
-94.6046800000000019
0
LINE
8
BLACK
6
CONTINUOUS
10
176.2296269999999936
20
-94.6046800000000019
11
176.2887460000000033
21
-94.7341339999999974
0
LINE
8
BLACK
6
CONTINUOUS
10
176.2887460000000033
20
-94.7341339999999974
11
176.3089999999999975
21
-94.875
0
LINE
8
BLACK
6
CONTINUOUS
10
176.3089999999999975
20
-94.875
11
176.2887460000000033
21
-95.0158660000000026
0
LINE
8
BLACK
6
CONTINUOUS
10
176.2887460000000033
20
-95.0158660000000026
11
176.2296269999999936
21
-95.1453199999999981
0
LINE
8
BLACK
6
CONTINUOUS
10
176.2296269999999936
20
-95.1453199999999981
11
176.1364299999999901
21
-95.2528749999999889
0
LINE
8
BLACK
6
CONTINUOUS
10
176.1364299999999901
20
-95.2528749999999889
11
176.0167079999999942
21
-95.3298159999999939
0
LINE
8
BLACK
6
CONTINUOUS
10
176.0167079999999942
20
-95.3298159999999939
11
175.880156999999997
21
-95.3699110000000019
0
LINE
8
BLACK
6
CONTINUOUS
10
175.880156999999997
20
-95.3699110000000019
11
175.737842999999998
21
-95.3699110000000019
0
LINE
8
BLACK
6
CONTINUOUS
10
175.737842999999998
20
-95.3699110000000019
11
175.6012920000000008
21
-95.3298159999999939
0
LINE
8
BLACK
6
CONTINUOUS
10
175.6012920000000008
20
-95.3298159999999939
11
175.4815700000000049
21
-95.2528749999999889
0
LINE
8
BLACK
6
CONTINUOUS
10
175.4815700000000049
20
-95.2528749999999889
11
175.3883730000000014
21
-95.1453199999999981
0
LINE
8
BLACK
6
CONTINUOUS
10
175.3883730000000014
20
-95.1453199999999981
11
175.3292539999999917
21
-95.0158660000000026
0
LINE
8
BLACK
6
CONTINUOUS
10
175.3292539999999917
20
-95.0158660000000026
11
175.3089999999999975
21
-94.875
0
LINE
8
BLACK
6
CONTINUOUS
10
175.3089999999999975
20
-94.875
11
175.3292539999999917
21
-94.7341339999999974
0
LINE
8
BLACK
6
CONTINUOUS
10
175.3292539999999917
20
-94.7341339999999974
11
175.3800739999999792
21
-94.6228499999999997
0
LINE
8
BLACK
6
CONTINUOUS
10
175.3800739999999792
20
-94.6228499999999997
11
174.9956119999999942
21
-94.2383880000000005
0
LINE
8
BLACK
6
CONTINUOUS
10
174.9956119999999942
20
-94.2383880000000005
11
174.980070999999981
21
-94.2194509999999923
0
LINE
8
BLACK
6
CONTINUOUS
10
174.980070999999981
20
-94.2194509999999923
11
174.9800659999999937
21
-94.2194459999999907
0
LINE
8
BLACK
6
CONTINUOUS
10
174.9800659999999937
20
-94.2194459999999907
11
174.9614019999999925
21
-94.1743859999999984
0
LINE
8
BLACK
6
CONTINUOUS
10
174.9614019999999925
20
-94.1743859999999984
11
174.9590000000000032
21
-94.1499999999999915
0
LINE
8
BLACK
6
CONTINUOUS
10
174.9590000000000032
20
-94.1499999999999915
11
174.9590000000000032
21
-91.5251829999999984
0
LINE
8
BLACK
6
CONTINUOUS
10
174.9590000000000032
20
-91.5251829999999984
11
172.646316999999982
21
-89.2124999999999915
0
LINE
8
BLACK
6
CONTINUOUS
10
172.646316999999982
20
-89.2124999999999915
11
172.0140600000000006
21
-89.2124999999999915
0
LINE
8
BLACK
6
CONTINUOUS
10
172.0140600000000006
20
-89.2124999999999915
11
172.0120330000000024
21
-89.2155329999999935
0
LINE
8
BLACK
6
CONTINUOUS
10
172.0120330000000024
20
-89.2155329999999935
11
171.9877009999999871
21
-89.2317910000000012
0
LINE
8
BLACK
6
CONTINUOUS
10
171.9877009999999871
20
-89.2317910000000012
11
171.9590000000000032
21
-89.2374999999999972
0
LINE
8
BLACK
6
CONTINUOUS
10
171.9590000000000032
20
-89.2374999999999972
11
170.6339999999999861
21
-89.2374999999999972
0
LINE
8
BLACK
6
CONTINUOUS
10
170.6339999999999861
20
-89.2374999999999972
11
170.6052990000000023
21
-89.2317910000000012
0
LINE
8
BLACK
6
CONTINUOUS
10
170.6052990000000023
20
-89.2317910000000012
11
170.5809669999999869
21
-89.2155329999999935
0
LINE
8
BLACK
6
CONTINUOUS
10
170.5809669999999869
20
-89.2155329999999935
11
170.5647089999999935
21
-89.1912009999999924
0
LINE
8
BLACK
6
CONTINUOUS
10
170.5647089999999935
20
-89.1912009999999924
11
170.5589999999999975
21
-89.1624999999999943
0
LINE
8
BLACK
6
CONTINUOUS
10
170.5589999999999975
20
-89.1624999999999943
11
170.5589999999999975
21
-89.0125000000000028
0
LINE
8
BLACK
6
CONTINUOUS
10
170.5589999999999975
20
-89.0125000000000028
11
170.5647089999999935
21
-88.9837989999999905
0
LINE
8
BLACK
6
CONTINUOUS
10
170.5647089999999935
20
-88.9837989999999905
11
170.5809669999999869
21
-88.9594669999999894
0
LINE
8
BLACK
6
CONTINUOUS
10
170.5809669999999869
20
-88.9594669999999894
11
170.6052990000000023
21
-88.943208999999996
0
LINE
8
BLACK
6
CONTINUOUS
10
170.6052990000000023
20
-88.943208999999996
11
170.6339999999999861
21
-88.9375
0
LINE
8
BLACK
6
CONTINUOUS
10
170.6339999999999861
20
-88.9375
11
171.9590000000000032
21
-88.9375
0
LINE
8
BLACK
6
CONTINUOUS
10
171.9590000000000032
20
-88.9375
11
171.9877009999999871
21
-88.943208999999996
0
LINE
8
BLACK
6
CONTINUOUS
10
171.9877009999999871
20
-88.443208999999996
11
172.0120330000000024
21
-88.4594669999999894
0
LINE
8
BLACK
6
CONTINUOUS
10
172.0120330000000024
20
-88.4594669999999894
11
172.0140600000000006
21
-88.4624999999999915
0
LINE
8
BLACK
6
CONTINUOUS
10
172.0140600000000006
20
-88.4624999999999915
11
173.0737079999999821
21
-88.4624999999999915
0
LINE
8
BLACK
6
CONTINUOUS
10
173.0737079999999821
20
-88.4624999999999915
11
173.0980940000000032
21
-88.464901999999995
0
LINE
8
BLACK
6
CONTINUOUS
10
173.0980940000000032
20
-88.464901999999995
11
173.0980950000000007
21
-88.464901999999995
0
LINE
8
BLACK
6
CONTINUOUS
10
173.0980950000000007
20
-88.464901999999995
11
173.1112919999999917
21
-88.4703679999999935
0
LINE
8
BLACK
6
CONTINUOUS
10
173.1112919999999917
20
-88.4703679999999935
11
173.1431539999999814
21
-88.4835659999999962
0
LINE
8
BLACK
6
CONTINUOUS
10
173.1431539999999814
20
-88.4835659999999962
11
173.1431589999999971
21
-88.4835709999999978
0
LINE
8
BLACK
6
CONTINUOUS
10
173.1431589999999971
20
-88.4835709999999978
11
173.1620959999999911
21
-88.4991119999999967
0
LINE
8
BLACK
6
CONTINUOUS
10
173.1620959999999911
20
-88.4991119999999967
11
175.7223889999999926
21
-91.0594040000000007
0
LINE
8
BLACK
6
CONTINUOUS
10
175.7223889999999926
20
-91.0594040000000007
11
175.7379339999999956
21
-91.0783459999999963
0
LINE
8
BLACK
6
CONTINUOUS
10
175.7379339999999956
20
-91.0783459999999963
11
175.7565979999999968
21
-91.1234060000000028
0
LINE
8
BLACK
6
CONTINUOUS
10
175.7565979999999968
20
-91.1234060000000028
11
175.7589999999999861
21
-91.1477919999999955
0
LINE
8
BLACK
6
CONTINUOUS
10
175.7589999999999861
20
-91.1477919999999955
11
175.7589999999999861
21
-92.773223999999999
0
LINE
8
BLACK
6
CONTINUOUS
10
175.7589999999999861
20
-92.773223999999999
11
177.3935510000000022
21
-94.4077750000000009
0
LINE
8
BLACK
6
CONTINUOUS
10
177.3935510000000022
20
-94.4077750000000009
11
177.487842999999998
21
-94.3800889999999981
0
LINE
8
BLACK
6
CONTINUOUS
10
177.487842999999998
20
-94.3800889999999981
11
177.630156999999997
21
-94.3800889999999981
0
LINE
8
BLACK
6
CONTINUOUS
10
177.630156999999997
20
-94.3800889999999981
11
177.7667079999999942
21
-94.4201839999999919
0
LINE
8
BLACK
6
CONTINUOUS
10
177.7667079999999942
20
-94.4201839999999919
11
177.8864299999999901
21
-94.4971249999999969
0
LINE
8
BLACK
6
CONTINUOUS
10
177.8864299999999901
20
-94.4971249999999969
11
177.9796269999999936
21
-94.6046800000000019
0
LINE
8
BLACK
6
CONTINUOUS
10
177.9796269999999936
20
-94.6046800000000019
11
178.0387460000000033
21
-94.7341339999999974
0
LINE
8
BLACK
6
CONTINUOUS
10
178.0387460000000033
20
-94.7341339999999974
11
178.0589999999999975
21
-94.875
0
LINE
8
BLACK
6
CONTINUOUS
10
178.0589999999999975
20
-94.875
11
178.0387460000000033
21
-95.0158660000000026
0
LINE
8
BLACK
6
CONTINUOUS
10
178.0387460000000033
20
-95.0158660000000026
11
177.9796269999999936
21
-95.1453199999999981
0
LINE
8
BLACK
6
CONTINUOUS
10
177.9796269999999936
20
-95.1453199999999981
11
177.8864299999999901
21
-95.2528749999999889
0
LINE
8
BLACK
6
CONTINUOUS
10
177.8864299999999901
20
-95.2528749999999889
11
177.7667079999999942
21
-95.3298159999999939
0
LINE
8
BLACK
6
CONTINUOUS
10
177.7667079999999942
20
-95.3298159999999939
11
177.630156999999997
21
-95.3699110000000019
0
LINE
8
BLACK
6
CONTINUOUS
10
177.630156999999997
20
-95.3699110000000019
11
177.487842999999998
21
-95.3699110000000019
0
LINE
8
BLACK
6
CONTINUOUS
10
177.487842999999998
20
-95.3699110000000019
11
177.3512920000000008
21
-95.3298159999999939
0
LINE
8
BLACK
6
CONTINUOUS
10
177.3512920000000008
20
-95.3298159999999939
11
177.2315700000000049
21
-95.2528749999999889
0
LINE
8
BLACK
6
CONTINUOUS
10
177.2315700000000049
20
-95.2528749999999889
11
177.1383730000000014
21
-95.1453199999999981
0
LINE
8
BLACK
6
CONTINUOUS
10
177.1383730000000014
20
-95.1453199999999981
11
177.0792539999999917
21
-95.0158660000000026
0
LINE
8
BLACK
6
CONTINUOUS
10
177.0792539999999917
20
-95.0158660000000026
11
177.0589999999999975
21
-94.875
0
LINE
8
BLACK
6
CONTINUOUS
10
177.0589999999999975
20
-94.875
11
177.0792539999999917
21
-94.7341339999999974
0
LINE
8
BLACK
6
CONTINUOUS
10
177.0792539999999917
20
-94.7341339999999974
11
177.1383730000000014
21
-94.6046800000000019
0
LINE
8
BLACK
6
CONTINUOUS
10
177.1383730000000014
20
-94.6046800000000019
11
177.1841139999999939
21
-94.5518900000000002
0
LINE
8
BLACK
6
CONTINUOUS
10
177.1841139999999939
20
-94.5518900000000002
11
175.5456120000000055
21
-92.9133879999999976
0
LINE
8
BLACK
6
CONTINUOUS
10
175.5456120000000055
20
-92.9133879999999976
11
175.5300709999999924
21
-92.8944509999999894
0
LINE
8
BLACK
6
CONTINUOUS
10
175.5300709999999924
20
-92.8944509999999894
11
175.530066000000005
21
-92.8944460000000021
0
LINE
8
BLACK
6
CONTINUOUS
10
175.530066000000005
20
-92.8944460000000021
11
175.5114020000000039
21
-92.8493859999999955
0
LINE
8
BLACK
6
CONTINUOUS
10
175.5114020000000039
20
-92.8493859999999955
11
175.5089999999999861
21
-92.8250000000000028
0
LINE
8
BLACK
6
CONTINUOUS
10
175.5089999999999861
20
-92.8250000000000028
11
175.5089999999999861
21
-91.1995679999999993
0
LINE
8
BLACK
6
CONTINUOUS
10
175.5089999999999861
20
-91.1995679999999993
11
173.0219319999999925
21
-88.7124999999999915
0
LINE
8
BLACK
6
CONTINUOUS
10
173.0219319999999925
20
-88.7124999999999915
11
172.0140600000000006
21
-88.7124999999999915
0
LINE
8
BLACK
6
CONTINUOUS
10
172.0140600000000006
20
-88.7124999999999915
11
172.0120330000000024
21
-88.7155329999999935
0
LINE
8
BLACK
6
CONTINUOUS
10
172.0120330000000024
20
-88.7155329999999935
11
171.9877009999999871
21
-88.7317910000000012
0
LINE
8
BLACK
6
CONTINUOUS
10
171.9877009999999871
20
-88.7317910000000012
11
171.9590000000000032
21
-88.7374999999999972
0
LINE
8
BLACK
6
CONTINUOUS
10
171.9590000000000032
20
-88.7374999999999972
11
170.6339999999999861
21
-88.7374999999999972
0
LINE
8
BLACK
6
CONTINUOUS
10
170.6339999999999861
20
-88.7374999999999972
11
170.6052990000000023
21
-88.7317910000000012
0
LINE
8
BLACK
6
CONTINUOUS
10
170.6052990000000023
20
-88.7317910000000012
11
170.5809669999999869
21
-88.7155329999999935
0
LINE
8
BLACK
6
CONTINUOUS
10
170.5809669999999869
20
-88.7155329999999935
11
170.5647089999999935
21
-88.6912009999999924
0
LINE
8
BLACK
6
CONTINUOUS
10
170.5647089999999935
20
-88.6912009999999924
11
170.5589999999999975
21
-88.6624999999999943
0
LINE
8
BLACK
6
CONTINUOUS
10
170.5589999999999975
20
-88.6624999999999943
11
170.5589999999999975
21
-88.5125000000000028
0
LINE
8
BLACK
6
CONTINUOUS
10
170.5589999999999975
20
-88.5125000000000028
11
170.5647089999999935
21
-88.4837989999999905
0
LINE
8
BLACK
6
CONTINUOUS
10
170.5647089999999935
20
-88.4837989999999905
11
170.5809669999999869
21
-88.4594669999999894
0
LINE
8
BLACK
6
CONTINUOUS
10
170.5809669999999869
20
-88.4594669999999894
11
170.6052990000000023
21
-88.443208999999996
0
LINE
8
BLACK
6
CONTINUOUS
10
170.6052990000000023
20
-88.443208999999996
11
170.6339999999999861
21
-88.4375
0
LINE
8
BLACK
6
CONTINUOUS
10
170.6339999999999861
20
-88.4375
11
171.9590000000000032
21
-88.4375
0
LINE
8
BLACK
6
CONTINUOUS
10
171.9590000000000032
20
-88.4375
11
171.9877009999999871
21
-88.443208999999996
0
LINE
8
BLACK
6
CONTINUOUS
10
171.9877009999999871
20
-87.943208999999996
11
172.0120330000000024
21
-87.9594669999999894
0
LINE
8
BLACK
6
CONTINUOUS
10
172.0120330000000024
20
-87.9594669999999894
11
172.0140600000000006
21
-87.9624999999999915
0
LINE
8
BLACK
6
CONTINUOUS
10
172.0140600000000006
20
-87.9624999999999915
11
173.2101040000000012
21
-87.9624999999999915
0
LINE
8
BLACK
6
CONTINUOUS
10
173.2101040000000012
20
-87.9624999999999915
11
173.2344899999999939
21
-87.964901999999995
0
LINE
8
BLACK
6
CONTINUOUS
10
173.2344899999999939
20
-87.964901999999995
11
173.2344909999999913
21
-87.964901999999995
0
LINE
8
BLACK
6
CONTINUOUS
10
173.2344909999999913
20
-87.964901999999995
11
173.2476879999999824
21
-87.9703679999999935
0
LINE
8
BLACK
6
CONTINUOUS
10
173.2476879999999824
20
-87.9703679999999935
11
173.2795500000000004
21
-87.9835659999999962
0
LINE
8
BLACK
6
CONTINUOUS
10
173.2795500000000004
20
-87.9835659999999962
11
173.2795549999999878
21
-87.9835709999999978
0
LINE
8
BLACK
6
CONTINUOUS
10
173.2795549999999878
20
-87.9835709999999978
11
173.2984919999999818
21
-87.9991119999999967
0
LINE
8
BLACK
6
CONTINUOUS
10
173.2984919999999818
20
-87.9991119999999967
11
176.4223879999999838
21
-91.1230079999999987
0
LINE
8
BLACK
6
CONTINUOUS
10
176.4223879999999838
20
-91.1230079999999987
11
176.4379279999999994
21
-91.1419439999999952
0
LINE
8
BLACK
6
CONTINUOUS
10
176.4379279999999994
20
-91.1419439999999952
11
176.4379339999999843
21
-91.1419499999999942
0
LINE
8
BLACK
6
CONTINUOUS
10
176.4379339999999843
20
-91.1419499999999942
11
176.4412679999999796
21
-91.1499999999999915
0
LINE
8
BLACK
6
CONTINUOUS
10
176.4412679999999796
20
-91.1499999999999915
11
176.4523590000000013
21
-91.1767770000000013
0
LINE
8
BLACK
6
CONTINUOUS
10
176.4523590000000013
20
-91.1767770000000013
11
176.4565979999999854
21
-91.1870100000000008
0
LINE
8
BLACK
6
CONTINUOUS
10
176.4565979999999854
20
-91.1870100000000008
11
176.4590000000000032
21
-91.2113959999999935
0
LINE
8
BLACK
6
CONTINUOUS
10
176.4590000000000032
20
-91.2113959999999935
11
176.4590000000000032
21
-92.1482230000000015
0
LINE
8
BLACK
6
CONTINUOUS
10
176.4590000000000032
20
-92.1482230000000015
11
178.9009460000000047
21
-94.5901689999999888
0
LINE
8
BLACK
6
CONTINUOUS
10
178.9009460000000047
20
-94.5901689999999888
11
178.9815700000000049
21
-94.4971249999999969
0
LINE
8
BLACK
6
CONTINUOUS
10
178.9815700000000049
20
-94.4971249999999969
11
179.1012920000000008
21
-94.4201839999999919
0
LINE
8
BLACK
6
CONTINUOUS
10
179.1012920000000008
20
-94.4201839999999919
11
179.237842999999998
21
-94.3800889999999981
0
LINE
8
BLACK
6
CONTINUOUS
10
179.237842999999998
20
-94.3800889999999981
11
179.380156999999997
21
-94.3800889999999981
0
LINE
8
BLACK
6
CONTINUOUS
10
179.380156999999997
20
-94.3800889999999981
11
179.5167079999999942
21
-94.4201839999999919
0
LINE
8
BLACK
6
CONTINUOUS
10
179.5167079999999942
20
-94.4201839999999919
11
179.6364299999999901
21
-94.4971249999999969
0
LINE
8
BLACK
6
CONTINUOUS
10
179.6364299999999901
20
-94.4971249999999969
11
179.7296269999999936
21
-94.6046800000000019
0
LINE
8
BLACK
6
CONTINUOUS
10
179.7296269999999936
20
-94.6046800000000019
11
179.7887460000000033
21
-94.7341339999999974
0
LINE
8
BLACK
6
CONTINUOUS
10
179.7887460000000033
20
-94.7341339999999974
11
179.8089999999999975
21
-94.875
0
LINE
8
BLACK
6
CONTINUOUS
10
179.8089999999999975
20
-94.875
11
179.7887460000000033
21
-95.0158660000000026
0
LINE
8
BLACK
6
CONTINUOUS
10
179.7887460000000033
20
-95.0158660000000026
11
179.7296269999999936
21
-95.1453199999999981
0
LINE
8
BLACK
6
CONTINUOUS
10
179.7296269999999936
20
-95.1453199999999981
11
179.6364299999999901
21
-95.2528749999999889
0
LINE
8
BLACK
6
CONTINUOUS
10
179.6364299999999901
20
-95.2528749999999889
11
179.5167079999999942
21
-95.3298159999999939
0
LINE
8
BLACK
6
CONTINUOUS
10
179.5167079999999942
20
-95.3298159999999939
11
179.380156999999997
21
-95.3699110000000019
0
LINE
8
BLACK
6
CONTINUOUS
10
179.380156999999997
20
-95.3699110000000019
11
179.237842999999998
21
-95.3699110000000019
0
LINE
8
BLACK
6
CONTINUOUS
10
179.237842999999998
20
-95.3699110000000019
11
179.1012920000000008
21
-95.3298159999999939
0
LINE
8
BLACK
6
CONTINUOUS
10
179.1012920000000008
20
-95.3298159999999939
11
178.9815700000000049
21
-95.2528749999999889
0
LINE
8
BLACK
6
CONTINUOUS
10
178.9815700000000049
20
-95.2528749999999889
11
178.8883730000000014
21
-95.1453199999999981
0
LINE
8
BLACK
6
CONTINUOUS
10
178.8883730000000014
20
-95.1453199999999981
11
178.8292539999999917
21
-95.0158660000000026
0
LINE
8
BLACK
6
CONTINUOUS
10
178.8292539999999917
20
-95.0158660000000026
11
178.8089999999999975
21
-94.875
0
LINE
8
BLACK
6
CONTINUOUS
10
178.8089999999999975
20
-94.875
11
178.811918999999989
21
-94.8546959999999899
0
LINE
8
BLACK
6
CONTINUOUS
10
178.811918999999989
20
-94.8546959999999899
11
176.2456119999999942
21
-92.2883879999999976
0
LINE
8
BLACK
6
CONTINUOUS
10
176.2456119999999942
20
-92.2883879999999976
11
176.230070999999981
21
-92.2694509999999894
0
LINE
8
BLACK
6
CONTINUOUS
10
176.230070999999981
20
-92.2694509999999894
11
176.2300659999999937
21
-92.2694460000000021
0
LINE
8
BLACK
6
CONTINUOUS
10
176.2300659999999937
20
-92.2694460000000021
11
176.2114019999999925
21
-92.2243859999999955
0
LINE
8
BLACK
6
CONTINUOUS
10
176.2114019999999925
20
-92.2243859999999955
11
176.2090000000000032
21
-92.2000000000000028
0
LINE
8
BLACK
6
CONTINUOUS
10
176.2090000000000032
20
-92.2000000000000028
11
176.2090000000000032
21
-91.2631719999999973
0
LINE
8
BLACK
6
CONTINUOUS
10
176.2090000000000032
20
-91.2631719999999973
11
173.1583279999999831
21
-88.2124999999999915
0
LINE
8
BLACK
6
CONTINUOUS
10
173.1583279999999831
20
-88.2124999999999915
11
172.0140600000000006
21
-88.2124999999999915
0
LINE
8
BLACK
6
CONTINUOUS
10
172.0140600000000006
20
-88.2124999999999915
11
172.0120330000000024
21
-88.2155329999999935
0
LINE
8
BLACK
6
CONTINUOUS
10
172.0120330000000024
20
-88.2155329999999935
11
171.9877009999999871
21
-88.2317910000000012
0
LINE
8
BLACK
6
CONTINUOUS
10
171.9877009999999871
20
-88.2317910000000012
11
171.9590000000000032
21
-88.2374999999999972
0
LINE
8
BLACK
6
CONTINUOUS
10
171.9590000000000032
20
-88.2374999999999972
11
170.6339999999999861
21
-88.2374999999999972
0
LINE
8
BLACK
6
CONTINUOUS
10
170.6339999999999861
20
-88.2374999999999972
11
170.6052990000000023
21
-88.2317910000000012
0
LINE
8
BLACK
6
CONTINUOUS
10
170.6052990000000023
20
-88.2317910000000012
11
170.5809669999999869
21
-88.2155329999999935
0
LINE
8
BLACK
6
CONTINUOUS
10
170.5809669999999869
20
-88.2155329999999935
11
170.5647089999999935
21
-88.1912009999999924
0
LINE
8
BLACK
6
CONTINUOUS
10
170.5647089999999935
20
-88.1912009999999924
11
170.5589999999999975
21
-88.1624999999999943
0
LINE
8
BLACK
6
CONTINUOUS
10
170.5589999999999975
20
-88.1624999999999943
11
170.5589999999999975
21
-88.0125000000000028
0
LINE
8
BLACK
6
CONTINUOUS
10
170.5589999999999975
20
-88.0125000000000028
11
170.5647089999999935
21
-87.9837989999999905
0
LINE
8
BLACK
6
CONTINUOUS
10
170.5647089999999935
20
-87.9837989999999905
11
170.5809669999999869
21
-87.9594669999999894
0
LINE
8
BLACK
6
CONTINUOUS
10
170.5809669999999869
20
-87.9594669999999894
11
170.6052990000000023
21
-87.943208999999996
0
LINE
8
BLACK
6
CONTINUOUS
10
170.6052990000000023
20
-87.943208999999996
11
170.6339999999999861
21
-87.9375
0
LINE
8
BLACK
6
CONTINUOUS
10
170.6339999999999861
20
-87.9375
11
171.9590000000000032
21
-87.9375
0
LINE
8
BLACK
6
CONTINUOUS
10
171.9590000000000032
20
-87.9375
11
171.9877009999999871
21
-87.943208999999996
0
LINE
8
BLACK
6
CONTINUOUS
10
163.6627009999999984
20
-89.443208999999996
11
163.6870329999999853
21
-89.4594669999999894
0
LINE
8
BLACK
6
CONTINUOUS
10
163.6870329999999853
20
-89.4594669999999894
11
163.7032909999999788
21
-89.4837989999999905
0
LINE
8
BLACK
6
CONTINUOUS
10
163.7032909999999788
20
-89.4837989999999905
11
163.7090000000000032
21
-89.5125000000000028
0
LINE
8
BLACK
6
CONTINUOUS
10
163.7090000000000032
20
-89.5125000000000028
11
163.7090000000000032
21
-89.6624999999999943
0
LINE
8
BLACK
6
CONTINUOUS
10
163.7090000000000032
20
-89.6624999999999943
11
163.7032909999999788
21
-89.6912009999999924
0
LINE
8
BLACK
6
CONTINUOUS
10
163.7032909999999788
20
-89.6912009999999924
11
163.6870329999999853
21
-89.7155329999999935
0
LINE
8
BLACK
6
CONTINUOUS
10
163.6870329999999853
20
-89.7155329999999935
11
163.6627009999999984
21
-89.7317910000000012
0
LINE
8
BLACK
6
CONTINUOUS
10
163.6627009999999984
20
-89.7317910000000012
11
163.6339999999999861
21
-89.7374999999999972
0
LINE
8
BLACK
6
CONTINUOUS
10
163.6339999999999861
20
-89.7374999999999972
11
162.3632769999999823
21
-89.7374999999999972
0
LINE
8
BLACK
6
CONTINUOUS
10
162.3632769999999823
20
-89.7374999999999972
11
159.9601600000000019
21
-92.1406149999999968
0
LINE
8
BLACK
6
CONTINUOUS
10
159.9601600000000019
20
-92.1406149999999968
11
160.0714299999999923
21
-92.2121250000000003
0
LINE
8
BLACK
6
CONTINUOUS
10
160.0714299999999923
20
-92.2121250000000003
11
160.1646269999999959
21
-92.3196799999999911
0
LINE
8
BLACK
6
CONTINUOUS
10
160.1646269999999959
20
-92.3196799999999911
11
160.2237460000000056
21
-92.4491340000000008
0
LINE
8
BLACK
6
CONTINUOUS
10
160.2237460000000056
20
-92.4491340000000008
11
160.2439999999999998
21
-92.5899999999999892
0
LINE
8
BLACK
6
CONTINUOUS
10
160.2439999999999998
20
-92.5899999999999892
11
160.2237460000000056
21
-92.7308659999999918
0
LINE
8
BLACK
6
CONTINUOUS
10
160.2237460000000056
20
-92.7308659999999918
11
160.1646269999999959
21
-92.8603200000000015
0
LINE
8
BLACK
6
CONTINUOUS
10
160.1646269999999959
20
-92.8603200000000015
11
160.0714299999999923
21
-92.9678749999999923
0
LINE
8
BLACK
6
CONTINUOUS
10
160.0714299999999923
20
-92.9678749999999923
11
159.9517079999999964
21
-93.0448159999999973
0
LINE
8
BLACK
6
CONTINUOUS
10
159.9517079999999964
20
-93.0448159999999973
11
159.8151569999999992
21
-93.0849109999999911
0
LINE
8
BLACK
6
CONTINUOUS
10
159.8151569999999992
20
-93.0849109999999911
11
159.6728430000000003
21
-93.0849109999999911
0
LINE
8
BLACK
6
CONTINUOUS
10
159.6728430000000003
20
-93.0849109999999911
11
159.5362920000000031
21
-93.0448159999999973
0
LINE
8
BLACK
6
CONTINUOUS
10
159.5362920000000031
20
-93.0448159999999973
11
159.4165699999999788
21
-92.9678749999999923
0
LINE
8
BLACK
6
CONTINUOUS
10
159.4165699999999788
20
-92.9678749999999923
11
159.3233730000000037
21
-92.8603200000000015
0
LINE
8
BLACK
6
CONTINUOUS
10
159.3233730000000037
20
-92.8603200000000015
11
159.264253999999994
21
-92.7308659999999918
0
LINE
8
BLACK
6
CONTINUOUS
10
159.264253999999994
20
-92.7308659999999918
11
159.2439999999999998
21
-92.5899999999999892
0
LINE
8
BLACK
6
CONTINUOUS
10
159.2439999999999998
20
-92.5899999999999892
11
159.264253999999994
21
-92.4491340000000008
0
LINE
8
BLACK
6
CONTINUOUS
10
159.264253999999994
20
-92.4491340000000008
11
159.3233730000000037
21
-92.3196799999999911
0
LINE
8
BLACK
6
CONTINUOUS
10
159.3233730000000037
20
-92.3196799999999911
11
159.4165699999999788
21
-92.2121250000000003
0
LINE
8
BLACK
6
CONTINUOUS
10
159.4165699999999788
20
-92.2121250000000003
11
159.5362920000000031
21
-92.1351839999999953
0
LINE
8
BLACK
6
CONTINUOUS
10
159.5362920000000031
20
-92.1351839999999953
11
159.6463819999999885
21
-92.1028579999999977
0
LINE
8
BLACK
6
CONTINUOUS
10
159.6463819999999885
20
-92.1028579999999977
11
159.6556119999999908
21
-92.0916119999999978
0
LINE
8
BLACK
6
CONTINUOUS
10
159.6556119999999908
20
-92.0916119999999978
11
162.2339999999999804
21
-89.5132229999999964
0
LINE
8
BLACK
6
CONTINUOUS
10
162.2339999999999804
20
-89.5132229999999964
11
162.2339999999999804
21
-89.5125000000000028
0
LINE
8
BLACK
6
CONTINUOUS
10
162.2339999999999804
20
-89.5125000000000028
11
162.2397090000000048
21
-89.4837989999999905
0
LINE
8
BLACK
6
CONTINUOUS
10
162.2397090000000048
20
-89.4837989999999905
11
162.2559669999999983
21
-89.4594669999999894
0
LINE
8
BLACK
6
CONTINUOUS
10
162.2559669999999983
20
-89.4594669999999894
11
162.2802989999999852
21
-89.443208999999996
0
LINE
8
BLACK
6
CONTINUOUS
10
162.2802989999999852
20
-89.443208999999996
11
162.3089999999999975
21
-89.4375
0
LINE
8
BLACK
6
CONTINUOUS
10
162.3089999999999975
20
-89.4375
11
163.6339999999999861
21
-89.4375
0
LINE
8
BLACK
6
CONTINUOUS
10
163.6339999999999861
20
-89.4375
11
163.6627009999999984
21
-89.443208999999996
0
LINE
8
BLACK
6
CONTINUOUS
10
171.9877009999999871
20
-87.443208999999996
11
172.0120330000000024
21
-87.4594669999999894
0
LINE
8
BLACK
6
CONTINUOUS
10
172.0120330000000024
20
-87.4594669999999894
11
172.0140600000000006
21
-87.4624999999999915
0
LINE
8
BLACK
6
CONTINUOUS
10
172.0140600000000006
20
-87.4624999999999915
11
173.3464999999999918
21
-87.4624999999999915
0
LINE
8
BLACK
6
CONTINUOUS
10
173.3464999999999918
20
-87.4624999999999915
11
173.3708859999999845
21
-87.464901999999995
0
LINE
8
BLACK
6
CONTINUOUS
10
173.3708859999999845
20
-87.464901999999995
11
173.370886999999982
21
-87.464901999999995
0
LINE
8
BLACK
6
CONTINUOUS
10
173.370886999999982
20
-87.464901999999995
11
173.3840840000000014
21
-87.4703679999999935
0
LINE
8
BLACK
6
CONTINUOUS
10
173.3840840000000014
20
-87.4703679999999935
11
173.415945999999991
21
-87.4835659999999962
0
LINE
8
BLACK
6
CONTINUOUS
10
173.415945999999991
20
-87.4835659999999962
11
173.4159509999999784
21
-87.4835709999999978
0
LINE
8
BLACK
6
CONTINUOUS
10
173.4159509999999784
20
-87.4835709999999978
11
173.4348880000000008
21
-87.4991119999999967
0
LINE
8
BLACK
6
CONTINUOUS
10
173.4348880000000008
20
-87.4991119999999967
11
177.5584759999999847
21
-91.6226999999999947
0
LINE
8
BLACK
6
CONTINUOUS
10
177.5584759999999847
20
-91.6226999999999947
11
177.6012920000000008
21
-91.5951839999999891
0
LINE
8
BLACK
6
CONTINUOUS
10
177.6012920000000008
20
-91.5951839999999891
11
177.737842999999998
21
-91.5550889999999953
0
LINE
8
BLACK
6
CONTINUOUS
10
177.737842999999998
20
-91.5550889999999953
11
177.880156999999997
21
-91.5550889999999953
0
LINE
8
BLACK
6
CONTINUOUS
10
177.880156999999997
20
-91.5550889999999953
11
178.0167079999999942
21
-91.5951839999999891
0
LINE
8
BLACK
6
CONTINUOUS
10
178.0167079999999942
20
-91.5951839999999891
11
178.1364299999999901
21
-91.6721249999999941
0
LINE
8
BLACK
6
CONTINUOUS
10
178.1364299999999901
20
-91.6721249999999941
11
178.2296269999999936
21
-91.779679999999999
0
LINE
8
BLACK
6
CONTINUOUS
10
178.2296269999999936
20
-91.779679999999999
11
178.2887460000000033
21
-91.9091339999999946
0
LINE
8
BLACK
6
CONTINUOUS
10
178.2887460000000033
20
-91.9091339999999946
11
178.3089999999999975
21
-92.0499999999999972
0
LINE
8
BLACK
6
CONTINUOUS
10
178.3089999999999975
20
-92.0499999999999972
11
178.2887460000000033
21
-92.1908659999999998
0
LINE
8
BLACK
6
CONTINUOUS
10
178.2887460000000033
20
-92.1908659999999998
11
178.2296269999999936
21
-92.3203199999999953
0
LINE
8
BLACK
6
CONTINUOUS
10
178.2296269999999936
20
-92.3203199999999953
11
178.1364299999999901
21
-92.4278750000000002
0
LINE
8
BLACK
6
CONTINUOUS
10
178.1364299999999901
20
-92.4278750000000002
11
178.0167079999999942
21
-92.504815999999991
0
LINE
8
BLACK
6
CONTINUOUS
10
178.0167079999999942
20
-92.504815999999991
11
177.880156999999997
21
-92.544910999999999
0
LINE
8
BLACK
6
CONTINUOUS
10
177.880156999999997
20
-92.544910999999999
11
177.737842999999998
21
-92.544910999999999
0
LINE
8
BLACK
6
CONTINUOUS
10
177.737842999999998
20
-92.544910999999999
11
177.6012920000000008
21
-92.504815999999991
0
LINE
8
BLACK
6
CONTINUOUS
10
177.6012920000000008
20
-92.504815999999991
11
177.4815700000000049
21
-92.4278750000000002
0
LINE
8
BLACK
6
CONTINUOUS
10
177.4815700000000049
20
-92.4278750000000002
11
177.3883730000000014
21
-92.3203199999999953
0
LINE
8
BLACK
6
CONTINUOUS
10
177.3883730000000014
20
-92.3203199999999953
11
177.3292539999999917
21
-92.1908659999999998
0
LINE
8
BLACK
6
CONTINUOUS
10
177.3292539999999917
20
-92.1908659999999998
11
177.3089999999999975
21
-92.0499999999999972
0
LINE
8
BLACK
6
CONTINUOUS
10
177.3089999999999975
20
-92.0499999999999972
11
177.3292539999999917
21
-91.9091339999999946
0
LINE
8
BLACK
6
CONTINUOUS
10
177.3292539999999917
20
-91.9091339999999946
11
177.3800739999999792
21
-91.7978499999999968
0
LINE
8
BLACK
6
CONTINUOUS
10
177.3800739999999792
20
-91.7978499999999968
11
173.2947240000000022
21
-87.7124999999999915
0
LINE
8
BLACK
6
CONTINUOUS
10
173.2947240000000022
20
-87.7124999999999915
11
172.0140600000000006
21
-87.7124999999999915
0
LINE
8
BLACK
6
CONTINUOUS
10
172.0140600000000006
20
-87.7124999999999915
11
172.0120330000000024
21
-87.7155329999999935
0
LINE
8
BLACK
6
CONTINUOUS
10
172.0120330000000024
20
-87.7155329999999935
11
171.9877009999999871
21
-87.7317910000000012
0
LINE
8
BLACK
6
CONTINUOUS
10
171.9877009999999871
20
-87.7317910000000012
11
171.9590000000000032
21
-87.7374999999999972
0
LINE
8
BLACK
6
CONTINUOUS
10
171.9590000000000032
20
-87.7374999999999972
11
170.6339999999999861
21
-87.7374999999999972
0
LINE
8
BLACK
6
CONTINUOUS
10
170.6339999999999861
20
-87.7374999999999972
11
170.6052990000000023
21
-87.7317910000000012
0
LINE
8
BLACK
6
CONTINUOUS
10
170.6052990000000023
20
-87.7317910000000012
11
170.5809669999999869
21
-87.7155329999999935
0
LINE
8
BLACK
6
CONTINUOUS
10
170.5809669999999869
20
-87.7155329999999935
11
170.5647089999999935
21
-87.6912009999999924
0
LINE
8
BLACK
6
CONTINUOUS
10
170.5647089999999935
20
-87.6912009999999924
11
170.5589999999999975
21
-87.6624999999999943
0
LINE
8
BLACK
6
CONTINUOUS
10
170.5589999999999975
20
-87.6624999999999943
11
170.5589999999999975
21
-87.5125000000000028
0
LINE
8
BLACK
6
CONTINUOUS
10
170.5589999999999975
20
-87.5125000000000028
11
170.5647089999999935
21
-87.4837989999999905
0
LINE
8
BLACK
6
CONTINUOUS
10
170.5647089999999935
20
-87.4837989999999905
11
170.5809669999999869
21
-87.4594669999999894
0
LINE
8
BLACK
6
CONTINUOUS
10
170.5809669999999869
20
-87.4594669999999894
11
170.6052990000000023
21
-87.443208999999996
0
LINE
8
BLACK
6
CONTINUOUS
10
170.6052990000000023
20
-87.443208999999996
11
170.6339999999999861
21
-87.4375
0
LINE
8
BLACK
6
CONTINUOUS
10
170.6339999999999861
20
-87.4375
11
171.9590000000000032
21
-87.4375
0
LINE
8
BLACK
6
CONTINUOUS
10
171.9590000000000032
20
-87.4375
11
171.9877009999999871
21
-87.443208999999996
0
LINE
8
BLACK
6
CONTINUOUS
10
163.6627009999999984
20
-87.943208999999996
11
163.6870329999999853
21
-87.9594669999999894
0
LINE
8
BLACK
6
CONTINUOUS
10
163.6870329999999853
20
-87.9594669999999894
11
163.7032909999999788
21
-87.9837989999999905
0
LINE
8
BLACK
6
CONTINUOUS
10
163.7032909999999788
20
-87.9837989999999905
11
163.7090000000000032
21
-88.0125000000000028
0
LINE
8
BLACK
6
CONTINUOUS
10
163.7090000000000032
20
-88.0125000000000028
11
163.7090000000000032
21
-88.1624999999999943
0
LINE
8
BLACK
6
CONTINUOUS
10
163.7090000000000032
20
-88.1624999999999943
11
163.7032909999999788
21
-88.1912009999999924
0
LINE
8
BLACK
6
CONTINUOUS
10
163.7032909999999788
20
-88.1912009999999924
11
163.6870329999999853
21
-88.2155329999999935
0
LINE
8
BLACK
6
CONTINUOUS
10
163.6870329999999853
20
-88.2155329999999935
11
163.6627009999999984
21
-88.2317910000000012
0
LINE
8
BLACK
6
CONTINUOUS
10
163.6627009999999984
20
-88.2317910000000012
11
163.6339999999999861
21
-88.2374999999999972
0
LINE
8
BLACK
6
CONTINUOUS
10
163.6339999999999861
20
-88.2374999999999972
11
162.3089999999999975
21
-88.2374999999999972
0
LINE
8
BLACK
6
CONTINUOUS
10
162.3089999999999975
20
-88.2374999999999972
11
162.2802989999999852
21
-88.2317910000000012
0
LINE
8
BLACK
6
CONTINUOUS
10
162.2802989999999852
20
-88.2317910000000012
11
162.2559669999999983
21
-88.2155329999999935
0
LINE
8
BLACK
6
CONTINUOUS
10
162.2559669999999983
20
-88.2155329999999935
11
162.2539400000000001
21
-88.2124999999999915
0
LINE
8
BLACK
6
CONTINUOUS
10
162.2539400000000001
20
-88.2124999999999915
11
158.7732769999999789
21
-88.2124999999999915
0
LINE
8
BLACK
6
CONTINUOUS
10
158.7732769999999789
20
-88.2124999999999915
11
157.9323880000000031
21
-89.0533879999999982
0
LINE
8
BLACK
6
CONTINUOUS
10
157.9323880000000031
20
-89.0533879999999982
11
157.929000000000002
21
-89.0561679999999996
0
LINE
8
BLACK
6
CONTINUOUS
10
157.929000000000002
20
-89.0561679999999996
11
157.929000000000002
21
-89.2650000000000006
0
LINE
8
BLACK
6
CONTINUOUS
10
157.929000000000002
20
-89.2650000000000006
11
157.9109210000000019
21
-89.3558869999999956
0
LINE
8
BLACK
6
CONTINUOUS
10
157.9109210000000019
20
-89.3558869999999956
11
157.859437999999983
21
-89.4329379999999929
0
LINE
8
BLACK
6
CONTINUOUS
10
157.859437999999983
20
-89.4329379999999929
11
157.7823869999999999
21
-89.4844209999999975
0
LINE
8
BLACK
6
CONTINUOUS
10
157.7823869999999999
20
-89.4844209999999975
11
157.6914999999999907
21
-89.5024999999999977
0
LINE
8
BLACK
6
CONTINUOUS
10
157.6914999999999907
20
-89.5024999999999977
11
157.5789999999999793
21
-89.5024999999999977
0
LINE
8
BLACK
6
CONTINUOUS
10
157.5789999999999793
20
-89.5024999999999977
11
157.5789999999999793
21
-90.0499999999999972
0
LINE
8
BLACK
6
CONTINUOUS
10
157.5789999999999793
20
-90.0499999999999972
11
158.0939999999999941
21
-90.0499999999999972
0
LINE
8
BLACK
6
CONTINUOUS
10
158.0939999999999941
20
-90.0499999999999972
11
158.1896710000000041
21
-90.0690299999999979
0
LINE
8
BLACK
6
CONTINUOUS
10
158.1896710000000041
20
-90.0690299999999979
11
158.2707769999999812
21
-90.1232229999999959
0
LINE
8
BLACK
6
CONTINUOUS
10
158.2707769999999812
20
-90.1232229999999959
11
158.3249699999999791
21
-90.2043290000000013
0
LINE
8
BLACK
6
CONTINUOUS
10
158.3249699999999791
20
-90.2043290000000013
11
158.3439999999999941
21
-90.2999999999999972
0
LINE
8
BLACK
6
CONTINUOUS
10
158.3439999999999941
20
-90.2999999999999972
11
158.3439999999999941
21
-91.
0
LINE
8
BLACK
6
CONTINUOUS
10
158.3439999999999941
20
-91.
11
158.3249699999999791
21
-91.0956709999999958
0
LINE
8
BLACK
6
CONTINUOUS
10
158.3249699999999791
20
-91.0956709999999958
11
158.2707769999999812
21
-91.1767770000000013
0
LINE
8
BLACK
6
CONTINUOUS
10
158.2707769999999812
20
-91.1767770000000013
11
158.1896710000000041
21
-91.2309699999999992
0
LINE
8
BLACK
6
CONTINUOUS
10
158.1896710000000041
20
-91.2309699999999992
11
158.0939999999999941
21
-91.25
0
LINE
8
BLACK
6
CONTINUOUS
10
158.0939999999999941
20
-91.25
11
157.1939999999999884
21
-91.25
0
LINE
8
BLACK
6
CONTINUOUS
10
157.1939999999999884
20
-91.25
11
157.0983290000000068
21
-91.2309699999999992
0
LINE
8
BLACK
6
CONTINUOUS
10
157.0983290000000068
20
-91.2309699999999992
11
157.0172230000000013
21
-91.1767770000000013
0
LINE
8
BLACK
6
CONTINUOUS
10
157.0172230000000013
20
-91.1767770000000013
11
156.9630300000000034
21
-91.0956709999999958
0
LINE
8
BLACK
6
CONTINUOUS
10
156.9630300000000034
20
-91.0956709999999958
11
156.9439999999999884
21
-91.
0
LINE
8
BLACK
6
CONTINUOUS
10
156.9439999999999884
20
-91.
11
156.9439999999999884
21
-90.7749999999999915
0
LINE
8
BLACK
6
CONTINUOUS
10
156.9439999999999884
20
-90.7749999999999915
11
156.8857769999999903
21
-90.7749999999999915
0
LINE
8
BLACK
6
CONTINUOUS
10
156.8857769999999903
20
-90.7749999999999915
11
156.1929250000000025
21
-91.4678499999999985
0
LINE
8
BLACK
6
CONTINUOUS
10
156.1929250000000025
20
-91.4678499999999985
11
156.2437459999999874
21
-91.5791339999999963
0
LINE
8
BLACK
6
CONTINUOUS
10
156.2437459999999874
20
-91.5791339999999963
11
156.2639999999999816
21
-91.7199999999999989
0
LINE
8
BLACK
6
CONTINUOUS
10
156.2639999999999816
20
-91.7199999999999989
11
156.2437459999999874
21
-91.8608660000000015
0
LINE
8
BLACK
6
CONTINUOUS
10
156.2437459999999874
20
-91.8608660000000015
11
156.1846270000000061
21
-91.990319999999997
0
LINE
8
BLACK
6
CONTINUOUS
10
156.1846270000000061
20
-91.990319999999997
11
156.0914300000000026
21
-92.0978750000000019
0
LINE
8
BLACK
6
CONTINUOUS
10
156.0914300000000026
20
-92.0978750000000019
11
155.9717080000000067
21
-92.1748159999999928
0
LINE
8
BLACK
6
CONTINUOUS
10
155.9717080000000067
20
-92.1748159999999928
11
155.8351569999999811
21
-92.2149110000000007
0
LINE
8
BLACK
6
CONTINUOUS
10
155.8351569999999811
20
-92.2149110000000007
11
155.6928429999999821
21
-92.2149110000000007
0
LINE
8
BLACK
6
CONTINUOUS
10
155.6928429999999821
20
-92.2149110000000007
11
155.5562919999999849
21
-92.1748159999999928
0
LINE
8
BLACK
6
CONTINUOUS
10
155.5562919999999849
20
-92.1748159999999928
11
155.436569999999989
21
-92.0978750000000019
0
LINE
8
BLACK
6
CONTINUOUS
10
155.436569999999989
20
-92.0978750000000019
11
155.3433729999999855
21
-91.990319999999997
0
LINE
8
BLACK
6
CONTINUOUS
10
155.3433729999999855
20
-91.990319999999997
11
155.2842540000000042
21
-91.8608660000000015
0
LINE
8
BLACK
6
CONTINUOUS
10
155.2842540000000042
20
-91.8608660000000015
11
155.2639999999999816
21
-91.7199999999999989
0
LINE
8
BLACK
6
CONTINUOUS
10
155.2639999999999816
20
-91.7199999999999989
11
155.2842540000000042
21
-91.5791339999999963
0
LINE
8
BLACK
6
CONTINUOUS
10
155.2842540000000042
20
-91.5791339999999963
11
155.3433729999999855
21
-91.4496800000000007
0
LINE
8
BLACK
6
CONTINUOUS
10
155.3433729999999855
20
-91.4496800000000007
11
155.436569999999989
21
-91.3421249999999958
0
LINE
8
BLACK
6
CONTINUOUS
10
155.436569999999989
20
-91.3421249999999958
11
155.5562919999999849
21
-91.2651839999999908
0
LINE
8
BLACK
6
CONTINUOUS
10
155.5562919999999849
20
-91.2651839999999908
11
155.6928429999999821
21
-91.225088999999997
0
LINE
8
BLACK
6
CONTINUOUS
10
155.6928429999999821
20
-91.225088999999997
11
155.8351569999999811
21
-91.225088999999997
0
LINE
8
BLACK
6
CONTINUOUS
10
155.8351569999999811
20
-91.225088999999997
11
155.9717080000000067
21
-91.2651839999999908
0
LINE
8
BLACK
6
CONTINUOUS
10
155.9717080000000067
20
-91.2651839999999908
11
156.014522999999997
21
-91.2926999999999964
0
LINE
8
BLACK
6
CONTINUOUS
10
156.014522999999997
20
-91.2926999999999964
11
156.7456119999999942
21
-90.5616109999999992
0
LINE
8
BLACK
6
CONTINUOUS
10
156.7456119999999942
20
-90.5616109999999992
11
156.764554000000004
21
-90.5460659999999962
0
LINE
8
BLACK
6
CONTINUOUS
10
156.764554000000004
20
-90.5460659999999962
11
156.8096139999999821
21
-90.5274009999999976
0
LINE
8
BLACK
6
CONTINUOUS
10
156.8096139999999821
20
-90.5274009999999976
11
156.8096239999999852
21
-90.5274009999999976
0
LINE
8
BLACK
6
CONTINUOUS
10
156.8096239999999852
20
-90.5274009999999976
11
156.8340000000000032
21
-90.5249999999999915
0
LINE
8
BLACK
6
CONTINUOUS
10
156.8340000000000032
20
-90.5249999999999915
11
156.9439999999999884
21
-90.5249999999999915
0
LINE
8
BLACK
6
CONTINUOUS
10
156.9439999999999884
20
-90.5249999999999915
11
156.9439999999999884
21
-90.2999999999999972
0
LINE
8
BLACK
6
CONTINUOUS
10
156.9439999999999884
20
-90.2999999999999972
11
156.9630300000000034
21
-90.2043290000000013
0
LINE
8
BLACK
6
CONTINUOUS
10
156.9630300000000034
20
-90.2043290000000013
11
157.0172230000000013
21
-90.1232229999999959
0
LINE
8
BLACK
6
CONTINUOUS
10
157.0172230000000013
20
-90.1232229999999959
11
157.0983290000000068
21
-90.0690299999999979
0
LINE
8
BLACK
6
CONTINUOUS
10
157.0983290000000068
20
-90.0690299999999979
11
157.1939999999999884
21
-90.0499999999999972
0
LINE
8
BLACK
6
CONTINUOUS
10
157.1939999999999884
20
-90.0499999999999972
11
157.3289999999999793
21
-90.0499999999999972
0
LINE
8
BLACK
6
CONTINUOUS
10
157.3289999999999793
20
-90.0499999999999972
11
157.3289999999999793
21
-89.5024999999999977
0
LINE
8
BLACK
6
CONTINUOUS
10
157.3289999999999793
20
-89.5024999999999977
11
157.2164999999999964
21
-89.5024999999999977
0
LINE
8
BLACK
6
CONTINUOUS
10
157.2164999999999964
20
-89.5024999999999977
11
157.1256129999999871
21
-89.4844209999999975
0
LINE
8
BLACK
6
CONTINUOUS
10
157.1256129999999871
20
-89.4844209999999975
11
157.048562000000004
21
-89.4329379999999929
0
LINE
8
BLACK
6
CONTINUOUS
10
157.048562000000004
20
-89.4329379999999929
11
156.9970789999999852
21
-89.3558869999999956
0
LINE
8
BLACK
6
CONTINUOUS
10
156.9970789999999852
20
-89.3558869999999956
11
156.978999999999985
21
-89.2650000000000006
0
LINE
8
BLACK
6
CONTINUOUS
10
156.978999999999985
20
-89.2650000000000006
11
156.978999999999985
21
-88.664999999999992
0
LINE
8
BLACK
6
CONTINUOUS
10
156.978999999999985
20
-88.664999999999992
11
156.9970789999999852
21
-88.574112999999997
0
LINE
8
BLACK
6
CONTINUOUS
10
156.9970789999999852
20
-88.574112999999997
11
157.048562000000004
21
-88.4970619999999997
0
LINE
8
BLACK
6
CONTINUOUS
10
157.048562000000004
20
-88.4970619999999997
11
157.1256129999999871
21
-88.4455789999999951
0
LINE
8
BLACK
6
CONTINUOUS
10
157.1256129999999871
20
-88.4455789999999951
11
157.2164999999999964
21
-88.4274999999999949
0
LINE
8
BLACK
6
CONTINUOUS
10
157.2164999999999964
20
-88.4274999999999949
11
157.6914999999999907
21
-88.4274999999999949
0
LINE
8
BLACK
6
CONTINUOUS
10
157.6914999999999907
20
-88.4274999999999949
11
157.7823869999999999
21
-88.4455789999999951
0
LINE
8
BLACK
6
CONTINUOUS
10
157.7823869999999999
20
-88.4455789999999951
11
157.859437999999983
21
-88.4970619999999997
0
LINE
8
BLACK
6
CONTINUOUS
10
157.859437999999983
20
-88.4970619999999997
11
157.9109210000000019
21
-88.574112999999997
0
LINE
8
BLACK
6
CONTINUOUS
10
157.9109210000000019
20
-88.574112999999997
11
157.929000000000002
21
-88.664999999999992
0
LINE
8
BLACK
6
CONTINUOUS
10
157.929000000000002
20
-88.664999999999992
11
157.929000000000002
21
-88.7032229999999942
0
LINE
8
BLACK
6
CONTINUOUS
10
157.929000000000002
20
-88.7032229999999942
11
158.6331109999999853
21
-87.9991119999999967
0
LINE
8
BLACK
6
CONTINUOUS
10
158.6331109999999853
20
-87.9991119999999967
11
158.6520529999999951
21
-87.9835669999999936
0
LINE
8
BLACK
6
CONTINUOUS
10
158.6520529999999951
20
-87.9835669999999936
11
158.6520539999999926
21
-87.9835659999999962
0
LINE
8
BLACK
6
CONTINUOUS
10
158.6520539999999926
20
-87.9835659999999962
11
158.6784490000000005
21
-87.9726330000000019
0
LINE
8
BLACK
6
CONTINUOUS
10
158.6784490000000005
20
-87.9726330000000019
11
158.6971130000000016
21
-87.964901999999995
0
LINE
8
BLACK
6
CONTINUOUS
10
158.6971130000000016
20
-87.964901999999995
11
158.6971139999999991
21
-87.964901999999995
0
LINE
8
BLACK
6
CONTINUOUS
10
158.6971139999999991
20
-87.964901999999995
11
158.7214999999999918
21
-87.9624999999999915
0
LINE
8
BLACK
6
CONTINUOUS
10
158.7214999999999918
20
-87.9624999999999915
11
162.2539400000000001
21
-87.9624999999999915
0
LINE
8
BLACK
6
CONTINUOUS
10
162.2539400000000001
20
-87.9624999999999915
11
162.2559669999999983
21
-87.9594669999999894
0
LINE
8
BLACK
6
CONTINUOUS
10
162.2559669999999983
20
-87.9594669999999894
11
162.2802989999999852
21
-87.943208999999996
0
LINE
8
BLACK
6
CONTINUOUS
10
162.2802989999999852
20
-87.943208999999996
11
162.3089999999999975
21
-87.9375
0
LINE
8
BLACK
6
CONTINUOUS
10
162.3089999999999975
20
-87.9375
11
163.6339999999999861
21
-87.9375
0
LINE
8
BLACK
6
CONTINUOUS
10
163.6339999999999861
20
-87.9375
11
163.6627009999999984
21
-87.943208999999996
0
LINE
8
BLACK
6
CONTINUOUS
10
163.6627009999999984
20
-88.943208999999996
11
163.6870329999999853
21
-88.9594669999999894
0
LINE
8
BLACK
6
CONTINUOUS
10
163.6870329999999853
20
-88.9594669999999894
11
163.7032909999999788
21
-88.9837989999999905
0
LINE
8
BLACK
6
CONTINUOUS
10
163.7032909999999788
20
-88.9837989999999905
11
163.7090000000000032
21
-89.0125000000000028
0
LINE
8
BLACK
6
CONTINUOUS
10
163.7090000000000032
20
-89.0125000000000028
11
163.7090000000000032
21
-89.1624999999999943
0
LINE
8
BLACK
6
CONTINUOUS
10
163.7090000000000032
20
-89.1624999999999943
11
163.7032909999999788
21
-89.1912009999999924
0
LINE
8
BLACK
6
CONTINUOUS
10
163.7032909999999788
20
-89.1912009999999924
11
163.6870329999999853
21
-89.2155329999999935
0
LINE
8
BLACK
6
CONTINUOUS
10
163.6870329999999853
20
-89.2155329999999935
11
163.6627009999999984
21
-89.2317910000000012
0
LINE
8
BLACK
6
CONTINUOUS
10
163.6627009999999984
20
-89.2317910000000012
11
163.6339999999999861
21
-89.2374999999999972
0
LINE
8
BLACK
6
CONTINUOUS
10
163.6339999999999861
20
-89.2374999999999972
11
162.3089999999999975
21
-89.2374999999999972
0
LINE
8
BLACK
6
CONTINUOUS
10
162.3089999999999975
20
-89.2374999999999972
11
162.2802989999999852
21
-89.2317910000000012
0
LINE
8
BLACK
6
CONTINUOUS
10
162.2802989999999852
20
-89.2317910000000012
11
162.2559669999999983
21
-89.2155329999999935
0
LINE
8
BLACK
6
CONTINUOUS
10
162.2559669999999983
20
-89.2155329999999935
11
162.2539400000000001
21
-89.2124999999999915
0
LINE
8
BLACK
6
CONTINUOUS
10
162.2539400000000001
20
-89.2124999999999915
11
161.5582760000000064
21
-89.2124999999999915
0
LINE
8
BLACK
6
CONTINUOUS
10
161.5582760000000064
20
-89.2124999999999915
11
160.2129249999999843
21
-90.557850000000002
0
LINE
8
BLACK
6
CONTINUOUS
10
160.2129249999999843
20
-90.557850000000002
11
160.2637459999999976
21
-90.6691339999999997
0
LINE
8
BLACK
6
CONTINUOUS
10
160.2637459999999976
20
-90.6691339999999997
11
160.2839999999999918
21
-90.8100000000000023
0
LINE
8
BLACK
6
CONTINUOUS
10
160.2839999999999918
20
-90.8100000000000023
11
160.2637459999999976
21
-90.9508659999999907
0
LINE
8
BLACK
6
CONTINUOUS
10
160.2637459999999976
20
-90.9508659999999907
11
160.2046269999999879
21
-91.0803200000000004
0
LINE
8
BLACK
6
CONTINUOUS
10
160.2046269999999879
20
-91.0803200000000004
11
160.1114299999999844
21
-91.1878749999999911
0
LINE
8
BLACK
6
CONTINUOUS
10
160.1114299999999844
20
-91.1878749999999911
11
159.9917079999999885
21
-91.2648159999999962
0
LINE
8
BLACK
6
CONTINUOUS
10
159.9917079999999885
20
-91.2648159999999962
11
159.8551569999999913
21
-91.3049109999999899
0
LINE
8
BLACK
6
CONTINUOUS
10
159.8551569999999913
20
-91.3049109999999899
11
159.7128429999999923
21
-91.3049109999999899
0
LINE
8
BLACK
6
CONTINUOUS
10
159.7128429999999923
20
-91.3049109999999899
11
159.5762919999999951
21
-91.2648159999999962
0
LINE
8
BLACK
6
CONTINUOUS
10
159.5762919999999951
20
-91.2648159999999962
11
159.4565699999999993
21
-91.1878749999999911
0
LINE
8
BLACK
6
CONTINUOUS
10
159.4565699999999993
20
-91.1878749999999911
11
159.3633729999999957
21
-91.0803200000000004
0
LINE
8
BLACK
6
CONTINUOUS
10
159.3633729999999957
20
-91.0803200000000004
11
159.304253999999986
21
-90.9508659999999907
0
LINE
8
BLACK
6
CONTINUOUS
10
159.304253999999986
20
-90.9508659999999907
11
159.2839999999999918
21
-90.8100000000000023
0
LINE
8
BLACK
6
CONTINUOUS
10
159.2839999999999918
20
-90.8100000000000023
11
159.304253999999986
21
-90.6691339999999997
0
LINE
8
BLACK
6
CONTINUOUS
10
159.304253999999986
20
-90.6691339999999997
11
159.3633729999999957
21
-90.5396799999999899
0
LINE
8
BLACK
6
CONTINUOUS
10
159.3633729999999957
20
-90.5396799999999899
11
159.4565699999999993
21
-90.4321249999999992
0
LINE
8
BLACK
6
CONTINUOUS
10
159.4565699999999993
20
-90.4321249999999992
11
159.5762919999999951
21
-90.3551839999999942
0
LINE
8
BLACK
6
CONTINUOUS
10
159.5762919999999951
20
-90.3551839999999942
11
159.7128429999999923
21
-90.3150890000000004
0
LINE
8
BLACK
6
CONTINUOUS
10
159.7128429999999923
20
-90.3150890000000004
11
159.8551569999999913
21
-90.3150890000000004
0
LINE
8
BLACK
6
CONTINUOUS
10
159.8551569999999913
20
-90.3150890000000004
11
159.9917079999999885
21
-90.3551839999999942
0
LINE
8
BLACK
6
CONTINUOUS
10
159.9917079999999885
20
-90.3551839999999942
11
160.0345229999999788
21
-90.3826999999999998
0
LINE
8
BLACK
6
CONTINUOUS
10
160.0345229999999788
20
-90.3826999999999998
11
161.4181119999999794
21
-88.9991119999999967
0
LINE
8
BLACK
6
CONTINUOUS
10
161.4181119999999794
20
-88.9991119999999967
11
161.4370480000000043
21
-88.9835709999999978
0
LINE
8
BLACK
6
CONTINUOUS
10
161.4370480000000043
20
-88.9835709999999978
11
161.4370539999999892
21
-88.9835659999999962
0
LINE
8
BLACK
6
CONTINUOUS
10
161.4370539999999892
20
-88.9835659999999962
11
161.4689149999999813
21
-88.9703679999999935
0
LINE
8
BLACK
6
CONTINUOUS
10
161.4689149999999813
20
-88.9703679999999935
11
161.4821129999999982
21
-88.964901999999995
0
LINE
8
BLACK
6
CONTINUOUS
10
161.4821129999999982
20
-88.964901999999995
11
161.4821139999999957
21
-88.964901999999995
0
LINE
8
BLACK
6
CONTINUOUS
10
161.4821139999999957
20
-88.964901999999995
11
161.5064999999999884
21
-88.9624999999999915
0
LINE
8
BLACK
6
CONTINUOUS
10
161.5064999999999884
20
-88.9624999999999915
11
162.2539400000000001
21
-88.9624999999999915
0
LINE
8
BLACK
6
CONTINUOUS
10
162.2539400000000001
20
-88.9624999999999915
11
162.2559669999999983
21
-88.9594669999999894
0
LINE
8
BLACK
6
CONTINUOUS
10
162.2559669999999983
20
-88.9594669999999894
11
162.2802989999999852
21
-88.943208999999996
0
LINE
8
BLACK
6
CONTINUOUS
10
162.2802989999999852
20
-88.943208999999996
11
162.3089999999999975
21
-88.9375
0
LINE
8
BLACK
6
CONTINUOUS
10
162.3089999999999975
20
-88.9375
11
163.6339999999999861
21
-88.9375
0
LINE
8
BLACK
6
CONTINUOUS
10
163.6339999999999861
20
-88.9375
11
163.6627009999999984
21
-88.943208999999996
0
LINE
8
BLACK
6
CONTINUOUS
10
171.9877009999999871
20
-86.943208999999996
11
172.0120330000000024
21
-86.9594669999999894
0
LINE
8
BLACK
6
CONTINUOUS
10
172.0120330000000024
20
-86.9594669999999894
11
172.0140600000000006
21
-86.9624999999999915
0
LINE
8
BLACK
6
CONTINUOUS
10
172.0140600000000006
20
-86.9624999999999915
11
173.4828959999999825
21
-86.9624999999999915
0
LINE
8
BLACK
6
CONTINUOUS
10
173.4828959999999825
20
-86.9624999999999915
11
173.5072820000000036
21
-86.964901999999995
0
LINE
8
BLACK
6
CONTINUOUS
10
173.5072820000000036
20
-86.964901999999995
11
173.507283000000001
21
-86.964901999999995
0
LINE
8
BLACK
6
CONTINUOUS
10
173.507283000000001
20
-86.964901999999995
11
173.5204799999999921
21
-86.9703679999999935
0
LINE
8
BLACK
6
CONTINUOUS
10
173.5204799999999921
20
-86.9703679999999935
11
173.5523419999999817
21
-86.9835659999999962
0
LINE
8
BLACK
6
CONTINUOUS
10
173.5523419999999817
20
-86.9835659999999962
11
173.5523469999999975
21
-86.9835709999999978
0
LINE
8
BLACK
6
CONTINUOUS
10
173.5523469999999975
20
-86.9835709999999978
11
173.5712839999999915
21
-86.9991119999999967
0
LINE
8
BLACK
6
CONTINUOUS
10
173.5712839999999915
20
-86.9991119999999967
11
176.722172999999998
21
-90.1499999999999915
0
LINE
8
BLACK
6
CONTINUOUS
10
176.722172999999998
20
-90.1499999999999915
11
177.3769729999999925
21
-90.1499999999999915
0
LINE
8
BLACK
6
CONTINUOUS
10
177.3769729999999925
20
-90.1499999999999915
11
177.3792540000000031
21
-90.1341339999999889
0
LINE
8
BLACK
6
CONTINUOUS
10
177.3792540000000031
20
-90.1341339999999889
11
177.4383729999999844
21
-90.0046799999999934
0
LINE
8
BLACK
6
CONTINUOUS
10
177.4383729999999844
20
-90.0046799999999934
11
177.5315699999999879
21
-89.8971250000000026
0
LINE
8
BLACK
6
CONTINUOUS
10
177.5315699999999879
20
-89.8971250000000026
11
177.6512919999999838
21
-89.8201839999999976
0
LINE
8
BLACK
6
CONTINUOUS
10
177.6512919999999838
20
-89.8201839999999976
11
177.787842999999981
21
-89.7800889999999896
0
LINE
8
BLACK
6
CONTINUOUS
10
177.787842999999981
20
-89.7800889999999896
11
177.9301569999999799
21
-89.7800889999999896
0
LINE
8
BLACK
6
CONTINUOUS
10
177.9301569999999799
20
-89.7800889999999896
11
178.0667080000000055
21
-89.8201839999999976
0
LINE
8
BLACK
6
CONTINUOUS
10
178.0667080000000055
20
-89.8201839999999976
11
178.1864300000000014
21
-89.8971250000000026
0
LINE
8
BLACK
6
CONTINUOUS
10
178.1864300000000014
20
-89.8971250000000026
11
178.279627000000005
21
-90.0046799999999934
0
LINE
8
BLACK
6
CONTINUOUS
10
178.279627000000005
20
-90.0046799999999934
11
178.3387459999999862
21
-90.1341339999999889
0
LINE
8
BLACK
6
CONTINUOUS
10
178.3387459999999862
20
-90.1341339999999889
11
178.3589999999999804
21
-90.2749999999999915
0
LINE
8
BLACK
6
CONTINUOUS
10
178.3589999999999804
20
-90.2749999999999915
11
178.3387459999999862
21
-90.4158659999999941
0
LINE
8
BLACK
6
CONTINUOUS
10
178.3387459999999862
20
-90.4158659999999941
11
178.279627000000005
21
-90.5453199999999896
0
LINE
8
BLACK
6
CONTINUOUS
10
178.279627000000005
20
-90.5453199999999896
11
178.1864300000000014
21
-90.6528749999999945
0
LINE
8
BLACK
6
CONTINUOUS
10
178.1864300000000014
20
-90.6528749999999945
11
178.0667080000000055
21
-90.7298159999999996
0
LINE
8
BLACK
6
CONTINUOUS
10
178.0667080000000055
20
-90.7298159999999996
11
177.9301569999999799
21
-90.7699109999999934
0
LINE
8
BLACK
6
CONTINUOUS
10
177.9301569999999799
20
-90.7699109999999934
11
177.787842999999981
21
-90.7699109999999934
0
LINE
8
BLACK
6
CONTINUOUS
10
177.787842999999981
20
-90.7699109999999934
11
177.6512919999999838
21
-90.7298159999999996
0
LINE
8
BLACK
6
CONTINUOUS
10
177.6512919999999838
20
-90.7298159999999996
11
177.5315699999999879
21
-90.6528749999999945
0
LINE
8
BLACK
6
CONTINUOUS
10
177.5315699999999879
20
-90.6528749999999945
11
177.4383729999999844
21
-90.5453199999999896
0
LINE
8
BLACK
6
CONTINUOUS
10
177.4383729999999844
20
-90.5453199999999896
11
177.3792540000000031
21
-90.4158659999999941
0
LINE
8
BLACK
6
CONTINUOUS
10
177.3792540000000031
20
-90.4158659999999941
11
177.3769729999999925
21
-90.3999999999999915
0
LINE
8
BLACK
6
CONTINUOUS
10
177.3769729999999925
20
-90.3999999999999915
11
176.6703959999999825
21
-90.3999999999999915
0
LINE
8
BLACK
6
CONTINUOUS
10
176.6703959999999825
20
-90.3999999999999915
11
176.6460099999999898
21
-90.3975980000000021
0
LINE
8
BLACK
6
CONTINUOUS
10
176.6460099999999898
20
-90.3975980000000021
11
176.6460089999999923
21
-90.3975980000000021
0
LINE
8
BLACK
6
CONTINUOUS
10
176.6460089999999923
20
-90.3975980000000021
11
176.6009499999999832
21
-90.378934000000001
0
LINE
8
BLACK
6
CONTINUOUS
10
176.6009499999999832
20
-90.378934000000001
11
176.5820080000000019
21
-90.363388999999998
0
LINE
8
BLACK
6
CONTINUOUS
10
176.5820080000000019
20
-90.363388999999998
11
173.4311199999999928
21
-87.2124999999999915
0
LINE
8
BLACK
6
CONTINUOUS
10
173.4311199999999928
20
-87.2124999999999915
11
172.0140600000000006
21
-87.2124999999999915
0
LINE
8
BLACK
6
CONTINUOUS
10
172.0140600000000006
20
-87.2124999999999915
11
172.0120330000000024
21
-87.2155329999999935
0
LINE
8
BLACK
6
CONTINUOUS
10
172.0120330000000024
20
-87.2155329999999935
11
171.9877009999999871
21
-87.2317910000000012
0
LINE
8
BLACK
6
CONTINUOUS
10
171.9877009999999871
20
-87.2317910000000012
11
171.9590000000000032
21
-87.2374999999999972
0
LINE
8
BLACK
6
CONTINUOUS
10
171.9590000000000032
20
-87.2374999999999972
11
170.6339999999999861
21
-87.2374999999999972
0
LINE
8
BLACK
6
CONTINUOUS
10
170.6339999999999861
20
-87.2374999999999972
11
170.6052990000000023
21
-87.2317910000000012
0
LINE
8
BLACK
6
CONTINUOUS
10
170.6052990000000023
20
-87.2317910000000012
11
170.5809669999999869
21
-87.2155329999999935
0
LINE
8
BLACK
6
CONTINUOUS
10
170.5809669999999869
20
-87.2155329999999935
11
170.5647089999999935
21
-87.1912009999999924
0
LINE
8
BLACK
6
CONTINUOUS
10
170.5647089999999935
20
-87.1912009999999924
11
170.5589999999999975
21
-87.1624999999999943
0
LINE
8
BLACK
6
CONTINUOUS
10
170.5589999999999975
20
-87.1624999999999943
11
170.5589999999999975
21
-87.0125000000000028
0
LINE
8
BLACK
6
CONTINUOUS
10
170.5589999999999975
20
-87.0125000000000028
11
170.5647089999999935
21
-86.9837989999999905
0
LINE
8
BLACK
6
CONTINUOUS
10
170.5647089999999935
20
-86.9837989999999905
11
170.5809669999999869
21
-86.9594669999999894
0
LINE
8
BLACK
6
CONTINUOUS
10
170.5809669999999869
20
-86.9594669999999894
11
170.6052990000000023
21
-86.943208999999996
0
LINE
8
BLACK
6
CONTINUOUS
10
170.6052990000000023
20
-86.943208999999996
11
170.6339999999999861
21
-86.9375
0
LINE
8
BLACK
6
CONTINUOUS
10
170.6339999999999861
20
-86.9375
11
171.9590000000000032
21
-86.9375
0
LINE
8
BLACK
6
CONTINUOUS
10
171.9590000000000032
20
-86.9375
11
171.9877009999999871
21
-86.943208999999996
0
LINE
8
BLACK
6
CONTINUOUS
10
163.6627009999999984
20
-88.443208999999996
11
163.6870329999999853
21
-88.4594669999999894
0
LINE
8
BLACK
6
CONTINUOUS
10
163.6870329999999853
20
-88.4594669999999894
11
163.7032909999999788
21
-88.4837989999999905
0
LINE
8
BLACK
6
CONTINUOUS
10
163.7032909999999788
20
-88.4837989999999905
11
163.7090000000000032
21
-88.5125000000000028
0
LINE
8
BLACK
6
CONTINUOUS
10
163.7090000000000032
20
-88.5125000000000028
11
163.7090000000000032
21
-88.6624999999999943
0
LINE
8
BLACK
6
CONTINUOUS
10
163.7090000000000032
20
-88.6624999999999943
11
163.7032909999999788
21
-88.6912009999999924
0
LINE
8
BLACK
6
CONTINUOUS
10
163.7032909999999788
20
-88.6912009999999924
11
163.6870329999999853
21
-88.7155329999999935
0
LINE
8
BLACK
6
CONTINUOUS
10
163.6870329999999853
20
-88.7155329999999935
11
163.6627009999999984
21
-88.7317910000000012
0
LINE
8
BLACK
6
CONTINUOUS
10
163.6627009999999984
20
-88.7317910000000012
11
163.6339999999999861
21
-88.7374999999999972
0
LINE
8
BLACK
6
CONTINUOUS
10
163.6339999999999861
20
-88.7374999999999972
11
162.3089999999999975
21
-88.7374999999999972
0
LINE
8
BLACK
6
CONTINUOUS
10
162.3089999999999975
20
-88.7374999999999972
11
162.2802989999999852
21
-88.7317910000000012
0
LINE
8
BLACK
6
CONTINUOUS
10
162.2802989999999852
20
-88.7317910000000012
11
162.2559669999999983
21
-88.7155329999999935
0
LINE
8
BLACK
6
CONTINUOUS
10
162.2559669999999983
20
-88.7155329999999935
11
162.2539400000000001
21
-88.7124999999999915
0
LINE
8
BLACK
6
CONTINUOUS
10
162.2539400000000001
20
-88.7124999999999915
11
160.4182759999999917
21
-88.7124999999999915
0
LINE
8
BLACK
6
CONTINUOUS
10
160.4182759999999917
20
-88.7124999999999915
11
160.2429249999999854
21
-88.8878500000000003
0
LINE
8
BLACK
6
CONTINUOUS
10
160.2429249999999854
20
-88.8878500000000003
11
160.2937459999999987
21
-88.999133999999998
0
LINE
8
BLACK
6
CONTINUOUS
10
160.2937459999999987
20
-88.999133999999998
11
160.313999999999993
21
-89.1400000000000006
0
LINE
8
BLACK
6
CONTINUOUS
10
160.313999999999993
20
-89.1400000000000006
11
160.2937459999999987
21
-89.280865999999989
0
LINE
8
BLACK
6
CONTINUOUS
10
160.2937459999999987
20
-89.280865999999989
11
160.234626999999989
21
-89.4103199999999987
0
LINE
8
BLACK
6
CONTINUOUS
10
160.234626999999989
20
-89.4103199999999987
11
160.1414299999999855
21
-89.5178749999999894
0
LINE
8
BLACK
6
CONTINUOUS
10
160.1414299999999855
20
-89.5178749999999894
11
160.0217079999999896
21
-89.5948159999999945
0
LINE
8
BLACK
6
CONTINUOUS
10
160.0217079999999896
20
-89.5948159999999945
11
159.8851569999999924
21
-89.6349110000000024
0
LINE
8
BLACK
6
CONTINUOUS
10
159.8851569999999924
20
-89.6349110000000024
11
159.7428429999999935
21
-89.6349110000000024
0
LINE
8
BLACK
6
CONTINUOUS
10
159.7428429999999935
20
-89.6349110000000024
11
159.6062919999999963
21
-89.5948159999999945
0
LINE
8
BLACK
6
CONTINUOUS
10
159.6062919999999963
20
-89.5948159999999945
11
159.4865700000000004
21
-89.5178749999999894
0
LINE
8
BLACK
6
CONTINUOUS
10
159.4865700000000004
20
-89.5178749999999894
11
159.3933729999999969
21
-89.4103199999999987
0
LINE
8
BLACK
6
CONTINUOUS
10
159.3933729999999969
20
-89.4103199999999987
11
159.3342539999999872
21
-89.280865999999989
0
LINE
8
BLACK
6
CONTINUOUS
10
159.3342539999999872
20
-89.280865999999989
11
159.313999999999993
21
-89.1400000000000006
0
LINE
8
BLACK
6
CONTINUOUS
10
159.313999999999993
20
-89.1400000000000006
11
159.3342539999999872
21
-88.999133999999998
0
LINE
8
BLACK
6
CONTINUOUS
10
159.3342539999999872
20
-88.999133999999998
11
159.3933729999999969
21
-88.8696800000000025
0
LINE
8
BLACK
6
CONTINUOUS
10
159.3933729999999969
20
-88.8696800000000025
11
159.4865700000000004
21
-88.7621249999999975
0
LINE
8
BLACK
6
CONTINUOUS
10
159.4865700000000004
20
-88.7621249999999975
11
159.6062919999999963
21
-88.6851839999999925
0
LINE
8
BLACK
6
CONTINUOUS
10
159.6062919999999963
20
-88.6851839999999925
11
159.7428429999999935
21
-88.6450889999999987
0
LINE
8
BLACK
6
CONTINUOUS
10
159.7428429999999935
20
-88.6450889999999987
11
159.8851569999999924
21
-88.6450889999999987
0
LINE
8
BLACK
6
CONTINUOUS
10
159.8851569999999924
20
-88.6450889999999987
11
160.0217079999999896
21
-88.6851839999999925
0
LINE
8
BLACK
6
CONTINUOUS
10
160.0217079999999896
20
-88.6851839999999925
11
160.0645229999999799
21
-88.7126999999999981
0
LINE
8
BLACK
6
CONTINUOUS
10
160.0645229999999799
20
-88.7126999999999981
11
160.278111999999993
21
-88.4991119999999967
0
LINE
8
BLACK
6
CONTINUOUS
10
160.278111999999993
20
-88.4991119999999967
11
160.2970479999999895
21
-88.4835709999999978
0
LINE
8
BLACK
6
CONTINUOUS
10
160.2970479999999895
20
-88.4835709999999978
11
160.2970540000000028
21
-88.4835659999999962
0
LINE
8
BLACK
6
CONTINUOUS
10
160.2970540000000028
20
-88.4835659999999962
11
160.328914999999995
21
-88.4703679999999935
0
LINE
8
BLACK
6
CONTINUOUS
10
160.328914999999995
20
-88.4703679999999935
11
160.3421129999999835
21
-88.464901999999995
0
LINE
8
BLACK
6
CONTINUOUS
10
160.3421129999999835
20
-88.464901999999995
11
160.3421139999999809
21
-88.464901999999995
0
LINE
8
BLACK
6
CONTINUOUS
10
160.3421139999999809
20
-88.464901999999995
11
160.366500000000002
21
-88.4624999999999915
0
LINE
8
BLACK
6
CONTINUOUS
10
160.366500000000002
20
-88.4624999999999915
11
162.2539400000000001
21
-88.4624999999999915
0
LINE
8
BLACK
6
CONTINUOUS
10
162.2539400000000001
20
-88.4624999999999915
11
162.2559669999999983
21
-88.4594669999999894
0
LINE
8
BLACK
6
CONTINUOUS
10
162.2559669999999983
20
-88.4594669999999894
11
162.2802989999999852
21
-88.443208999999996
0
LINE
8
BLACK
6
CONTINUOUS
10
162.2802989999999852
20
-88.443208999999996
11
162.3089999999999975
21
-88.4375
0
LINE
8
BLACK
6
CONTINUOUS
10
162.3089999999999975
20
-88.4375
11
163.6339999999999861
21
-88.4375
0
LINE
8
BLACK
6
CONTINUOUS
10
163.6339999999999861
20
-88.4375
11
163.6627009999999984
21
-88.443208999999996
0
LINE
8
BLACK
6
CONTINUOUS
10
171.9877009999999871
20
-86.443208999999996
11
172.0120330000000024
21
-86.4594669999999894
0
LINE
8
BLACK
6
CONTINUOUS
10
172.0120330000000024
20
-86.4594669999999894
11
172.0140600000000006
21
-86.4624999999999915
0
LINE
8
BLACK
6
CONTINUOUS
10
172.0140600000000006
20
-86.4624999999999915
11
173.6414999999999793
21
-86.4624999999999915
0
LINE
8
BLACK
6
CONTINUOUS
10
173.6414999999999793
20
-86.4624999999999915
11
173.6658860000000004
21
-86.464901999999995
0
LINE
8
BLACK
6
CONTINUOUS
10
173.6658860000000004
20
-86.464901999999995
11
173.6658869999999979
21
-86.464901999999995
0
LINE
8
BLACK
6
CONTINUOUS
10
173.6658869999999979
20
-86.464901999999995
11
173.6790839999999889
21
-86.4703679999999935
0
LINE
8
BLACK
6
CONTINUOUS
10
173.6790839999999889
20
-86.4703679999999935
11
173.7109459999999785
21
-86.4835659999999962
0
LINE
8
BLACK
6
CONTINUOUS
10
173.7109459999999785
20
-86.4835659999999962
11
173.7109509999999943
21
-86.4835709999999978
0
LINE
8
BLACK
6
CONTINUOUS
10
173.7109509999999943
20
-86.4835709999999978
11
173.7298879999999883
21
-86.4991119999999967
0
LINE
8
BLACK
6
CONTINUOUS
10
173.7298879999999883
20
-86.4991119999999967
11
175.6657769999999914
21
-88.4350000000000023
0
LINE
8
BLACK
6
CONTINUOUS
10
175.6657769999999914
20
-88.4350000000000023
11
177.3819729999999879
21
-88.4350000000000023
0
LINE
8
BLACK
6
CONTINUOUS
10
177.3819729999999879
20
-88.4350000000000023
11
177.3842539999999985
21
-88.4191339999999997
0
LINE
8
BLACK
6
CONTINUOUS
10
177.3842539999999985
20
-88.4191339999999997
11
177.4433729999999798
21
-88.2896799999999899
0
LINE
8
BLACK
6
CONTINUOUS
10
177.4433729999999798
20
-88.2896799999999899
11
177.5365699999999833
21
-88.1821249999999992
0
LINE
8
BLACK
6
CONTINUOUS
10
177.5365699999999833
20
-88.1821249999999992
11
177.6562919999999792
21
-88.1051839999999942
0
LINE
8
BLACK
6
CONTINUOUS
10
177.6562919999999792
20
-88.1051839999999942
11
177.7928430000000048
21
-88.0650890000000004
0
LINE
8
BLACK
6
CONTINUOUS
10
177.7928430000000048
20
-88.0650890000000004
11
177.9351570000000038
21
-88.0650890000000004
0
LINE
8
BLACK
6
CONTINUOUS
10
177.9351570000000038
20
-88.0650890000000004
11
178.071708000000001
21
-88.1051839999999942
0
LINE
8
BLACK
6
CONTINUOUS
10
178.071708000000001
20
-88.1051839999999942
11
178.1914299999999969
21
-88.1821249999999992
0
LINE
8
BLACK
6
CONTINUOUS
10
178.1914299999999969
20
-88.1821249999999992
11
178.2846270000000004
21
-88.2896799999999899
0
LINE
8
BLACK
6
CONTINUOUS
10
178.2846270000000004
20
-88.2896799999999899
11
178.3437459999999817
21
-88.4191339999999997
0
LINE
8
BLACK
6
CONTINUOUS
10
178.3437459999999817
20
-88.4191339999999997
11
178.3640000000000043
21
-88.5600000000000023
0
LINE
8
BLACK
6
CONTINUOUS
10
178.3640000000000043
20
-88.5600000000000023
11
178.3437459999999817
21
-88.7008659999999907
0
LINE
8
BLACK
6
CONTINUOUS
10
178.3437459999999817
20
-88.7008659999999907
11
178.2846270000000004
21
-88.8303200000000004
0
LINE
8
BLACK
6
CONTINUOUS
10
178.2846270000000004
20
-88.8303200000000004
11
178.1914299999999969
21
-88.9378749999999911
0
LINE
8
BLACK
6
CONTINUOUS
10
178.1914299999999969
20
-88.9378749999999911
11
178.071708000000001
21
-89.0148159999999962
0
LINE
8
BLACK
6
CONTINUOUS
10
178.071708000000001
20
-89.0148159999999962
11
177.9351570000000038
21
-89.0549109999999899
0
LINE
8
BLACK
6
CONTINUOUS
10
177.9351570000000038
20
-89.0549109999999899
11
177.7928430000000048
21
-89.0549109999999899
0
LINE
8
BLACK
6
CONTINUOUS
10
177.7928430000000048
20
-89.0549109999999899
11
177.6562919999999792
21
-89.0148159999999962
0
LINE
8
BLACK
6
CONTINUOUS
10
177.6562919999999792
20
-89.0148159999999962
11
177.5365699999999833
21
-88.9378749999999911
0
LINE
8
BLACK
6
CONTINUOUS
10
177.5365699999999833
20
-88.9378749999999911
11
177.4433729999999798
21
-88.8303200000000004
0
LINE
8
BLACK
6
CONTINUOUS
10
177.4433729999999798
20
-88.8303200000000004
11
177.3842539999999985
21
-88.7008659999999907
0
LINE
8
BLACK
6
CONTINUOUS
10
177.3842539999999985
20
-88.7008659999999907
11
177.3819729999999879
21
-88.6850000000000023
0
LINE
8
BLACK
6
CONTINUOUS
10
177.3819729999999879
20
-88.6850000000000023
11
175.6140000000000043
21
-88.6850000000000023
0
LINE
8
BLACK
6
CONTINUOUS
10
175.6140000000000043
20
-88.6850000000000023
11
175.5896139999999832
21
-88.6825979999999987
0
LINE
8
BLACK
6
CONTINUOUS
10
175.5896139999999832
20
-88.6825979999999987
11
175.5896129999999857
21
-88.6825979999999987
0
LINE
8
BLACK
6
CONTINUOUS
10
175.5896129999999857
20
-88.6825979999999987
11
175.5709489999999846
21
-88.6748659999999944
0
LINE
8
BLACK
6
CONTINUOUS
10
175.5709489999999846
20
-88.6748659999999944
11
175.5445540000000051
21
-88.6639339999999976
0
LINE
8
BLACK
6
CONTINUOUS
10
175.5445540000000051
20
-88.6639339999999976
11
175.5445529999999792
21
-88.6639330000000001
0
LINE
8
BLACK
6
CONTINUOUS
10
175.5445529999999792
20
-88.6639330000000001
11
175.5256109999999978
21
-88.6483879999999971
0
LINE
8
BLACK
6
CONTINUOUS
10
175.5256109999999978
20
-88.6483879999999971
11
173.5897239999999897
21
-86.7124999999999915
0
LINE
8
BLACK
6
CONTINUOUS
10
173.5897239999999897
20
-86.7124999999999915
11
172.0140600000000006
21
-86.7124999999999915
0
LINE
8
BLACK
6
CONTINUOUS
10
172.0140600000000006
20
-86.7124999999999915
11
172.0120330000000024
21
-86.7155329999999935
0
LINE
8
BLACK
6
CONTINUOUS
10
172.0120330000000024
20
-86.7155329999999935
11
171.9877009999999871
21
-86.7317910000000012
0
LINE
8
BLACK
6
CONTINUOUS
10
171.9877009999999871
20
-86.7317910000000012
11
171.9590000000000032
21
-86.7374999999999972
0
LINE
8
BLACK
6
CONTINUOUS
10
171.9590000000000032
20
-86.7374999999999972
11
170.6339999999999861
21
-86.7374999999999972
0
LINE
8
BLACK
6
CONTINUOUS
10
170.6339999999999861
20
-86.7374999999999972
11
170.6052990000000023
21
-86.7317910000000012
0
LINE
8
BLACK
6
CONTINUOUS
10
170.6052990000000023
20
-86.7317910000000012
11
170.5809669999999869
21
-86.7155329999999935
0
LINE
8
BLACK
6
CONTINUOUS
10
170.5809669999999869
20
-86.7155329999999935
11
170.5647089999999935
21
-86.6912009999999924
0
LINE
8
BLACK
6
CONTINUOUS
10
170.5647089999999935
20
-86.6912009999999924
11
170.5589999999999975
21
-86.6624999999999943
0
LINE
8
BLACK
6
CONTINUOUS
10
170.5589999999999975
20
-86.6624999999999943
11
170.5589999999999975
21
-86.5125000000000028
0
LINE
8
BLACK
6
CONTINUOUS
10
170.5589999999999975
20
-86.5125000000000028
11
170.5647089999999935
21
-86.4837989999999905
0
LINE
8
BLACK
6
CONTINUOUS
10
170.5647089999999935
20
-86.4837989999999905
11
170.5809669999999869
21
-86.4594669999999894
0
LINE
8
BLACK
6
CONTINUOUS
10
170.5809669999999869
20
-86.4594669999999894
11
170.6052990000000023
21
-86.443208999999996
0
LINE
8
BLACK
6
CONTINUOUS
10
170.6052990000000023
20
-86.443208999999996
11
170.6339999999999861
21
-86.4375
0
LINE
8
BLACK
6
CONTINUOUS
10
170.6339999999999861
20
-86.4375
11
171.9590000000000032
21
-86.4375
0
LINE
8
BLACK
6
CONTINUOUS
10
171.9590000000000032
20
-86.4375
11
171.9877009999999871
21
-86.443208999999996
0
LINE
8
BLACK
6
CONTINUOUS
10
176.6414029999999968
20
-86.1364179999999919
11
176.6900660000000016
21
-86.168933999999993
0
LINE
8
BLACK
6
CONTINUOUS
10
176.6900660000000016
20
-86.168933999999993
11
176.7225819999999885
21
-86.2175969999999978
0
LINE
8
BLACK
6
CONTINUOUS
10
176.7225819999999885
20
-86.2175969999999978
11
176.7339999999999804
21
-86.2749999999999915
0
LINE
8
BLACK
6
CONTINUOUS
10
176.7339999999999804
20
-86.2749999999999915
11
176.7339999999999804
21
-87.2999999999999972
0
LINE
8
BLACK
6
CONTINUOUS
10
176.7339999999999804
20
-87.2999999999999972
11
176.7225819999999885
21
-87.3574029999999908
0
LINE
8
BLACK
6
CONTINUOUS
10
176.7225819999999885
20
-87.3574029999999908
11
176.6900660000000016
21
-87.4060659999999956
0
LINE
8
BLACK
6
CONTINUOUS
10
176.6900660000000016
20
-87.4060659999999956
11
176.6414029999999968
21
-87.4385819999999967
0
LINE
8
BLACK
6
CONTINUOUS
10
176.6414029999999968
20
-87.4385819999999967
11
176.5840000000000032
21
-87.4500000000000028
0
LINE
8
BLACK
6
CONTINUOUS
10
176.5840000000000032
20
-87.4500000000000028
11
176.2839999999999918
21
-87.4500000000000028
0
LINE
8
BLACK
6
CONTINUOUS
10
176.2839999999999918
20
-87.4500000000000028
11
176.2265969999999982
21
-87.4385819999999967
0
LINE
8
BLACK
6
CONTINUOUS
10
176.2265969999999982
20
-87.4385819999999967
11
176.1779339999999934
21
-87.4060659999999956
0
LINE
8
BLACK
6
CONTINUOUS
10
176.1779339999999934
20
-87.4060659999999956
11
176.1454179999999781
21
-87.3574029999999908
0
LINE
8
BLACK
6
CONTINUOUS
10
176.1454179999999781
20
-87.3574029999999908
11
176.1339999999999861
21
-87.2999999999999972
0
LINE
8
BLACK
6
CONTINUOUS
10
176.1339999999999861
20
-87.2999999999999972
11
176.1339999999999861
21
-86.2749999999999915
0
LINE
8
BLACK
6
CONTINUOUS
10
176.1339999999999861
20
-86.2749999999999915
11
176.1454179999999781
21
-86.2175969999999978
0
LINE
8
BLACK
6
CONTINUOUS
10
176.1454179999999781
20
-86.2175969999999978
11
176.1779339999999934
21
-86.168933999999993
0
LINE
8
BLACK
6
CONTINUOUS
10
176.1779339999999934
20
-86.168933999999993
11
176.2265969999999982
21
-86.1364179999999919
0
LINE
8
BLACK
6
CONTINUOUS
10
176.2265969999999982
20
-86.1364179999999919
11
176.2839999999999918
21
-86.125
0
LINE
8
BLACK
6
CONTINUOUS
10
176.2839999999999918
20
-86.125
11
176.5840000000000032
21
-86.125
0
LINE
8
BLACK
6
CONTINUOUS
10
176.5840000000000032
20
-86.125
11
176.6414029999999968
21
-86.1364179999999919
0
LINE
8
BLACK
6
CONTINUOUS
10
156.634886999999992
20
-84.9030789999999911
11
156.7119380000000035
21
-84.9545619999999957
0
LINE
8
BLACK
6
CONTINUOUS
10
156.7119380000000035
20
-84.9545619999999957
11
156.7634209999999939
21
-85.031612999999993
0
LINE
8
BLACK
6
CONTINUOUS
10
156.7634209999999939
20
-85.031612999999993
11
156.7814999999999941
21
-85.1225000000000023
0
LINE
8
BLACK
6
CONTINUOUS
10
156.7814999999999941
20
-85.1225000000000023
11
156.7814999999999941
21
-85.2349999999999994
0
LINE
8
BLACK
6
CONTINUOUS
10
156.7814999999999941
20
-85.2349999999999994
11
157.6984159999999804
21
-85.2349999999999994
0
LINE
8
BLACK
6
CONTINUOUS
10
157.6984159999999804
20
-85.2349999999999994
11
157.7228020000000015
21
-85.237402000000003
0
LINE
8
BLACK
6
CONTINUOUS
10
157.7228020000000015
20
-85.237402000000003
11
157.722802999999999
21
-85.237402000000003
0
LINE
8
BLACK
6
CONTINUOUS
10
157.722802999999999
20
-85.237402000000003
11
157.73599999999999
21
-85.2428680000000014
0
LINE
8
BLACK
6
CONTINUOUS
10
157.73599999999999
20
-85.2428680000000014
11
157.7678619999999796
21
-85.2560659999999899
0
LINE
8
BLACK
6
CONTINUOUS
10
157.7678619999999796
20
-85.2560659999999899
11
157.7678669999999954
21
-85.2560709999999915
0
LINE
8
BLACK
6
CONTINUOUS
10
157.7678669999999954
20
-85.2560709999999915
11
157.7868039999999894
21
-85.2716119999999904
0
LINE
8
BLACK
6
CONTINUOUS
10
157.7868039999999894
20
-85.2716119999999904
11
158.8101929999999982
21
-86.2950000000000017
0
LINE
8
BLACK
6
CONTINUOUS
10
158.8101929999999982
20
-86.2950000000000017
11
159.6720200000000034
21
-86.2950000000000017
0
LINE
8
BLACK
6
CONTINUOUS
10
159.6720200000000034
20
-86.2950000000000017
11
159.6964059999999961
21
-86.2974019999999911
0
LINE
8
BLACK
6
CONTINUOUS
10
159.6964059999999961
20
-86.2974019999999911
11
159.6964069999999936
21
-86.2974019999999911
0
LINE
8
BLACK
6
CONTINUOUS
10
159.6964069999999936
20
-86.2974019999999911
11
159.7096039999999846
21
-86.3028679999999895
0
LINE
8
BLACK
6
CONTINUOUS
10
159.7096039999999846
20
-86.3028679999999895
11
159.7414660000000026
21
-86.3160659999999922
0
LINE
8
BLACK
6
CONTINUOUS
10
159.7414660000000026
20
-86.3160659999999922
11
159.74147099999999
21
-86.3160709999999938
0
LINE
8
BLACK
6
CONTINUOUS
10
159.74147099999999
20
-86.3160709999999938
11
159.760407999999984
21
-86.3316119999999927
0
LINE
8
BLACK
6
CONTINUOUS
10
159.760407999999984
20
-86.3316119999999927
11
160.3912969999999802
21
-86.9624999999999915
0
LINE
8
BLACK
6
CONTINUOUS
10
160.3912969999999802
20
-86.9624999999999915
11
162.2539400000000001
21
-86.9624999999999915
0
LINE
8
BLACK
6
CONTINUOUS
10
162.2539400000000001
20
-86.9624999999999915
11
162.2559669999999983
21
-86.9594669999999894
0
LINE
8
BLACK
6
CONTINUOUS
10
162.2559669999999983
20
-86.9594669999999894
11
162.2802989999999852
21
-86.943208999999996
0
LINE
8
BLACK
6
CONTINUOUS
10
162.2802989999999852
20
-86.943208999999996
11
162.3089999999999975
21
-86.9375
0
LINE
8
BLACK
6
CONTINUOUS
10
162.3089999999999975
20
-86.9375
11
163.6339999999999861
21
-86.9375
0
LINE
8
BLACK
6
CONTINUOUS
10
163.6339999999999861
20
-86.9375
11
163.6627009999999984
21
-86.943208999999996
0
LINE
8
BLACK
6
CONTINUOUS
10
163.6627009999999984
20
-86.943208999999996
11
163.6870329999999853
21
-86.9594669999999894
0
LINE
8
BLACK
6
CONTINUOUS
10
163.6870329999999853
20
-86.9594669999999894
11
163.7032909999999788
21
-86.9837989999999905
0
LINE
8
BLACK
6
CONTINUOUS
10
163.7032909999999788
20
-86.9837989999999905
11
163.7090000000000032
21
-87.0125000000000028
0
LINE
8
BLACK
6
CONTINUOUS
10
163.7090000000000032
20
-87.0125000000000028
11
163.7090000000000032
21
-87.1624999999999943
0
LINE
8
BLACK
6
CONTINUOUS
10
163.7090000000000032
20
-87.1624999999999943
11
163.7032909999999788
21
-87.1912009999999924
0
LINE
8
BLACK
6
CONTINUOUS
10
163.7032909999999788
20
-87.1912009999999924
11
163.6870329999999853
21
-87.2155329999999935
0
LINE
8
BLACK
6
CONTINUOUS
10
163.6870329999999853
20
-87.2155329999999935
11
163.6627009999999984
21
-87.2317910000000012
0
LINE
8
BLACK
6
CONTINUOUS
10
163.6627009999999984
20
-87.2317910000000012
11
163.6339999999999861
21
-87.2374999999999972
0
LINE
8
BLACK
6
CONTINUOUS
10
163.6339999999999861
20
-87.2374999999999972
11
162.3089999999999975
21
-87.2374999999999972
0
LINE
8
BLACK
6
CONTINUOUS
10
162.3089999999999975
20
-87.2374999999999972
11
162.2802989999999852
21
-87.2317910000000012
0
LINE
8
BLACK
6
CONTINUOUS
10
162.2802989999999852
20
-87.2317910000000012
11
162.2559669999999983
21
-87.2155329999999935
0
LINE
8
BLACK
6
CONTINUOUS
10
162.2559669999999983
20
-87.2155329999999935
11
162.2539400000000001
21
-87.2124999999999915
0
LINE
8
BLACK
6
CONTINUOUS
10
162.2539400000000001
20
-87.2124999999999915
11
160.3395199999999932
21
-87.2124999999999915
0
LINE
8
BLACK
6
CONTINUOUS
10
160.3395199999999932
20
-87.2124999999999915
11
160.3151340000000005
21
-87.2100980000000021
0
LINE
8
BLACK
6
CONTINUOUS
10
160.3151340000000005
20
-87.2100980000000021
11
160.2700739999999939
21
-87.191434000000001
0
LINE
8
BLACK
6
CONTINUOUS
10
160.2700739999999939
20
-87.191434000000001
11
160.2511319999999841
21
-87.175888999999998
0
LINE
8
BLACK
6
CONTINUOUS
10
160.2511319999999841
20
-87.175888999999998
11
159.6202439999999854
21
-86.5450000000000017
0
LINE
8
BLACK
6
CONTINUOUS
10
159.6202439999999854
20
-86.5450000000000017
11
158.7584159999999827
21
-86.5450000000000017
0
LINE
8
BLACK
6
CONTINUOUS
10
158.7584159999999827
20
-86.5450000000000017
11
158.73402999999999
21
-86.5425979999999981
0
LINE
8
BLACK
6
CONTINUOUS
10
158.73402999999999
20
-86.5425979999999981
11
158.7340289999999925
21
-86.5425979999999981
0
LINE
8
BLACK
6
CONTINUOUS
10
158.7340289999999925
20
-86.5425979999999981
11
158.7153649999999914
21
-86.5348659999999938
0
LINE
8
BLACK
6
CONTINUOUS
10
158.7153649999999914
20
-86.5348659999999938
11
158.6889699999999834
21
-86.523933999999997
0
LINE
8
BLACK
6
CONTINUOUS
10
158.6889699999999834
20
-86.523933999999997
11
158.688968999999986
21
-86.5239329999999995
0
LINE
8
BLACK
6
CONTINUOUS
10
158.688968999999986
20
-86.5239329999999995
11
158.6700270000000046
21
-86.5083879999999965
0
LINE
8
BLACK
6
CONTINUOUS
10
158.6700270000000046
20
-86.5083879999999965
11
157.6466399999999908
21
-85.4849999999999994
0
LINE
8
BLACK
6
CONTINUOUS
10
157.6466399999999908
20
-85.4849999999999994
11
156.7814999999999941
21
-85.4849999999999994
0
LINE
8
BLACK
6
CONTINUOUS
10
156.7814999999999941
20
-85.4849999999999994
11
156.7814999999999941
21
-85.5974999999999966
0
LINE
8
BLACK
6
CONTINUOUS
10
156.7814999999999941
20
-85.5974999999999966
11
156.7634209999999939
21
-85.6883869999999916
0
LINE
8
BLACK
6
CONTINUOUS
10
156.7634209999999939
20
-85.6883869999999916
11
156.7119380000000035
21
-85.7654380000000032
0
LINE
8
BLACK
6
CONTINUOUS
10
156.7119380000000035
20
-85.7654380000000032
11
156.634886999999992
21
-85.8169209999999936
0
LINE
8
BLACK
6
CONTINUOUS
10
156.634886999999992
20
-85.8169209999999936
11
156.5439999999999827
21
-85.8349999999999937
0
LINE
8
BLACK
6
CONTINUOUS
10
156.5439999999999827
20
-85.8349999999999937
11
156.0809999999999889
21
-85.8349999999999937
0
LINE
8
BLACK
6
CONTINUOUS
10
156.0809999999999889
20
-85.8349999999999937
11
156.0809999999999889
21
-86.1059999999999945
0
LINE
8
BLACK
6
CONTINUOUS
10
156.0809999999999889
20
-86.1059999999999945
11
156.0785979999999995
21
-86.1303860000000014
0
LINE
8
BLACK
6
CONTINUOUS
10
156.0785979999999995
20
-86.1303860000000014
11
156.0599339999999984
21
-86.1754459999999938
0
LINE
8
BLACK
6
CONTINUOUS
10
156.0599339999999984
20
-86.1754459999999938
11
156.0443889999999953
21
-86.1943879999999893
0
LINE
8
BLACK
6
CONTINUOUS
10
156.0443889999999953
20
-86.1943879999999893
11
155.8739999999999952
21
-86.364775999999992
0
LINE
8
BLACK
6
CONTINUOUS
10
155.8739999999999952
20
-86.364775999999992
11
155.8739999999999952
21
-87.2099999999999937
0
LINE
8
BLACK
6
CONTINUOUS
10
155.8739999999999952
20
-87.2099999999999937
11
154.1740000000000066
21
-87.2099999999999937
0
LINE
8
BLACK
6
CONTINUOUS
10
154.1740000000000066
20
-87.2099999999999937
11
154.1740000000000066
21
-86.3100000000000023
0
LINE
8
BLACK
6
CONTINUOUS
10
154.1740000000000066
20
-86.3100000000000023
11
155.575222999999994
21
-86.3100000000000023
0
LINE
8
BLACK
6
CONTINUOUS
10
155.575222999999994
20
-86.3100000000000023
11
155.8309999999999889
21
-86.0542229999999932
0
LINE
8
BLACK
6
CONTINUOUS
10
155.8309999999999889
20
-86.0542229999999932
11
155.8309999999999889
21
-85.6979999999999933
0
LINE
8
BLACK
6
CONTINUOUS
10
155.8309999999999889
20
-85.6979999999999933
11
155.8309999999999889
21
-85.6979970000000009
0
LINE
8
BLACK
6
CONTINUOUS
10
155.8309999999999889
20
-85.6979970000000009
11
155.824579
21
-85.6883869999999916
0
LINE
8
BLACK
6
CONTINUOUS
10
155.824579
20
-85.6883869999999916
11
155.8064999999999998
21
-85.5974999999999966
0
LINE
8
BLACK
6
CONTINUOUS
10
155.8064999999999998
20
-85.5974999999999966
11
155.8064999999999998
21
-85.1225000000000023
0
LINE
8
BLACK
6
CONTINUOUS
10
155.8064999999999998
20
-85.1225000000000023
11
155.824579
21
-85.031612999999993
0
LINE
8
BLACK
6
CONTINUOUS
10
155.824579
20
-85.031612999999993
11
155.8760619999999903
21
-84.9545619999999957
0
LINE
8
BLACK
6
CONTINUOUS
10
155.8760619999999903
20
-84.9545619999999957
11
155.9531130000000019
21
-84.9030789999999911
0
LINE
8
BLACK
6
CONTINUOUS
10
155.9531130000000019
20
-84.9030789999999911
11
156.0439999999999827
21
-84.8849999999999909
0
LINE
8
BLACK
6
CONTINUOUS
10
156.0439999999999827
20
-84.8849999999999909
11
156.5439999999999827
21
-84.8849999999999909
0
LINE
8
BLACK
6
CONTINUOUS
10
156.5439999999999827
20
-84.8849999999999909
11
156.634886999999992
21
-84.9030789999999911
0
LINE
8
BLACK
6
CONTINUOUS
10
154.6898869999999988
20
-77.2550789999999949
11
154.7669379999999819
21
-77.3065619999999996
0
LINE
8
BLACK
6
CONTINUOUS
10
154.7669379999999819
20
-77.3065619999999996
11
154.8184210000000007
21
-77.3836129999999969
0
LINE
8
BLACK
6
CONTINUOUS
10
154.8184210000000007
20
-77.3836129999999969
11
154.8365000000000009
21
-77.4744999999999919
0
LINE
8
BLACK
6
CONTINUOUS
10
154.8365000000000009
20
-77.4744999999999919
11
154.8365000000000009
21
-77.9495000000000005
0
LINE
8
BLACK
6
CONTINUOUS
10
154.8365000000000009
20
-77.9495000000000005
11
154.8184210000000007
21
-78.0403869999999955
0
LINE
8
BLACK
6
CONTINUOUS
10
154.8184210000000007
20
-78.0403869999999955
11
154.7669379999999819
21
-78.1174379999999928
0
LINE
8
BLACK
6
CONTINUOUS
10
154.7669379999999819
20
-78.1174379999999928
11
154.6898869999999988
21
-78.1689209999999974
0
LINE
8
BLACK
6
CONTINUOUS
10
154.6898869999999988
20
-78.1689209999999974
11
154.5989999999999895
21
-78.1869999999999976
0
LINE
8
BLACK
6
CONTINUOUS
10
154.5989999999999895
20
-78.1869999999999976
11
154.2489999999999952
21
-78.1869999999999976
0
LINE
8
BLACK
6
CONTINUOUS
10
154.2489999999999952
20
-78.1869999999999976
11
154.2489999999999952
21
-78.7599999999999909
0
LINE
8
BLACK
6
CONTINUOUS
10
154.2489999999999952
20
-78.7599999999999909
11
154.8739999999999952
21
-78.7599999999999909
0
LINE
8
BLACK
6
CONTINUOUS
10
154.8739999999999952
20
-78.7599999999999909
11
154.8739999999999952
21
-80.1599999999999966
0
LINE
8
BLACK
6
CONTINUOUS
10
154.8739999999999952
20
-80.1599999999999966
11
154.3892730000000029
21
-80.1599999999999966
0
LINE
8
BLACK
6
CONTINUOUS
10
154.3892730000000029
20
-80.1599999999999966
11
154.3823889999999892
21
-80.1683879999999931
0
LINE
8
BLACK
6
CONTINUOUS
10
154.3823889999999892
20
-80.1683879999999931
11
153.8273879999999849
21
-80.7233879999999999
0
LINE
8
BLACK
6
CONTINUOUS
10
153.8273879999999849
20
-80.7233879999999999
11
153.8084509999999909
21
-80.7389280000000014
0
LINE
8
BLACK
6
CONTINUOUS
10
153.8084509999999909
20
-80.7389280000000014
11
153.8084460000000036
21
-80.7389340000000004
0
LINE
8
BLACK
6
CONTINUOUS
10
153.8084460000000036
20
-80.7389340000000004
11
153.7889720000000011
21
-80.7469999999999999
0
LINE
8
BLACK
6
CONTINUOUS
10
153.7889720000000011
20
-80.7469999999999999
11
153.7633869999999945
21
-80.7575980000000015
0
LINE
8
BLACK
6
CONTINUOUS
10
153.7633869999999945
20
-80.7575980000000015
11
153.763385999999997
21
-80.7575980000000015
0
LINE
8
BLACK
6
CONTINUOUS
10
153.763385999999997
20
-80.7575980000000015
11
153.7390000000000043
21
-80.7599999999999909
0
LINE
8
BLACK
6
CONTINUOUS
10
153.7390000000000043
20
-80.7599999999999909
11
153.4739999999999895
21
-80.7599999999999909
0
LINE
8
BLACK
6
CONTINUOUS
10
153.4739999999999895
20
-80.7599999999999909
11
153.4739999999999895
21
-83.7287189999999981
0
LINE
8
BLACK
6
CONTINUOUS
10
153.4739999999999895
20
-83.7287189999999981
11
153.8402810000000045
21
-84.0949999999999989
0
LINE
8
BLACK
6
CONTINUOUS
10
153.8402810000000045
20
-84.0949999999999989
11
157.1948119999999847
21
-84.0949999999999989
0
LINE
8
BLACK
6
CONTINUOUS
10
157.1948119999999847
20
-84.0949999999999989
11
157.2191980000000058
21
-84.0974020000000024
0
LINE
8
BLACK
6
CONTINUOUS
10
157.2191980000000058
20
-84.0974020000000024
11
157.2191990000000033
21
-84.0974020000000024
0
LINE
8
BLACK
6
CONTINUOUS
10
157.2191990000000033
20
-84.0974020000000024
11
157.2323959999999943
21
-84.1028680000000008
0
LINE
8
BLACK
6
CONTINUOUS
10
157.2323959999999943
20
-84.1028680000000008
11
157.2642579999999839
21
-84.1160659999999893
0
LINE
8
BLACK
6
CONTINUOUS
10
157.2642579999999839
20
-84.1160659999999893
11
157.2642629999999997
21
-84.1160709999999909
0
LINE
8
BLACK
6
CONTINUOUS
10
157.2642629999999997
20
-84.1160709999999909
11
157.2831999999999937
21
-84.1316119999999898
0
LINE
8
BLACK
6
CONTINUOUS
10
157.2831999999999937
20
-84.1316119999999898
11
158.9965890000000002
21
-85.8449999999999989
0
LINE
8
BLACK
6
CONTINUOUS
10
158.9965890000000002
20
-85.8449999999999989
11
159.8584160000000054
21
-85.8449999999999989
0
LINE
8
BLACK
6
CONTINUOUS
10
159.8584160000000054
20
-85.8449999999999989
11
159.8828019999999981
21
-85.8474020000000024
0
LINE
8
BLACK
6
CONTINUOUS
10
159.8828019999999981
20
-85.8474020000000024
11
159.8828029999999956
21
-85.8474020000000024
0
LINE
8
BLACK
6
CONTINUOUS
10
159.8828029999999956
20
-85.8474020000000024
11
159.8950379999999996
21
-85.8524699999999967
0
LINE
8
BLACK
6
CONTINUOUS
10
159.8950379999999996
20
-85.8524699999999967
11
159.9278620000000046
21
-85.8660659999999893
0
LINE
8
BLACK
6
CONTINUOUS
10
159.9278620000000046
20
-85.8660659999999893
11
159.927866999999992
21
-85.8660709999999909
0
LINE
8
BLACK
6
CONTINUOUS
10
159.927866999999992
20
-85.8660709999999909
11
159.946803999999986
21
-85.8816119999999898
0
LINE
8
BLACK
6
CONTINUOUS
10
159.946803999999986
20
-85.8816119999999898
11
160.5276920000000018
21
-86.4624999999999915
0
LINE
8
BLACK
6
CONTINUOUS
10
160.5276920000000018
20
-86.4624999999999915
11
162.2539400000000001
21
-86.4624999999999915
0
LINE
8
BLACK
6
CONTINUOUS
10
162.2539400000000001
20
-86.4624999999999915
11
162.2559669999999983
21
-86.4594669999999894
0
LINE
8
BLACK
6
CONTINUOUS
10
162.2559669999999983
20
-86.4594669999999894
11
162.2802989999999852
21
-86.443208999999996
0
LINE
8
BLACK
6
CONTINUOUS
10
162.2802989999999852
20
-86.443208999999996
11
162.3089999999999975
21
-86.4375
0
LINE
8
BLACK
6
CONTINUOUS
10
162.3089999999999975
20
-86.4375
11
163.6339999999999861
21
-86.4375
0
LINE
8
BLACK
6
CONTINUOUS
10
163.6339999999999861
20
-86.4375
11
163.6627009999999984
21
-86.443208999999996
0
LINE
8
BLACK
6
CONTINUOUS
10
163.6627009999999984
20
-86.443208999999996
11
163.6870329999999853
21
-86.4594669999999894
0
LINE
8
BLACK
6
CONTINUOUS
10
163.6870329999999853
20
-86.4594669999999894
11
163.7032909999999788
21
-86.4837989999999905
0
LINE
8
BLACK
6
CONTINUOUS
10
163.7032909999999788
20
-86.4837989999999905
11
163.7090000000000032
21
-86.5125000000000028
0
LINE
8
BLACK
6
CONTINUOUS
10
163.7090000000000032
20
-86.5125000000000028
11
163.7090000000000032
21
-86.6624999999999943
0
LINE
8
BLACK
6
CONTINUOUS
10
163.7090000000000032
20
-86.6624999999999943
11
163.7032909999999788
21
-86.6912009999999924
0
LINE
8
BLACK
6
CONTINUOUS
10
163.7032909999999788
20
-86.6912009999999924
11
163.6870329999999853
21
-86.7155329999999935
0
LINE
8
BLACK
6
CONTINUOUS
10
163.6870329999999853
20
-86.7155329999999935
11
163.6627009999999984
21
-86.7317910000000012
0
LINE
8
BLACK
6
CONTINUOUS
10
163.6627009999999984
20
-86.7317910000000012
11
163.6339999999999861
21
-86.7374999999999972
0
LINE
8
BLACK
6
CONTINUOUS
10
163.6339999999999861
20
-86.7374999999999972
11
162.3089999999999975
21
-86.7374999999999972
0
LINE
8
BLACK
6
CONTINUOUS
10
162.3089999999999975
20
-86.7374999999999972
11
162.2802989999999852
21
-86.7317910000000012
0
LINE
8
BLACK
6
CONTINUOUS
10
162.2802989999999852
20
-86.7317910000000012
11
162.2559669999999983
21
-86.7155329999999935
0
LINE
8
BLACK
6
CONTINUOUS
10
162.2559669999999983
20
-86.7155329999999935
11
162.2539400000000001
21
-86.7124999999999915
0
LINE
8
BLACK
6
CONTINUOUS
10
162.2539400000000001
20
-86.7124999999999915
11
160.4759159999999838
21
-86.7124999999999915
0
LINE
8
BLACK
6
CONTINUOUS
10
160.4759159999999838
20
-86.7124999999999915
11
160.4515299999999911
21
-86.7100980000000021
0
LINE
8
BLACK
6
CONTINUOUS
10
160.4515299999999911
20
-86.7100980000000021
11
160.4515289999999936
21
-86.7100980000000021
0
LINE
8
BLACK
6
CONTINUOUS
10
160.4515289999999936
20
-86.7100980000000021
11
160.4383310000000051
21
-86.704630999999992
0
LINE
8
BLACK
6
CONTINUOUS
10
160.4383310000000051
20
-86.704630999999992
11
160.4064699999999846
21
-86.691434000000001
0
LINE
8
BLACK
6
CONTINUOUS
10
160.4064699999999846
20
-86.691434000000001
11
160.4064639999999997
21
-86.6914280000000019
0
LINE
8
BLACK
6
CONTINUOUS
10
160.4064639999999997
20
-86.6914280000000019
11
160.3875280000000032
21
-86.6758880000000005
0
LINE
8
BLACK
6
CONTINUOUS
10
160.3875280000000032
20
-86.6758880000000005
11
159.8066399999999874
21
-86.0949999999999989
0
LINE
8
BLACK
6
CONTINUOUS
10
159.8066399999999874
20
-86.0949999999999989
11
158.9448119999999847
21
-86.0949999999999989
0
LINE
8
BLACK
6
CONTINUOUS
10
158.9448119999999847
20
-86.0949999999999989
11
158.920425999999992
21
-86.0925979999999953
0
LINE
8
BLACK
6
CONTINUOUS
10
158.920425999999992
20
-86.0925979999999953
11
158.9204249999999945
21
-86.0925979999999953
0
LINE
8
BLACK
6
CONTINUOUS
10
158.9204249999999945
20
-86.0925979999999953
11
158.8753659999999854
21
-86.0739339999999942
0
LINE
8
BLACK
6
CONTINUOUS
10
158.8753659999999854
20
-86.0739339999999942
11
158.8564240000000041
21
-86.0583889999999911
0
LINE
8
BLACK
6
CONTINUOUS
10
158.8564240000000041
20
-86.0583889999999911
11
157.1430359999999951
21
-84.3449999999999989
0
LINE
8
BLACK
6
CONTINUOUS
10
157.1430359999999951
20
-84.3449999999999989
11
153.7885049999999865
21
-84.3449999999999989
0
LINE
8
BLACK
6
CONTINUOUS
10
153.7885049999999865
20
-84.3449999999999989
11
153.7641189999999938
21
-84.3425979999999953
0
LINE
8
BLACK
6
CONTINUOUS
10
153.7641189999999938
20
-84.3425979999999953
11
153.7641179999999963
21
-84.3425979999999953
0
LINE
8
BLACK
6
CONTINUOUS
10
153.7641179999999963
20
-84.3425979999999953
11
153.7509199999999794
21
-84.3371309999999994
0
LINE
8
BLACK
6
CONTINUOUS
10
153.7509199999999794
20
-84.3371309999999994
11
153.7190589999999872
21
-84.3239339999999942
0
LINE
8
BLACK
6
CONTINUOUS
10
153.7190589999999872
20
-84.3239339999999942
11
153.7190530000000024
21
-84.3239279999999951
0
LINE
8
BLACK
6
CONTINUOUS
10
153.7190530000000024
20
-84.3239279999999951
11
153.7001170000000059
21
-84.3083879999999937
0
LINE
8
BLACK
6
CONTINUOUS
10
153.7001170000000059
20
-84.3083879999999937
11
153.2606119999999805
21
-83.8688829999999967
0
LINE
8
BLACK
6
CONTINUOUS
10
153.2606119999999805
20
-83.8688829999999967
11
153.2450709999999958
21
-83.8499460000000028
0
LINE
8
BLACK
6
CONTINUOUS
10
153.2450709999999958
20
-83.8499460000000028
11
153.24506599999998
21
-83.8499410000000012
0
LINE
8
BLACK
6
CONTINUOUS
10
153.24506599999998
20
-83.8499410000000012
11
153.2264019999999789
21
-83.8048809999999946
0
LINE
8
BLACK
6
CONTINUOUS
10
153.2264019999999789
20
-83.8048809999999946
11
153.2239999999999895
21
-83.7804950000000019
0
LINE
8
BLACK
6
CONTINUOUS
10
153.2239999999999895
20
-83.7804950000000019
11
153.2239999999999895
21
-80.6349999999999909
0
LINE
8
BLACK
6
CONTINUOUS
10
153.2239999999999895
20
-80.6349999999999909
11
153.2264019999999789
21
-80.6106139999999982
0
LINE
8
BLACK
6
CONTINUOUS
10
153.2264019999999789
20
-80.6106139999999982
11
153.24506599999998
21
-80.5655539999999917
0
LINE
8
BLACK
6
CONTINUOUS
10
153.24506599999998
20
-80.5655539999999917
11
153.2795539999999903
21
-80.5310659999999956
0
LINE
8
BLACK
6
CONTINUOUS
10
153.2795539999999903
20
-80.5310659999999956
11
153.3246139999999968
21
-80.5124019999999945
0
LINE
8
BLACK
6
CONTINUOUS
10
153.3246139999999968
20
-80.5124019999999945
11
153.3489999999999895
21
-80.5099999999999909
0
LINE
8
BLACK
6
CONTINUOUS
10
153.3489999999999895
20
-80.5099999999999909
11
153.6872239999999863
21
-80.5099999999999909
0
LINE
8
BLACK
6
CONTINUOUS
10
153.6872239999999863
20
-80.5099999999999909
11
154.0372229999999831
21
-80.1599999999999966
0
LINE
8
BLACK
6
CONTINUOUS
10
154.0372229999999831
20
-80.1599999999999966
11
153.6740000000000066
21
-80.1599999999999966
0
LINE
8
BLACK
6
CONTINUOUS
10
153.6740000000000066
20
-80.1599999999999966
11
153.6740000000000066
21
-78.7599999999999909
0
LINE
8
BLACK
6
CONTINUOUS
10
153.6740000000000066
20
-78.7599999999999909
11
153.9989999999999952
21
-78.7599999999999909
0
LINE
8
BLACK
6
CONTINUOUS
10
153.9989999999999952
20
-78.7599999999999909
11
153.9989999999999952
21
-78.1869999999999976
0
LINE
8
BLACK
6
CONTINUOUS
10
153.9989999999999952
20
-78.1869999999999976
11
153.908112999999986
21
-78.1689209999999974
0
LINE
8
BLACK
6
CONTINUOUS
10
153.908112999999986
20
-78.1689209999999974
11
153.8310620000000029
21
-78.1174379999999928
0
LINE
8
BLACK
6
CONTINUOUS
10
153.8310620000000029
20
-78.1174379999999928
11
153.779578999999984
21
-78.0403869999999955
0
LINE
8
BLACK
6
CONTINUOUS
10
153.779578999999984
20
-78.0403869999999955
11
153.7614999999999839
21
-77.9495000000000005
0
LINE
8
BLACK
6
CONTINUOUS
10
153.7614999999999839
20
-77.9495000000000005
11
153.7614999999999839
21
-77.4744999999999919
0
LINE
8
BLACK
6
CONTINUOUS
10
153.7614999999999839
20
-77.4744999999999919
11
153.779578999999984
21
-77.3836129999999969
0
LINE
8
BLACK
6
CONTINUOUS
10
153.779578999999984
20
-77.3836129999999969
11
153.8310620000000029
21
-77.3065619999999996
0
LINE
8
BLACK
6
CONTINUOUS
10
153.8310620000000029
20
-77.3065619999999996
11
153.908112999999986
21
-77.2550789999999949
0
LINE
8
BLACK
6
CONTINUOUS
10
153.908112999999986
20
-77.2550789999999949
11
153.9989999999999952
21
-77.2369999999999948
0
LINE
8
BLACK
6
CONTINUOUS
10
153.9989999999999952
20
-77.2369999999999948
11
154.5989999999999895
21
-77.2369999999999948
0
LINE
8
BLACK
6
CONTINUOUS
10
154.5989999999999895
20
-77.2369999999999948
11
154.6898869999999988
21
-77.2550789999999949
0
LINE
8
BLACK
6
CONTINUOUS
10
156.5739999999999839
20
-82.3599999999999994
11
156.1189999999999998
21
-82.3599999999999994
0
LINE
8
BLACK
6
CONTINUOUS
10
156.1189999999999998
20
-82.3599999999999994
11
156.1189999999999998
21
-82.9449999999999932
0
LINE
8
BLACK
6
CONTINUOUS
10
156.1189999999999998
20
-82.9449999999999932
11
156.3464999999999918
21
-82.9449999999999932
0
LINE
8
BLACK
6
CONTINUOUS
10
156.3464999999999918
20
-82.9449999999999932
11
156.4373870000000011
21
-82.9630789999999934
0
LINE
8
BLACK
6
CONTINUOUS
10
156.4373870000000011
20
-82.9630789999999934
11
156.5144379999999842
21
-83.014561999999998
0
LINE
8
BLACK
6
CONTINUOUS
10
156.5144379999999842
20
-83.014561999999998
11
156.565921000000003
21
-83.0916129999999953
0
LINE
8
BLACK
6
CONTINUOUS
10
156.565921000000003
20
-83.0916129999999953
11
156.5840000000000032
21
-83.1824999999999903
0
LINE
8
BLACK
6
CONTINUOUS
10
156.5840000000000032
20
-83.1824999999999903
11
156.5840000000000032
21
-83.2950000000000017
0
LINE
8
BLACK
6
CONTINUOUS
10
156.5840000000000032
20
-83.2950000000000017
11
157.0312079999999924
21
-83.2950000000000017
0
LINE
8
BLACK
6
CONTINUOUS
10
157.0312079999999924
20
-83.2950000000000017
11
157.055593999999985
21
-83.2974019999999911
0
LINE
8
BLACK
6
CONTINUOUS
10
157.055593999999985
20
-83.2974019999999911
11
157.0555949999999825
21
-83.2974019999999911
0
LINE
8
BLACK
6
CONTINUOUS
10
157.0555949999999825
20
-83.2974019999999911
11
157.0605290000000025
21
-83.2994460000000032
0
LINE
8
BLACK
6
CONTINUOUS
10
157.0605290000000025
20
-83.2994460000000032
11
157.1006539999999916
21
-83.3160659999999922
0
LINE
8
BLACK
6
CONTINUOUS
10
157.1006539999999916
20
-83.3160659999999922
11
157.100658999999979
21
-83.3160709999999938
0
LINE
8
BLACK
6
CONTINUOUS
10
157.100658999999979
20
-83.3160709999999938
11
157.1195960000000014
21
-83.3316119999999927
0
LINE
8
BLACK
6
CONTINUOUS
10
157.1195960000000014
20
-83.3316119999999927
11
159.1829850000000022
21
-85.394999999999996
0
LINE
8
BLACK
6
CONTINUOUS
10
159.1829850000000022
20
-85.394999999999996
11
160.044811999999979
21
-85.394999999999996
0
LINE
8
BLACK
6
CONTINUOUS
10
160.044811999999979
20
-85.394999999999996
11
160.0691980000000001
21
-85.3974019999999996
0
LINE
8
BLACK
6
CONTINUOUS
10
160.0691980000000001
20
-85.3974019999999996
11
160.0691989999999976
21
-85.3974019999999996
0
LINE
8
BLACK
6
CONTINUOUS
10
160.0691989999999976
20
-85.3974019999999996
11
160.0823959999999886
21
-85.402867999999998
0
LINE
8
BLACK
6
CONTINUOUS
10
160.0823959999999886
20
-85.402867999999998
11
160.1142580000000066
21
-85.4160660000000007
0
LINE
8
BLACK
6
CONTINUOUS
10
160.1142580000000066
20
-85.4160660000000007
11
160.114262999999994
21
-85.4160710000000023
0
LINE
8
BLACK
6
CONTINUOUS
10
160.114262999999994
20
-85.4160710000000023
11
160.133199999999988
21
-85.4316120000000012
0
LINE
8
BLACK
6
CONTINUOUS
10
160.133199999999988
20
-85.4316120000000012
11
160.6640879999999925
21
-85.9624999999999915
0
LINE
8
BLACK
6
CONTINUOUS
10
160.6640879999999925
20
-85.9624999999999915
11
162.2539400000000001
21
-85.9624999999999915
0
LINE
8
BLACK
6
CONTINUOUS
10
162.2539400000000001
20
-85.9624999999999915
11
162.2559669999999983
21
-85.9594669999999894
0
LINE
8
BLACK
6
CONTINUOUS
10
162.2559669999999983
20
-85.9594669999999894
11
162.2802989999999852
21
-85.943208999999996
0
LINE
8
BLACK
6
CONTINUOUS
10
162.2802989999999852
20
-85.943208999999996
11
162.3089999999999975
21
-85.9375
0
LINE
8
BLACK
6
CONTINUOUS
10
162.3089999999999975
20
-85.9375
11
163.6339999999999861
21
-85.9375
0
LINE
8
BLACK
6
CONTINUOUS
10
163.6339999999999861
20
-85.9375
11
163.6627009999999984
21
-85.943208999999996
0
LINE
8
BLACK
6
CONTINUOUS
10
163.6627009999999984
20
-85.943208999999996
11
163.6870329999999853
21
-85.9594669999999894
0
LINE
8
BLACK
6
CONTINUOUS
10
163.6870329999999853
20
-85.9594669999999894
11
163.7032909999999788
21
-85.9837989999999905
0
LINE
8
BLACK
6
CONTINUOUS
10
163.7032909999999788
20
-85.9837989999999905
11
163.7090000000000032
21
-86.0125000000000028
0
LINE
8
BLACK
6
CONTINUOUS
10
163.7090000000000032
20
-86.0125000000000028
11
163.7090000000000032
21
-86.1624999999999943
0
LINE
8
BLACK
6
CONTINUOUS
10
163.7090000000000032
20
-86.1624999999999943
11
163.7032909999999788
21
-86.1912009999999924
0
LINE
8
BLACK
6
CONTINUOUS
10
163.7032909999999788
20
-86.1912009999999924
11
163.6870329999999853
21
-86.2155329999999935
0
LINE
8
BLACK
6
CONTINUOUS
10
163.6870329999999853
20
-86.2155329999999935
11
163.6627009999999984
21
-86.2317910000000012
0
LINE
8
BLACK
6
CONTINUOUS
10
163.6627009999999984
20
-86.2317910000000012
11
163.6339999999999861
21
-86.2374999999999972
0
LINE
8
BLACK
6
CONTINUOUS
10
163.6339999999999861
20
-86.2374999999999972
11
162.3089999999999975
21
-86.2374999999999972
0
LINE
8
BLACK
6
CONTINUOUS
10
162.3089999999999975
20
-86.2374999999999972
11
162.2802989999999852
21
-86.2317910000000012
0
LINE
8
BLACK
6
CONTINUOUS
10
162.2802989999999852
20
-86.2317910000000012
11
162.2559669999999983
21
-86.2155329999999935
0
LINE
8
BLACK
6
CONTINUOUS
10
162.2559669999999983
20
-86.2155329999999935
11
162.2539400000000001
21
-86.2124999999999915
0
LINE
8
BLACK
6
CONTINUOUS
10
162.2539400000000001
20
-86.2124999999999915
11
160.6123120000000029
21
-86.2124999999999915
0
LINE
8
BLACK
6
CONTINUOUS
10
160.6123120000000029
20
-86.2124999999999915
11
160.5879259999999817
21
-86.2100980000000021
0
LINE
8
BLACK
6
CONTINUOUS
10
160.5879259999999817
20
-86.2100980000000021
11
160.5879249999999843
21
-86.2100980000000021
0
LINE
8
BLACK
6
CONTINUOUS
10
160.5879249999999843
20
-86.2100980000000021
11
160.5692609999999831
21
-86.2023659999999978
0
LINE
8
BLACK
6
CONTINUOUS
10
160.5692609999999831
20
-86.2023659999999978
11
160.5428660000000036
21
-86.191434000000001
0
LINE
8
BLACK
6
CONTINUOUS
10
160.5428660000000036
20
-86.191434000000001
11
160.5428650000000061
21
-86.1914329999999893
0
LINE
8
BLACK
6
CONTINUOUS
10
160.5428650000000061
20
-86.1914329999999893
11
160.5239239999999938
21
-86.1758880000000005
0
LINE
8
BLACK
6
CONTINUOUS
10
160.5239239999999938
20
-86.1758880000000005
11
159.9930359999999894
21
-85.644999999999996
0
LINE
8
BLACK
6
CONTINUOUS
10
159.9930359999999894
20
-85.644999999999996
11
159.1312079999999867
21
-85.644999999999996
0
LINE
8
BLACK
6
CONTINUOUS
10
159.1312079999999867
20
-85.644999999999996
11
159.106821999999994
21
-85.6425979999999925
0
LINE
8
BLACK
6
CONTINUOUS
10
159.106821999999994
20
-85.6425979999999925
11
159.1068209999999965
21
-85.6425979999999925
0
LINE
8
BLACK
6
CONTINUOUS
10
159.1068209999999965
20
-85.6425979999999925
11
159.0881569999999954
21
-85.6348660000000024
0
LINE
8
BLACK
6
CONTINUOUS
10
159.0881569999999954
20
-85.6348660000000024
11
159.0617619999999874
21
-85.6239339999999913
0
LINE
8
BLACK
6
CONTINUOUS
10
159.0617619999999874
20
-85.6239339999999913
11
159.06176099999999
21
-85.6239329999999939
0
LINE
8
BLACK
6
CONTINUOUS
10
159.06176099999999
20
-85.6239329999999939
11
159.0428189999999802
21
-85.6083879999999908
0
LINE
8
BLACK
6
CONTINUOUS
10
159.0428189999999802
20
-85.6083879999999908
11
156.9794320000000027
21
-83.5450000000000017
0
LINE
8
BLACK
6
CONTINUOUS
10
156.9794320000000027
20
-83.5450000000000017
11
156.5840000000000032
21
-83.5450000000000017
0
LINE
8
BLACK
6
CONTINUOUS
10
156.5840000000000032
20
-83.5450000000000017
11
156.5840000000000032
21
-83.6574999999999989
0
LINE
8
BLACK
6
CONTINUOUS
10
156.5840000000000032
20
-83.6574999999999989
11
156.565921000000003
21
-83.7483869999999939
0
LINE
8
BLACK
6
CONTINUOUS
10
156.565921000000003
20
-83.7483869999999939
11
156.5144379999999842
21
-83.8254379999999912
0
LINE
8
BLACK
6
CONTINUOUS
10
156.5144379999999842
20
-83.8254379999999912
11
156.4373870000000011
21
-83.8769209999999958
0
LINE
8
BLACK
6
CONTINUOUS
10
156.4373870000000011
20
-83.8769209999999958
11
156.3464999999999918
21
-83.894999999999996
0
LINE
8
BLACK
6
CONTINUOUS
10
156.3464999999999918
20
-83.894999999999996
11
155.7464999999999975
21
-83.894999999999996
0
LINE
8
BLACK
6
CONTINUOUS
10
155.7464999999999975
20
-83.894999999999996
11
155.6556129999999882
21
-83.8769209999999958
0
LINE
8
BLACK
6
CONTINUOUS
10
155.6556129999999882
20
-83.8769209999999958
11
155.5785620000000051
21
-83.8254379999999912
0
LINE
8
BLACK
6
CONTINUOUS
10
155.5785620000000051
20
-83.8254379999999912
11
155.5270789999999863
21
-83.7483869999999939
0
LINE
8
BLACK
6
CONTINUOUS
10
155.5270789999999863
20
-83.7483869999999939
11
155.5089999999999861
21
-83.6574999999999989
0
LINE
8
BLACK
6
CONTINUOUS
10
155.5089999999999861
20
-83.6574999999999989
11
155.5089999999999861
21
-83.1824999999999903
0
LINE
8
BLACK
6
CONTINUOUS
10
155.5089999999999861
20
-83.1824999999999903
11
155.5270789999999863
21
-83.0916129999999953
0
LINE
8
BLACK
6
CONTINUOUS
10
155.5270789999999863
20
-83.0916129999999953
11
155.5785620000000051
21
-83.014561999999998
0
LINE
8
BLACK
6
CONTINUOUS
10
155.5785620000000051
20
-83.014561999999998
11
155.6556129999999882
21
-82.9630789999999934
0
LINE
8
BLACK
6
CONTINUOUS
10
155.6556129999999882
20
-82.9630789999999934
11
155.7464999999999975
21
-82.9449999999999932
0
LINE
8
BLACK
6
CONTINUOUS
10
155.7464999999999975
20
-82.9449999999999932
11
155.8689999999999998
21
-82.9449999999999932
0
LINE
8
BLACK
6
CONTINUOUS
10
155.8689999999999998
20
-82.9449999999999932
11
155.8689999999999998
21
-82.3599999999999994
0
LINE
8
BLACK
6
CONTINUOUS
10
155.8689999999999998
20
-82.3599999999999994
11
155.3739999999999952
21
-82.3599999999999994
0
LINE
8
BLACK
6
CONTINUOUS
10
155.3739999999999952
20
-82.3599999999999994
11
155.3739999999999952
21
-80.9599999999999937
0
LINE
8
BLACK
6
CONTINUOUS
10
155.3739999999999952
20
-80.9599999999999937
11
156.5739999999999839
21
-80.9599999999999937
0
LINE
8
BLACK
6
CONTINUOUS
10
156.5739999999999839
20
-80.9599999999999937
11
156.5739999999999839
21
-82.3599999999999994
0
LINE
8
BLACK
6
CONTINUOUS
10
178.0139999999999816
20
-78.3499999999999943
11
176.6339999999999861
21
-78.3499999999999943
0
LINE
8
BLACK
6
CONTINUOUS
10
176.6339999999999861
20
-78.3499999999999943
11
176.6339999999999861
21
-78.25
0
LINE
8
BLACK
6
CONTINUOUS
10
176.6339999999999861
20
-78.25
11
174.7107759999999814
21
-78.25
0
LINE
8
BLACK
6
CONTINUOUS
10
174.7107759999999814
20
-78.25
11
174.1339999999999861
21
-78.8267759999999953
0
LINE
8
BLACK
6
CONTINUOUS
10
174.1339999999999861
20
-78.8267759999999953
11
174.1339999999999861
21
-85.2749999999999915
0
LINE
8
BLACK
6
CONTINUOUS
10
174.1339999999999861
20
-85.2749999999999915
11
174.1315989999999942
21
-85.2993749999999977
0
LINE
8
BLACK
6
CONTINUOUS
10
174.1315989999999942
20
-85.2993749999999977
11
174.1315989999999942
21
-85.2993859999999984
0
LINE
8
BLACK
6
CONTINUOUS
10
174.1315989999999942
20
-85.2993859999999984
11
174.1129339999999956
21
-85.3444459999999907
0
LINE
8
BLACK
6
CONTINUOUS
10
174.1129339999999956
20
-85.3444459999999907
11
174.0973889999999926
21
-85.3633880000000005
0
LINE
8
BLACK
6
CONTINUOUS
10
174.0973889999999926
20
-85.3633880000000005
11
173.2848879999999951
21
-86.1758880000000005
0
LINE
8
BLACK
6
CONTINUOUS
10
173.2848879999999951
20
-86.1758880000000005
11
173.2659510000000012
21
-86.1914280000000019
0
LINE
8
BLACK
6
CONTINUOUS
10
173.2659510000000012
20
-86.1914280000000019
11
173.2659459999999854
21
-86.191434000000001
0
LINE
8
BLACK
6
CONTINUOUS
10
173.2659459999999854
20
-86.191434000000001
11
173.2340839999999957
21
-86.204630999999992
0
LINE
8
BLACK
6
CONTINUOUS
10
173.2340839999999957
20
-86.204630999999992
11
173.2208870000000047
21
-86.2100980000000021
0
LINE
8
BLACK
6
CONTINUOUS
10
173.2208870000000047
20
-86.2100980000000021
11
173.2208859999999788
21
-86.2100980000000021
0
LINE
8
BLACK
6
CONTINUOUS
10
173.2208859999999788
20
-86.2100980000000021
11
173.1964999999999861
21
-86.2124999999999915
0
LINE
8
BLACK
6
CONTINUOUS
10
173.1964999999999861
20
-86.2124999999999915
11
172.0140600000000006
21
-86.2124999999999915
0
LINE
8
BLACK
6
CONTINUOUS
10
172.0140600000000006
20
-86.2124999999999915
11
172.0120330000000024
21
-86.2155329999999935
0
LINE
8
BLACK
6
CONTINUOUS
10
172.0120330000000024
20
-86.2155329999999935
11
171.9877009999999871
21
-86.2317910000000012
0
LINE
8
BLACK
6
CONTINUOUS
10
171.9877009999999871
20
-86.2317910000000012
11
171.9590000000000032
21
-86.2374999999999972
0
LINE
8
BLACK
6
CONTINUOUS
10
171.9590000000000032
20
-86.2374999999999972
11
170.6339999999999861
21
-86.2374999999999972
0
LINE
8
BLACK
6
CONTINUOUS
10
170.6339999999999861
20
-86.2374999999999972
11
170.6052990000000023
21
-86.2317910000000012
0
LINE
8
BLACK
6
CONTINUOUS
10
170.6052990000000023
20
-86.2317910000000012
11
170.5809669999999869
21
-86.2155329999999935
0
LINE
8
BLACK
6
CONTINUOUS
10
170.5809669999999869
20
-86.2155329999999935
11
170.5647089999999935
21
-86.1912009999999924
0
LINE
8
BLACK
6
CONTINUOUS
10
170.5647089999999935
20
-86.1912009999999924
11
170.5589999999999975
21
-86.1624999999999943
0
LINE
8
BLACK
6
CONTINUOUS
10
170.5589999999999975
20
-86.1624999999999943
11
170.5589999999999975
21
-86.0125000000000028
0
LINE
8
BLACK
6
CONTINUOUS
10
170.5589999999999975
20
-86.0125000000000028
11
170.5647089999999935
21
-85.9837989999999905
0
LINE
8
BLACK
6
CONTINUOUS
10
170.5647089999999935
20
-85.9837989999999905
11
170.5809669999999869
21
-85.9594669999999894
0
LINE
8
BLACK
6
CONTINUOUS
10
170.5809669999999869
20
-85.9594669999999894
11
170.6052990000000023
21
-85.943208999999996
0
LINE
8
BLACK
6
CONTINUOUS
10
170.6052990000000023
20
-85.943208999999996
11
170.6339999999999861
21
-85.9375
0
LINE
8
BLACK
6
CONTINUOUS
10
170.6339999999999861
20
-85.9375
11
171.9590000000000032
21
-85.9375
0
LINE
8
BLACK
6
CONTINUOUS
10
171.9590000000000032
20
-85.9375
11
171.9877009999999871
21
-85.943208999999996
0
LINE
8
BLACK
6
CONTINUOUS
10
171.9877009999999871
20
-85.943208999999996
11
172.0120330000000024
21
-85.9594669999999894
0
LINE
8
BLACK
6
CONTINUOUS
10
172.0120330000000024
20
-85.9594669999999894
11
172.0140600000000006
21
-85.9624999999999915
0
LINE
8
BLACK
6
CONTINUOUS
10
172.0140600000000006
20
-85.9624999999999915
11
173.1447239999999965
21
-85.9624999999999915
0
LINE
8
BLACK
6
CONTINUOUS
10
173.1447239999999965
20
-85.9624999999999915
11
173.8839999999999861
21
-85.2232229999999902
0
LINE
8
BLACK
6
CONTINUOUS
10
173.8839999999999861
20
-85.2232229999999902
11
173.8839999999999861
21
-78.7749999999999915
0
LINE
8
BLACK
6
CONTINUOUS
10
173.8839999999999861
20
-78.7749999999999915
11
173.8864020000000039
21
-78.7506139999999988
0
LINE
8
BLACK
6
CONTINUOUS
10
173.8864020000000039
20
-78.7506139999999988
11
173.905066000000005
21
-78.7055539999999922
0
LINE
8
BLACK
6
CONTINUOUS
10
173.905066000000005
20
-78.7055539999999922
11
173.9050709999999924
21
-78.7055479999999932
0
LINE
8
BLACK
6
CONTINUOUS
10
173.9050709999999924
20
-78.7055479999999932
11
173.9206120000000055
21
-78.6866119999999967
0
LINE
8
BLACK
6
CONTINUOUS
10
173.9206120000000055
20
-78.6866119999999967
11
174.5706119999999828
21
-78.036611999999991
0
LINE
8
BLACK
6
CONTINUOUS
10
174.5706119999999828
20
-78.036611999999991
11
174.5895539999999926
21
-78.0210659999999905
0
LINE
8
BLACK
6
CONTINUOUS
10
174.5895539999999926
20
-78.0210659999999905
11
174.6346130000000016
21
-78.0024020000000036
0
LINE
8
BLACK
6
CONTINUOUS
10
174.6346130000000016
20
-78.0024020000000036
11
174.6346139999999991
21
-78.0024020000000036
0
LINE
8
BLACK
6
CONTINUOUS
10
174.6346139999999991
20
-78.0024020000000036
11
174.6589999999999918
21
-78.
0
LINE
8
BLACK
6
CONTINUOUS
10
174.6589999999999918
20
-78.
11
176.6339999999999861
21
-78.
0
LINE
8
BLACK
6
CONTINUOUS
10
176.6339999999999861
20
-78.
11
176.6339999999999861
21
-77.8999999999999915
0
LINE
8
BLACK
6
CONTINUOUS
10
176.6339999999999861
20
-77.8999999999999915
11
178.0139999999999816
21
-77.8999999999999915
0
LINE
8
BLACK
6
CONTINUOUS
10
178.0139999999999816
20
-77.8999999999999915
11
178.0139999999999816
21
-78.3499999999999943
0
LINE
8
BLACK
6
CONTINUOUS
10
156.4673870000000022
20
-75.5855789999999956
11
156.5444379999999853
21
-75.6370620000000002
0
LINE
8
BLACK
6
CONTINUOUS
10
156.5444379999999853
20
-75.6370620000000002
11
156.5959210000000041
21
-75.7141129999999976
0
LINE
8
BLACK
6
CONTINUOUS
10
156.5959210000000041
20
-75.7141129999999976
11
156.6140000000000043
21
-75.8049999999999926
0
LINE
8
BLACK
6
CONTINUOUS
10
156.6140000000000043
20
-75.8049999999999926
11
156.6140000000000043
21
-76.4050000000000011
0
LINE
8
BLACK
6
CONTINUOUS
10
156.6140000000000043
20
-76.4050000000000011
11
156.6028459999999995
21
-76.4610699999999923
0
LINE
8
BLACK
6
CONTINUOUS
10
156.6028459999999995
20
-76.4610699999999923
11
157.5023879999999963
21
-77.3606109999999916
0
LINE
8
BLACK
6
CONTINUOUS
10
157.5023879999999963
20
-77.3606109999999916
11
157.5179329999999993
21
-77.3795530000000014
0
LINE
8
BLACK
6
CONTINUOUS
10
157.5179329999999993
20
-77.3795530000000014
11
157.5179339999999968
21
-77.3795539999999988
0
LINE
8
BLACK
6
CONTINUOUS
10
157.5179339999999968
20
-77.3795539999999988
11
157.5365979999999979
21
-77.4246139999999912
0
LINE
8
BLACK
6
CONTINUOUS
10
157.5365979999999979
20
-77.4246139999999912
11
157.5389999999999873
21
-77.4489999999999981
0
LINE
8
BLACK
6
CONTINUOUS
10
157.5389999999999873
20
-77.4489999999999981
11
157.5389999999999873
21
-80.5799999999999983
0
LINE
8
BLACK
6
CONTINUOUS
10
157.5389999999999873
20
-80.5799999999999983
11
157.7139999999999986
21
-80.5799999999999983
0
LINE
8
BLACK
6
CONTINUOUS
10
157.7139999999999986
20
-80.5799999999999983
11
157.7139999999999986
21
-82.6799999999999926
0
LINE
8
BLACK
6
CONTINUOUS
10
157.7139999999999986
20
-82.6799999999999926
11
157.5389999999999873
21
-82.6799999999999926
0
LINE
8
BLACK
6
CONTINUOUS
10
157.5389999999999873
20
-82.6799999999999926
11
157.5389999999999873
21
-83.1146189999999905
0
LINE
8
BLACK
6
CONTINUOUS
10
157.5389999999999873
20
-83.1146189999999905
11
159.3693810000000042
21
-84.9449999999999932
0
LINE
8
BLACK
6
CONTINUOUS
10
159.3693810000000042
20
-84.9449999999999932
11
160.231207999999981
21
-84.9449999999999932
0
LINE
8
BLACK
6
CONTINUOUS
10
160.231207999999981
20
-84.9449999999999932
11
160.2555940000000021
21
-84.9474019999999967
0
LINE
8
BLACK
6
CONTINUOUS
10
160.2555940000000021
20
-84.9474019999999967
11
160.2555949999999996
21
-84.9474019999999967
0
LINE
8
BLACK
6
CONTINUOUS
10
160.2555949999999996
20
-84.9474019999999967
11
160.2687919999999906
21
-84.9528679999999952
0
LINE
8
BLACK
6
CONTINUOUS
10
160.2687919999999906
20
-84.9528679999999952
11
160.3006539999999802
21
-84.9660659999999979
0
LINE
8
BLACK
6
CONTINUOUS
10
160.3006539999999802
20
-84.9660659999999979
11
160.300658999999996
21
-84.9660709999999995
0
LINE
8
BLACK
6
CONTINUOUS
10
160.300658999999996
20
-84.9660709999999995
11
160.31959599999999
21
-84.9816119999999984
0
LINE
8
BLACK
6
CONTINUOUS
10
160.31959599999999
20
-84.9816119999999984
11
160.8004849999999806
21
-85.4624999999999915
0
LINE
8
BLACK
6
CONTINUOUS
10
160.8004849999999806
20
-85.4624999999999915
11
162.2539400000000001
21
-85.4624999999999915
0
LINE
8
BLACK
6
CONTINUOUS
10
162.2539400000000001
20
-85.4624999999999915
11
162.2559669999999983
21
-85.4594669999999894
0
LINE
8
BLACK
6
CONTINUOUS
10
162.2559669999999983
20
-85.4594669999999894
11
162.2802989999999852
21
-85.443208999999996
0
LINE
8
BLACK
6
CONTINUOUS
10
162.2802989999999852
20
-85.443208999999996
11
162.3089999999999975
21
-85.4375
0
LINE
8
BLACK
6
CONTINUOUS
10
162.3089999999999975
20
-85.4375
11
163.6339999999999861
21
-85.4375
0
LINE
8
BLACK
6
CONTINUOUS
10
163.6339999999999861
20
-85.4375
11
163.6627009999999984
21
-85.443208999999996
0
LINE
8
BLACK
6
CONTINUOUS
10
163.6627009999999984
20
-85.443208999999996
11
163.6870329999999853
21
-85.4594669999999894
0
LINE
8
BLACK
6
CONTINUOUS
10
163.6870329999999853
20
-85.4594669999999894
11
163.7032909999999788
21
-85.4837989999999905
0
LINE
8
BLACK
6
CONTINUOUS
10
163.7032909999999788
20
-85.4837989999999905
11
163.7090000000000032
21
-85.5125000000000028
0
LINE
8
BLACK
6
CONTINUOUS
10
163.7090000000000032
20
-85.5125000000000028
11
163.7090000000000032
21
-85.6624999999999943
0
LINE
8
BLACK
6
CONTINUOUS
10
163.7090000000000032
20
-85.6624999999999943
11
163.7032909999999788
21
-85.6912009999999924
0
LINE
8
BLACK
6
CONTINUOUS
10
163.7032909999999788
20
-85.6912009999999924
11
163.6870329999999853
21
-85.7155329999999935
0
LINE
8
BLACK
6
CONTINUOUS
10
163.6870329999999853
20
-85.7155329999999935
11
163.6627009999999984
21
-85.7317910000000012
0
LINE
8
BLACK
6
CONTINUOUS
10
163.6627009999999984
20
-85.7317910000000012
11
163.6339999999999861
21
-85.7374999999999972
0
LINE
8
BLACK
6
CONTINUOUS
10
163.6339999999999861
20
-85.7374999999999972
11
162.3089999999999975
21
-85.7374999999999972
0
LINE
8
BLACK
6
CONTINUOUS
10
162.3089999999999975
20
-85.7374999999999972
11
162.2802989999999852
21
-85.7317910000000012
0
LINE
8
BLACK
6
CONTINUOUS
10
162.2802989999999852
20
-85.7317910000000012
11
162.2559669999999983
21
-85.7155329999999935
0
LINE
8
BLACK
6
CONTINUOUS
10
162.2559669999999983
20
-85.7155329999999935
11
162.2539400000000001
21
-85.7124999999999915
0
LINE
8
BLACK
6
CONTINUOUS
10
162.2539400000000001
20
-85.7124999999999915
11
160.7487079999999935
21
-85.7124999999999915
0
LINE
8
BLACK
6
CONTINUOUS
10
160.7487079999999935
20
-85.7124999999999915
11
160.724332000000004
21
-85.7100989999999996
0
LINE
8
BLACK
6
CONTINUOUS
10
160.724332000000004
20
-85.7100989999999996
11
160.7243220000000008
21
-85.7100989999999996
0
LINE
8
BLACK
6
CONTINUOUS
10
160.7243220000000008
20
-85.7100989999999996
11
160.6792619999999943
21
-85.691434000000001
0
LINE
8
BLACK
6
CONTINUOUS
10
160.6792619999999943
20
-85.691434000000001
11
160.6603199999999845
21
-85.675888999999998
0
LINE
8
BLACK
6
CONTINUOUS
10
160.6603199999999845
20
-85.675888999999998
11
160.1794319999999914
21
-85.1949999999999932
0
LINE
8
BLACK
6
CONTINUOUS
10
160.1794319999999914
20
-85.1949999999999932
11
159.3176039999999887
21
-85.1949999999999932
0
LINE
8
BLACK
6
CONTINUOUS
10
159.3176039999999887
20
-85.1949999999999932
11
159.293217999999996
21
-85.1925979999999896
0
LINE
8
BLACK
6
CONTINUOUS
10
159.293217999999996
20
-85.1925979999999896
11
159.2481579999999894
21
-85.1739340000000027
0
LINE
8
BLACK
6
CONTINUOUS
10
159.2481579999999894
20
-85.1739340000000027
11
159.2292159999999797
21
-85.1583889999999997
0
LINE
8
BLACK
6
CONTINUOUS
10
159.2292159999999797
20
-85.1583889999999997
11
157.3256120000000067
21
-83.2547840000000008
0
LINE
8
BLACK
6
CONTINUOUS
10
157.3256120000000067
20
-83.2547840000000008
11
157.3100709999999935
21
-83.2358469999999926
0
LINE
8
BLACK
6
CONTINUOUS
10
157.3100709999999935
20
-83.2358469999999926
11
157.3100660000000062
21
-83.235841999999991
0
LINE
8
BLACK
6
CONTINUOUS
10
157.3100660000000062
20
-83.235841999999991
11
157.291402000000005
21
-83.1907819999999987
0
LINE
8
BLACK
6
CONTINUOUS
10
157.291402000000005
20
-83.1907819999999987
11
157.2889999999999873
21
-83.1663959999999918
0
LINE
8
BLACK
6
CONTINUOUS
10
157.2889999999999873
20
-83.1663959999999918
11
157.2889999999999873
21
-82.6799999999999926
0
LINE
8
BLACK
6
CONTINUOUS
10
157.2889999999999873
20
-82.6799999999999926
11
157.1140000000000043
21
-82.6799999999999926
0
LINE
8
BLACK
6
CONTINUOUS
10
157.1140000000000043
20
-82.6799999999999926
11
157.1140000000000043
21
-80.5799999999999983
0
LINE
8
BLACK
6
CONTINUOUS
10
157.1140000000000043
20
-80.5799999999999983
11
157.2889999999999873
21
-80.5799999999999983
0
LINE
8
BLACK
6
CONTINUOUS
10
157.2889999999999873
20
-80.5799999999999983
11
157.2889999999999873
21
-77.5007760000000019
0
LINE
8
BLACK
6
CONTINUOUS
10
157.2889999999999873
20
-77.5007760000000019
11
156.4217270000000042
21
-76.6335029999999904
0
LINE
8
BLACK
6
CONTINUOUS
10
156.4217270000000042
20
-76.6335029999999904
11
156.376499999999993
21
-76.6424999999999983
0
LINE
8
BLACK
6
CONTINUOUS
10
156.376499999999993
20
-76.6424999999999983
11
155.9014999999999986
21
-76.6424999999999983
0
LINE
8
BLACK
6
CONTINUOUS
10
155.9014999999999986
20
-76.6424999999999983
11
155.8106129999999894
21
-76.6244209999999981
0
LINE
8
BLACK
6
CONTINUOUS
10
155.8106129999999894
20
-76.6244209999999981
11
155.7335620000000063
21
-76.5729379999999935
0
LINE
8
BLACK
6
CONTINUOUS
10
155.7335620000000063
20
-76.5729379999999935
11
155.6820789999999874
21
-76.4958869999999962
0
LINE
8
BLACK
6
CONTINUOUS
10
155.6820789999999874
20
-76.4958869999999962
11
155.6639999999999873
21
-76.4050000000000011
0
LINE
8
BLACK
6
CONTINUOUS
10
155.6639999999999873
20
-76.4050000000000011
11
155.6639999999999873
21
-75.8049999999999926
0
LINE
8
BLACK
6
CONTINUOUS
10
155.6639999999999873
20
-75.8049999999999926
11
155.6820789999999874
21
-75.7141129999999976
0
LINE
8
BLACK
6
CONTINUOUS
10
155.6820789999999874
20
-75.7141129999999976
11
155.7335620000000063
21
-75.6370620000000002
0
LINE
8
BLACK
6
CONTINUOUS
10
155.7335620000000063
20
-75.6370620000000002
11
155.8106129999999894
21
-75.5855789999999956
0
LINE
8
BLACK
6
CONTINUOUS
10
155.8106129999999894
20
-75.5855789999999956
11
155.9014999999999986
21
-75.5674999999999955
0
LINE
8
BLACK
6
CONTINUOUS
10
155.9014999999999986
20
-75.5674999999999955
11
156.376499999999993
21
-75.5674999999999955
0
LINE
8
BLACK
6
CONTINUOUS
10
156.376499999999993
20
-75.5674999999999955
11
156.4673870000000022
21
-75.5855789999999956
0
LINE
8
BLACK
6
CONTINUOUS
10
178.0139999999999816
20
-77.7000000000000028
11
176.6339999999999861
21
-77.7000000000000028
0
LINE
8
BLACK
6
CONTINUOUS
10
176.6339999999999861
20
-77.7000000000000028
11
176.6339999999999861
21
-77.5999999999999943
0
LINE
8
BLACK
6
CONTINUOUS
10
176.6339999999999861
20
-77.5999999999999943
11
174.7243799999999965
21
-77.5999999999999943
0
LINE
8
BLACK
6
CONTINUOUS
10
174.7243799999999965
20
-77.5999999999999943
11
173.6839999999999975
21
-78.6403799999999933
0
LINE
8
BLACK
6
CONTINUOUS
10
173.6839999999999975
20
-78.6403799999999933
11
173.6839999999999975
21
-85.0886039999999895
0
LINE
8
BLACK
6
CONTINUOUS
10
173.6839999999999975
20
-85.0886039999999895
11
173.6815979999999797
21
-85.1129899999999964
0
LINE
8
BLACK
6
CONTINUOUS
10
173.6815979999999797
20
-85.1129899999999964
11
173.6629339999999786
21
-85.1580500000000029
0
LINE
8
BLACK
6
CONTINUOUS
10
173.6629339999999786
20
-85.1580500000000029
11
173.6629329999999811
21
-85.1580510000000004
0
LINE
8
BLACK
6
CONTINUOUS
10
173.6629329999999811
20
-85.1580510000000004
11
173.6473879999999781
21
-85.176992999999996
0
LINE
8
BLACK
6
CONTINUOUS
10
173.6473879999999781
20
-85.176992999999996
11
173.1484920000000045
21
-85.6758880000000005
0
LINE
8
BLACK
6
CONTINUOUS
10
173.1484920000000045
20
-85.6758880000000005
11
173.1295549999999821
21
-85.6914280000000019
0
LINE
8
BLACK
6
CONTINUOUS
10
173.1295549999999821
20
-85.6914280000000019
11
173.1295499999999947
21
-85.691434000000001
0
LINE
8
BLACK
6
CONTINUOUS
10
173.1295499999999947
20
-85.691434000000001
11
173.0976880000000051
21
-85.704630999999992
0
LINE
8
BLACK
6
CONTINUOUS
10
173.0976880000000051
20
-85.704630999999992
11
173.0844909999999857
21
-85.7100980000000021
0
LINE
8
BLACK
6
CONTINUOUS
10
173.0844909999999857
20
-85.7100980000000021
11
173.0844899999999882
21
-85.7100980000000021
0
LINE
8
BLACK
6
CONTINUOUS
10
173.0844899999999882
20
-85.7100980000000021
11
173.0601039999999955
21
-85.7124999999999915
0
LINE
8
BLACK
6
CONTINUOUS
10
173.0601039999999955
20
-85.7124999999999915
11
172.0140600000000006
21
-85.7124999999999915
0
LINE
8
BLACK
6
CONTINUOUS
10
172.0140600000000006
20
-85.7124999999999915
11
172.0120330000000024
21
-85.7155329999999935
0
LINE
8
BLACK
6
CONTINUOUS
10
172.0120330000000024
20
-85.7155329999999935
11
171.9877009999999871
21
-85.7317910000000012
0
LINE
8
BLACK
6
CONTINUOUS
10
171.9877009999999871
20
-85.7317910000000012
11
171.9590000000000032
21
-85.7374999999999972
0
LINE
8
BLACK
6
CONTINUOUS
10
171.9590000000000032
20
-85.7374999999999972
11
170.6339999999999861
21
-85.7374999999999972
0
LINE
8
BLACK
6
CONTINUOUS
10
170.6339999999999861
20
-85.7374999999999972
11
170.6052990000000023
21
-85.7317910000000012
0
LINE
8
BLACK
6
CONTINUOUS
10
170.6052990000000023
20
-85.7317910000000012
11
170.5809669999999869
21
-85.7155329999999935
0
LINE
8
BLACK
6
CONTINUOUS
10
170.5809669999999869
20
-85.7155329999999935
11
170.5647089999999935
21
-85.6912009999999924
0
LINE
8
BLACK
6
CONTINUOUS
10
170.5647089999999935
20
-85.6912009999999924
11
170.5589999999999975
21
-85.6624999999999943
0
LINE
8
BLACK
6
CONTINUOUS
10
170.5589999999999975
20
-85.6624999999999943
11
170.5589999999999975
21
-85.5125000000000028
0
LINE
8
BLACK
6
CONTINUOUS
10
170.5589999999999975
20
-85.5125000000000028
11
170.5647089999999935
21
-85.4837989999999905
0
LINE
8
BLACK
6
CONTINUOUS
10
170.5647089999999935
20
-85.4837989999999905
11
170.5809669999999869
21
-85.4594669999999894
0
LINE
8
BLACK
6
CONTINUOUS
10
170.5809669999999869
20
-85.4594669999999894
11
170.6052990000000023
21
-85.443208999999996
0
LINE
8
BLACK
6
CONTINUOUS
10
170.6052990000000023
20
-85.443208999999996
11
170.6339999999999861
21
-85.4375
0
LINE
8
BLACK
6
CONTINUOUS
10
170.6339999999999861
20
-85.4375
11
171.9590000000000032
21
-85.4375
0
LINE
8
BLACK
6
CONTINUOUS
10
171.9590000000000032
20
-85.4375
11
171.9877009999999871
21
-85.443208999999996
0
LINE
8
BLACK
6
CONTINUOUS
10
171.9877009999999871
20
-85.443208999999996
11
172.0120330000000024
21
-85.4594669999999894
0
LINE
8
BLACK
6
CONTINUOUS
10
172.0120330000000024
20
-85.4594669999999894
11
172.0140600000000006
21
-85.4624999999999915
0
LINE
8
BLACK
6
CONTINUOUS
10
172.0140600000000006
20
-85.4624999999999915
11
173.0083280000000059
21
-85.4624999999999915
0
LINE
8
BLACK
6
CONTINUOUS
10
173.0083280000000059
20
-85.4624999999999915
11
173.4339999999999975
21
-85.0368270000000024
0
LINE
8
BLACK
6
CONTINUOUS
10
173.4339999999999975
20
-85.0368270000000024
11
173.4339999999999975
21
-78.5886039999999895
0
LINE
8
BLACK
6
CONTINUOUS
10
173.4339999999999975
20
-78.5886039999999895
11
173.4364019999999869
21
-78.5642179999999968
0
LINE
8
BLACK
6
CONTINUOUS
10
173.4364019999999869
20
-78.5642179999999968
11
173.4391849999999806
21
-78.5574999999999903
0
LINE
8
BLACK
6
CONTINUOUS
10
173.4391849999999806
20
-78.5574999999999903
11
173.4511669999999981
21
-78.5285719999999969
0
LINE
8
BLACK
6
CONTINUOUS
10
173.4511669999999981
20
-78.5285719999999969
11
173.455065999999988
21
-78.5191579999999902
0
LINE
8
BLACK
6
CONTINUOUS
10
173.455065999999988
20
-78.5191579999999902
11
173.4550710000000038
21
-78.5191519999999912
0
LINE
8
BLACK
6
CONTINUOUS
10
173.4550710000000038
20
-78.5191519999999912
11
173.4706119999999885
21
-78.5002159999999947
0
LINE
8
BLACK
6
CONTINUOUS
10
173.4706119999999885
20
-78.5002159999999947
11
174.5842159999999978
21
-77.3866119999999995
0
LINE
8
BLACK
6
CONTINUOUS
10
174.5842159999999978
20
-77.3866119999999995
11
174.6031519999999944
21
-77.3710710000000006
0
LINE
8
BLACK
6
CONTINUOUS
10
174.6031519999999944
20
-77.3710710000000006
11
174.6031579999999792
21
-77.371065999999999
0
LINE
8
BLACK
6
CONTINUOUS
10
174.6031579999999792
20
-77.371065999999999
11
174.6350189999999998
21
-77.3578679999999963
0
LINE
8
BLACK
6
CONTINUOUS
10
174.6350189999999998
20
-77.3578679999999963
11
174.6482169999999883
21
-77.3524019999999979
0
LINE
8
BLACK
6
CONTINUOUS
10
174.6482169999999883
20
-77.3524019999999979
11
174.6482179999999858
21
-77.3524019999999979
0
LINE
8
BLACK
6
CONTINUOUS
10
174.6482179999999858
20
-77.3524019999999979
11
174.6726039999999784
21
-77.3499999999999943
0
LINE
8
BLACK
6
CONTINUOUS
10
174.6726039999999784
20
-77.3499999999999943
11
176.6339999999999861
21
-77.3499999999999943
0
LINE
8
BLACK
6
CONTINUOUS
10
176.6339999999999861
20
-77.3499999999999943
11
176.6339999999999861
21
-77.25
0
LINE
8
BLACK
6
CONTINUOUS
10
176.6339999999999861
20
-77.25
11
178.0139999999999816
21
-77.25
0
LINE
8
BLACK
6
CONTINUOUS
10
178.0139999999999816
20
-77.25
11
178.0139999999999816
21
-77.7000000000000028
0
LINE
8
BLACK
6
CONTINUOUS
10
159.9373870000000011
20
-75.5995789999999914
11
160.0144379999999842
21
-75.651061999999996
0
LINE
8
BLACK
6
CONTINUOUS
10
160.0144379999999842
20
-75.651061999999996
11
160.065921000000003
21
-75.7281129999999933
0
LINE
8
BLACK
6
CONTINUOUS
10
160.065921000000003
20
-75.7281129999999933
11
160.0840000000000032
21
-75.8190000000000026
0
LINE
8
BLACK
6
CONTINUOUS
10
160.0840000000000032
20
-75.8190000000000026
11
160.0840000000000032
21
-76.4189999999999969
0
LINE
8
BLACK
6
CONTINUOUS
10
160.0840000000000032
20
-76.4189999999999969
11
160.065921000000003
21
-76.509886999999992
0
LINE
8
BLACK
6
CONTINUOUS
10
160.065921000000003
20
-76.509886999999992
11
160.0144379999999842
21
-76.5869380000000035
0
LINE
8
BLACK
6
CONTINUOUS
10
160.0144379999999842
20
-76.5869380000000035
11
159.9373870000000011
21
-76.6384209999999939
0
LINE
8
BLACK
6
CONTINUOUS
10
159.9373870000000011
20
-76.6384209999999939
11
159.8464999999999918
21
-76.6564999999999941
0
LINE
8
BLACK
6
CONTINUOUS
10
159.8464999999999918
20
-76.6564999999999941
11
159.3714999999999975
21
-76.6564999999999941
0
LINE
8
BLACK
6
CONTINUOUS
10
159.3714999999999975
20
-76.6564999999999941
11
159.2806129999999882
21
-76.6384209999999939
0
LINE
8
BLACK
6
CONTINUOUS
10
159.2806129999999882
20
-76.6384209999999939
11
159.2720659999999953
21
-76.632710000000003
0
LINE
8
BLACK
6
CONTINUOUS
10
159.2720659999999953
20
-76.632710000000003
11
158.438999999999993
21
-77.4657759999999911
0
LINE
8
BLACK
6
CONTINUOUS
10
158.438999999999993
20
-77.4657759999999911
11
158.438999999999993
21
-80.5799999999999983
0
LINE
8
BLACK
6
CONTINUOUS
10
158.438999999999993
20
-80.5799999999999983
11
158.6140000000000043
21
-80.5799999999999983
0
LINE
8
BLACK
6
CONTINUOUS
10
158.6140000000000043
20
-80.5799999999999983
11
158.6140000000000043
21
-82.6799999999999926
0
LINE
8
BLACK
6
CONTINUOUS
10
158.6140000000000043
20
-82.6799999999999926
11
158.438999999999993
21
-82.6799999999999926
0
LINE
8
BLACK
6
CONTINUOUS
10
158.438999999999993
20
-82.6799999999999926
11
158.438999999999993
21
-83.378224000000003
0
LINE
8
BLACK
6
CONTINUOUS
10
158.438999999999993
20
-83.378224000000003
11
159.5557759999999803
21
-84.4949999999999903
0
LINE
8
BLACK
6
CONTINUOUS
10
159.5557759999999803
20
-84.4949999999999903
11
160.417603999999983
21
-84.4949999999999903
0
LINE
8
BLACK
6
CONTINUOUS
10
160.417603999999983
20
-84.4949999999999903
11
160.4419900000000041
21
-84.4974019999999939
0
LINE
8
BLACK
6
CONTINUOUS
10
160.4419900000000041
20
-84.4974019999999939
11
160.4419910000000016
21
-84.4974019999999939
0
LINE
8
BLACK
6
CONTINUOUS
10
160.4419910000000016
20
-84.4974019999999939
11
160.4551879999999926
21
-84.5028679999999923
0
LINE
8
BLACK
6
CONTINUOUS
10
160.4551879999999926
20
-84.5028679999999923
11
160.4870499999999822
21
-84.516065999999995
0
LINE
8
BLACK
6
CONTINUOUS
10
160.4870499999999822
20
-84.516065999999995
11
160.487054999999998
21
-84.5160709999999966
0
LINE
8
BLACK
6
CONTINUOUS
10
160.487054999999998
20
-84.5160709999999966
11
160.505991999999992
21
-84.5316119999999955
0
LINE
8
BLACK
6
CONTINUOUS
10
160.505991999999992
20
-84.5316119999999955
11
160.9368800000000022
21
-84.9624999999999915
0
LINE
8
BLACK
6
CONTINUOUS
10
160.9368800000000022
20
-84.9624999999999915
11
162.2539400000000001
21
-84.9624999999999915
0
LINE
8
BLACK
6
CONTINUOUS
10
162.2539400000000001
20
-84.9624999999999915
11
162.2559669999999983
21
-84.9594669999999894
0
LINE
8
BLACK
6
CONTINUOUS
10
162.2559669999999983
20
-84.9594669999999894
11
162.2802989999999852
21
-84.943208999999996
0
LINE
8
BLACK
6
CONTINUOUS
10
162.2802989999999852
20
-84.943208999999996
11
162.3089999999999975
21
-84.9375
0
LINE
8
BLACK
6
CONTINUOUS
10
162.3089999999999975
20
-84.9375
11
163.6339999999999861
21
-84.9375
0
LINE
8
BLACK
6
CONTINUOUS
10
163.6339999999999861
20
-84.9375
11
163.6627009999999984
21
-84.943208999999996
0
LINE
8
BLACK
6
CONTINUOUS
10
163.6627009999999984
20
-84.943208999999996
11
163.6870329999999853
21
-84.9594669999999894
0
LINE
8
BLACK
6
CONTINUOUS
10
163.6870329999999853
20
-84.9594669999999894
11
163.7032909999999788
21
-84.9837989999999905
0
LINE
8
BLACK
6
CONTINUOUS
10
163.7032909999999788
20
-84.9837989999999905
11
163.7090000000000032
21
-85.0125000000000028
0
LINE
8
BLACK
6
CONTINUOUS
10
163.7090000000000032
20
-85.0125000000000028
11
163.7090000000000032
21
-85.1624999999999943
0
LINE
8
BLACK
6
CONTINUOUS
10
163.7090000000000032
20
-85.1624999999999943
11
163.7032909999999788
21
-85.1912009999999924
0
LINE
8
BLACK
6
CONTINUOUS
10
163.7032909999999788
20
-85.1912009999999924
11
163.6870329999999853
21
-85.2155329999999935
0
LINE
8
BLACK
6
CONTINUOUS
10
163.6870329999999853
20
-85.2155329999999935
11
163.6627009999999984
21
-85.2317910000000012
0
LINE
8
BLACK
6
CONTINUOUS
10
163.6627009999999984
20
-85.2317910000000012
11
163.6339999999999861
21
-85.2374999999999972
0
LINE
8
BLACK
6
CONTINUOUS
10
163.6339999999999861
20
-85.2374999999999972
11
162.3089999999999975
21
-85.2374999999999972
0
LINE
8
BLACK
6
CONTINUOUS
10
162.3089999999999975
20
-85.2374999999999972
11
162.2802989999999852
21
-85.2317910000000012
0
LINE
8
BLACK
6
CONTINUOUS
10
162.2802989999999852
20
-85.2317910000000012
11
162.2559669999999983
21
-85.2155329999999935
0
LINE
8
BLACK
6
CONTINUOUS
10
162.2559669999999983
20
-85.2155329999999935
11
162.2539400000000001
21
-85.2124999999999915
0
LINE
8
BLACK
6
CONTINUOUS
10
162.2539400000000001
20
-85.2124999999999915
11
160.8851039999999841
21
-85.2124999999999915
0
LINE
8
BLACK
6
CONTINUOUS
10
160.8851039999999841
20
-85.2124999999999915
11
160.8607179999999914
21
-85.2100980000000021
0
LINE
8
BLACK
6
CONTINUOUS
10
160.8607179999999914
20
-85.2100980000000021
11
160.860716999999994
21
-85.2100980000000021
0
LINE
8
BLACK
6
CONTINUOUS
10
160.860716999999994
20
-85.2100980000000021
11
160.8475190000000055
21
-85.204630999999992
0
LINE
8
BLACK
6
CONTINUOUS
10
160.8475190000000055
20
-85.204630999999992
11
160.8156579999999849
21
-85.191434000000001
0
LINE
8
BLACK
6
CONTINUOUS
10
160.8156579999999849
20
-85.191434000000001
11
160.815652
21
-85.1914280000000019
0
LINE
8
BLACK
6
CONTINUOUS
10
160.815652
20
-85.1914280000000019
11
160.7967160000000035
21
-85.1758880000000005
0
LINE
8
BLACK
6
CONTINUOUS
10
160.7967160000000035
20
-85.1758880000000005
11
160.3658279999999934
21
-84.7449999999999903
0
LINE
8
BLACK
6
CONTINUOUS
10
160.3658279999999934
20
-84.7449999999999903
11
159.5039999999999907
21
-84.7449999999999903
0
LINE
8
BLACK
6
CONTINUOUS
10
159.5039999999999907
20
-84.7449999999999903
11
159.479613999999998
21
-84.742598000000001
0
LINE
8
BLACK
6
CONTINUOUS
10
159.479613999999998
20
-84.742598000000001
11
159.4796130000000005
21
-84.742598000000001
0
LINE
8
BLACK
6
CONTINUOUS
10
159.4796130000000005
20
-84.742598000000001
11
159.4577529999999967
21
-84.7335429999999974
0
LINE
8
BLACK
6
CONTINUOUS
10
159.4577529999999967
20
-84.7335429999999974
11
159.4345539999999914
21
-84.7239339999999999
0
LINE
8
BLACK
6
CONTINUOUS
10
159.4345539999999914
20
-84.7239339999999999
11
159.4345480000000066
21
-84.7239280000000008
0
LINE
8
BLACK
6
CONTINUOUS
10
159.4345480000000066
20
-84.7239280000000008
11
159.4156119999999817
21
-84.7083879999999994
0
LINE
8
BLACK
6
CONTINUOUS
10
159.4156119999999817
20
-84.7083879999999994
11
158.2256119999999839
21
-83.5183880000000016
0
LINE
8
BLACK
6
CONTINUOUS
10
158.2256119999999839
20
-83.5183880000000016
11
158.2100709999999992
21
-83.4994509999999934
0
LINE
8
BLACK
6
CONTINUOUS
10
158.2100709999999992
20
-83.4994509999999934
11
158.2100659999999834
21
-83.4994459999999918
0
LINE
8
BLACK
6
CONTINUOUS
10
158.2100659999999834
20
-83.4994459999999918
11
158.1914019999999823
21
-83.4543859999999995
0
LINE
8
BLACK
6
CONTINUOUS
10
158.1914019999999823
20
-83.4543859999999995
11
158.188999999999993
21
-83.4299999999999926
0
LINE
8
BLACK
6
CONTINUOUS
10
158.188999999999993
20
-83.4299999999999926
11
158.188999999999993
21
-82.6799999999999926
0
LINE
8
BLACK
6
CONTINUOUS
10
158.188999999999993
20
-82.6799999999999926
11
158.0139999999999816
21
-82.6799999999999926
0
LINE
8
BLACK
6
CONTINUOUS
10
158.0139999999999816
20
-82.6799999999999926
11
158.0139999999999816
21
-80.5799999999999983
0
LINE
8
BLACK
6
CONTINUOUS
10
158.0139999999999816
20
-80.5799999999999983
11
158.188999999999993
21
-80.5799999999999983
0
LINE
8
BLACK
6
CONTINUOUS
10
158.188999999999993
20
-80.5799999999999983
11
158.188999999999993
21
-77.4140000000000015
0
LINE
8
BLACK
6
CONTINUOUS
10
158.188999999999993
20
-77.4140000000000015
11
158.1914019999999823
21
-77.3896139999999946
0
LINE
8
BLACK
6
CONTINUOUS
10
158.1914019999999823
20
-77.3896139999999946
11
158.193887999999987
21
-77.3836129999999969
0
LINE
8
BLACK
6
CONTINUOUS
10
158.193887999999987
20
-77.3836129999999969
11
158.2028399999999806
21
-77.3619999999999948
0
LINE
8
BLACK
6
CONTINUOUS
10
158.2028399999999806
20
-77.3619999999999948
11
158.2100659999999834
21
-77.3445540000000022
0
LINE
8
BLACK
6
CONTINUOUS
10
158.2100659999999834
20
-77.3445540000000022
11
158.2100709999999992
21
-77.3445480000000032
0
LINE
8
BLACK
6
CONTINUOUS
10
158.2100709999999992
20
-77.3445480000000032
11
158.2256119999999839
21
-77.3256119999999925
0
LINE
8
BLACK
6
CONTINUOUS
10
158.2256119999999839
20
-77.3256119999999925
11
159.1339999999999861
21
-76.4172229999999928
0
LINE
8
BLACK
6
CONTINUOUS
10
159.1339999999999861
20
-76.4172229999999928
11
159.1339999999999861
21
-75.8190000000000026
0
LINE
8
BLACK
6
CONTINUOUS
10
159.1339999999999861
20
-75.8190000000000026
11
159.1520789999999863
21
-75.7281129999999933
0
LINE
8
BLACK
6
CONTINUOUS
10
159.1520789999999863
20
-75.7281129999999933
11
159.2035620000000051
21
-75.651061999999996
0
LINE
8
BLACK
6
CONTINUOUS
10
159.2035620000000051
20
-75.651061999999996
11
159.2806129999999882
21
-75.5995789999999914
0
LINE
8
BLACK
6
CONTINUOUS
10
159.2806129999999882
20
-75.5995789999999914
11
159.3714999999999975
21
-75.5814999999999912
0
LINE
8
BLACK
6
CONTINUOUS
10
159.3714999999999975
20
-75.5814999999999912
11
159.8464999999999918
21
-75.5814999999999912
0
LINE
8
BLACK
6
CONTINUOUS
10
159.8464999999999918
20
-75.5814999999999912
11
159.9373870000000011
21
-75.5995789999999914
0
LINE
8
BLACK
6
CONTINUOUS
10
172.8167080000000055
20
-79.0701839999999976
11
172.9364300000000014
21
-79.1471250000000026
0
LINE
8
BLACK
6
CONTINUOUS
10
172.9364300000000014
20
-79.1471250000000026
11
173.029627000000005
21
-79.2546799999999934
0
LINE
8
BLACK
6
CONTINUOUS
10
173.029627000000005
20
-79.2546799999999934
11
173.0887459999999862
21
-79.3841340000000031
0
LINE
8
BLACK
6
CONTINUOUS
10
173.0887459999999862
20
-79.3841340000000031
11
173.1089999999999804
21
-79.5249999999999915
0
LINE
8
BLACK
6
CONTINUOUS
10
173.1089999999999804
20
-79.5249999999999915
11
173.0887459999999862
21
-79.6658659999999941
0
LINE
8
BLACK
6
CONTINUOUS
10
173.0887459999999862
20
-79.6658659999999941
11
173.0379250000000013
21
-79.7771479999999968
0
LINE
8
BLACK
6
CONTINUOUS
10
173.0379250000000013
20
-79.7771479999999968
11
173.1973889999999869
21
-79.9366119999999967
0
LINE
8
BLACK
6
CONTINUOUS
10
173.1973889999999869
20
-79.9366119999999967
11
173.21293399999999
21
-79.9555539999999922
0
LINE
8
BLACK
6
CONTINUOUS
10
173.21293399999999
20
-79.9555539999999922
11
173.2229829999999993
21
-79.9798159999999996
0
LINE
8
BLACK
6
CONTINUOUS
10
173.2229829999999993
20
-79.9798159999999996
11
173.2315979999999911
21
-80.0006139999999988
0
LINE
8
BLACK
6
CONTINUOUS
10
173.2315979999999911
20
-80.0006139999999988
11
173.2339999999999804
21
-80.0249999999999915
0
LINE
8
BLACK
6
CONTINUOUS
10
173.2339999999999804
20
-80.0249999999999915
11
173.2339999999999804
21
-84.9022080000000017
0
LINE
8
BLACK
6
CONTINUOUS
10
173.2339999999999804
20
-84.9022080000000017
11
173.2315979999999911
21
-84.9265939999999944
0
LINE
8
BLACK
6
CONTINUOUS
10
173.2315979999999911
20
-84.9265939999999944
11
173.2315979999999911
21
-84.9265949999999918
0
LINE
8
BLACK
6
CONTINUOUS
10
173.2315979999999911
20
-84.9265949999999918
11
173.2270809999999983
21
-84.9375
0
LINE
8
BLACK
6
CONTINUOUS
10
173.2270809999999983
20
-84.9375
11
173.21293399999999
21
-84.9716540000000009
0
LINE
8
BLACK
6
CONTINUOUS
10
173.21293399999999
20
-84.9716540000000009
11
173.2129329999999925
21
-84.9716549999999984
0
LINE
8
BLACK
6
CONTINUOUS
10
173.2129329999999925
20
-84.9716549999999984
11
173.1973879999999895
21
-84.990596999999994
0
LINE
8
BLACK
6
CONTINUOUS
10
173.1973879999999895
20
-84.990596999999994
11
173.0120959999999855
21
-85.1758880000000005
0
LINE
8
BLACK
6
CONTINUOUS
10
173.0120959999999855
20
-85.1758880000000005
11
172.9931589999999915
21
-85.1914280000000019
0
LINE
8
BLACK
6
CONTINUOUS
10
172.9931589999999915
20
-85.1914280000000019
11
172.9931540000000041
21
-85.191434000000001
0
LINE
8
BLACK
6
CONTINUOUS
10
172.9931540000000041
20
-85.191434000000001
11
172.961291999999986
21
-85.204630999999992
0
LINE
8
BLACK
6
CONTINUOUS
10
172.961291999999986
20
-85.204630999999992
11
172.948094999999995
21
-85.2100980000000021
0
LINE
8
BLACK
6
CONTINUOUS
10
172.948094999999995
20
-85.2100980000000021
11
172.9480939999999975
21
-85.2100980000000021
0
LINE
8
BLACK
6
CONTINUOUS
10
172.9480939999999975
20
-85.2100980000000021
11
172.9237080000000049
21
-85.2124999999999915
0
LINE
8
BLACK
6
CONTINUOUS
10
172.9237080000000049
20
-85.2124999999999915
11
172.0140600000000006
21
-85.2124999999999915
0
LINE
8
BLACK
6
CONTINUOUS
10
172.0140600000000006
20
-85.2124999999999915
11
172.0120330000000024
21
-85.2155329999999935
0
LINE
8
BLACK
6
CONTINUOUS
10
172.0120330000000024
20
-85.2155329999999935
11
171.9877009999999871
21
-85.2317910000000012
0
LINE
8
BLACK
6
CONTINUOUS
10
171.9877009999999871
20
-85.2317910000000012
11
171.9590000000000032
21
-85.2374999999999972
0
LINE
8
BLACK
6
CONTINUOUS
10
171.9590000000000032
20
-85.2374999999999972
11
170.6339999999999861
21
-85.2374999999999972
0
LINE
8
BLACK
6
CONTINUOUS
10
170.6339999999999861
20
-85.2374999999999972
11
170.6052990000000023
21
-85.2317910000000012
0
LINE
8
BLACK
6
CONTINUOUS
10
170.6052990000000023
20
-85.2317910000000012
11
170.5809669999999869
21
-85.2155329999999935
0
LINE
8
BLACK
6
CONTINUOUS
10
170.5809669999999869
20
-85.2155329999999935
11
170.5647089999999935
21
-85.1912009999999924
0
LINE
8
BLACK
6
CONTINUOUS
10
170.5647089999999935
20
-85.1912009999999924
11
170.5589999999999975
21
-85.1624999999999943
0
LINE
8
BLACK
6
CONTINUOUS
10
170.5589999999999975
20
-85.1624999999999943
11
170.5589999999999975
21
-85.0125000000000028
0
LINE
8
BLACK
6
CONTINUOUS
10
170.5589999999999975
20
-85.0125000000000028
11
170.5647089999999935
21
-84.9837989999999905
0
LINE
8
BLACK
6
CONTINUOUS
10
170.5647089999999935
20
-84.9837989999999905
11
170.5809669999999869
21
-84.9594669999999894
0
LINE
8
BLACK
6
CONTINUOUS
10
170.5809669999999869
20
-84.9594669999999894
11
170.6052990000000023
21
-84.943208999999996
0
LINE
8
BLACK
6
CONTINUOUS
10
170.6052990000000023
20
-84.943208999999996
11
170.6339999999999861
21
-84.9375
0
LINE
8
BLACK
6
CONTINUOUS
10
170.6339999999999861
20
-84.9375
11
171.9590000000000032
21
-84.9375
0
LINE
8
BLACK
6
CONTINUOUS
10
171.9590000000000032
20
-84.9375
11
171.9877009999999871
21
-84.943208999999996
0
LINE
8
BLACK
6
CONTINUOUS
10
171.9877009999999871
20
-84.943208999999996
11
172.0120330000000024
21
-84.9594669999999894
0
LINE
8
BLACK
6
CONTINUOUS
10
172.0120330000000024
20
-84.9594669999999894
11
172.0140600000000006
21
-84.9624999999999915
0
LINE
8
BLACK
6
CONTINUOUS
10
172.0140600000000006
20
-84.9624999999999915
11
172.8719319999999868
21
-84.9624999999999915
0
LINE
8
BLACK
6
CONTINUOUS
10
172.8719319999999868
20
-84.9624999999999915
11
172.9839999999999804
21
-84.8504310000000004
0
LINE
8
BLACK
6
CONTINUOUS
10
172.9839999999999804
20
-84.8504310000000004
11
172.9839999999999804
21
-80.0767759999999953
0
LINE
8
BLACK
6
CONTINUOUS
10
172.9839999999999804
20
-80.0767759999999953
11
172.8595229999999958
21
-79.9522999999999939
0
LINE
8
BLACK
6
CONTINUOUS
10
172.8595229999999958
20
-79.9522999999999939
11
172.8167080000000055
21
-79.9798159999999996
0
LINE
8
BLACK
6
CONTINUOUS
10
172.8167080000000055
20
-79.9798159999999996
11
172.6801569999999799
21
-80.0199109999999934
0
LINE
8
BLACK
6
CONTINUOUS
10
172.6801569999999799
20
-80.0199109999999934
11
172.537842999999981
21
-80.0199109999999934
0
LINE
8
BLACK
6
CONTINUOUS
10
172.537842999999981
20
-80.0199109999999934
11
172.4012919999999838
21
-79.9798159999999996
0
LINE
8
BLACK
6
CONTINUOUS
10
172.4012919999999838
20
-79.9798159999999996
11
172.2815699999999879
21
-79.9028749999999945
0
LINE
8
BLACK
6
CONTINUOUS
10
172.2815699999999879
20
-79.9028749999999945
11
172.1883729999999844
21
-79.7953199999999896
0
LINE
8
BLACK
6
CONTINUOUS
10
172.1883729999999844
20
-79.7953199999999896
11
172.1292540000000031
21
-79.6658659999999941
0
LINE
8
BLACK
6
CONTINUOUS
10
172.1292540000000031
20
-79.6658659999999941
11
172.1089999999999804
21
-79.5249999999999915
0
LINE
8
BLACK
6
CONTINUOUS
10
172.1089999999999804
20
-79.5249999999999915
11
172.1292540000000031
21
-79.3841340000000031
0
LINE
8
BLACK
6
CONTINUOUS
10
172.1292540000000031
20
-79.3841340000000031
11
172.1883729999999844
21
-79.2546799999999934
0
LINE
8
BLACK
6
CONTINUOUS
10
172.1883729999999844
20
-79.2546799999999934
11
172.2815699999999879
21
-79.1471250000000026
0
LINE
8
BLACK
6
CONTINUOUS
10
172.2815699999999879
20
-79.1471250000000026
11
172.4012919999999838
21
-79.0701839999999976
0
LINE
8
BLACK
6
CONTINUOUS
10
172.4012919999999838
20
-79.0701839999999976
11
172.537842999999981
21
-79.0300889999999896
0
LINE
8
BLACK
6
CONTINUOUS
10
172.537842999999981
20
-79.0300889999999896
11
172.6801569999999799
21
-79.0300889999999896
0
LINE
8
BLACK
6
CONTINUOUS
10
172.6801569999999799
20
-79.0300889999999896
11
172.8167080000000055
21
-79.0701839999999976
0
LINE
8
BLACK
6
CONTINUOUS
10
175.6796709999999848
20
-80.9815299999999922
11
175.7607769999999903
21
-81.0357229999999902
0
LINE
8
BLACK
6
CONTINUOUS
10
175.7607769999999903
20
-81.0357229999999902
11
175.8149699999999882
21
-81.1168289999999956
0
LINE
8
BLACK
6
CONTINUOUS
10
175.8149699999999882
20
-81.1168289999999956
11
175.8340000000000032
21
-81.2124999999999915
0
LINE
8
BLACK
6
CONTINUOUS
10
175.8340000000000032
20
-81.2124999999999915
11
175.8340000000000032
21
-81.9124999999999943
0
LINE
8
BLACK
6
CONTINUOUS
10
175.8340000000000032
20
-81.9124999999999943
11
175.8149699999999882
21
-82.0081709999999902
0
LINE
8
BLACK
6
CONTINUOUS
10
175.8149699999999882
20
-82.0081709999999902
11
175.7607769999999903
21
-82.0892769999999956
0
LINE
8
BLACK
6
CONTINUOUS
10
175.7607769999999903
20
-82.0892769999999956
11
175.6796709999999848
21
-82.1434699999999935
0
LINE
8
BLACK
6
CONTINUOUS
10
175.6796709999999848
20
-82.1434699999999935
11
175.5840000000000032
21
-82.1624999999999943
0
LINE
8
BLACK
6
CONTINUOUS
10
175.5840000000000032
20
-82.1624999999999943
11
175.2589999999999861
21
-82.1624999999999943
0
LINE
8
BLACK
6
CONTINUOUS
10
175.2589999999999861
20
-82.1624999999999943
11
175.2589999999999861
21
-82.3107229999999959
0
LINE
8
BLACK
6
CONTINUOUS
10
175.2589999999999861
20
-82.3107229999999959
11
175.6107769999999846
21
-82.6624999999999943
0
LINE
8
BLACK
6
CONTINUOUS
10
175.6107769999999846
20
-82.6624999999999943
11
175.9714999999999918
21
-82.6624999999999943
0
LINE
8
BLACK
6
CONTINUOUS
10
175.9714999999999918
20
-82.6624999999999943
11
175.9714999999999918
21
-82.5499999999999972
0
LINE
8
BLACK
6
CONTINUOUS
10
175.9714999999999918
20
-82.5499999999999972
11
175.989578999999992
21
-82.4591130000000021
0
LINE
8
BLACK
6
CONTINUOUS
10
175.989578999999992
20
-82.4591130000000021
11
176.0410619999999824
21
-82.3820619999999906
0
LINE
8
BLACK
6
CONTINUOUS
10
176.0410619999999824
20
-82.3820619999999906
11
176.1181129999999939
21
-82.3305790000000002
0
LINE
8
BLACK
6
CONTINUOUS
10
176.1181129999999939
20
-82.3305790000000002
11
176.2090000000000032
21
-82.3125
0
LINE
8
BLACK
6
CONTINUOUS
10
176.2090000000000032
20
-82.3125
11
176.8072239999999908
21
-82.3125
0
LINE
8
BLACK
6
CONTINUOUS
10
176.8072239999999908
20
-82.3125
11
177.2206119999999885
21
-81.8991120000000024
0
LINE
8
BLACK
6
CONTINUOUS
10
177.2206119999999885
20
-81.8991120000000024
11
177.239547999999985
21
-81.8835709999999892
0
LINE
8
BLACK
6
CONTINUOUS
10
177.239547999999985
20
-81.8835709999999892
11
177.2395539999999983
21
-81.8835660000000018
0
LINE
8
BLACK
6
CONTINUOUS
10
177.2395539999999983
20
-81.8835660000000018
11
177.2714149999999904
21
-81.8703679999999991
0
LINE
8
BLACK
6
CONTINUOUS
10
177.2714149999999904
20
-81.8703679999999991
11
177.2846129999999789
21
-81.8649020000000007
0
LINE
8
BLACK
6
CONTINUOUS
10
177.2846129999999789
20
-81.8649020000000007
11
177.2846140000000048
21
-81.8649020000000007
0
LINE
8
BLACK
6
CONTINUOUS
10
177.2846140000000048
20
-81.8649020000000007
11
177.3089999999999975
21
-81.8624999999999972
0
LINE
8
BLACK
6
CONTINUOUS
10
177.3089999999999975
20
-81.8624999999999972
11
178.7735759999999914
21
-81.8624999999999972
0
LINE
8
BLACK
6
CONTINUOUS
10
178.7735759999999914
20
-81.8624999999999972
11
178.7979619999999841
21
-81.8649020000000007
0
LINE
8
BLACK
6
CONTINUOUS
10
178.7979619999999841
20
-81.8649020000000007
11
178.7979629999999815
21
-81.8649020000000007
0
LINE
8
BLACK
6
CONTINUOUS
10
178.7979629999999815
20
-81.8649020000000007
11
178.811160000000001
21
-81.8703679999999991
0
LINE
8
BLACK
6
CONTINUOUS
10
178.811160000000001
20
-81.8703679999999991
11
178.8430219999999906
21
-81.8835660000000018
0
LINE
8
BLACK
6
CONTINUOUS
10
178.8430219999999906
20
-81.8835660000000018
11
178.843026999999978
21
-81.8835709999999892
0
LINE
8
BLACK
6
CONTINUOUS
10
178.843026999999978
20
-81.8835709999999892
11
178.8619640000000004
21
-81.8991120000000024
0
LINE
8
BLACK
6
CONTINUOUS
10
178.8619640000000004
20
-81.8991120000000024
11
179.1848889999999983
21
-82.2220360000000028
0
LINE
8
BLACK
6
CONTINUOUS
10
179.1848889999999983
20
-82.2220360000000028
11
179.2004340000000013
21
-82.2409779999999984
0
LINE
8
BLACK
6
CONTINUOUS
10
179.2004340000000013
20
-82.2409779999999984
11
179.2190989999999999
21
-82.2860379999999907
0
LINE
8
BLACK
6
CONTINUOUS
10
179.2190989999999999
20
-82.2860379999999907
11
179.2190989999999999
21
-82.2860479999999939
0
LINE
8
BLACK
6
CONTINUOUS
10
179.2190989999999999
20
-82.2860479999999939
11
179.2214999999999918
21
-82.3104239999999976
0
LINE
8
BLACK
6
CONTINUOUS
10
179.2214999999999918
20
-82.3104239999999976
11
179.2214999999999918
21
-83.75
0
LINE
8
BLACK
6
CONTINUOUS
10
179.2214999999999918
20
-83.75
11
179.2190980000000025
21
-83.7743859999999927
0
LINE
8
BLACK
6
CONTINUOUS
10
179.2190980000000025
20
-83.7743859999999927
11
179.2004340000000013
21
-83.8194459999999992
0
LINE
8
BLACK
6
CONTINUOUS
10
179.2004340000000013
20
-83.8194459999999992
11
179.2004279999999881
21
-83.8194510000000008
0
LINE
8
BLACK
6
CONTINUOUS
10
179.2004279999999881
20
-83.8194510000000008
11
179.1848880000000008
21
-83.8383879999999948
0
LINE
8
BLACK
6
CONTINUOUS
10
179.1848880000000008
20
-83.8383879999999948
11
178.6339999999999861
21
-84.3892759999999953
0
LINE
8
BLACK
6
CONTINUOUS
10
178.6339999999999861
20
-84.3892759999999953
11
178.6339999999999861
21
-85.0249999999999915
0
LINE
8
BLACK
6
CONTINUOUS
10
178.6339999999999861
20
-85.0249999999999915
11
178.6225819999999942
21
-85.0824029999999993
0
LINE
8
BLACK
6
CONTINUOUS
10
178.6225819999999942
20
-85.0824029999999993
11
178.5900659999999789
21
-85.1310659999999899
0
LINE
8
BLACK
6
CONTINUOUS
10
178.5900659999999789
20
-85.1310659999999899
11
178.5414030000000025
21
-85.163581999999991
0
LINE
8
BLACK
6
CONTINUOUS
10
178.5414030000000025
20
-85.163581999999991
11
178.4839999999999804
21
-85.1749999999999972
0
LINE
8
BLACK
6
CONTINUOUS
10
178.4839999999999804
20
-85.1749999999999972
11
178.1839999999999975
21
-85.1749999999999972
0
LINE
8
BLACK
6
CONTINUOUS
10
178.1839999999999975
20
-85.1749999999999972
11
178.1265970000000038
21
-85.163581999999991
0
LINE
8
BLACK
6
CONTINUOUS
10
178.1265970000000038
20
-85.163581999999991
11
178.0779339999999991
21
-85.1310659999999899
0
LINE
8
BLACK
6
CONTINUOUS
10
178.0779339999999991
20
-85.1310659999999899
11
178.0454179999999837
21
-85.0824029999999993
0
LINE
8
BLACK
6
CONTINUOUS
10
178.0454179999999837
20
-85.0824029999999993
11
178.0339999999999918
21
-85.0249999999999915
0
LINE
8
BLACK
6
CONTINUOUS
10
178.0339999999999918
20
-85.0249999999999915
11
178.0339999999999918
21
-84.
0
LINE
8
BLACK
6
CONTINUOUS
10
178.0339999999999918
20
-84.
11
178.0454179999999837
21
-83.9425969999999921
0
LINE
8
BLACK
6
CONTINUOUS
10
178.0454179999999837
20
-83.9425969999999921
11
178.0779339999999991
21
-83.8939340000000016
0
LINE
8
BLACK
6
CONTINUOUS
10
178.0779339999999991
20
-83.8939340000000016
11
178.1265970000000038
21
-83.8614180000000005
0
LINE
8
BLACK
6
CONTINUOUS
10
178.1265970000000038
20
-83.8614180000000005
11
178.1839999999999975
21
-83.8499999999999943
0
LINE
8
BLACK
6
CONTINUOUS
10
178.1839999999999975
20
-83.8499999999999943
11
178.4839999999999804
21
-83.8499999999999943
0
LINE
8
BLACK
6
CONTINUOUS
10
178.4839999999999804
20
-83.8499999999999943
11
178.5414030000000025
21
-83.8614180000000005
0
LINE
8
BLACK
6
CONTINUOUS
10
178.5414030000000025
20
-83.8614180000000005
11
178.5900659999999789
21
-83.8939340000000016
0
LINE
8
BLACK
6
CONTINUOUS
10
178.5900659999999789
20
-83.8939340000000016
11
178.6225819999999942
21
-83.9425969999999921
0
LINE
8
BLACK
6
CONTINUOUS
10
178.6225819999999942
20
-83.9425969999999921
11
178.6339999999999861
21
-84.
0
LINE
8
BLACK
6
CONTINUOUS
10
178.6339999999999861
20
-84.
11
178.6339999999999861
21
-84.0357240000000019
0
LINE
8
BLACK
6
CONTINUOUS
10
178.6339999999999861
20
-84.0357240000000019
11
178.9714999999999918
21
-83.6982239999999962
0
LINE
8
BLACK
6
CONTINUOUS
10
178.9714999999999918
20
-83.6982239999999962
11
178.9714999999999918
21
-82.3622000000000014
0
LINE
8
BLACK
6
CONTINUOUS
10
178.9714999999999918
20
-82.3622000000000014
11
178.7218000000000018
21
-82.1124999999999972
0
LINE
8
BLACK
6
CONTINUOUS
10
178.7218000000000018
20
-82.1124999999999972
11
177.3607759999999871
21
-82.1124999999999972
0
LINE
8
BLACK
6
CONTINUOUS
10
177.3607759999999871
20
-82.1124999999999972
11
177.0227099999999893
21
-82.4505649999999974
0
LINE
8
BLACK
6
CONTINUOUS
10
177.0227099999999893
20
-82.4505649999999974
11
177.0284209999999803
21
-82.4591130000000021
0
LINE
8
BLACK
6
CONTINUOUS
10
177.0284209999999803
20
-82.4591130000000021
11
177.0464999999999804
21
-82.5499999999999972
0
LINE
8
BLACK
6
CONTINUOUS
10
177.0464999999999804
20
-82.5499999999999972
11
177.0464999999999804
21
-83.0249999999999915
0
LINE
8
BLACK
6
CONTINUOUS
10
177.0464999999999804
20
-83.0249999999999915
11
177.0284209999999803
21
-83.1158870000000007
0
LINE
8
BLACK
6
CONTINUOUS
10
177.0284209999999803
20
-83.1158870000000007
11
176.9769379999999899
21
-83.1929379999999981
0
LINE
8
BLACK
6
CONTINUOUS
10
176.9769379999999899
20
-83.1929379999999981
11
176.8998869999999783
21
-83.2444210000000027
0
LINE
8
BLACK
6
CONTINUOUS
10
176.8998869999999783
20
-83.2444210000000027
11
176.8089999999999975
21
-83.2625000000000028
0
LINE
8
BLACK
6
CONTINUOUS
10
176.8089999999999975
20
-83.2625000000000028
11
176.5589999999999975
21
-83.2625000000000028
0
LINE
8
BLACK
6
CONTINUOUS
10
176.5589999999999975
20
-83.2625000000000028
11
176.5589999999999975
21
-83.8474999999999966
0
LINE
8
BLACK
6
CONTINUOUS
10
176.5589999999999975
20
-83.8474999999999966
11
176.5840000000000032
21
-83.8474999999999966
0
LINE
8
BLACK
6
CONTINUOUS
10
176.5840000000000032
20
-83.8474999999999966
11
176.6414029999999968
21
-83.8589180000000027
0
LINE
8
BLACK
6
CONTINUOUS
10
176.6414029999999968
20
-83.8589180000000027
11
176.6900660000000016
21
-83.8914339999999896
0
LINE
8
BLACK
6
CONTINUOUS
10
176.6900660000000016
20
-83.8914339999999896
11
176.7225819999999885
21
-83.9400969999999944
0
LINE
8
BLACK
6
CONTINUOUS
10
176.7225819999999885
20
-83.9400969999999944
11
176.7339999999999804
21
-83.9975000000000023
0
LINE
8
BLACK
6
CONTINUOUS
10
176.7339999999999804
20
-83.9975000000000023
11
176.7339999999999804
21
-84.
0
LINE
8
BLACK
6
CONTINUOUS
10
176.7339999999999804
20
-84.
11
176.7339999999999804
21
-85.0249999999999915
0
LINE
8
BLACK
6
CONTINUOUS
10
176.7339999999999804
20
-85.0249999999999915
11
176.7225819999999885
21
-85.0824029999999993
0
LINE
8
BLACK
6
CONTINUOUS
10
176.7225819999999885
20
-85.0824029999999993
11
176.6900660000000016
21
-85.1310659999999899
0
LINE
8
BLACK
6
CONTINUOUS
10
176.6900660000000016
20
-85.1310659999999899
11
176.6414029999999968
21
-85.163581999999991
0
LINE
8
BLACK
6
CONTINUOUS
10
176.6414029999999968
20
-85.163581999999991
11
176.5840000000000032
21
-85.1749999999999972
0
LINE
8
BLACK
6
CONTINUOUS
10
176.5840000000000032
20
-85.1749999999999972
11
176.2839999999999918
21
-85.1749999999999972
0
LINE
8
BLACK
6
CONTINUOUS
10
176.2839999999999918
20
-85.1749999999999972
11
176.2265969999999982
21
-85.163581999999991
0
LINE
8
BLACK
6
CONTINUOUS
10
176.2265969999999982
20
-85.163581999999991
11
176.1779339999999934
21
-85.1310659999999899
0
LINE
8
BLACK
6
CONTINUOUS
10
176.1779339999999934
20
-85.1310659999999899
11
176.1454179999999781
21
-85.0824029999999993
0
LINE
8
BLACK
6
CONTINUOUS
10
176.1454179999999781
20
-85.0824029999999993
11
176.1339999999999861
21
-85.0249999999999915
0
LINE
8
BLACK
6
CONTINUOUS
10
176.1339999999999861
20
-85.0249999999999915
11
176.1339999999999861
21
-84.
0
LINE
8
BLACK
6
CONTINUOUS
10
176.1339999999999861
20
-84.
11
176.1339999999999861
21
-83.9975000000000023
0
LINE
8
BLACK
6
CONTINUOUS
10
176.1339999999999861
20
-83.9975000000000023
11
176.1454179999999781
21
-83.9400969999999944
0
LINE
8
BLACK
6
CONTINUOUS
10
176.1454179999999781
20
-83.9400969999999944
11
176.1779339999999934
21
-83.8914339999999896
0
LINE
8
BLACK
6
CONTINUOUS
10
176.1779339999999934
20
-83.8914339999999896
11
176.2265969999999982
21
-83.8589180000000027
0
LINE
8
BLACK
6
CONTINUOUS
10
176.2265969999999982
20
-83.8589180000000027
11
176.2839999999999918
21
-83.8474999999999966
0
LINE
8
BLACK
6
CONTINUOUS
10
176.2839999999999918
20
-83.8474999999999966
11
176.3089999999999975
21
-83.8474999999999966
0
LINE
8
BLACK
6
CONTINUOUS
10
176.3089999999999975
20
-83.8474999999999966
11
176.3089999999999975
21
-83.2625000000000028
0
LINE
8
BLACK
6
CONTINUOUS
10
176.3089999999999975
20
-83.2625000000000028
11
176.2090000000000032
21
-83.2625000000000028
0
LINE
8
BLACK
6
CONTINUOUS
10
176.2090000000000032
20
-83.2625000000000028
11
176.1181129999999939
21
-83.2444210000000027
0
LINE
8
BLACK
6
CONTINUOUS
10
176.1181129999999939
20
-83.2444210000000027
11
176.0410619999999824
21
-83.1929379999999981
0
LINE
8
BLACK
6
CONTINUOUS
10
176.0410619999999824
20
-83.1929379999999981
11
175.989578999999992
21
-83.1158870000000007
0
LINE
8
BLACK
6
CONTINUOUS
10
175.989578999999992
20
-83.1158870000000007
11
175.9714999999999918
21
-83.0249999999999915
0
LINE
8
BLACK
6
CONTINUOUS
10
175.9714999999999918
20
-83.0249999999999915
11
175.9714999999999918
21
-82.9124999999999943
0
LINE
8
BLACK
6
CONTINUOUS
10
175.9714999999999918
20
-82.9124999999999943
11
175.5589999999999975
21
-82.9124999999999943
0
LINE
8
BLACK
6
CONTINUOUS
10
175.5589999999999975
20
-82.9124999999999943
11
175.5346140000000048
21
-82.9100979999999907
0
LINE
8
BLACK
6
CONTINUOUS
10
175.5346140000000048
20
-82.9100979999999907
11
175.5346129999999789
21
-82.9100979999999907
0
LINE
8
BLACK
6
CONTINUOUS
10
175.5346129999999789
20
-82.9100979999999907
11
175.4895539999999983
21
-82.8914339999999896
0
LINE
8
BLACK
6
CONTINUOUS
10
175.4895539999999983
20
-82.8914339999999896
11
175.4706119999999885
21
-82.8758890000000008
0
LINE
8
BLACK
6
CONTINUOUS
10
175.4706119999999885
20
-82.8758890000000008
11
175.0456120000000055
21
-82.450887999999992
0
LINE
8
BLACK
6
CONTINUOUS
10
175.0456120000000055
20
-82.450887999999992
11
175.0300709999999924
21
-82.431950999999998
0
LINE
8
BLACK
6
CONTINUOUS
10
175.0300709999999924
20
-82.431950999999998
11
175.030066000000005
21
-82.4319459999999964
0
LINE
8
BLACK
6
CONTINUOUS
10
175.030066000000005
20
-82.4319459999999964
11
175.0114020000000039
21
-82.3868859999999898
0
LINE
8
BLACK
6
CONTINUOUS
10
175.0114020000000039
20
-82.3868859999999898
11
175.0089999999999861
21
-82.3624999999999972
0
LINE
8
BLACK
6
CONTINUOUS
10
175.0089999999999861
20
-82.3624999999999972
11
175.0089999999999861
21
-82.1624999999999943
0
LINE
8
BLACK
6
CONTINUOUS
10
175.0089999999999861
20
-82.1624999999999943
11
174.6839999999999975
21
-82.1624999999999943
0
LINE
8
BLACK
6
CONTINUOUS
10
174.6839999999999975
20
-82.1624999999999943
11
174.5883289999999874
21
-82.1434699999999935
0
LINE
8
BLACK
6
CONTINUOUS
10
174.5883289999999874
20
-82.1434699999999935
11
174.507222999999982
21
-82.0892769999999956
0
LINE
8
BLACK
6
CONTINUOUS
10
174.507222999999982
20
-82.0892769999999956
11
174.4530299999999841
21
-82.0081709999999902
0
LINE
8
BLACK
6
CONTINUOUS
10
174.4530299999999841
20
-82.0081709999999902
11
174.4339999999999975
21
-81.9124999999999943
0
LINE
8
BLACK
6
CONTINUOUS
10
174.4339999999999975
20
-81.9124999999999943
11
174.4339999999999975
21
-81.2124999999999915
0
LINE
8
BLACK
6
CONTINUOUS
10
174.4339999999999975
20
-81.2124999999999915
11
174.4530299999999841
21
-81.1168289999999956
0
LINE
8
BLACK
6
CONTINUOUS
10
174.4530299999999841
20
-81.1168289999999956
11
174.507222999999982
21
-81.0357229999999902
0
LINE
8
BLACK
6
CONTINUOUS
10
174.507222999999982
20
-81.0357229999999902
11
174.5883289999999874
21
-80.9815299999999922
0
LINE
8
BLACK
6
CONTINUOUS
10
174.5883289999999874
20
-80.9815299999999922
11
174.6839999999999975
21
-80.9624999999999915
0
LINE
8
BLACK
6
CONTINUOUS
10
174.6839999999999975
20
-80.9624999999999915
11
175.5840000000000032
21
-80.9624999999999915
0
LINE
8
BLACK
6
CONTINUOUS
10
175.5840000000000032
20
-80.9624999999999915
11
175.6796709999999848
21
-80.9815299999999922
0
LINE
8
BLACK
6
CONTINUOUS
10
160.4223869999999863
20
-81.0655789999999996
11
160.4994379999999978
21
-81.11706199999999
0
LINE
8
BLACK
6
CONTINUOUS
10
160.4994379999999978
20
-81.11706199999999
11
160.5509209999999882
21
-81.1941130000000015
0
LINE
8
BLACK
6
CONTINUOUS
10
160.5509209999999882
20
-81.1941130000000015
11
160.5689999999999884
21
-81.2849999999999966
0
LINE
8
BLACK
6
CONTINUOUS
10
160.5689999999999884
20
-81.2849999999999966
11
160.5689999999999884
21
-81.7849999999999966
0
LINE
8
BLACK
6
CONTINUOUS
10
160.5689999999999884
20
-81.7849999999999966
11
160.5509209999999882
21
-81.8758869999999916
0
LINE
8
BLACK
6
CONTINUOUS
10
160.5509209999999882
20
-81.8758869999999916
11
160.4994379999999978
21
-81.9529380000000032
0
LINE
8
BLACK
6
CONTINUOUS
10
160.4994379999999978
20
-81.9529380000000032
11
160.4223869999999863
21
-82.0044209999999936
0
LINE
8
BLACK
6
CONTINUOUS
10
160.4223869999999863
20
-82.0044209999999936
11
160.3315000000000055
21
-82.0224999999999937
0
LINE
8
BLACK
6
CONTINUOUS
10
160.3315000000000055
20
-82.0224999999999937
11
159.8564999999999827
21
-82.0224999999999937
0
LINE
8
BLACK
6
CONTINUOUS
10
159.8564999999999827
20
-82.0224999999999937
11
159.795423999999997
21
-82.010351
0
LINE
8
BLACK
6
CONTINUOUS
10
159.795423999999997
20
-82.010351
11
159.7889999999999873
21
-82.016775999999993
0
LINE
8
BLACK
6
CONTINUOUS
10
159.7889999999999873
20
-82.016775999999993
11
159.7889999999999873
21
-82.7508979999999923
0
LINE
8
BLACK
6
CONTINUOUS
10
159.7889999999999873
20
-82.7508979999999923
11
159.8717079999999839
21
-82.7751839999999959
0
LINE
8
BLACK
6
CONTINUOUS
10
159.8717079999999839
20
-82.7751839999999959
11
159.9914299999999798
21
-82.8521250000000009
0
LINE
8
BLACK
6
CONTINUOUS
10
159.9914299999999798
20
-82.8521250000000009
11
160.0846269999999834
21
-82.9596799999999917
0
LINE
8
BLACK
6
CONTINUOUS
10
160.0846269999999834
20
-82.9596799999999917
11
160.143745999999993
21
-83.0891340000000014
0
LINE
8
BLACK
6
CONTINUOUS
10
160.143745999999993
20
-83.0891340000000014
11
160.1639999999999873
21
-83.2299999999999898
0
LINE
8
BLACK
6
CONTINUOUS
10
160.1639999999999873
20
-83.2299999999999898
11
160.143745999999993
21
-83.3708659999999924
0
LINE
8
BLACK
6
CONTINUOUS
10
160.143745999999993
20
-83.3708659999999924
11
160.0929249999999797
21
-83.4821489999999926
0
LINE
8
BLACK
6
CONTINUOUS
10
160.0929249999999797
20
-83.4821489999999926
11
161.0732759999999928
21
-84.4624999999999915
0
LINE
8
BLACK
6
CONTINUOUS
10
161.0732759999999928
20
-84.4624999999999915
11
162.2539400000000001
21
-84.4624999999999915
0
LINE
8
BLACK
6
CONTINUOUS
10
162.2539400000000001
20
-84.4624999999999915
11
162.2559669999999983
21
-84.4594669999999894
0
LINE
8
BLACK
6
CONTINUOUS
10
162.2559669999999983
20
-84.4594669999999894
11
162.2802989999999852
21
-84.443208999999996
0
LINE
8
BLACK
6
CONTINUOUS
10
162.2802989999999852
20
-84.443208999999996
11
162.3089999999999975
21
-84.4375
0
LINE
8
BLACK
6
CONTINUOUS
10
162.3089999999999975
20
-84.4375
11
163.6339999999999861
21
-84.4375
0
LINE
8
BLACK
6
CONTINUOUS
10
163.6339999999999861
20
-84.4375
11
163.6627009999999984
21
-84.443208999999996
0
LINE
8
BLACK
6
CONTINUOUS
10
163.6627009999999984
20
-84.443208999999996
11
163.6870329999999853
21
-84.4594669999999894
0
LINE
8
BLACK
6
CONTINUOUS
10
163.6870329999999853
20
-84.4594669999999894
11
163.7032909999999788
21
-84.4837989999999905
0
LINE
8
BLACK
6
CONTINUOUS
10
163.7032909999999788
20
-84.4837989999999905
11
163.7090000000000032
21
-84.5125000000000028
0
LINE
8
BLACK
6
CONTINUOUS
10
163.7090000000000032
20
-84.5125000000000028
11
163.7090000000000032
21
-84.6624999999999943
0
LINE
8
BLACK
6
CONTINUOUS
10
163.7090000000000032
20
-84.6624999999999943
11
163.7032909999999788
21
-84.6912009999999924
0
LINE
8
BLACK
6
CONTINUOUS
10
163.7032909999999788
20
-84.6912009999999924
11
163.6870329999999853
21
-84.7155329999999935
0
LINE
8
BLACK
6
CONTINUOUS
10
163.6870329999999853
20
-84.7155329999999935
11
163.6627009999999984
21
-84.7317910000000012
0
LINE
8
BLACK
6
CONTINUOUS
10
163.6627009999999984
20
-84.7317910000000012
11
163.6339999999999861
21
-84.7374999999999972
0
LINE
8
BLACK
6
CONTINUOUS
10
163.6339999999999861
20
-84.7374999999999972
11
162.3089999999999975
21
-84.7374999999999972
0
LINE
8
BLACK
6
CONTINUOUS
10
162.3089999999999975
20
-84.7374999999999972
11
162.2802989999999852
21
-84.7317910000000012
0
LINE
8
BLACK
6
CONTINUOUS
10
162.2802989999999852
20
-84.7317910000000012
11
162.2559669999999983
21
-84.7155329999999935
0
LINE
8
BLACK
6
CONTINUOUS
10
162.2559669999999983
20
-84.7155329999999935
11
162.2539400000000001
21
-84.7124999999999915
0
LINE
8
BLACK
6
CONTINUOUS
10
162.2539400000000001
20
-84.7124999999999915
11
161.0215000000000032
21
-84.7124999999999915
0
LINE
8
BLACK
6
CONTINUOUS
10
161.0215000000000032
20
-84.7124999999999915
11
160.9971139999999821
21
-84.7100980000000021
0
LINE
8
BLACK
6
CONTINUOUS
10
160.9971139999999821
20
-84.7100980000000021
11
160.9971129999999846
21
-84.7100980000000021
0
LINE
8
BLACK
6
CONTINUOUS
10
160.9971129999999846
20
-84.7100980000000021
11
160.9839149999999961
21
-84.704630999999992
0
LINE
8
BLACK
6
CONTINUOUS
10
160.9839149999999961
20
-84.704630999999992
11
160.952054000000004
21
-84.691434000000001
0
LINE
8
BLACK
6
CONTINUOUS
10
160.952054000000004
20
-84.691434000000001
11
160.9520479999999907
21
-84.6914280000000019
0
LINE
8
BLACK
6
CONTINUOUS
10
160.9520479999999907
20
-84.6914280000000019
11
160.9331119999999942
21
-84.6758880000000005
0
LINE
8
BLACK
6
CONTINUOUS
10
160.9331119999999942
20
-84.6758880000000005
11
159.9145230000000026
21
-83.6572989999999947
0
LINE
8
BLACK
6
CONTINUOUS
10
159.9145230000000026
20
-83.6572989999999947
11
159.8717079999999839
21
-83.6848159999999979
0
LINE
8
BLACK
6
CONTINUOUS
10
159.8717079999999839
20
-83.6848159999999979
11
159.7351569999999867
21
-83.7249109999999916
0
LINE
8
BLACK
6
CONTINUOUS
10
159.7351569999999867
20
-83.7249109999999916
11
159.5928429999999878
21
-83.7249109999999916
0
LINE
8
BLACK
6
CONTINUOUS
10
159.5928429999999878
20
-83.7249109999999916
11
159.4562919999999906
21
-83.6848159999999979
0
LINE
8
BLACK
6
CONTINUOUS
10
159.4562919999999906
20
-83.6848159999999979
11
159.3365699999999947
21
-83.6078749999999928
0
LINE
8
BLACK
6
CONTINUOUS
10
159.3365699999999947
20
-83.6078749999999928
11
159.2433729999999912
21
-83.5003200000000021
0
LINE
8
BLACK
6
CONTINUOUS
10
159.2433729999999912
20
-83.5003200000000021
11
159.1842539999999815
21
-83.3708659999999924
0
LINE
8
BLACK
6
CONTINUOUS
10
159.1842539999999815
20
-83.3708659999999924
11
159.1639999999999873
21
-83.2299999999999898
0
LINE
8
BLACK
6
CONTINUOUS
10
159.1639999999999873
20
-83.2299999999999898
11
159.1842539999999815
21
-83.0891340000000014
0
LINE
8
BLACK
6
CONTINUOUS
10
159.1842539999999815
20
-83.0891340000000014
11
159.2433729999999912
21
-82.9596799999999917
0
LINE
8
BLACK
6
CONTINUOUS
10
159.2433729999999912
20
-82.9596799999999917
11
159.3365699999999947
21
-82.8521250000000009
0
LINE
8
BLACK
6
CONTINUOUS
10
159.3365699999999947
20
-82.8521250000000009
11
159.4562919999999906
21
-82.7751839999999959
0
LINE
8
BLACK
6
CONTINUOUS
10
159.4562919999999906
20
-82.7751839999999959
11
159.5389999999999873
21
-82.7508979999999923
0
LINE
8
BLACK
6
CONTINUOUS
10
159.5389999999999873
20
-82.7508979999999923
11
159.5389999999999873
21
-81.9649999999999892
0
LINE
8
BLACK
6
CONTINUOUS
10
159.5389999999999873
20
-81.9649999999999892
11
159.541402000000005
21
-81.9406139999999965
0
LINE
8
BLACK
6
CONTINUOUS
10
159.541402000000005
20
-81.9406139999999965
11
159.5600660000000062
21
-81.89555399999999
0
LINE
8
BLACK
6
CONTINUOUS
10
159.5600660000000062
20
-81.89555399999999
11
159.5600709999999935
21
-81.8955479999999909
0
LINE
8
BLACK
6
CONTINUOUS
10
159.5600709999999935
20
-81.8955479999999909
11
159.5756120000000067
21
-81.8766119999999944
0
LINE
8
BLACK
6
CONTINUOUS
10
159.5756120000000067
20
-81.8766119999999944
11
159.6270009999999786
21
-81.8252219999999966
0
LINE
8
BLACK
6
CONTINUOUS
10
159.6270009999999786
20
-81.8252219999999966
11
159.6189999999999998
21
-81.7849999999999966
0
LINE
8
BLACK
6
CONTINUOUS
10
159.6189999999999998
20
-81.7849999999999966
11
159.6189999999999998
21
-81.2849999999999966
0
LINE
8
BLACK
6
CONTINUOUS
10
159.6189999999999998
20
-81.2849999999999966
11
159.637079
21
-81.1941130000000015
0
LINE
8
BLACK
6
CONTINUOUS
10
159.637079
20
-81.1941130000000015
11
159.6885619999999903
21
-81.11706199999999
0
LINE
8
BLACK
6
CONTINUOUS
10
159.6885619999999903
20
-81.11706199999999
11
159.7656130000000019
21
-81.0655789999999996
0
LINE
8
BLACK
6
CONTINUOUS
10
159.7656130000000019
20
-81.0655789999999996
11
159.8564999999999827
21
-81.0474999999999994
0
LINE
8
BLACK
6
CONTINUOUS
10
159.8564999999999827
20
-81.0474999999999994
11
160.3315000000000055
21
-81.0474999999999994
0
LINE
8
BLACK
6
CONTINUOUS
10
160.3315000000000055
20
-81.0474999999999994
11
160.4223869999999863
21
-81.0655789999999996
0
LINE
8
BLACK
6
CONTINUOUS
10
161.5917079999999828
20
-82.4451839999999976
11
161.7114299999999787
21
-82.5221250000000026
0
LINE
8
BLACK
6
CONTINUOUS
10
161.7114299999999787
20
-82.5221250000000026
11
161.8046269999999822
21
-82.6296799999999934
0
LINE
8
BLACK
6
CONTINUOUS
10
161.8046269999999822
20
-82.6296799999999934
11
161.8637459999999919
21
-82.7591340000000031
0
LINE
8
BLACK
6
CONTINUOUS
10
161.8637459999999919
20
-82.7591340000000031
11
161.8711439999999868
21
-82.8105910000000023
0
LINE
8
BLACK
6
CONTINUOUS
10
161.8711439999999868
20
-82.8105910000000023
11
161.8723880000000008
21
-82.8116119999999967
0
LINE
8
BLACK
6
CONTINUOUS
10
161.8723880000000008
20
-82.8116119999999967
11
162.9982770000000016
21
-83.9375
0
LINE
8
BLACK
6
CONTINUOUS
10
162.9982770000000016
20
-83.9375
11
163.6339999999999861
21
-83.9375
0
LINE
8
BLACK
6
CONTINUOUS
10
163.6339999999999861
20
-83.9375
11
163.6627009999999984
21
-83.943208999999996
0
LINE
8
BLACK
6
CONTINUOUS
10
163.6627009999999984
20
-83.943208999999996
11
163.6870329999999853
21
-83.9594669999999894
0
LINE
8
BLACK
6
CONTINUOUS
10
163.6870329999999853
20
-83.9594669999999894
11
163.7032909999999788
21
-83.9837989999999905
0
LINE
8
BLACK
6
CONTINUOUS
10
163.7032909999999788
20
-83.9837989999999905
11
163.7090000000000032
21
-84.0125000000000028
0
LINE
8
BLACK
6
CONTINUOUS
10
163.7090000000000032
20
-84.0125000000000028
11
163.7090000000000032
21
-84.1624999999999943
0
LINE
8
BLACK
6
CONTINUOUS
10
163.7090000000000032
20
-84.1624999999999943
11
163.7032909999999788
21
-84.1912009999999924
0
LINE
8
BLACK
6
CONTINUOUS
10
163.7032909999999788
20
-84.1912009999999924
11
163.6870329999999853
21
-84.2155329999999935
0
LINE
8
BLACK
6
CONTINUOUS
10
163.6870329999999853
20
-84.2155329999999935
11
163.6627009999999984
21
-84.2317910000000012
0
LINE
8
BLACK
6
CONTINUOUS
10
163.6627009999999984
20
-84.2317910000000012
11
163.6339999999999861
21
-84.2374999999999972
0
LINE
8
BLACK
6
CONTINUOUS
10
163.6339999999999861
20
-84.2374999999999972
11
162.3089999999999975
21
-84.2374999999999972
0
LINE
8
BLACK
6
CONTINUOUS
10
162.3089999999999975
20
-84.2374999999999972
11
162.2802989999999852
21
-84.2317910000000012
0
LINE
8
BLACK
6
CONTINUOUS
10
162.2802989999999852
20
-84.2317910000000012
11
162.2559669999999983
21
-84.2155329999999935
0
LINE
8
BLACK
6
CONTINUOUS
10
162.2559669999999983
20
-84.2155329999999935
11
162.2397090000000048
21
-84.1912009999999924
0
LINE
8
BLACK
6
CONTINUOUS
10
162.2397090000000048
20
-84.1912009999999924
11
162.2339999999999804
21
-84.1624999999999943
0
LINE
8
BLACK
6
CONTINUOUS
10
162.2339999999999804
20
-84.1624999999999943
11
162.2339999999999804
21
-84.0125000000000028
0
LINE
8
BLACK
6
CONTINUOUS
10
162.2339999999999804
20
-84.0125000000000028
11
162.2397090000000048
21
-83.9837989999999905
0
LINE
8
BLACK
6
CONTINUOUS
10
162.2397090000000048
20
-83.9837989999999905
11
162.2559669999999983
21
-83.9594669999999894
0
LINE
8
BLACK
6
CONTINUOUS
10
162.2559669999999983
20
-83.9594669999999894
11
162.2802989999999852
21
-83.943208999999996
0
LINE
8
BLACK
6
CONTINUOUS
10
162.2802989999999852
20
-83.943208999999996
11
162.3089999999999975
21
-83.9375
0
LINE
8
BLACK
6
CONTINUOUS
10
162.3089999999999975
20
-83.9375
11
162.644722999999999
21
-83.9375
0
LINE
8
BLACK
6
CONTINUOUS
10
162.644722999999999
20
-83.9375
11
161.8274859999999933
21
-83.1202629999999942
0
LINE
8
BLACK
6
CONTINUOUS
10
161.8274859999999933
20
-83.1202629999999942
11
161.8046269999999822
21
-83.1703199999999896
0
LINE
8
BLACK
6
CONTINUOUS
10
161.8046269999999822
20
-83.1703199999999896
11
161.7114299999999787
21
-83.2778749999999945
0
LINE
8
BLACK
6
CONTINUOUS
10
161.7114299999999787
20
-83.2778749999999945
11
161.5917079999999828
21
-83.3548159999999996
0
LINE
8
BLACK
6
CONTINUOUS
10
161.5917079999999828
20
-83.3548159999999996
11
161.4551569999999856
21
-83.3949109999999934
0
LINE
8
BLACK
6
CONTINUOUS
10
161.4551569999999856
20
-83.3949109999999934
11
161.3128429999999867
21
-83.3949109999999934
0
LINE
8
BLACK
6
CONTINUOUS
10
161.3128429999999867
20
-83.3949109999999934
11
161.1762919999999895
21
-83.3548159999999996
0
LINE
8
BLACK
6
CONTINUOUS
10
161.1762919999999895
20
-83.3548159999999996
11
161.0565699999999936
21
-83.2778749999999945
0
LINE
8
BLACK
6
CONTINUOUS
10
161.0565699999999936
20
-83.2778749999999945
11
160.96337299999999
21
-83.1703199999999896
0
LINE
8
BLACK
6
CONTINUOUS
10
160.96337299999999
20
-83.1703199999999896
11
160.9042539999999804
21
-83.0408659999999941
0
LINE
8
BLACK
6
CONTINUOUS
10
160.9042539999999804
20
-83.0408659999999941
11
160.8839999999999861
21
-82.8999999999999915
0
LINE
8
BLACK
6
CONTINUOUS
10
160.8839999999999861
20
-82.8999999999999915
11
160.9042539999999804
21
-82.7591340000000031
0
LINE
8
BLACK
6
CONTINUOUS
10
160.9042539999999804
20
-82.7591340000000031
11
160.96337299999999
21
-82.6296799999999934
0
LINE
8
BLACK
6
CONTINUOUS
10
160.96337299999999
20
-82.6296799999999934
11
161.0565699999999936
21
-82.5221250000000026
0
LINE
8
BLACK
6
CONTINUOUS
10
161.0565699999999936
20
-82.5221250000000026
11
161.1762919999999895
21
-82.4451839999999976
0
LINE
8
BLACK
6
CONTINUOUS
10
161.1762919999999895
20
-82.4451839999999976
11
161.3128429999999867
21
-82.4050889999999896
0
LINE
8
BLACK
6
CONTINUOUS
10
161.3128429999999867
20
-82.4050889999999896
11
161.4551569999999856
21
-82.4050889999999896
0
LINE
8
BLACK
6
CONTINUOUS
10
161.4551569999999856
20
-82.4050889999999896
11
161.5917079999999828
21
-82.4451839999999976
0
LINE
8
BLACK
6
CONTINUOUS
10
161.7917079999999999
20
-74.0951840000000033
11
161.9114299999999957
21
-74.1721249999999941
0
LINE
8
BLACK
6
CONTINUOUS
10
161.9114299999999957
20
-74.1721249999999941
11
162.0046269999999993
21
-74.279679999999999
0
LINE
8
BLACK
6
CONTINUOUS
10
162.0046269999999993
20
-74.279679999999999
11
162.0637459999999805
21
-74.4091339999999946
0
LINE
8
BLACK
6
CONTINUOUS
10
162.0637459999999805
20
-74.4091339999999946
11
162.0840000000000032
21
-74.5499999999999972
0
LINE
8
BLACK
6
CONTINUOUS
10
162.0840000000000032
20
-74.5499999999999972
11
162.0637459999999805
21
-74.6908659999999998
0
LINE
8
BLACK
6
CONTINUOUS
10
162.0637459999999805
20
-74.6908659999999998
11
162.0129249999999956
21
-74.802149
0
LINE
8
BLACK
6
CONTINUOUS
10
162.0129249999999956
20
-74.802149
11
163.652388000000002
21
-76.4416119999999921
0
LINE
8
BLACK
6
CONTINUOUS
10
163.652388000000002
20
-76.4416119999999921
11
163.6679279999999892
21
-76.4605480000000028
0
LINE
8
BLACK
6
CONTINUOUS
10
163.6679279999999892
20
-76.4605480000000028
11
163.6679340000000025
21
-76.4605540000000019
0
LINE
8
BLACK
6
CONTINUOUS
10
163.6679340000000025
20
-76.4605540000000019
11
163.6865980000000036
21
-76.5056139999999942
0
LINE
8
BLACK
6
CONTINUOUS
10
163.6865980000000036
20
-76.5056139999999942
11
163.688999999999993
21
-76.5300000000000011
0
LINE
8
BLACK
6
CONTINUOUS
10
163.688999999999993
20
-76.5300000000000011
11
163.688999999999993
21
-79.4226139999999958
0
LINE
8
BLACK
6
CONTINUOUS
10
163.688999999999993
20
-79.4226139999999958
11
165.4723889999999926
21
-81.2060029999999955
0
LINE
8
BLACK
6
CONTINUOUS
10
165.4723889999999926
20
-81.2060029999999955
11
165.4879339999999956
21
-81.2249449999999911
0
LINE
8
BLACK
6
CONTINUOUS
10
165.4879339999999956
20
-81.2249449999999911
11
165.5065979999999968
21
-81.2700049999999976
0
LINE
8
BLACK
6
CONTINUOUS
10
165.5065979999999968
20
-81.2700049999999976
11
165.5089999999999861
21
-81.2943909999999903
0
LINE
8
BLACK
6
CONTINUOUS
10
165.5089999999999861
20
-81.2943909999999903
11
165.5089999999999861
21
-81.9574399999999912
0
LINE
8
BLACK
6
CONTINUOUS
10
165.5089999999999861
20
-81.9574399999999912
11
165.5120330000000024
21
-81.9594669999999894
0
LINE
8
BLACK
6
CONTINUOUS
10
165.5120330000000024
20
-81.9594669999999894
11
165.5282909999999958
21
-81.9837989999999905
0
LINE
8
BLACK
6
CONTINUOUS
10
165.5282909999999958
20
-81.9837989999999905
11
165.5339999999999918
21
-82.0125000000000028
0
LINE
8
BLACK
6
CONTINUOUS
10
165.5339999999999918
20
-82.0125000000000028
11
165.5339999999999918
21
-83.3374999999999915
0
LINE
8
BLACK
6
CONTINUOUS
10
165.5339999999999918
20
-83.3374999999999915
11
165.5282909999999958
21
-83.3662009999999896
0
LINE
8
BLACK
6
CONTINUOUS
10
165.5282909999999958
20
-83.3662009999999896
11
165.5120330000000024
21
-83.3905329999999907
0
LINE
8
BLACK
6
CONTINUOUS
10
165.5120330000000024
20
-83.3905329999999907
11
165.4877009999999871
21
-83.4067909999999983
0
LINE
8
BLACK
6
CONTINUOUS
10
165.4877009999999871
20
-83.4067909999999983
11
165.4590000000000032
21
-83.4124999999999943
0
LINE
8
BLACK
6
CONTINUOUS
10
165.4590000000000032
20
-83.4124999999999943
11
165.3089999999999975
21
-83.4124999999999943
0
LINE
8
BLACK
6
CONTINUOUS
10
165.3089999999999975
20
-83.4124999999999943
11
165.2802989999999852
21
-83.4067909999999983
0
LINE
8
BLACK
6
CONTINUOUS
10
165.2802989999999852
20
-83.4067909999999983
11
165.2559669999999983
21
-83.3905329999999907
0
LINE
8
BLACK
6
CONTINUOUS
10
165.2559669999999983
20
-83.3905329999999907
11
165.2397090000000048
21
-83.3662009999999896
0
LINE
8
BLACK
6
CONTINUOUS
10
165.2397090000000048
20
-83.3662009999999896
11
165.2339999999999804
21
-83.3374999999999915
0
LINE
8
BLACK
6
CONTINUOUS
10
165.2339999999999804
20
-83.3374999999999915
11
165.2339999999999804
21
-82.0125000000000028
0
LINE
8
BLACK
6
CONTINUOUS
10
165.2339999999999804
20
-82.0125000000000028
11
165.2397090000000048
21
-81.9837989999999905
0
LINE
8
BLACK
6
CONTINUOUS
10
165.2397090000000048
20
-81.9837989999999905
11
165.2559669999999983
21
-81.9594669999999894
0
LINE
8
BLACK
6
CONTINUOUS
10
165.2559669999999983
20
-81.9594669999999894
11
165.2589999999999861
21
-81.9574399999999912
0
LINE
8
BLACK
6
CONTINUOUS
10
165.2589999999999861
20
-81.9574399999999912
11
165.2589999999999861
21
-81.3461669999999941
0
LINE
8
BLACK
6
CONTINUOUS
10
165.2589999999999861
20
-81.3461669999999941
11
163.4756119999999839
21
-79.5627789999999919
0
LINE
8
BLACK
6
CONTINUOUS
10
163.4756119999999839
20
-79.5627789999999919
11
163.4600709999999992
21
-79.5438419999999979
0
LINE
8
BLACK
6
CONTINUOUS
10
163.4600709999999992
20
-79.5438419999999979
11
163.4600659999999834
21
-79.5438369999999964
0
LINE
8
BLACK
6
CONTINUOUS
10
163.4600659999999834
20
-79.5438369999999964
11
163.4414019999999823
21
-79.4987769999999898
0
LINE
8
BLACK
6
CONTINUOUS
10
163.4414019999999823
20
-79.4987769999999898
11
163.438999999999993
21
-79.4743909999999971
0
LINE
8
BLACK
6
CONTINUOUS
10
163.438999999999993
20
-79.4743909999999971
11
163.438999999999993
21
-76.5817759999999907
0
LINE
8
BLACK
6
CONTINUOUS
10
163.438999999999993
20
-76.5817759999999907
11
161.8345229999999901
21
-74.9772990000000021
0
LINE
8
BLACK
6
CONTINUOUS
10
161.8345229999999901
20
-74.9772990000000021
11
161.7917079999999999
21
-75.004815999999991
0
LINE
8
BLACK
6
CONTINUOUS
10
161.7917079999999999
20
-75.004815999999991
11
161.6551570000000027
21
-75.044910999999999
0
LINE
8
BLACK
6
CONTINUOUS
10
161.6551570000000027
20
-75.044910999999999
11
161.5128430000000037
21
-75.044910999999999
0
LINE
8
BLACK
6
CONTINUOUS
10
161.5128430000000037
20
-75.044910999999999
11
161.3762920000000065
21
-75.004815999999991
0
LINE
8
BLACK
6
CONTINUOUS
10
161.3762920000000065
20
-75.004815999999991
11
161.2565699999999822
21
-74.9278750000000002
0
LINE
8
BLACK
6
CONTINUOUS
10
161.2565699999999822
20
-74.9278750000000002
11
161.1633729999999787
21
-74.8203199999999953
0
LINE
8
BLACK
6
CONTINUOUS
10
161.1633729999999787
20
-74.8203199999999953
11
161.1042539999999974
21
-74.6908659999999998
0
LINE
8
BLACK
6
CONTINUOUS
10
161.1042539999999974
20
-74.6908659999999998
11
161.0840000000000032
21
-74.5499999999999972
0
LINE
8
BLACK
6
CONTINUOUS
10
161.0840000000000032
20
-74.5499999999999972
11
161.1042539999999974
21
-74.4091339999999946
0
LINE
8
BLACK
6
CONTINUOUS
10
161.1042539999999974
20
-74.4091339999999946
11
161.1633729999999787
21
-74.279679999999999
0
LINE
8
BLACK
6
CONTINUOUS
10
161.1633729999999787
20
-74.279679999999999
11
161.2565699999999822
21
-74.1721249999999941
0
LINE
8
BLACK
6
CONTINUOUS
10
161.2565699999999822
20
-74.1721249999999941
11
161.3762920000000065
21
-74.0951840000000033
0
LINE
8
BLACK
6
CONTINUOUS
10
161.3762920000000065
20
-74.0951840000000033
11
161.5128430000000037
21
-74.0550889999999953
0
LINE
8
BLACK
6
CONTINUOUS
10
161.5128430000000037
20
-74.0550889999999953
11
161.6551570000000027
21
-74.0550889999999953
0
LINE
8
BLACK
6
CONTINUOUS
10
161.6551570000000027
20
-74.0550889999999953
11
161.7917079999999999
21
-74.0951840000000033
0
LINE
8
BLACK
6
CONTINUOUS
10
163.6167079999999885
20
-74.0951840000000033
11
163.7364299999999844
21
-74.1721249999999941
0
LINE
8
BLACK
6
CONTINUOUS
10
163.7364299999999844
20
-74.1721249999999941
11
163.8296269999999879
21
-74.279679999999999
0
LINE
8
BLACK
6
CONTINUOUS
10
163.8296269999999879
20
-74.279679999999999
11
163.8887459999999976
21
-74.4091339999999946
0
LINE
8
BLACK
6
CONTINUOUS
10
163.8887459999999976
20
-74.4091339999999946
11
163.9089999999999918
21
-74.5499999999999972
0
LINE
8
BLACK
6
CONTINUOUS
10
163.9089999999999918
20
-74.5499999999999972
11
163.8887459999999976
21
-74.6908659999999998
0
LINE
8
BLACK
6
CONTINUOUS
10
163.8887459999999976
20
-74.6908659999999998
11
163.8379249999999843
21
-74.802149
0
LINE
8
BLACK
6
CONTINUOUS
10
163.8379249999999843
20
-74.802149
11
164.1023879999999906
21
-75.0666119999999921
0
LINE
8
BLACK
6
CONTINUOUS
10
164.1023879999999906
20
-75.0666119999999921
11
164.1179329999999936
21
-75.0855529999999902
0
LINE
8
BLACK
6
CONTINUOUS
10
164.1179329999999936
20
-75.0855529999999902
11
164.1179339999999911
21
-75.0855540000000019
0
LINE
8
BLACK
6
CONTINUOUS
10
164.1179339999999911
20
-75.0855540000000019
11
164.1365979999999922
21
-75.1306139999999942
0
LINE
8
BLACK
6
CONTINUOUS
10
164.1365979999999922
20
-75.1306139999999942
11
164.1389999999999816
21
-75.1550000000000011
0
LINE
8
BLACK
6
CONTINUOUS
10
164.1389999999999816
20
-75.1550000000000011
11
164.1389999999999816
21
-79.2362179999999938
0
LINE
8
BLACK
6
CONTINUOUS
10
164.1389999999999816
20
-79.2362179999999938
11
165.9723879999999951
21
-81.0696059999999932
0
LINE
8
BLACK
6
CONTINUOUS
10
165.9723879999999951
20
-81.0696059999999932
11
165.9879329999999982
21
-81.088548000000003
0
LINE
8
BLACK
6
CONTINUOUS
10
165.9879329999999982
20
-81.088548000000003
11
165.9879339999999956
21
-81.0885490000000004
0
LINE
8
BLACK
6
CONTINUOUS
10
165.9879339999999956
20
-81.0885490000000004
11
166.0065979999999968
21
-81.1336089999999928
0
LINE
8
BLACK
6
CONTINUOUS
10
166.0065979999999968
20
-81.1336089999999928
11
166.0089999999999861
21
-81.1579949999999997
0
LINE
8
BLACK
6
CONTINUOUS
10
166.0089999999999861
20
-81.1579949999999997
11
166.0089999999999861
21
-81.9574399999999912
0
LINE
8
BLACK
6
CONTINUOUS
10
166.0089999999999861
20
-81.9574399999999912
11
166.0120330000000024
21
-81.9594669999999894
0
LINE
8
BLACK
6
CONTINUOUS
10
166.0120330000000024
20
-81.9594669999999894
11
166.0282909999999958
21
-81.9837989999999905
0
LINE
8
BLACK
6
CONTINUOUS
10
166.0282909999999958
20
-81.9837989999999905
11
166.0339999999999918
21
-82.0125000000000028
0
LINE
8
BLACK
6
CONTINUOUS
10
166.0339999999999918
20
-82.0125000000000028
11
166.0339999999999918
21
-83.3374999999999915
0
LINE
8
BLACK
6
CONTINUOUS
10
166.0339999999999918
20
-83.3374999999999915
11
166.0282909999999958
21
-83.3662009999999896
0
LINE
8
BLACK
6
CONTINUOUS
10
166.0282909999999958
20
-83.3662009999999896
11
166.0120330000000024
21
-83.3905329999999907
0
LINE
8
BLACK
6
CONTINUOUS
10
166.0120330000000024
20
-83.3905329999999907
11
165.9877009999999871
21
-83.4067909999999983
0
LINE
8
BLACK
6
CONTINUOUS
10
165.9877009999999871
20
-83.4067909999999983
11
165.9590000000000032
21
-83.4124999999999943
0
LINE
8
BLACK
6
CONTINUOUS
10
165.9590000000000032
20
-83.4124999999999943
11
165.8089999999999975
21
-83.4124999999999943
0
LINE
8
BLACK
6
CONTINUOUS
10
165.8089999999999975
20
-83.4124999999999943
11
165.7802989999999852
21
-83.4067909999999983
0
LINE
8
BLACK
6
CONTINUOUS
10
165.7802989999999852
20
-83.4067909999999983
11
165.7559669999999983
21
-83.3905329999999907
0
LINE
8
BLACK
6
CONTINUOUS
10
165.7559669999999983
20
-83.3905329999999907
11
165.7397090000000048
21
-83.3662009999999896
0
LINE
8
BLACK
6
CONTINUOUS
10
165.7397090000000048
20
-83.3662009999999896
11
165.7339999999999804
21
-83.3374999999999915
0
LINE
8
BLACK
6
CONTINUOUS
10
165.7339999999999804
20
-83.3374999999999915
11
165.7339999999999804
21
-82.0125000000000028
0
LINE
8
BLACK
6
CONTINUOUS
10
165.7339999999999804
20
-82.0125000000000028
11
165.7397090000000048
21
-81.9837989999999905
0
LINE
8
BLACK
6
CONTINUOUS
10
165.7397090000000048
20
-81.9837989999999905
11
165.7559669999999983
21
-81.9594669999999894
0
LINE
8
BLACK
6
CONTINUOUS
10
165.7559669999999983
20
-81.9594669999999894
11
165.7589999999999861
21
-81.9574399999999912
0
LINE
8
BLACK
6
CONTINUOUS
10
165.7589999999999861
20
-81.9574399999999912
11
165.7589999999999861
21
-81.2097709999999893
0
LINE
8
BLACK
6
CONTINUOUS
10
165.7589999999999861
20
-81.2097709999999893
11
163.925612000000001
21
-79.3763829999999899
0
LINE
8
BLACK
6
CONTINUOUS
10
163.925612000000001
20
-79.3763829999999899
11
163.9100709999999879
21
-79.3574459999999959
0
LINE
8
BLACK
6
CONTINUOUS
10
163.9100709999999879
20
-79.3574459999999959
11
163.9100660000000005
21
-79.3574409999999943
0
LINE
8
BLACK
6
CONTINUOUS
10
163.9100660000000005
20
-79.3574409999999943
11
163.8954379999999844
21
-79.3221249999999998
0
LINE
8
BLACK
6
CONTINUOUS
10
163.8954379999999844
20
-79.3221249999999998
11
163.8914019999999994
21
-79.3123819999999995
0
LINE
8
BLACK
6
CONTINUOUS
10
163.8914019999999994
20
-79.3123819999999995
11
163.8914019999999994
21
-79.312381000000002
0
LINE
8
BLACK
6
CONTINUOUS
10
163.8914019999999994
20
-79.312381000000002
11
163.8889999999999816
21
-79.2879949999999951
0
LINE
8
BLACK
6
CONTINUOUS
10
163.8889999999999816
20
-79.2879949999999951
11
163.8889999999999816
21
-75.2067759999999907
0
LINE
8
BLACK
6
CONTINUOUS
10
163.8889999999999816
20
-75.2067759999999907
11
163.6595229999999788
21
-74.9772990000000021
0
LINE
8
BLACK
6
CONTINUOUS
10
163.6595229999999788
20
-74.9772990000000021
11
163.6167079999999885
21
-75.004815999999991
0
LINE
8
BLACK
6
CONTINUOUS
10
163.6167079999999885
20
-75.004815999999991
11
163.4801569999999913
21
-75.044910999999999
0
LINE
8
BLACK
6
CONTINUOUS
10
163.4801569999999913
20
-75.044910999999999
11
163.3378429999999923
21
-75.044910999999999
0
LINE
8
BLACK
6
CONTINUOUS
10
163.3378429999999923
20
-75.044910999999999
11
163.2012919999999951
21
-75.004815999999991
0
LINE
8
BLACK
6
CONTINUOUS
10
163.2012919999999951
20
-75.004815999999991
11
163.0815699999999993
21
-74.9278750000000002
0
LINE
8
BLACK
6
CONTINUOUS
10
163.0815699999999993
20
-74.9278750000000002
11
162.9883729999999957
21
-74.8203199999999953
0
LINE
8
BLACK
6
CONTINUOUS
10
162.9883729999999957
20
-74.8203199999999953
11
162.929253999999986
21
-74.6908659999999998
0
LINE
8
BLACK
6
CONTINUOUS
10
162.929253999999986
20
-74.6908659999999998
11
162.9089999999999918
21
-74.5499999999999972
0
LINE
8
BLACK
6
CONTINUOUS
10
162.9089999999999918
20
-74.5499999999999972
11
162.929253999999986
21
-74.4091339999999946
0
LINE
8
BLACK
6
CONTINUOUS
10
162.929253999999986
20
-74.4091339999999946
11
162.9883729999999957
21
-74.279679999999999
0
LINE
8
BLACK
6
CONTINUOUS
10
162.9883729999999957
20
-74.279679999999999
11
163.0815699999999993
21
-74.1721249999999941
0
LINE
8
BLACK
6
CONTINUOUS
10
163.0815699999999993
20
-74.1721249999999941
11
163.2012919999999951
21
-74.0951840000000033
0
LINE
8
BLACK
6
CONTINUOUS
10
163.2012919999999951
20
-74.0951840000000033
11
163.3378429999999923
21
-74.0550889999999953
0
LINE
8
BLACK
6
CONTINUOUS
10
163.3378429999999923
20
-74.0550889999999953
11
163.4801569999999913
21
-74.0550889999999953
0
LINE
8
BLACK
6
CONTINUOUS
10
163.4801569999999913
20
-74.0550889999999953
11
163.6167079999999885
21
-74.0951840000000033
0
LINE
8
BLACK
6
CONTINUOUS
10
166.1723869999999863
20
-77.6805789999999945
11
166.2494379999999978
21
-77.7320619999999991
0
LINE
8
BLACK
6
CONTINUOUS
10
166.2494379999999978
20
-77.7320619999999991
11
166.3009209999999882
21
-77.8091129999999964
0
LINE
8
BLACK
6
CONTINUOUS
10
166.3009209999999882
20
-77.8091129999999964
11
166.3189999999999884
21
-77.8999999999999915
0
LINE
8
BLACK
6
CONTINUOUS
10
166.3189999999999884
20
-77.8999999999999915
11
166.3189999999999884
21
-78.3999999999999915
0
LINE
8
BLACK
6
CONTINUOUS
10
166.3189999999999884
20
-78.3999999999999915
11
166.3009209999999882
21
-78.4908870000000007
0
LINE
8
BLACK
6
CONTINUOUS
10
166.3009209999999882
20
-78.4908870000000007
11
166.2494379999999978
21
-78.5679379999999981
0
LINE
8
BLACK
6
CONTINUOUS
10
166.2494379999999978
20
-78.5679379999999981
11
166.1723869999999863
21
-78.6194210000000027
0
LINE
8
BLACK
6
CONTINUOUS
10
166.1723869999999863
20
-78.6194210000000027
11
166.0815000000000055
21
-78.6375000000000028
0
LINE
8
BLACK
6
CONTINUOUS
10
166.0815000000000055
20
-78.6375000000000028
11
165.9839999999999804
21
-78.6375000000000028
0
LINE
8
BLACK
6
CONTINUOUS
10
165.9839999999999804
20
-78.6375000000000028
11
165.9839999999999804
21
-79.2208979999999912
0
LINE
8
BLACK
6
CONTINUOUS
10
165.9839999999999804
20
-79.2208979999999912
11
166.0667080000000055
21
-79.2451839999999947
0
LINE
8
BLACK
6
CONTINUOUS
10
166.0667080000000055
20
-79.2451839999999947
11
166.1864300000000014
21
-79.3221249999999998
0
LINE
8
BLACK
6
CONTINUOUS
10
166.1864300000000014
20
-79.3221249999999998
11
166.279627000000005
21
-79.4296799999999905
0
LINE
8
BLACK
6
CONTINUOUS
10
166.279627000000005
20
-79.4296799999999905
11
166.3387459999999862
21
-79.5591340000000002
0
LINE
8
BLACK
6
CONTINUOUS
10
166.3387459999999862
20
-79.5591340000000002
11
166.3589999999999804
21
-79.7000000000000028
0
LINE
8
BLACK
6
CONTINUOUS
10
166.3589999999999804
20
-79.7000000000000028
11
166.3387459999999862
21
-79.8408659999999912
0
LINE
8
BLACK
6
CONTINUOUS
10
166.3387459999999862
20
-79.8408659999999912
11
166.2879250000000013
21
-79.9521489999999915
0
LINE
8
BLACK
6
CONTINUOUS
10
166.2879250000000013
20
-79.9521489999999915
11
166.4723879999999951
21
-80.1366119999999995
0
LINE
8
BLACK
6
CONTINUOUS
10
166.4723879999999951
20
-80.1366119999999995
11
166.4879279999999824
21
-80.155547999999996
0
LINE
8
BLACK
6
CONTINUOUS
10
166.4879279999999824
20
-80.155547999999996
11
166.4879339999999956
21
-80.1555539999999951
0
LINE
8
BLACK
6
CONTINUOUS
10
166.4879339999999956
20
-80.1555539999999951
11
166.4978199999999902
21
-80.1794209999999907
0
LINE
8
BLACK
6
CONTINUOUS
10
166.4978199999999902
20
-80.1794209999999907
11
166.505566999999985
21
-80.198126000000002
0
LINE
8
BLACK
6
CONTINUOUS
10
166.505566999999985
20
-80.198126000000002
11
166.5065979999999968
21
-80.2006140000000016
0
LINE
8
BLACK
6
CONTINUOUS
10
166.5065979999999968
20
-80.2006140000000016
11
166.5089999999999861
21
-80.2249999999999943
0
LINE
8
BLACK
6
CONTINUOUS
10
166.5089999999999861
20
-80.2249999999999943
11
166.5089999999999861
21
-81.9574399999999912
0
LINE
8
BLACK
6
CONTINUOUS
10
166.5089999999999861
20
-81.9574399999999912
11
166.5120330000000024
21
-81.9594669999999894
0
LINE
8
BLACK
6
CONTINUOUS
10
166.5120330000000024
20
-81.9594669999999894
11
166.5282909999999958
21
-81.9837989999999905
0
LINE
8
BLACK
6
CONTINUOUS
10
166.5282909999999958
20
-81.9837989999999905
11
166.5339999999999918
21
-82.0125000000000028
0
LINE
8
BLACK
6
CONTINUOUS
10
166.5339999999999918
20
-82.0125000000000028
11
166.5339999999999918
21
-83.3374999999999915
0
LINE
8
BLACK
6
CONTINUOUS
10
166.5339999999999918
20
-83.3374999999999915
11
166.5282909999999958
21
-83.3662009999999896
0
LINE
8
BLACK
6
CONTINUOUS
10
166.5282909999999958
20
-83.3662009999999896
11
166.5120330000000024
21
-83.3905329999999907
0
LINE
8
BLACK
6
CONTINUOUS
10
166.5120330000000024
20
-83.3905329999999907
11
166.4877009999999871
21
-83.4067909999999983
0
LINE
8
BLACK
6
CONTINUOUS
10
166.4877009999999871
20
-83.4067909999999983
11
166.4590000000000032
21
-83.4124999999999943
0
LINE
8
BLACK
6
CONTINUOUS
10
166.4590000000000032
20
-83.4124999999999943
11
166.3089999999999975
21
-83.4124999999999943
0
LINE
8
BLACK
6
CONTINUOUS
10
166.3089999999999975
20
-83.4124999999999943
11
166.2802989999999852
21
-83.4067909999999983
0
LINE
8
BLACK
6
CONTINUOUS
10
166.2802989999999852
20
-83.4067909999999983
11
166.2559669999999983
21
-83.3905329999999907
0
LINE
8
BLACK
6
CONTINUOUS
10
166.2559669999999983
20
-83.3905329999999907
11
166.2397090000000048
21
-83.3662009999999896
0
LINE
8
BLACK
6
CONTINUOUS
10
166.2397090000000048
20
-83.3662009999999896
11
166.2339999999999804
21
-83.3374999999999915
0
LINE
8
BLACK
6
CONTINUOUS
10
166.2339999999999804
20
-83.3374999999999915
11
166.2339999999999804
21
-82.0125000000000028
0
LINE
8
BLACK
6
CONTINUOUS
10
166.2339999999999804
20
-82.0125000000000028
11
166.2397090000000048
21
-81.9837989999999905
0
LINE
8
BLACK
6
CONTINUOUS
10
166.2397090000000048
20
-81.9837989999999905
11
166.2559669999999983
21
-81.9594669999999894
0
LINE
8
BLACK
6
CONTINUOUS
10
166.2559669999999983
20
-81.9594669999999894
11
166.2589999999999861
21
-81.9574399999999912
0
LINE
8
BLACK
6
CONTINUOUS
10
166.2589999999999861
20
-81.9574399999999912
11
166.2589999999999861
21
-80.2767759999999981
0
LINE
8
BLACK
6
CONTINUOUS
10
166.2589999999999861
20
-80.2767759999999981
11
166.1095229999999958
21
-80.1272989999999936
0
LINE
8
BLACK
6
CONTINUOUS
10
166.1095229999999958
20
-80.1272989999999936
11
166.0667080000000055
21
-80.1548159999999967
0
LINE
8
BLACK
6
CONTINUOUS
10
166.0667080000000055
20
-80.1548159999999967
11
165.9301569999999799
21
-80.1949109999999905
0
LINE
8
BLACK
6
CONTINUOUS
10
165.9301569999999799
20
-80.1949109999999905
11
165.787842999999981
21
-80.1949109999999905
0
LINE
8
BLACK
6
CONTINUOUS
10
165.787842999999981
20
-80.1949109999999905
11
165.6512919999999838
21
-80.1548159999999967
0
LINE
8
BLACK
6
CONTINUOUS
10
165.6512919999999838
20
-80.1548159999999967
11
165.5315699999999879
21
-80.0778749999999917
0
LINE
8
BLACK
6
CONTINUOUS
10
165.5315699999999879
20
-80.0778749999999917
11
165.4383729999999844
21
-79.970320000000001
0
LINE
8
BLACK
6
CONTINUOUS
10
165.4383729999999844
20
-79.970320000000001
11
165.3792540000000031
21
-79.8408659999999912
0
LINE
8
BLACK
6
CONTINUOUS
10
165.3792540000000031
20
-79.8408659999999912
11
165.3589999999999804
21
-79.7000000000000028
0
LINE
8
BLACK
6
CONTINUOUS
10
165.3589999999999804
20
-79.7000000000000028
11
165.3792540000000031
21
-79.5591340000000002
0
LINE
8
BLACK
6
CONTINUOUS
10
165.3792540000000031
20
-79.5591340000000002
11
165.4383729999999844
21
-79.4296799999999905
0
LINE
8
BLACK
6
CONTINUOUS
10
165.4383729999999844
20
-79.4296799999999905
11
165.5315699999999879
21
-79.3221249999999998
0
LINE
8
BLACK
6
CONTINUOUS
10
165.5315699999999879
20
-79.3221249999999998
11
165.6512919999999838
21
-79.2451839999999947
0
LINE
8
BLACK
6
CONTINUOUS
10
165.6512919999999838
20
-79.2451839999999947
11
165.7339999999999804
21
-79.2208979999999912
0
LINE
8
BLACK
6
CONTINUOUS
10
165.7339999999999804
20
-79.2208979999999912
11
165.7339999999999804
21
-78.6375000000000028
0
LINE
8
BLACK
6
CONTINUOUS
10
165.7339999999999804
20
-78.6375000000000028
11
165.6064999999999827
21
-78.6375000000000028
0
LINE
8
BLACK
6
CONTINUOUS
10
165.6064999999999827
20
-78.6375000000000028
11
165.5156130000000019
21
-78.6194210000000027
0
LINE
8
BLACK
6
CONTINUOUS
10
165.5156130000000019
20
-78.6194210000000027
11
165.4385619999999903
21
-78.5679379999999981
0
LINE
8
BLACK
6
CONTINUOUS
10
165.4385619999999903
20
-78.5679379999999981
11
165.387079
21
-78.4908870000000007
0
LINE
8
BLACK
6
CONTINUOUS
10
165.387079
20
-78.4908870000000007
11
165.3689999999999998
21
-78.3999999999999915
0
LINE
8
BLACK
6
CONTINUOUS
10
165.3689999999999998
20
-78.3999999999999915
11
165.3689999999999998
21
-77.8999999999999915
0
LINE
8
BLACK
6
CONTINUOUS
10
165.3689999999999998
20
-77.8999999999999915
11
165.387079
21
-77.8091129999999964
0
LINE
8
BLACK
6
CONTINUOUS
10
165.387079
20
-77.8091129999999964
11
165.4385619999999903
21
-77.7320619999999991
0
LINE
8
BLACK
6
CONTINUOUS
10
165.4385619999999903
20
-77.7320619999999991
11
165.5156130000000019
21
-77.6805789999999945
0
LINE
8
BLACK
6
CONTINUOUS
10
165.5156130000000019
20
-77.6805789999999945
11
165.6064999999999827
21
-77.6624999999999943
0
LINE
8
BLACK
6
CONTINUOUS
10
165.6064999999999827
20
-77.6624999999999943
11
166.0815000000000055
21
-77.6624999999999943
0
LINE
8
BLACK
6
CONTINUOUS
10
166.0815000000000055
20
-77.6624999999999943
11
166.1723869999999863
21
-77.6805789999999945
0
LINE
8
BLACK
6
CONTINUOUS
10
165.986707999999993
20
-74.1201839999999947
11
166.1064299999999889
21
-74.1971249999999998
0
LINE
8
BLACK
6
CONTINUOUS
10
166.1064299999999889
20
-74.1971249999999998
11
166.1996269999999924
21
-74.3046799999999905
0
LINE
8
BLACK
6
CONTINUOUS
10
166.1996269999999924
20
-74.3046799999999905
11
166.2587460000000021
21
-74.4341340000000002
0
LINE
8
BLACK
6
CONTINUOUS
10
166.2587460000000021
20
-74.4341340000000002
11
166.2789999999999964
21
-74.5750000000000028
0
LINE
8
BLACK
6
CONTINUOUS
10
166.2789999999999964
20
-74.5750000000000028
11
166.2587460000000021
21
-74.7158659999999912
0
LINE
8
BLACK
6
CONTINUOUS
10
166.2587460000000021
20
-74.7158659999999912
11
166.2079249999999888
21
-74.8271489999999915
0
LINE
8
BLACK
6
CONTINUOUS
10
166.2079249999999888
20
-74.8271489999999915
11
166.9723879999999951
21
-75.5916119999999978
0
LINE
8
BLACK
6
CONTINUOUS
10
166.9723879999999951
20
-75.5916119999999978
11
166.9879279999999824
21
-75.6105479999999943
0
LINE
8
BLACK
6
CONTINUOUS
10
166.9879279999999824
20
-75.6105479999999943
11
166.9879339999999956
21
-75.6105539999999934
0
LINE
8
BLACK
6
CONTINUOUS
10
166.9879339999999956
20
-75.6105539999999934
11
167.0065979999999968
21
-75.6556139999999999
0
LINE
8
BLACK
6
CONTINUOUS
10
167.0065979999999968
20
-75.6556139999999999
11
167.0089999999999861
21
-75.6799999999999926
0
LINE
8
BLACK
6
CONTINUOUS
10
167.0089999999999861
20
-75.6799999999999926
11
167.0089999999999861
21
-81.9574399999999912
0
LINE
8
BLACK
6
CONTINUOUS
10
167.0089999999999861
20
-81.9574399999999912
11
167.0120330000000024
21
-81.9594669999999894
0
LINE
8
BLACK
6
CONTINUOUS
10
167.0120330000000024
20
-81.9594669999999894
11
167.0282909999999958
21
-81.9837989999999905
0
LINE
8
BLACK
6
CONTINUOUS
10
167.0282909999999958
20
-81.9837989999999905
11
167.0339999999999918
21
-82.0125000000000028
0
LINE
8
BLACK
6
CONTINUOUS
10
167.0339999999999918
20
-82.0125000000000028
11
167.0339999999999918
21
-83.3374999999999915
0
LINE
8
BLACK
6
CONTINUOUS
10
167.0339999999999918
20
-83.3374999999999915
11
167.0282909999999958
21
-83.3662009999999896
0
LINE
8
BLACK
6
CONTINUOUS
10
167.0282909999999958
20
-83.3662009999999896
11
167.0120330000000024
21
-83.3905329999999907
0
LINE
8
BLACK
6
CONTINUOUS
10
167.0120330000000024
20
-83.3905329999999907
11
166.9877009999999871
21
-83.4067909999999983
0
LINE
8
BLACK
6
CONTINUOUS
10
166.9877009999999871
20
-83.4067909999999983
11
166.9590000000000032
21
-83.4124999999999943
0
LINE
8
BLACK
6
CONTINUOUS
10
166.9590000000000032
20
-83.4124999999999943
11
166.8089999999999975
21
-83.4124999999999943
0
LINE
8
BLACK
6
CONTINUOUS
10
166.8089999999999975
20
-83.4124999999999943
11
166.7802989999999852
21
-83.4067909999999983
0
LINE
8
BLACK
6
CONTINUOUS
10
166.7802989999999852
20
-83.4067909999999983
11
166.7559669999999983
21
-83.3905329999999907
0
LINE
8
BLACK
6
CONTINUOUS
10
166.7559669999999983
20
-83.3905329999999907
11
166.7397090000000048
21
-83.3662009999999896
0
LINE
8
BLACK
6
CONTINUOUS
10
166.7397090000000048
20
-83.3662009999999896
11
166.7339999999999804
21
-83.3374999999999915
0
LINE
8
BLACK
6
CONTINUOUS
10
166.7339999999999804
20
-83.3374999999999915
11
166.7339999999999804
21
-82.0125000000000028
0
LINE
8
BLACK
6
CONTINUOUS
10
166.7339999999999804
20
-82.0125000000000028
11
166.7397090000000048
21
-81.9837989999999905
0
LINE
8
BLACK
6
CONTINUOUS
10
166.7397090000000048
20
-81.9837989999999905
11
166.7559669999999983
21
-81.9594669999999894
0
LINE
8
BLACK
6
CONTINUOUS
10
166.7559669999999983
20
-81.9594669999999894
11
166.7589999999999861
21
-81.9574399999999912
0
LINE
8
BLACK
6
CONTINUOUS
10
166.7589999999999861
20
-81.9574399999999912
11
166.7589999999999861
21
-75.7317759999999964
0
LINE
8
BLACK
6
CONTINUOUS
10
166.7589999999999861
20
-75.7317759999999964
11
166.0295229999999833
21
-75.0022989999999936
0
LINE
8
BLACK
6
CONTINUOUS
10
166.0295229999999833
20
-75.0022989999999936
11
165.986707999999993
21
-75.0298159999999967
0
LINE
8
BLACK
6
CONTINUOUS
10
165.986707999999993
20
-75.0298159999999967
11
165.8501569999999958
21
-75.0699109999999905
0
LINE
8
BLACK
6
CONTINUOUS
10
165.8501569999999958
20
-75.0699109999999905
11
165.7078429999999969
21
-75.0699109999999905
0
LINE
8
BLACK
6
CONTINUOUS
10
165.7078429999999969
20
-75.0699109999999905
11
165.5712919999999997
21
-75.0298159999999967
0
LINE
8
BLACK
6
CONTINUOUS
10
165.5712919999999997
20
-75.0298159999999967
11
165.4515700000000038
21
-74.9528749999999917
0
LINE
8
BLACK
6
CONTINUOUS
10
165.4515700000000038
20
-74.9528749999999917
11
165.3583730000000003
21
-74.845320000000001
0
LINE
8
BLACK
6
CONTINUOUS
10
165.3583730000000003
20
-74.845320000000001
11
165.2992539999999906
21
-74.7158659999999912
0
LINE
8
BLACK
6
CONTINUOUS
10
165.2992539999999906
20
-74.7158659999999912
11
165.2789999999999964
21
-74.5750000000000028
0
LINE
8
BLACK
6
CONTINUOUS
10
165.2789999999999964
20
-74.5750000000000028
11
165.2992539999999906
21
-74.4341340000000002
0
LINE
8
BLACK
6
CONTINUOUS
10
165.2992539999999906
20
-74.4341340000000002
11
165.3583730000000003
21
-74.3046799999999905
0
LINE
8
BLACK
6
CONTINUOUS
10
165.3583730000000003
20
-74.3046799999999905
11
165.4515700000000038
21
-74.1971249999999998
0
LINE
8
BLACK
6
CONTINUOUS
10
165.4515700000000038
20
-74.1971249999999998
11
165.5712919999999997
21
-74.1201839999999947
0
LINE
8
BLACK
6
CONTINUOUS
10
165.5712919999999997
20
-74.1201839999999947
11
165.7078429999999969
21
-74.080089000000001
0
LINE
8
BLACK
6
CONTINUOUS
10
165.7078429999999969
20
-74.080089000000001
11
165.8501569999999958
21
-74.080089000000001
0
LINE
8
BLACK
6
CONTINUOUS
10
165.8501569999999958
20
-74.080089000000001
11
165.986707999999993
21
-74.1201839999999947
0
LINE
8
BLACK
6
CONTINUOUS
10
167.7617079999999987
20
-74.0951840000000033
11
167.8814299999999946
21
-74.1721249999999941
0
LINE
8
BLACK
6
CONTINUOUS
10
167.8814299999999946
20
-74.1721249999999941
11
167.9746269999999981
21
-74.279679999999999
0
LINE
8
BLACK
6
CONTINUOUS
10
167.9746269999999981
20
-74.279679999999999
11
168.0337459999999794
21
-74.4091339999999946
0
LINE
8
BLACK
6
CONTINUOUS
10
168.0337459999999794
20
-74.4091339999999946
11
168.054000000000002
21
-74.5499999999999972
0
LINE
8
BLACK
6
CONTINUOUS
10
168.054000000000002
20
-74.5499999999999972
11
168.0337459999999794
21
-74.6908659999999998
0
LINE
8
BLACK
6
CONTINUOUS
10
168.0337459999999794
20
-74.6908659999999998
11
167.9746269999999981
21
-74.8203199999999953
0
LINE
8
BLACK
6
CONTINUOUS
10
167.9746269999999981
20
-74.8203199999999953
11
167.8814299999999946
21
-74.9278750000000002
0
LINE
8
BLACK
6
CONTINUOUS
10
167.8814299999999946
20
-74.9278750000000002
11
167.7617079999999987
21
-75.004815999999991
0
LINE
8
BLACK
6
CONTINUOUS
10
167.7617079999999987
20
-75.004815999999991
11
167.6989999999999839
21
-75.0232280000000031
0
LINE
8
BLACK
6
CONTINUOUS
10
167.6989999999999839
20
-75.0232280000000031
11
167.6989999999999839
21
-78.6836040000000025
0
LINE
8
BLACK
6
CONTINUOUS
10
167.6989999999999839
20
-78.6836040000000025
11
167.6965979999999945
21
-78.7079899999999952
0
LINE
8
BLACK
6
CONTINUOUS
10
167.6965979999999945
20
-78.7079899999999952
11
167.6779339999999934
21
-78.7530500000000018
0
LINE
8
BLACK
6
CONTINUOUS
10
167.6779339999999934
20
-78.7530500000000018
11
167.6623889999999903
21
-78.7719919999999973
0
LINE
8
BLACK
6
CONTINUOUS
10
167.6623889999999903
20
-78.7719919999999973
11
167.5089999999999861
21
-78.9253799999999899
0
LINE
8
BLACK
6
CONTINUOUS
10
167.5089999999999861
20
-78.9253799999999899
11
167.5089999999999861
21
-81.9574399999999912
0
LINE
8
BLACK
6
CONTINUOUS
10
167.5089999999999861
20
-81.9574399999999912
11
167.5120330000000024
21
-81.9594669999999894
0
LINE
8
BLACK
6
CONTINUOUS
10
167.5120330000000024
20
-81.9594669999999894
11
167.5282909999999958
21
-81.9837989999999905
0
LINE
8
BLACK
6
CONTINUOUS
10
167.5282909999999958
20
-81.9837989999999905
11
167.5339999999999918
21
-82.0125000000000028
0
LINE
8
BLACK
6
CONTINUOUS
10
167.5339999999999918
20
-82.0125000000000028
11
167.5339999999999918
21
-83.3374999999999915
0
LINE
8
BLACK
6
CONTINUOUS
10
167.5339999999999918
20
-83.3374999999999915
11
167.5282909999999958
21
-83.3662009999999896
0
LINE
8
BLACK
6
CONTINUOUS
10
167.5282909999999958
20
-83.3662009999999896
11
167.5120330000000024
21
-83.3905329999999907
0
LINE
8
BLACK
6
CONTINUOUS
10
167.5120330000000024
20
-83.3905329999999907
11
167.4877009999999871
21
-83.4067909999999983
0
LINE
8
BLACK
6
CONTINUOUS
10
167.4877009999999871
20
-83.4067909999999983
11
167.4590000000000032
21
-83.4124999999999943
0
LINE
8
BLACK
6
CONTINUOUS
10
167.4590000000000032
20
-83.4124999999999943
11
167.3089999999999975
21
-83.4124999999999943
0
LINE
8
BLACK
6
CONTINUOUS
10
167.3089999999999975
20
-83.4124999999999943
11
167.2802989999999852
21
-83.4067909999999983
0
LINE
8
BLACK
6
CONTINUOUS
10
167.2802989999999852
20
-83.4067909999999983
11
167.2559669999999983
21
-83.3905329999999907
0
LINE
8
BLACK
6
CONTINUOUS
10
167.2559669999999983
20
-83.3905329999999907
11
167.2397090000000048
21
-83.3662009999999896
0
LINE
8
BLACK
6
CONTINUOUS
10
167.2397090000000048
20
-83.3662009999999896
11
167.2339999999999804
21
-83.3374999999999915
0
LINE
8
BLACK
6
CONTINUOUS
10
167.2339999999999804
20
-83.3374999999999915
11
167.2339999999999804
21
-82.0125000000000028
0
LINE
8
BLACK
6
CONTINUOUS
10
167.2339999999999804
20
-82.0125000000000028
11
167.2397090000000048
21
-81.9837989999999905
0
LINE
8
BLACK
6
CONTINUOUS
10
167.2397090000000048
20
-81.9837989999999905
11
167.2559669999999983
21
-81.9594669999999894
0
LINE
8
BLACK
6
CONTINUOUS
10
167.2559669999999983
20
-81.9594669999999894
11
167.2589999999999861
21
-81.9574399999999912
0
LINE
8
BLACK
6
CONTINUOUS
10
167.2589999999999861
20
-81.9574399999999912
11
167.2589999999999861
21
-78.8736040000000003
0
LINE
8
BLACK
6
CONTINUOUS
10
167.2589999999999861
20
-78.8736040000000003
11
167.2614020000000039
21
-78.8492179999999934
0
LINE
8
BLACK
6
CONTINUOUS
10
167.2614020000000039
20
-78.8492179999999934
11
167.2633789999999863
21
-78.8444459999999907
0
LINE
8
BLACK
6
CONTINUOUS
10
167.2633789999999863
20
-78.8444459999999907
11
167.2668679999999881
21
-78.8360189999999932
0
LINE
8
BLACK
6
CONTINUOUS
10
167.2668679999999881
20
-78.8360189999999932
11
167.280066000000005
21
-78.804158000000001
0
LINE
8
BLACK
6
CONTINUOUS
10
167.280066000000005
20
-78.804158000000001
11
167.2800709999999924
21
-78.804152000000002
0
LINE
8
BLACK
6
CONTINUOUS
10
167.2800709999999924
20
-78.804152000000002
11
167.2956120000000055
21
-78.7852159999999913
0
LINE
8
BLACK
6
CONTINUOUS
10
167.2956120000000055
20
-78.7852159999999913
11
167.4489999999999839
21
-78.6318270000000012
0
LINE
8
BLACK
6
CONTINUOUS
10
167.4489999999999839
20
-78.6318270000000012
11
167.4489999999999839
21
-75.0349729999999937
0
LINE
8
BLACK
6
CONTINUOUS
10
167.4489999999999839
20
-75.0349729999999937
11
167.3462920000000054
21
-75.004815999999991
0
LINE
8
BLACK
6
CONTINUOUS
10
167.3462920000000054
20
-75.004815999999991
11
167.2265699999999811
21
-74.9278750000000002
0
LINE
8
BLACK
6
CONTINUOUS
10
167.2265699999999811
20
-74.9278750000000002
11
167.133373000000006
21
-74.8203199999999953
0
LINE
8
BLACK
6
CONTINUOUS
10
167.133373000000006
20
-74.8203199999999953
11
167.0742539999999963
21
-74.6908659999999998
0
LINE
8
BLACK
6
CONTINUOUS
10
167.0742539999999963
20
-74.6908659999999998
11
167.054000000000002
21
-74.5499999999999972
0
LINE
8
BLACK
6
CONTINUOUS
10
167.054000000000002
20
-74.5499999999999972
11
167.0742539999999963
21
-74.4091339999999946
0
LINE
8
BLACK
6
CONTINUOUS
10
167.0742539999999963
20
-74.4091339999999946
11
167.133373000000006
21
-74.279679999999999
0
LINE
8
BLACK
6
CONTINUOUS
10
167.133373000000006
20
-74.279679999999999
11
167.2265699999999811
21
-74.1721249999999941
0
LINE
8
BLACK
6
CONTINUOUS
10
167.2265699999999811
20
-74.1721249999999941
11
167.3462920000000054
21
-74.0951840000000033
0
LINE
8
BLACK
6
CONTINUOUS
10
167.3462920000000054
20
-74.0951840000000033
11
167.4828430000000026
21
-74.0550889999999953
0
LINE
8
BLACK
6
CONTINUOUS
10
167.4828430000000026
20
-74.0550889999999953
11
167.6251570000000015
21
-74.0550889999999953
0
LINE
8
BLACK
6
CONTINUOUS
10
167.6251570000000015
20
-74.0550889999999953
11
167.7617079999999987
21
-74.0951840000000033
0
LINE
8
BLACK
6
CONTINUOUS
10
169.5117079999999987
20
-74.0951840000000033
11
169.6314299999999946
21
-74.1721249999999941
0
LINE
8
BLACK
6
CONTINUOUS
10
169.6314299999999946
20
-74.1721249999999941
11
169.7246269999999981
21
-74.279679999999999
0
LINE
8
BLACK
6
CONTINUOUS
10
169.7246269999999981
20
-74.279679999999999
11
169.7837459999999794
21
-74.4091339999999946
0
LINE
8
BLACK
6
CONTINUOUS
10
169.7837459999999794
20
-74.4091339999999946
11
169.804000000000002
21
-74.5499999999999972
0
LINE
8
BLACK
6
CONTINUOUS
10
169.804000000000002
20
-74.5499999999999972
11
169.7837459999999794
21
-74.6908659999999998
0
LINE
8
BLACK
6
CONTINUOUS
10
169.7837459999999794
20
-74.6908659999999998
11
169.7246269999999981
21
-74.8203199999999953
0
LINE
8
BLACK
6
CONTINUOUS
10
169.7246269999999981
20
-74.8203199999999953
11
169.6314299999999946
21
-74.9278750000000002
0
LINE
8
BLACK
6
CONTINUOUS
10
169.6314299999999946
20
-74.9278750000000002
11
169.5117079999999987
21
-75.004815999999991
0
LINE
8
BLACK
6
CONTINUOUS
10
169.5117079999999987
20
-75.004815999999991
11
169.429000000000002
21
-75.0291009999999972
0
LINE
8
BLACK
6
CONTINUOUS
10
169.429000000000002
20
-75.0291009999999972
11
169.429000000000002
21
-77.5900000000000034
0
LINE
8
BLACK
6
CONTINUOUS
10
169.429000000000002
20
-77.5900000000000034
11
169.4265979999999843
21
-77.6143859999999961
0
LINE
8
BLACK
6
CONTINUOUS
10
169.4265979999999843
20
-77.6143859999999961
11
169.4079339999999831
21
-77.6594460000000026
0
LINE
8
BLACK
6
CONTINUOUS
10
169.4079339999999831
20
-77.6594460000000026
11
169.4079329999999857
21
-77.6594470000000001
0
LINE
8
BLACK
6
CONTINUOUS
10
169.4079329999999857
20
-77.6594470000000001
11
169.3923879999999826
21
-77.6783889999999957
0
LINE
8
BLACK
6
CONTINUOUS
10
169.3923879999999826
20
-77.6783889999999957
11
168.0089999999999861
21
-79.0617759999999947
0
LINE
8
BLACK
6
CONTINUOUS
10
168.0089999999999861
20
-79.0617759999999947
11
168.0089999999999861
21
-81.9574399999999912
0
LINE
8
BLACK
6
CONTINUOUS
10
168.0089999999999861
20
-81.9574399999999912
11
168.0120330000000024
21
-81.9594669999999894
0
LINE
8
BLACK
6
CONTINUOUS
10
168.0120330000000024
20
-81.9594669999999894
11
168.0282909999999958
21
-81.9837989999999905
0
LINE
8
BLACK
6
CONTINUOUS
10
168.0282909999999958
20
-81.9837989999999905
11
168.0339999999999918
21
-82.0125000000000028
0
LINE
8
BLACK
6
CONTINUOUS
10
168.0339999999999918
20
-82.0125000000000028
11
168.0339999999999918
21
-83.3374999999999915
0
LINE
8
BLACK
6
CONTINUOUS
10
168.0339999999999918
20
-83.3374999999999915
11
168.0282909999999958
21
-83.3662009999999896
0
LINE
8
BLACK
6
CONTINUOUS
10
168.0282909999999958
20
-83.3662009999999896
11
168.0120330000000024
21
-83.3905329999999907
0
LINE
8
BLACK
6
CONTINUOUS
10
168.0120330000000024
20
-83.3905329999999907
11
167.9877009999999871
21
-83.4067909999999983
0
LINE
8
BLACK
6
CONTINUOUS
10
167.9877009999999871
20
-83.4067909999999983
11
167.9590000000000032
21
-83.4124999999999943
0
LINE
8
BLACK
6
CONTINUOUS
10
167.9590000000000032
20
-83.4124999999999943
11
167.8089999999999975
21
-83.4124999999999943
0
LINE
8
BLACK
6
CONTINUOUS
10
167.8089999999999975
20
-83.4124999999999943
11
167.7802989999999852
21
-83.4067909999999983
0
LINE
8
BLACK
6
CONTINUOUS
10
167.7802989999999852
20
-83.4067909999999983
11
167.7559669999999983
21
-83.3905329999999907
0
LINE
8
BLACK
6
CONTINUOUS
10
167.7559669999999983
20
-83.3905329999999907
11
167.7397090000000048
21
-83.3662009999999896
0
LINE
8
BLACK
6
CONTINUOUS
10
167.7397090000000048
20
-83.3662009999999896
11
167.7339999999999804
21
-83.3374999999999915
0
LINE
8
BLACK
6
CONTINUOUS
10
167.7339999999999804
20
-83.3374999999999915
11
167.7339999999999804
21
-82.0125000000000028
0
LINE
8
BLACK
6
CONTINUOUS
10
167.7339999999999804
20
-82.0125000000000028
11
167.7397090000000048
21
-81.9837989999999905
0
LINE
8
BLACK
6
CONTINUOUS
10
167.7397090000000048
20
-81.9837989999999905
11
167.7559669999999983
21
-81.9594669999999894
0
LINE
8
BLACK
6
CONTINUOUS
10
167.7559669999999983
20
-81.9594669999999894
11
167.7589999999999861
21
-81.9574399999999912
0
LINE
8
BLACK
6
CONTINUOUS
10
167.7589999999999861
20
-81.9574399999999912
11
167.7589999999999861
21
-79.0099999999999909
0
LINE
8
BLACK
6
CONTINUOUS
10
167.7589999999999861
20
-79.0099999999999909
11
167.7614020000000039
21
-78.9856139999999982
0
LINE
8
BLACK
6
CONTINUOUS
10
167.7614020000000039
20
-78.9856139999999982
11
167.7630939999999953
21
-78.9815299999999922
0
LINE
8
BLACK
6
CONTINUOUS
10
167.7630939999999953
20
-78.9815299999999922
11
167.7709759999999903
21
-78.9624999999999915
0
LINE
8
BLACK
6
CONTINUOUS
10
167.7709759999999903
20
-78.9624999999999915
11
167.780066000000005
21
-78.9405539999999917
0
LINE
8
BLACK
6
CONTINUOUS
10
167.780066000000005
20
-78.9405539999999917
11
167.7800709999999924
21
-78.9405479999999926
0
LINE
8
BLACK
6
CONTINUOUS
10
167.7800709999999924
20
-78.9405479999999926
11
167.7956120000000055
21
-78.9216119999999961
0
LINE
8
BLACK
6
CONTINUOUS
10
167.7956120000000055
20
-78.9216119999999961
11
169.179000000000002
21
-77.5382230000000021
0
LINE
8
BLACK
6
CONTINUOUS
10
169.179000000000002
20
-77.5382230000000021
11
169.179000000000002
21
-75.0291009999999972
0
LINE
8
BLACK
6
CONTINUOUS
10
169.179000000000002
20
-75.0291009999999972
11
169.0962920000000054
21
-75.004815999999991
0
LINE
8
BLACK
6
CONTINUOUS
10
169.0962920000000054
20
-75.004815999999991
11
168.9765699999999811
21
-74.9278750000000002
0
LINE
8
BLACK
6
CONTINUOUS
10
168.9765699999999811
20
-74.9278750000000002
11
168.883373000000006
21
-74.8203199999999953
0
LINE
8
BLACK
6
CONTINUOUS
10
168.883373000000006
20
-74.8203199999999953
11
168.8242539999999963
21
-74.6908659999999998
0
LINE
8
BLACK
6
CONTINUOUS
10
168.8242539999999963
20
-74.6908659999999998
11
168.804000000000002
21
-74.5499999999999972
0
LINE
8
BLACK
6
CONTINUOUS
10
168.804000000000002
20
-74.5499999999999972
11
168.8242539999999963
21
-74.4091339999999946
0
LINE
8
BLACK
6
CONTINUOUS
10
168.8242539999999963
20
-74.4091339999999946
11
168.883373000000006
21
-74.279679999999999
0
LINE
8
BLACK
6
CONTINUOUS
10
168.883373000000006
20
-74.279679999999999
11
168.9765699999999811
21
-74.1721249999999941
0
LINE
8
BLACK
6
CONTINUOUS
10
168.9765699999999811
20
-74.1721249999999941
11
169.0962920000000054
21
-74.0951840000000033
0
LINE
8
BLACK
6
CONTINUOUS
10
169.0962920000000054
20
-74.0951840000000033
11
169.2328430000000026
21
-74.0550889999999953
0
LINE
8
BLACK
6
CONTINUOUS
10
169.2328430000000026
20
-74.0550889999999953
11
169.3751570000000015
21
-74.0550889999999953
0
LINE
8
BLACK
6
CONTINUOUS
10
169.3751570000000015
20
-74.0550889999999953
11
169.5117079999999987
21
-74.0951840000000033
0
LINE
8
BLACK
6
CONTINUOUS
10
171.2617079999999987
20
-74.0701839999999976
11
171.3814299999999946
21
-74.1471250000000026
0
LINE
8
BLACK
6
CONTINUOUS
10
171.3814299999999946
20
-74.1471250000000026
11
171.4746269999999981
21
-74.2546799999999934
0
LINE
8
BLACK
6
CONTINUOUS
10
171.4746269999999981
20
-74.2546799999999934
11
171.5337459999999794
21
-74.3841340000000031
0
LINE
8
BLACK
6
CONTINUOUS
10
171.5337459999999794
20
-74.3841340000000031
11
171.554000000000002
21
-74.5249999999999915
0
LINE
8
BLACK
6
CONTINUOUS
10
171.554000000000002
20
-74.5249999999999915
11
171.5337459999999794
21
-74.6658659999999941
0
LINE
8
BLACK
6
CONTINUOUS
10
171.5337459999999794
20
-74.6658659999999941
11
171.4746269999999981
21
-74.7953199999999896
0
LINE
8
BLACK
6
CONTINUOUS
10
171.4746269999999981
20
-74.7953199999999896
11
171.3814299999999946
21
-74.9028749999999945
0
LINE
8
BLACK
6
CONTINUOUS
10
171.3814299999999946
20
-74.9028749999999945
11
171.2989999999999782
21
-74.9558490000000006
0
LINE
8
BLACK
6
CONTINUOUS
10
171.2989999999999782
20
-74.9558490000000006
11
171.2989999999999782
21
-76.3999999999999915
0
LINE
8
BLACK
6
CONTINUOUS
10
171.2989999999999782
20
-76.3999999999999915
11
171.2965979999999888
21
-76.4243859999999984
0
LINE
8
BLACK
6
CONTINUOUS
10
171.2965979999999888
20
-76.4243859999999984
11
171.2779339999999877
21
-76.4694459999999907
0
LINE
8
BLACK
6
CONTINUOUS
10
171.2779339999999877
20
-76.4694459999999907
11
171.2779280000000028
21
-76.4694509999999923
0
LINE
8
BLACK
6
CONTINUOUS
10
171.2779280000000028
20
-76.4694509999999923
11
171.2623879999999872
21
-76.4883880000000005
0
LINE
8
BLACK
6
CONTINUOUS
10
171.2623879999999872
20
-76.4883880000000005
11
168.5089999999999861
21
-79.2417760000000015
0
LINE
8
BLACK
6
CONTINUOUS
10
168.5089999999999861
20
-79.2417760000000015
11
168.5089999999999861
21
-81.9574399999999912
0
LINE
8
BLACK
6
CONTINUOUS
10
168.5089999999999861
20
-81.9574399999999912
11
168.5120330000000024
21
-81.9594669999999894
0
LINE
8
BLACK
6
CONTINUOUS
10
168.5120330000000024
20
-81.9594669999999894
11
168.5282909999999958
21
-81.9837989999999905
0
LINE
8
BLACK
6
CONTINUOUS
10
168.5282909999999958
20
-81.9837989999999905
11
168.5339999999999918
21
-82.0125000000000028
0
LINE
8
BLACK
6
CONTINUOUS
10
168.5339999999999918
20
-82.0125000000000028
11
168.5339999999999918
21
-83.3374999999999915
0
LINE
8
BLACK
6
CONTINUOUS
10
168.5339999999999918
20
-83.3374999999999915
11
168.5282909999999958
21
-83.3662009999999896
0
LINE
8
BLACK
6
CONTINUOUS
10
168.5282909999999958
20
-83.3662009999999896
11
168.5120330000000024
21
-83.3905329999999907
0
LINE
8
BLACK
6
CONTINUOUS
10
168.5120330000000024
20
-83.3905329999999907
11
168.4877009999999871
21
-83.4067909999999983
0
LINE
8
BLACK
6
CONTINUOUS
10
168.4877009999999871
20
-83.4067909999999983
11
168.4590000000000032
21
-83.4124999999999943
0
LINE
8
BLACK
6
CONTINUOUS
10
168.4590000000000032
20
-83.4124999999999943
11
168.3089999999999975
21
-83.4124999999999943
0
LINE
8
BLACK
6
CONTINUOUS
10
168.3089999999999975
20
-83.4124999999999943
11
168.2802989999999852
21
-83.4067909999999983
0
LINE
8
BLACK
6
CONTINUOUS
10
168.2802989999999852
20
-83.4067909999999983
11
168.2559669999999983
21
-83.3905329999999907
0
LINE
8
BLACK
6
CONTINUOUS
10
168.2559669999999983
20
-83.3905329999999907
11
168.2397090000000048
21
-83.3662009999999896
0
LINE
8
BLACK
6
CONTINUOUS
10
168.2397090000000048
20
-83.3662009999999896
11
168.2339999999999804
21
-83.3374999999999915
0
LINE
8
BLACK
6
CONTINUOUS
10
168.2339999999999804
20
-83.3374999999999915
11
168.2339999999999804
21
-82.0125000000000028
0
LINE
8
BLACK
6
CONTINUOUS
10
168.2339999999999804
20
-82.0125000000000028
11
168.2397090000000048
21
-81.9837989999999905
0
LINE
8
BLACK
6
CONTINUOUS
10
168.2397090000000048
20
-81.9837989999999905
11
168.2559669999999983
21
-81.9594669999999894
0
LINE
8
BLACK
6
CONTINUOUS
10
168.2559669999999983
20
-81.9594669999999894
11
168.2589999999999861
21
-81.9574399999999912
0
LINE
8
BLACK
6
CONTINUOUS
10
168.2589999999999861
20
-81.9574399999999912
11
168.2589999999999861
21
-79.1899999999999977
0
LINE
8
BLACK
6
CONTINUOUS
10
168.2589999999999861
20
-79.1899999999999977
11
168.2614020000000039
21
-79.1656139999999908
0
LINE
8
BLACK
6
CONTINUOUS
10
168.2614020000000039
20
-79.1656139999999908
11
168.2614920000000041
21
-79.1653969999999987
0
LINE
8
BLACK
6
CONTINUOUS
10
168.2614920000000041
20
-79.1653969999999987
11
168.2690599999999961
21
-79.1471250000000026
0
LINE
8
BLACK
6
CONTINUOUS
10
168.2690599999999961
20
-79.1471250000000026
11
168.280066000000005
21
-79.1205539999999985
0
LINE
8
BLACK
6
CONTINUOUS
10
168.280066000000005
20
-79.1205539999999985
11
168.2800709999999924
21
-79.1205479999999994
0
LINE
8
BLACK
6
CONTINUOUS
10
168.2800709999999924
20
-79.1205479999999994
11
168.2956120000000055
21
-79.1016120000000029
0
LINE
8
BLACK
6
CONTINUOUS
10
168.2956120000000055
20
-79.1016120000000029
11
171.0489999999999782
21
-76.3482240000000019
0
LINE
8
BLACK
6
CONTINUOUS
10
171.0489999999999782
20
-76.3482240000000019
11
171.0489999999999782
21
-75.0199109999999934
0
LINE
8
BLACK
6
CONTINUOUS
10
171.0489999999999782
20
-75.0199109999999934
11
170.9828430000000026
21
-75.0199109999999934
0
LINE
8
BLACK
6
CONTINUOUS
10
170.9828430000000026
20
-75.0199109999999934
11
170.8462920000000054
21
-74.9798159999999996
0
LINE
8
BLACK
6
CONTINUOUS
10
170.8462920000000054
20
-74.9798159999999996
11
170.7265699999999811
21
-74.9028749999999945
0
LINE
8
BLACK
6
CONTINUOUS
10
170.7265699999999811
20
-74.9028749999999945
11
170.633373000000006
21
-74.7953199999999896
0
LINE
8
BLACK
6
CONTINUOUS
10
170.633373000000006
20
-74.7953199999999896
11
170.5742539999999963
21
-74.6658659999999941
0
LINE
8
BLACK
6
CONTINUOUS
10
170.5742539999999963
20
-74.6658659999999941
11
170.554000000000002
21
-74.5249999999999915
0
LINE
8
BLACK
6
CONTINUOUS
10
170.554000000000002
20
-74.5249999999999915
11
170.5742539999999963
21
-74.3841340000000031
0
LINE
8
BLACK
6
CONTINUOUS
10
170.5742539999999963
20
-74.3841340000000031
11
170.633373000000006
21
-74.2546799999999934
0
LINE
8
BLACK
6
CONTINUOUS
10
170.633373000000006
20
-74.2546799999999934
11
170.7265699999999811
21
-74.1471250000000026
0
LINE
8
BLACK
6
CONTINUOUS
10
170.7265699999999811
20
-74.1471250000000026
11
170.8462920000000054
21
-74.0701839999999976
0
LINE
8
BLACK
6
CONTINUOUS
10
170.8462920000000054
20
-74.0701839999999976
11
170.9828430000000026
21
-74.0300889999999896
0
LINE
8
BLACK
6
CONTINUOUS
10
170.9828430000000026
20
-74.0300889999999896
11
171.1251570000000015
21
-74.0300889999999896
0
LINE
8
BLACK
6
CONTINUOUS
10
171.1251570000000015
20
-74.0300889999999896
11
171.2617079999999987
21
-74.0701839999999976
0
LINE
8
BLACK
6
CONTINUOUS
10
172.986707999999993
20
-74.0951840000000033
11
173.1064299999999889
21
-74.1721249999999941
0
LINE
8
BLACK
6
CONTINUOUS
10
173.1064299999999889
20
-74.1721249999999941
11
173.1996269999999924
21
-74.279679999999999
0
LINE
8
BLACK
6
CONTINUOUS
10
173.1996269999999924
20
-74.279679999999999
11
173.2587460000000021
21
-74.4091339999999946
0
LINE
8
BLACK
6
CONTINUOUS
10
173.2587460000000021
20
-74.4091339999999946
11
173.2789999999999964
21
-74.5499999999999972
0
LINE
8
BLACK
6
CONTINUOUS
10
173.2789999999999964
20
-74.5499999999999972
11
173.2587460000000021
21
-74.6908659999999998
0
LINE
8
BLACK
6
CONTINUOUS
10
173.2587460000000021
20
-74.6908659999999998
11
173.1996269999999924
21
-74.8203199999999953
0
LINE
8
BLACK
6
CONTINUOUS
10
173.1996269999999924
20
-74.8203199999999953
11
173.1064299999999889
21
-74.9278750000000002
0
LINE
8
BLACK
6
CONTINUOUS
10
173.1064299999999889
20
-74.9278750000000002
11
172.986707999999993
21
-75.004815999999991
0
LINE
8
BLACK
6
CONTINUOUS
10
172.986707999999993
20
-75.004815999999991
11
172.9039999999999964
21
-75.0291009999999972
0
LINE
8
BLACK
6
CONTINUOUS
10
172.9039999999999964
20
-75.0291009999999972
11
172.9039999999999964
21
-75.4350000000000023
0
LINE
8
BLACK
6
CONTINUOUS
10
172.9039999999999964
20
-75.4350000000000023
11
172.9015979999999786
21
-75.459385999999995
0
LINE
8
BLACK
6
CONTINUOUS
10
172.9015979999999786
20
-75.459385999999995
11
172.9015979999999786
21
-75.4593869999999924
0
LINE
8
BLACK
6
CONTINUOUS
10
172.9015979999999786
20
-75.4593869999999924
11
172.8829340000000059
21
-75.5044460000000015
0
LINE
8
BLACK
6
CONTINUOUS
10
172.8829340000000059
20
-75.5044460000000015
11
172.8673880000000054
21
-75.5233879999999971
0
LINE
8
BLACK
6
CONTINUOUS
10
172.8673880000000054
20
-75.5233879999999971
11
169.0089999999999861
21
-79.3817760000000021
0
LINE
8
BLACK
6
CONTINUOUS
10
169.0089999999999861
20
-79.3817760000000021
11
169.0089999999999861
21
-81.9574399999999912
0
LINE
8
BLACK
6
CONTINUOUS
10
169.0089999999999861
20
-81.9574399999999912
11
169.0120330000000024
21
-81.9594669999999894
0
LINE
8
BLACK
6
CONTINUOUS
10
169.0120330000000024
20
-81.9594669999999894
11
169.0282909999999958
21
-81.9837989999999905
0
LINE
8
BLACK
6
CONTINUOUS
10
169.0282909999999958
20
-81.9837989999999905
11
169.0339999999999918
21
-82.0125000000000028
0
LINE
8
BLACK
6
CONTINUOUS
10
169.0339999999999918
20
-82.0125000000000028
11
169.0339999999999918
21
-83.3374999999999915
0
LINE
8
BLACK
6
CONTINUOUS
10
169.0339999999999918
20
-83.3374999999999915
11
169.0282909999999958
21
-83.3662009999999896
0
LINE
8
BLACK
6
CONTINUOUS
10
169.0282909999999958
20
-83.3662009999999896
11
169.0120330000000024
21
-83.3905329999999907
0
LINE
8
BLACK
6
CONTINUOUS
10
169.0120330000000024
20
-83.3905329999999907
11
168.9877009999999871
21
-83.4067909999999983
0
LINE
8
BLACK
6
CONTINUOUS
10
168.9877009999999871
20
-83.4067909999999983
11
168.9590000000000032
21
-83.4124999999999943
0
LINE
8
BLACK
6
CONTINUOUS
10
168.9590000000000032
20
-83.4124999999999943
11
168.8089999999999975
21
-83.4124999999999943
0
LINE
8
BLACK
6
CONTINUOUS
10
168.8089999999999975
20
-83.4124999999999943
11
168.7802989999999852
21
-83.4067909999999983
0
LINE
8
BLACK
6
CONTINUOUS
10
168.7802989999999852
20
-83.4067909999999983
11
168.7559669999999983
21
-83.3905329999999907
0
LINE
8
BLACK
6
CONTINUOUS
10
168.7559669999999983
20
-83.3905329999999907
11
168.7397090000000048
21
-83.3662009999999896
0
LINE
8
BLACK
6
CONTINUOUS
10
168.7397090000000048
20
-83.3662009999999896
11
168.7339999999999804
21
-83.3374999999999915
0
LINE
8
BLACK
6
CONTINUOUS
10
168.7339999999999804
20
-83.3374999999999915
11
168.7339999999999804
21
-82.0125000000000028
0
LINE
8
BLACK
6
CONTINUOUS
10
168.7339999999999804
20
-82.0125000000000028
11
168.7397090000000048
21
-81.9837989999999905
0
LINE
8
BLACK
6
CONTINUOUS
10
168.7397090000000048
20
-81.9837989999999905
11
168.7559669999999983
21
-81.9594669999999894
0
LINE
8
BLACK
6
CONTINUOUS
10
168.7559669999999983
20
-81.9594669999999894
11
168.7589999999999861
21
-81.9574399999999912
0
LINE
8
BLACK
6
CONTINUOUS
10
168.7589999999999861
20
-81.9574399999999912
11
168.7589999999999861
21
-79.3299999999999983
0
LINE
8
BLACK
6
CONTINUOUS
10
168.7589999999999861
20
-79.3299999999999983
11
168.7614020000000039
21
-79.3056139999999914
0
LINE
8
BLACK
6
CONTINUOUS
10
168.7614020000000039
20
-79.3056139999999914
11
168.7635209999999972
21
-79.3004990000000021
0
LINE
8
BLACK
6
CONTINUOUS
10
168.7635209999999972
20
-79.3004990000000021
11
168.7686999999999955
21
-79.2879949999999951
0
LINE
8
BLACK
6
CONTINUOUS
10
168.7686999999999955
20
-79.2879949999999951
11
168.780066000000005
21
-79.2605539999999991
0
LINE
8
BLACK
6
CONTINUOUS
10
168.780066000000005
20
-79.2605539999999991
11
168.7800709999999924
21
-79.260548
0
LINE
8
BLACK
6
CONTINUOUS
10
168.7800709999999924
20
-79.260548
11
168.7956120000000055
21
-79.2416120000000035
0
LINE
8
BLACK
6
CONTINUOUS
10
168.7956120000000055
20
-79.2416120000000035
11
172.6539999999999964
21
-75.3832239999999985
0
LINE
8
BLACK
6
CONTINUOUS
10
172.6539999999999964
20
-75.3832239999999985
11
172.6539999999999964
21
-75.0291009999999972
0
LINE
8
BLACK
6
CONTINUOUS
10
172.6539999999999964
20
-75.0291009999999972
11
172.5712919999999997
21
-75.004815999999991
0
LINE
8
BLACK
6
CONTINUOUS
10
172.5712919999999997
20
-75.004815999999991
11
172.4515700000000038
21
-74.9278750000000002
0
LINE
8
BLACK
6
CONTINUOUS
10
172.4515700000000038
20
-74.9278750000000002
11
172.3583730000000003
21
-74.8203199999999953
0
LINE
8
BLACK
6
CONTINUOUS
10
172.3583730000000003
20
-74.8203199999999953
11
172.2992539999999906
21
-74.6908659999999998
0
LINE
8
BLACK
6
CONTINUOUS
10
172.2992539999999906
20
-74.6908659999999998
11
172.2789999999999964
21
-74.5499999999999972
0
LINE
8
BLACK
6
CONTINUOUS
10
172.2789999999999964
20
-74.5499999999999972
11
172.2992539999999906
21
-74.4091339999999946
0
LINE
8
BLACK
6
CONTINUOUS
10
172.2992539999999906
20
-74.4091339999999946
11
172.3583730000000003
21
-74.279679999999999
0
LINE
8
BLACK
6
CONTINUOUS
10
172.3583730000000003
20
-74.279679999999999
11
172.4515700000000038
21
-74.1721249999999941
0
LINE
8
BLACK
6
CONTINUOUS
10
172.4515700000000038
20
-74.1721249999999941
11
172.5712919999999997
21
-74.0951840000000033
0
LINE
8
BLACK
6
CONTINUOUS
10
172.5712919999999997
20
-74.0951840000000033
11
172.7078429999999969
21
-74.0550889999999953
0
LINE
8
BLACK
6
CONTINUOUS
10
172.7078429999999969
20
-74.0550889999999953
11
172.8501569999999958
21
-74.0550889999999953
0
LINE
8
BLACK
6
CONTINUOUS
10
172.8501569999999958
20
-74.0550889999999953
11
172.986707999999993
21
-74.0951840000000033
0
LINE
8
BLACK
6
CONTINUOUS
10
174.7617079999999987
20
-74.0951840000000033
11
174.8814299999999946
21
-74.1721249999999941
0
LINE
8
BLACK
6
CONTINUOUS
10
174.8814299999999946
20
-74.1721249999999941
11
174.9746269999999981
21
-74.279679999999999
0
LINE
8
BLACK
6
CONTINUOUS
10
174.9746269999999981
20
-74.279679999999999
11
175.0337459999999794
21
-74.4091339999999946
0
LINE
8
BLACK
6
CONTINUOUS
10
175.0337459999999794
20
-74.4091339999999946
11
175.054000000000002
21
-74.5499999999999972
0
LINE
8
BLACK
6
CONTINUOUS
10
175.054000000000002
20
-74.5499999999999972
11
175.0337459999999794
21
-74.6908659999999998
0
LINE
8
BLACK
6
CONTINUOUS
10
175.0337459999999794
20
-74.6908659999999998
11
174.9746269999999981
21
-74.8203199999999953
0
LINE
8
BLACK
6
CONTINUOUS
10
174.9746269999999981
20
-74.8203199999999953
11
174.8814299999999946
21
-74.9278750000000002
0
LINE
8
BLACK
6
CONTINUOUS
10
174.8814299999999946
20
-74.9278750000000002
11
174.7617079999999987
21
-75.004815999999991
0
LINE
8
BLACK
6
CONTINUOUS
10
174.7617079999999987
20
-75.004815999999991
11
174.6251570000000015
21
-75.044910999999999
0
LINE
8
BLACK
6
CONTINUOUS
10
174.6251570000000015
20
-75.044910999999999
11
174.4828430000000026
21
-75.044910999999999
0
LINE
8
BLACK
6
CONTINUOUS
10
174.4828430000000026
20
-75.044910999999999
11
174.3462920000000054
21
-75.004815999999991
0
LINE
8
BLACK
6
CONTINUOUS
10
174.3462920000000054
20
-75.004815999999991
11
174.2265699999999811
21
-74.9278750000000002
0
LINE
8
BLACK
6
CONTINUOUS
10
174.2265699999999811
20
-74.9278750000000002
11
174.1970120000000009
21
-74.8937639999999902
0
LINE
8
BLACK
6
CONTINUOUS
10
174.1970120000000009
20
-74.8937639999999902
11
169.5089999999999861
21
-79.5817759999999907
0
LINE
8
BLACK
6
CONTINUOUS
10
169.5089999999999861
20
-79.5817759999999907
11
169.5089999999999861
21
-81.9574399999999912
0
LINE
8
BLACK
6
CONTINUOUS
10
169.5089999999999861
20
-81.9574399999999912
11
169.5120330000000024
21
-81.9594669999999894
0
LINE
8
BLACK
6
CONTINUOUS
10
169.5120330000000024
20
-81.9594669999999894
11
169.5282909999999958
21
-81.9837989999999905
0
LINE
8
BLACK
6
CONTINUOUS
10
169.5282909999999958
20
-81.9837989999999905
11
169.5339999999999918
21
-82.0125000000000028
0
LINE
8
BLACK
6
CONTINUOUS
10
169.5339999999999918
20
-82.0125000000000028
11
169.5339999999999918
21
-83.3374999999999915
0
LINE
8
BLACK
6
CONTINUOUS
10
169.5339999999999918
20
-83.3374999999999915
11
169.5282909999999958
21
-83.3662009999999896
0
LINE
8
BLACK
6
CONTINUOUS
10
169.5282909999999958
20
-83.3662009999999896
11
169.5120330000000024
21
-83.3905329999999907
0
LINE
8
BLACK
6
CONTINUOUS
10
169.5120330000000024
20
-83.3905329999999907
11
169.4877009999999871
21
-83.4067909999999983
0
LINE
8
BLACK
6
CONTINUOUS
10
169.4877009999999871
20
-83.4067909999999983
11
169.4590000000000032
21
-83.4124999999999943
0
LINE
8
BLACK
6
CONTINUOUS
10
169.4590000000000032
20
-83.4124999999999943
11
169.3089999999999975
21
-83.4124999999999943
0
LINE
8
BLACK
6
CONTINUOUS
10
169.3089999999999975
20
-83.4124999999999943
11
169.2802989999999852
21
-83.4067909999999983
0
LINE
8
BLACK
6
CONTINUOUS
10
169.2802989999999852
20
-83.4067909999999983
11
169.2559669999999983
21
-83.3905329999999907
0
LINE
8
BLACK
6
CONTINUOUS
10
169.2559669999999983
20
-83.3905329999999907
11
169.2397090000000048
21
-83.3662009999999896
0
LINE
8
BLACK
6
CONTINUOUS
10
169.2397090000000048
20
-83.3662009999999896
11
169.2339999999999804
21
-83.3374999999999915
0
LINE
8
BLACK
6
CONTINUOUS
10
169.2339999999999804
20
-83.3374999999999915
11
169.2339999999999804
21
-82.0125000000000028
0
LINE
8
BLACK
6
CONTINUOUS
10
169.2339999999999804
20
-82.0125000000000028
11
169.2397090000000048
21
-81.9837989999999905
0
LINE
8
BLACK
6
CONTINUOUS
10
169.2397090000000048
20
-81.9837989999999905
11
169.2559669999999983
21
-81.9594669999999894
0
LINE
8
BLACK
6
CONTINUOUS
10
169.2559669999999983
20
-81.9594669999999894
11
169.2589999999999861
21
-81.9574399999999912
0
LINE
8
BLACK
6
CONTINUOUS
10
169.2589999999999861
20
-81.9574399999999912
11
169.2589999999999861
21
-79.5300000000000011
0
LINE
8
BLACK
6
CONTINUOUS
10
169.2589999999999861
20
-79.5300000000000011
11
169.2614020000000039
21
-79.5056139999999942
0
LINE
8
BLACK
6
CONTINUOUS
10
169.2614020000000039
20
-79.5056139999999942
11
169.280066000000005
21
-79.4605540000000019
0
LINE
8
BLACK
6
CONTINUOUS
10
169.280066000000005
20
-79.4605540000000019
11
169.2800709999999924
21
-79.4605480000000028
0
LINE
8
BLACK
6
CONTINUOUS
10
169.2800709999999924
20
-79.4605480000000028
11
169.2956120000000055
21
-79.4416119999999921
0
LINE
8
BLACK
6
CONTINUOUS
10
169.2956120000000055
20
-79.4416119999999921
11
174.070746999999983
21
-74.6664749999999913
0
LINE
8
BLACK
6
CONTINUOUS
10
174.070746999999983
20
-74.6664749999999913
11
174.054000000000002
21
-74.5499999999999972
0
LINE
8
BLACK
6
CONTINUOUS
10
174.054000000000002
20
-74.5499999999999972
11
174.0742539999999963
21
-74.4091339999999946
0
LINE
8
BLACK
6
CONTINUOUS
10
174.0742539999999963
20
-74.4091339999999946
11
174.133373000000006
21
-74.279679999999999
0
LINE
8
BLACK
6
CONTINUOUS
10
174.133373000000006
20
-74.279679999999999
11
174.2265699999999811
21
-74.1721249999999941
0
LINE
8
BLACK
6
CONTINUOUS
10
174.2265699999999811
20
-74.1721249999999941
11
174.3462920000000054
21
-74.0951840000000033
0
LINE
8
BLACK
6
CONTINUOUS
10
174.3462920000000054
20
-74.0951840000000033
11
174.4828430000000026
21
-74.0550889999999953
0
LINE
8
BLACK
6
CONTINUOUS
10
174.4828430000000026
20
-74.0550889999999953
11
174.6251570000000015
21
-74.0550889999999953
0
LINE
8
BLACK
6
CONTINUOUS
10
174.6251570000000015
20
-74.0550889999999953
11
174.7617079999999987
21
-74.0951840000000033
0
LINE
8
BLACK
6
CONTINUOUS
10
170.7167079999999828
20
-80.2451839999999947
11
170.8364299999999787
21
-80.3221249999999998
0
LINE
8
BLACK
6
CONTINUOUS
10
170.8364299999999787
20
-80.3221249999999998
11
170.9296269999999822
21
-80.4296799999999905
0
LINE
8
BLACK
6
CONTINUOUS
10
170.9296269999999822
20
-80.4296799999999905
11
170.9887459999999919
21
-80.5591340000000002
0
LINE
8
BLACK
6
CONTINUOUS
10
170.9887459999999919
20
-80.5591340000000002
11
171.0089999999999861
21
-80.7000000000000028
0
LINE
8
BLACK
6
CONTINUOUS
10
171.0089999999999861
20
-80.7000000000000028
11
170.9887459999999919
21
-80.8408659999999912
0
LINE
8
BLACK
6
CONTINUOUS
10
170.9887459999999919
20
-80.8408659999999912
11
170.9296269999999822
21
-80.970320000000001
0
LINE
8
BLACK
6
CONTINUOUS
10
170.9296269999999822
20
-80.970320000000001
11
170.8364299999999787
21
-81.0778749999999917
0
LINE
8
BLACK
6
CONTINUOUS
10
170.8364299999999787
20
-81.0778749999999917
11
170.7167079999999828
21
-81.1548159999999967
0
LINE
8
BLACK
6
CONTINUOUS
10
170.7167079999999828
20
-81.1548159999999967
11
170.5801569999999856
21
-81.1949109999999905
0
LINE
8
BLACK
6
CONTINUOUS
10
170.5801569999999856
20
-81.1949109999999905
11
170.4378429999999867
21
-81.1949109999999905
0
LINE
8
BLACK
6
CONTINUOUS
10
170.4378429999999867
20
-81.1949109999999905
11
170.3012919999999895
21
-81.1548159999999967
0
LINE
8
BLACK
6
CONTINUOUS
10
170.3012919999999895
20
-81.1548159999999967
11
170.2584760000000017
21
-81.1272989999999936
0
LINE
8
BLACK
6
CONTINUOUS
10
170.2584760000000017
20
-81.1272989999999936
11
170.0089999999999861
21
-81.3767759999999925
0
LINE
8
BLACK
6
CONTINUOUS
10
170.0089999999999861
20
-81.3767759999999925
11
170.0089999999999861
21
-81.9574399999999912
0
LINE
8
BLACK
6
CONTINUOUS
10
170.0089999999999861
20
-81.9574399999999912
11
170.0120330000000024
21
-81.9594669999999894
0
LINE
8
BLACK
6
CONTINUOUS
10
170.0120330000000024
20
-81.9594669999999894
11
170.0282909999999958
21
-81.9837989999999905
0
LINE
8
BLACK
6
CONTINUOUS
10
170.0282909999999958
20
-81.9837989999999905
11
170.0339999999999918
21
-82.0125000000000028
0
LINE
8
BLACK
6
CONTINUOUS
10
170.0339999999999918
20
-82.0125000000000028
11
170.0339999999999918
21
-83.3374999999999915
0
LINE
8
BLACK
6
CONTINUOUS
10
170.0339999999999918
20
-83.3374999999999915
11
170.0282909999999958
21
-83.3662009999999896
0
LINE
8
BLACK
6
CONTINUOUS
10
170.0282909999999958
20
-83.3662009999999896
11
170.0120330000000024
21
-83.3905329999999907
0
LINE
8
BLACK
6
CONTINUOUS
10
170.0120330000000024
20
-83.3905329999999907
11
169.9877009999999871
21
-83.4067909999999983
0
LINE
8
BLACK
6
CONTINUOUS
10
169.9877009999999871
20
-83.4067909999999983
11
169.9590000000000032
21
-83.4124999999999943
0
LINE
8
BLACK
6
CONTINUOUS
10
169.9590000000000032
20
-83.4124999999999943
11
169.8089999999999975
21
-83.4124999999999943
0
LINE
8
BLACK
6
CONTINUOUS
10
169.8089999999999975
20
-83.4124999999999943
11
169.7802989999999852
21
-83.4067909999999983
0
LINE
8
BLACK
6
CONTINUOUS
10
169.7802989999999852
20
-83.4067909999999983
11
169.7559669999999983
21
-83.3905329999999907
0
LINE
8
BLACK
6
CONTINUOUS
10
169.7559669999999983
20
-83.3905329999999907
11
169.7397090000000048
21
-83.3662009999999896
0
LINE
8
BLACK
6
CONTINUOUS
10
169.7397090000000048
20
-83.3662009999999896
11
169.7339999999999804
21
-83.3374999999999915
0
LINE
8
BLACK
6
CONTINUOUS
10
169.7339999999999804
20
-83.3374999999999915
11
169.7339999999999804
21
-82.0125000000000028
0
LINE
8
BLACK
6
CONTINUOUS
10
169.7339999999999804
20
-82.0125000000000028
11
169.7397090000000048
21
-81.9837989999999905
0
LINE
8
BLACK
6
CONTINUOUS
10
169.7397090000000048
20
-81.9837989999999905
11
169.7559669999999983
21
-81.9594669999999894
0
LINE
8
BLACK
6
CONTINUOUS
10
169.7559669999999983
20
-81.9594669999999894
11
169.7589999999999861
21
-81.9574399999999912
0
LINE
8
BLACK
6
CONTINUOUS
10
169.7589999999999861
20
-81.9574399999999912
11
169.7589999999999861
21
-81.3250000000000028
0
LINE
8
BLACK
6
CONTINUOUS
10
169.7589999999999861
20
-81.3250000000000028
11
169.7614020000000039
21
-81.3006139999999959
0
LINE
8
BLACK
6
CONTINUOUS
10
169.7614020000000039
20
-81.3006139999999959
11
169.7639800000000037
21
-81.2943909999999903
0
LINE
8
BLACK
6
CONTINUOUS
10
169.7639800000000037
20
-81.2943909999999903
11
169.7696949999999845
21
-81.2805929999999961
0
LINE
8
BLACK
6
CONTINUOUS
10
169.7696949999999845
20
-81.2805929999999961
11
169.780066000000005
21
-81.2555539999999894
0
LINE
8
BLACK
6
CONTINUOUS
10
169.780066000000005
20
-81.2555539999999894
11
169.7800709999999924
21
-81.2555479999999903
0
LINE
8
BLACK
6
CONTINUOUS
10
169.7800709999999924
20
-81.2555479999999903
11
169.7956120000000055
21
-81.2366119999999938
0
LINE
8
BLACK
6
CONTINUOUS
10
169.7956120000000055
20
-81.2366119999999938
11
170.0800739999999962
21
-80.952147999999994
0
LINE
8
BLACK
6
CONTINUOUS
10
170.0800739999999962
20
-80.952147999999994
11
170.0292539999999804
21
-80.8408659999999912
0
LINE
8
BLACK
6
CONTINUOUS
10
170.0292539999999804
20
-80.8408659999999912
11
170.0089999999999861
21
-80.7000000000000028
0
LINE
8
BLACK
6
CONTINUOUS
10
170.0089999999999861
20
-80.7000000000000028
11
170.0292539999999804
21
-80.5591340000000002
0
LINE
8
BLACK
6
CONTINUOUS
10
170.0292539999999804
20
-80.5591340000000002
11
170.08837299999999
21
-80.4296799999999905
0
LINE
8
BLACK
6
CONTINUOUS
10
170.08837299999999
20
-80.4296799999999905
11
170.1815699999999936
21
-80.3221249999999998
0
LINE
8
BLACK
6
CONTINUOUS
10
170.1815699999999936
20
-80.3221249999999998
11
170.3012919999999895
21
-80.2451839999999947
0
LINE
8
BLACK
6
CONTINUOUS
10
170.3012919999999895
20
-80.2451839999999947
11
170.4378429999999867
21
-80.205089000000001
0
LINE
8
BLACK
6
CONTINUOUS
10
170.4378429999999867
20
-80.205089000000001
11
170.5801569999999856
21
-80.205089000000001
0
LINE
8
BLACK
6
CONTINUOUS
10
170.5801569999999856
20
-80.205089000000001
11
170.7167079999999828
21
-80.2451839999999947
0
LINE
8
BLACK
6
CONTINUOUS
10
178.0139999999999816
20
-79.
11
176.6339999999999861
21
-79.
0
LINE
8
BLACK
6
CONTINUOUS
10
176.6339999999999861
20
-79.
11
176.6339999999999861
21
-78.8999999999999915
0
LINE
8
BLACK
6
CONTINUOUS
10
176.6339999999999861
20
-78.8999999999999915
11
175.9732759999999985
21
-78.8999999999999915
0
LINE
8
BLACK
6
CONTINUOUS
10
175.9732759999999985
20
-78.8999999999999915
11
175.791528999999997
21
-79.0817459999999954
0
LINE
8
BLACK
6
CONTINUOUS
10
175.791528999999997
20
-79.0817459999999954
11
175.8149699999999882
21
-79.1168289999999956
0
LINE
8
BLACK
6
CONTINUOUS
10
175.8149699999999882
20
-79.1168289999999956
11
175.8340000000000032
21
-79.2124999999999915
0
LINE
8
BLACK
6
CONTINUOUS
10
175.8340000000000032
20
-79.2124999999999915
11
175.8340000000000032
21
-79.9124999999999943
0
LINE
8
BLACK
6
CONTINUOUS
10
175.8340000000000032
20
-79.9124999999999943
11
175.8149699999999882
21
-80.0081709999999902
0
LINE
8
BLACK
6
CONTINUOUS
10
175.8149699999999882
20
-80.0081709999999902
11
175.7607769999999903
21
-80.0892769999999956
0
LINE
8
BLACK
6
CONTINUOUS
10
175.7607769999999903
20
-80.0892769999999956
11
175.6796709999999848
21
-80.1434699999999935
0
LINE
8
BLACK
6
CONTINUOUS
10
175.6796709999999848
20
-80.1434699999999935
11
175.5840000000000032
21
-80.1624999999999943
0
LINE
8
BLACK
6
CONTINUOUS
10
175.5840000000000032
20
-80.1624999999999943
11
174.6839999999999975
21
-80.1624999999999943
0
LINE
8
BLACK
6
CONTINUOUS
10
174.6839999999999975
20
-80.1624999999999943
11
174.5883289999999874
21
-80.1434699999999935
0
LINE
8
BLACK
6
CONTINUOUS
10
174.5883289999999874
20
-80.1434699999999935
11
174.507222999999982
21
-80.0892769999999956
0
LINE
8
BLACK
6
CONTINUOUS
10
174.507222999999982
20
-80.0892769999999956
11
174.4530299999999841
21
-80.0081709999999902
0
LINE
8
BLACK
6
CONTINUOUS
10
174.4530299999999841
20
-80.0081709999999902
11
174.4339999999999975
21
-79.9124999999999943
0
LINE
8
BLACK
6
CONTINUOUS
10
174.4339999999999975
20
-79.9124999999999943
11
174.4339999999999975
21
-79.2124999999999915
0
LINE
8
BLACK
6
CONTINUOUS
10
174.4339999999999975
20
-79.2124999999999915
11
174.4530299999999841
21
-79.1168289999999956
0
LINE
8
BLACK
6
CONTINUOUS
10
174.4530299999999841
20
-79.1168289999999956
11
174.507222999999982
21
-79.0357229999999902
0
LINE
8
BLACK
6
CONTINUOUS
10
174.507222999999982
20
-79.0357229999999902
11
174.5883289999999874
21
-78.9815299999999922
0
LINE
8
BLACK
6
CONTINUOUS
10
174.5883289999999874
20
-78.9815299999999922
11
174.6839999999999975
21
-78.9624999999999915
0
LINE
8
BLACK
6
CONTINUOUS
10
174.6839999999999975
20
-78.9624999999999915
11
175.5572239999999908
21
-78.9624999999999915
0
LINE
8
BLACK
6
CONTINUOUS
10
175.5572239999999908
20
-78.9624999999999915
11
175.8331119999999999
21
-78.6866119999999967
0
LINE
8
BLACK
6
CONTINUOUS
10
175.8331119999999999
20
-78.6866119999999967
11
175.8520479999999964
21
-78.6710709999999978
0
LINE
8
BLACK
6
CONTINUOUS
10
175.8520479999999964
20
-78.6710709999999978
11
175.8520539999999812
21
-78.6710659999999962
0
LINE
8
BLACK
6
CONTINUOUS
10
175.8520539999999812
20
-78.6710659999999962
11
175.885042999999996
21
-78.6574019999999905
0
LINE
8
BLACK
6
CONTINUOUS
10
175.885042999999996
20
-78.6574019999999905
11
175.8971129999999903
21
-78.652401999999995
0
LINE
8
BLACK
6
CONTINUOUS
10
175.8971129999999903
20
-78.652401999999995
11
175.8971139999999878
21
-78.652401999999995
0
LINE
8
BLACK
6
CONTINUOUS
10
175.8971139999999878
20
-78.652401999999995
11
175.9214999999999804
21
-78.6499999999999915
0
LINE
8
BLACK
6
CONTINUOUS
10
175.9214999999999804
20
-78.6499999999999915
11
176.6339999999999861
21
-78.6499999999999915
0
LINE
8
BLACK
6
CONTINUOUS
10
176.6339999999999861
20
-78.6499999999999915
11
176.6339999999999861
21
-78.5499999999999972
0
LINE
8
BLACK
6
CONTINUOUS
10
176.6339999999999861
20
-78.5499999999999972
11
178.0139999999999816
21
-78.5499999999999972
0
LINE
8
BLACK
6
CONTINUOUS
10
178.0139999999999816
20
-78.5499999999999972
11
178.0139999999999816
21
-79.
0
LINE
8
BLACK
6
CONTINUOUS
10
175.3917079999999942
20
-76.0051839999999999
11
175.5114299999999901
21
-76.0821249999999907
0
LINE
8
BLACK
6
CONTINUOUS
10
175.5114299999999901
20
-76.0821249999999907
11
175.6046269999999936
21
-76.1896799999999956
0
LINE
8
BLACK
6
CONTINUOUS
10
175.6046269999999936
20
-76.1896799999999956
11
175.6637460000000033
21
-76.3191339999999911
0
LINE
8
BLACK
6
CONTINUOUS
10
175.6637460000000033
20
-76.3191339999999911
11
175.6839999999999975
21
-76.4599999999999937
0
LINE
8
BLACK
6
CONTINUOUS
10
175.6839999999999975
20
-76.4599999999999937
11
175.6637460000000033
21
-76.6008659999999963
0
LINE
8
BLACK
6
CONTINUOUS
10
175.6637460000000033
20
-76.6008659999999963
11
175.618473999999992
21
-76.7000000000000028
0
LINE
8
BLACK
6
CONTINUOUS
10
175.618473999999992
20
-76.7000000000000028
11
176.6339999999999861
21
-76.7000000000000028
0
LINE
8
BLACK
6
CONTINUOUS
10
176.6339999999999861
20
-76.7000000000000028
11
176.6339999999999861
21
-76.5999999999999943
0
LINE
8
BLACK
6
CONTINUOUS
10
176.6339999999999861
20
-76.5999999999999943
11
178.0139999999999816
21
-76.5999999999999943
0
LINE
8
BLACK
6
CONTINUOUS
10
178.0139999999999816
20
-76.5999999999999943
11
178.0139999999999816
21
-77.0499999999999972
0
LINE
8
BLACK
6
CONTINUOUS
10
178.0139999999999816
20
-77.0499999999999972
11
176.6339999999999861
21
-77.0499999999999972
0
LINE
8
BLACK
6
CONTINUOUS
10
176.6339999999999861
20
-77.0499999999999972
11
176.6339999999999861
21
-76.9500000000000028
0
LINE
8
BLACK
6
CONTINUOUS
10
176.6339999999999861
20
-76.9500000000000028
11
175.5489999999999782
21
-76.9500000000000028
0
LINE
8
BLACK
6
CONTINUOUS
10
175.5489999999999782
20
-76.9500000000000028
11
175.5246139999999855
21
-76.9475979999999993
0
LINE
8
BLACK
6
CONTINUOUS
10
175.5246139999999855
20
-76.9475979999999993
11
175.524612999999988
21
-76.9475979999999993
0
LINE
8
BLACK
6
CONTINUOUS
10
175.524612999999988
20
-76.9475979999999993
11
175.5083609999999794
21
-76.9408659999999998
0
LINE
8
BLACK
6
CONTINUOUS
10
175.5083609999999794
20
-76.9408659999999998
11
175.4795539999999789
21
-76.9289339999999982
0
LINE
8
BLACK
6
CONTINUOUS
10
175.4795539999999789
20
-76.9289339999999982
11
175.4795479999999941
21
-76.9289279999999991
0
LINE
8
BLACK
6
CONTINUOUS
10
175.4795479999999941
20
-76.9289279999999991
11
175.4606119999999976
21
-76.9133879999999976
0
LINE
8
BLACK
6
CONTINUOUS
10
175.4606119999999976
20
-76.9133879999999976
11
175.4345229999999844
21
-76.8872989999999987
0
LINE
8
BLACK
6
CONTINUOUS
10
175.4345229999999844
20
-76.8872989999999987
11
175.3917079999999942
21
-76.9148160000000018
0
LINE
8
BLACK
6
CONTINUOUS
10
175.3917079999999942
20
-76.9148160000000018
11
175.255156999999997
21
-76.9549109999999956
0
LINE
8
BLACK
6
CONTINUOUS
10
175.255156999999997
20
-76.9549109999999956
11
175.112842999999998
21
-76.9549109999999956
0
LINE
8
BLACK
6
CONTINUOUS
10
175.112842999999998
20
-76.9549109999999956
11
174.9762920000000008
21
-76.9148160000000018
0
LINE
8
BLACK
6
CONTINUOUS
10
174.9762920000000008
20
-76.9148160000000018
11
174.8565700000000049
21
-76.8378749999999968
0
LINE
8
BLACK
6
CONTINUOUS
10
174.8565700000000049
20
-76.8378749999999968
11
174.7633730000000014
21
-76.7303199999999919
0
LINE
8
BLACK
6
CONTINUOUS
10
174.7633730000000014
20
-76.7303199999999919
11
174.7042539999999917
21
-76.6008659999999963
0
LINE
8
BLACK
6
CONTINUOUS
10
174.7042539999999917
20
-76.6008659999999963
11
174.6839999999999975
21
-76.4599999999999937
0
LINE
8
BLACK
6
CONTINUOUS
10
174.6839999999999975
20
-76.4599999999999937
11
174.7042539999999917
21
-76.3191339999999911
0
LINE
8
BLACK
6
CONTINUOUS
10
174.7042539999999917
20
-76.3191339999999911
11
174.7633730000000014
21
-76.1896799999999956
0
LINE
8
BLACK
6
CONTINUOUS
10
174.7633730000000014
20
-76.1896799999999956
11
174.8565700000000049
21
-76.0821249999999907
0
LINE
8
BLACK
6
CONTINUOUS
10
174.8565700000000049
20
-76.0821249999999907
11
174.9762920000000008
21
-76.0051839999999999
0
LINE
8
BLACK
6
CONTINUOUS
10
174.9762920000000008
20
-76.0051839999999999
11
175.112842999999998
21
-75.9650889999999919
0
LINE
8
BLACK
6
CONTINUOUS
10
175.112842999999998
20
-75.9650889999999919
11
175.255156999999997
21
-75.9650889999999919
0
LINE
8
BLACK
6
CONTINUOUS
10
175.255156999999997
20
-75.9650889999999919
11
175.3917079999999942
21
-76.0051839999999999
0
LINE
8
BLACK
6
CONTINUOUS
10
160.5523869999999818
20
-77.863078999999999
11
160.6294379999999933
21
-77.9145619999999894
0
LINE
8
BLACK
6
CONTINUOUS
10
160.6294379999999933
20
-77.9145619999999894
11
160.6809209999999837
21
-77.991613000000001
0
LINE
8
BLACK
6
CONTINUOUS
10
160.6809209999999837
20
-77.991613000000001
11
160.6989999999999839
21
-78.082499999999996
0
LINE
8
BLACK
6
CONTINUOUS
10
160.6989999999999839
20
-78.082499999999996
11
160.6989999999999839
21
-78.5574999999999903
0
LINE
8
BLACK
6
CONTINUOUS
10
160.6989999999999839
20
-78.5574999999999903
11
160.6809209999999837
21
-78.6483869999999996
0
LINE
8
BLACK
6
CONTINUOUS
10
160.6809209999999837
20
-78.6483869999999996
11
160.6294379999999933
21
-78.7254379999999969
0
LINE
8
BLACK
6
CONTINUOUS
10
160.6294379999999933
20
-78.7254379999999969
11
160.5523869999999818
21
-78.7769210000000015
0
LINE
8
BLACK
6
CONTINUOUS
10
160.5523869999999818
20
-78.7769210000000015
11
160.4615000000000009
21
-78.7950000000000017
0
LINE
8
BLACK
6
CONTINUOUS
10
160.4615000000000009
20
-78.7950000000000017
11
160.2189999999999941
21
-78.7950000000000017
0
LINE
8
BLACK
6
CONTINUOUS
10
160.2189999999999941
20
-78.7950000000000017
11
160.2189999999999941
21
-79.2224999999999966
0
LINE
8
BLACK
6
CONTINUOUS
10
160.2189999999999941
20
-79.2224999999999966
11
160.3315000000000055
21
-79.2224999999999966
0
LINE
8
BLACK
6
CONTINUOUS
10
160.3315000000000055
20
-79.2224999999999966
11
160.4223869999999863
21
-79.2405789999999968
0
LINE
8
BLACK
6
CONTINUOUS
10
160.4223869999999863
20
-79.2405789999999968
11
160.4994379999999978
21
-79.2920620000000014
0
LINE
8
BLACK
6
CONTINUOUS
10
160.4994379999999978
20
-79.2920620000000014
11
160.5509209999999882
21
-79.3691129999999987
0
LINE
8
BLACK
6
CONTINUOUS
10
160.5509209999999882
20
-79.3691129999999987
11
160.5689999999999884
21
-79.4599999999999937
0
LINE
8
BLACK
6
CONTINUOUS
10
160.5689999999999884
20
-79.4599999999999937
11
160.5689999999999884
21
-79.9599999999999937
0
LINE
8
BLACK
6
CONTINUOUS
10
160.5689999999999884
20
-79.9599999999999937
11
160.5509209999999882
21
-80.050887000000003
0
LINE
8
BLACK
6
CONTINUOUS
10
160.5509209999999882
20
-80.050887000000003
11
160.4994379999999978
21
-80.1279380000000003
0
LINE
8
BLACK
6
CONTINUOUS
10
160.4994379999999978
20
-80.1279380000000003
11
160.4223869999999863
21
-80.1794209999999907
0
LINE
8
BLACK
6
CONTINUOUS
10
160.4223869999999863
20
-80.1794209999999907
11
160.3315000000000055
21
-80.1974999999999909
0
LINE
8
BLACK
6
CONTINUOUS
10
160.3315000000000055
20
-80.1974999999999909
11
159.8564999999999827
21
-80.1974999999999909
0
LINE
8
BLACK
6
CONTINUOUS
10
159.8564999999999827
20
-80.1974999999999909
11
159.7656130000000019
21
-80.1794209999999907
0
LINE
8
BLACK
6
CONTINUOUS
10
159.7656130000000019
20
-80.1794209999999907
11
159.6885619999999903
21
-80.1279380000000003
0
LINE
8
BLACK
6
CONTINUOUS
10
159.6885619999999903
20
-80.1279380000000003
11
159.637079
21
-80.050887000000003
0
LINE
8
BLACK
6
CONTINUOUS
10
159.637079
20
-80.050887000000003
11
159.6189999999999998
21
-79.9599999999999937
0
LINE
8
BLACK
6
CONTINUOUS
10
159.6189999999999998
20
-79.9599999999999937
11
159.6189999999999998
21
-79.4599999999999937
0
LINE
8
BLACK
6
CONTINUOUS
10
159.6189999999999998
20
-79.4599999999999937
11
159.637079
21
-79.3691129999999987
0
LINE
8
BLACK
6
CONTINUOUS
10
159.637079
20
-79.3691129999999987
11
159.6885619999999903
21
-79.2920620000000014
0
LINE
8
BLACK
6
CONTINUOUS
10
159.6885619999999903
20
-79.2920620000000014
11
159.7656130000000019
21
-79.2405789999999968
0
LINE
8
BLACK
6
CONTINUOUS
10
159.7656130000000019
20
-79.2405789999999968
11
159.8564999999999827
21
-79.2224999999999966
0
LINE
8
BLACK
6
CONTINUOUS
10
159.8564999999999827
20
-79.2224999999999966
11
159.9689999999999941
21
-79.2224999999999966
0
LINE
8
BLACK
6
CONTINUOUS
10
159.9689999999999941
20
-79.2224999999999966
11
159.9689999999999941
21
-78.7950000000000017
0
LINE
8
BLACK
6
CONTINUOUS
10
159.9689999999999941
20
-78.7950000000000017
11
159.8864999999999839
21
-78.7950000000000017
0
LINE
8
BLACK
6
CONTINUOUS
10
159.8864999999999839
20
-78.7950000000000017
11
159.795613000000003
21
-78.7769210000000015
0
LINE
8
BLACK
6
CONTINUOUS
10
159.795613000000003
20
-78.7769210000000015
11
159.7185619999999915
21
-78.7254379999999969
0
LINE
8
BLACK
6
CONTINUOUS
10
159.7185619999999915
20
-78.7254379999999969
11
159.6670790000000011
21
-78.6483869999999996
0
LINE
8
BLACK
6
CONTINUOUS
10
159.6670790000000011
20
-78.6483869999999996
11
159.6490000000000009
21
-78.5574999999999903
0
LINE
8
BLACK
6
CONTINUOUS
10
159.6490000000000009
20
-78.5574999999999903
11
159.6490000000000009
21
-78.082499999999996
0
LINE
8
BLACK
6
CONTINUOUS
10
159.6490000000000009
20
-78.082499999999996
11
159.6670790000000011
21
-77.991613000000001
0
LINE
8
BLACK
6
CONTINUOUS
10
159.6670790000000011
20
-77.991613000000001
11
159.7185619999999915
21
-77.9145619999999894
0
LINE
8
BLACK
6
CONTINUOUS
10
159.7185619999999915
20
-77.9145619999999894
11
159.795613000000003
21
-77.863078999999999
0
LINE
8
BLACK
6
CONTINUOUS
10
159.795613000000003
20
-77.863078999999999
11
159.8864999999999839
21
-77.8449999999999989
0
LINE
8
BLACK
6
CONTINUOUS
10
159.8864999999999839
20
-77.8449999999999989
11
160.4615000000000009
21
-77.8449999999999989
0
LINE
8
BLACK
6
CONTINUOUS
10
160.4615000000000009
20
-77.8449999999999989
11
160.5523869999999818
21
-77.863078999999999
0
LINE
8
BLACK
6
CONTINUOUS
10
182.5100259999999821
20
-72.8749739999999946
11
182.5446659999999781
21
-72.8893439999999941
0
LINE
8
BLACK
6
CONTINUOUS
10
182.5446659999999781
20
-72.8893439999999941
11
182.5589999999999975
21
-72.9239740000000012
0
LINE
8
BLACK
6
CONTINUOUS
10
182.5589999999999975
20
-72.9239740000000012
11
182.5589999999999975
21
-82.8611599999999981
0
LINE
8
BLACK
6
CONTINUOUS
10
182.5589999999999975
20
-82.8611599999999981
11
182.5446479999999951
21
-82.8958080000000024
0
LINE
8
BLACK
6
CONTINUOUS
10
182.5446479999999951
20
-82.8958080000000024
11
182.5099999999999909
21
-82.9101599999999905
0
LINE
8
BLACK
6
CONTINUOUS
10
182.5099999999999909
20
-82.9101599999999905
11
182.4753519999999867
21
-82.8958080000000024
0
LINE
8
BLACK
6
CONTINUOUS
10
182.4753519999999867
20
-82.8958080000000024
11
182.4631100000000004
21
-82.8753839999999968
0
LINE
8
BLACK
6
CONTINUOUS
10
182.4631100000000004
20
-82.8753839999999968
11
182.4373499999999808
21
-82.7904669999999925
0
LINE
8
BLACK
6
CONTINUOUS
10
182.4373499999999808
20
-82.7904669999999925
11
182.4373469999999884
21
-82.7904599999999959
0
LINE
8
BLACK
6
CONTINUOUS
10
182.4373469999999884
20
-82.7904599999999959
11
182.3710749999999905
21
-82.666476000000003
0
LINE
8
BLACK
6
CONTINUOUS
10
182.3710749999999905
20
-82.666476000000003
11
182.3710749999999905
21
-82.6664749999999913
0
LINE
8
BLACK
6
CONTINUOUS
10
182.3710749999999905
20
-82.6664749999999913
11
181.9905899999999974
21
-83.046960999999996
0
LINE
8
BLACK
6
CONTINUOUS
10
181.9905899999999974
20
-83.046960999999996
11
182.0089999999999861
21
-83.1749999999999972
0
LINE
8
BLACK
6
CONTINUOUS
10
182.0089999999999861
20
-83.1749999999999972
11
181.9905899999999974
21
-83.3030370000000033
0
LINE
8
BLACK
6
CONTINUOUS
10
181.9905899999999974
20
-83.3030370000000033
11
182.3710749999999905
21
-83.6835229999999939
0
LINE
8
BLACK
6
CONTINUOUS
10
182.3710749999999905
20
-83.6835229999999939
11
182.3710749999999905
21
-83.6835219999999964
0
LINE
8
BLACK
6
CONTINUOUS
10
182.3710749999999905
20
-83.6835219999999964
11
182.4373469999999884
21
-83.5595390000000009
0
LINE
8
BLACK
6
CONTINUOUS
10
182.4373469999999884
20
-83.5595390000000009
11
182.4373499999999808
21
-83.5595319999999901
0
LINE
8
BLACK
6
CONTINUOUS
10
182.4373499999999808
20
-83.5595319999999901
11
182.4631100000000004
21
-83.474615
0
LINE
8
BLACK
6
CONTINUOUS
10
182.4631100000000004
20
-83.474615
11
182.4869019999999864
21
-83.4456249999999926
0
LINE
8
BLACK
6
CONTINUOUS
10
182.4869019999999864
20
-83.4456249999999926
11
182.5242240000000038
21
-83.4419489999999939
0
LINE
8
BLACK
6
CONTINUOUS
10
182.5242240000000038
20
-83.4419489999999939
11
182.553213999999997
21
-83.4657409999999942
0
LINE
8
BLACK
6
CONTINUOUS
10
182.553213999999997
20
-83.4657409999999942
11
182.5589999999999975
21
-83.4888389999999987
0
LINE
8
BLACK
6
CONTINUOUS
10
182.5589999999999975
20
-83.4888389999999987
11
182.5589999999999975
21
-97.9399999999999977
0
LINE
8
BLACK
6
CONTINUOUS
10
182.5589999999999975
20
-97.9399999999999977
11
182.5446479999999951
21
-97.974648000000002
0
LINE
8
BLACK
6
CONTINUOUS
10
182.5446479999999951
20
-97.974648000000002
11
182.5099999999999909
21
-97.9889999999999901
0
LINE
8
BLACK
6
CONTINUOUS
10
182.5099999999999909
20
-97.9889999999999901
11
152.2699999999999818
21
-97.9889999999999901
0
LINE
8
BLACK
6
CONTINUOUS
10
152.2699999999999818
20
-97.9889999999999901
11
152.235352000000006
21
-97.974648000000002
0
LINE
8
BLACK
6
CONTINUOUS
10
152.235352000000006
20
-97.974648000000002
11
152.2210000000000036
21
-97.9399999999999977
0
LINE
8
BLACK
6
CONTINUOUS
10
152.2210000000000036
20
-97.9399999999999977
11
152.2210000000000036
21
-85.6839779999999962
0
LINE
8
BLACK
6
CONTINUOUS
10
152.2210000000000036
20
-85.6839779999999962
11
152.2210000000000036
21
-72.908418999999995
0
LINE
8
BLACK
6
CONTINUOUS
10
152.2210000000000036
20
-72.908418999999995
11
152.235352000000006
21
-72.8737709999999907
0
LINE
8
BLACK
6
CONTINUOUS
10
152.235352000000006
20
-72.8737709999999907
11
152.2699989999999843
21
-72.8594190000000026
0
LINE
8
BLACK
6
CONTINUOUS
10
152.2699989999999843
20
-72.8594190000000026
11
182.5100259999999821
21
-72.8749739999999946
0
LINE
8
BLACK
6
CONTINUOUS
10
152.8984999999999843
20
-90.6560209999999955
11
152.9274959999999908
21
-90.7642349999999993
0
LINE
8
BLACK
6
CONTINUOUS
10
152.9274959999999908
20
-90.7642349999999993
11
152.9274969999999882
21
-90.7642389999999892
0
LINE
8
BLACK
6
CONTINUOUS
10
152.9274969999999882
20
-90.7642389999999892
11
152.9539179999999874
21
-90.8100000000000023
0
LINE
8
BLACK
6
CONTINUOUS
10
152.9539179999999874
20
-90.8100000000000023
11
152.9835149999999828
21
-90.8612629999999939
0
LINE
8
BLACK
6
CONTINUOUS
10
152.9835149999999828
20
-90.8612629999999939
11
155.1127369999999814
21
-92.9904849999999925
0
LINE
8
BLACK
6
CONTINUOUS
10
155.1127369999999814
20
-92.9904849999999925
11
155.1418859999999995
21
-93.0073139999999938
0
LINE
8
BLACK
6
CONTINUOUS
10
155.1418859999999995
20
-93.0073139999999938
11
155.2097599999999886
21
-93.0465019999999896
0
LINE
8
BLACK
6
CONTINUOUS
10
155.2097599999999886
20
-93.0465019999999896
11
155.2097619999999836
21
-93.0465019999999896
0
LINE
8
BLACK
6
CONTINUOUS
10
155.2097619999999836
20
-93.0465019999999896
11
155.209762999999981
21
-93.0465030000000013
0
LINE
8
BLACK
6
CONTINUOUS
10
155.209762999999981
20
-93.0465030000000013
11
155.2951109999999915
21
-93.0693709999999896
0
LINE
8
BLACK
6
CONTINUOUS
10
155.2951109999999915
20
-93.0693709999999896
11
155.3179779999999823
21
-93.0754989999999935
0
LINE
8
BLACK
6
CONTINUOUS
10
155.3179779999999823
20
-93.0754989999999935
11
155.3179789999999798
21
-93.075499999999991
0
LINE
8
BLACK
6
CONTINUOUS
10
155.3179789999999798
20
-93.075499999999991
11
155.3179820000000007
21
-93.075499999999991
0
LINE
8
BLACK
6
CONTINUOUS
10
155.3179820000000007
20
-93.075499999999991
11
155.4300189999999873
21
-93.075499999999991
0
LINE
8
BLACK
6
CONTINUOUS
10
155.4300189999999873
20
-93.075499999999991
11
155.9350000000000023
21
-93.075499999999991
0
LINE
8
BLACK
6
CONTINUOUS
10
155.9350000000000023
20
-93.075499999999991
11
155.9696480000000065
21
-93.0898519999999934
0
LINE
8
BLACK
6
CONTINUOUS
10
155.9696480000000065
20
-93.0898519999999934
11
155.9839999999999804
21
-93.1244999999999976
0
LINE
8
BLACK
6
CONTINUOUS
10
155.9839999999999804
20
-93.1244999999999976
11
155.9839999999999804
21
-93.9929559999999924
0
LINE
8
BLACK
6
CONTINUOUS
10
155.9839999999999804
20
-93.9929559999999924
11
155.9696480000000065
21
-94.0276039999999966
0
LINE
8
BLACK
6
CONTINUOUS
10
155.9696480000000065
20
-94.0276039999999966
11
154.6616039999999828
21
-95.335647999999992
0
LINE
8
BLACK
6
CONTINUOUS
10
154.6616039999999828
20
-95.335647999999992
11
154.626956000000007
21
-95.3499999999999943
0
LINE
8
BLACK
6
CONTINUOUS
10
154.626956000000007
20
-95.3499999999999943
11
153.3640000000000043
21
-95.3499999999999943
0
LINE
8
BLACK
6
CONTINUOUS
10
153.3640000000000043
20
-95.3499999999999943
11
153.3678629999999998
21
-97.1907099999999957
0
LINE
8
BLACK
6
CONTINUOUS
10
153.3678629999999998
20
-97.1907099999999957
11
171.4747079999999926
21
-97.2194239999999894
0
LINE
8
BLACK
6
CONTINUOUS
10
171.4747079999999926
20
-97.2194239999999894
11
171.470956000000001
21
-96.1758279999999957
0
LINE
8
BLACK
6
CONTINUOUS
10
171.470956000000001
20
-96.1758279999999957
11
171.4784669999999949
21
-96.1495829999999927
0
LINE
8
BLACK
6
CONTINUOUS
10
171.4784669999999949
20
-96.1495829999999927
11
171.4847879999999805
21
-96.139522999999997
0
LINE
8
BLACK
6
CONTINUOUS
10
171.4847879999999805
20
-96.139522999999997
11
171.4847890000000064
21
-96.1395219999999995
0
LINE
8
BLACK
6
CONTINUOUS
10
171.4847890000000064
20
-96.1395219999999995
11
171.5443679999999915
21
-95.9692549999999898
0
LINE
8
BLACK
6
CONTINUOUS
10
171.5443679999999915
20
-95.9692549999999898
11
171.5645649999999875
21
-95.789999999999992
0
LINE
8
BLACK
6
CONTINUOUS
10
171.5645649999999875
20
-95.789999999999992
11
171.5443679999999915
21
-95.6107449999999943
0
LINE
8
BLACK
6
CONTINUOUS
10
171.5443679999999915
20
-95.6107449999999943
11
171.4847890000000064
21
-95.4404779999999988
0
LINE
8
BLACK
6
CONTINUOUS
10
171.4847890000000064
20
-95.4404779999999988
11
171.4756769999999904
21
-95.4259759999999915
0
LINE
8
BLACK
6
CONTINUOUS
10
171.4756769999999904
20
-95.4259759999999915
11
171.468166999999994
21
-95.4000869999999992
0
LINE
8
BLACK
6
CONTINUOUS
10
171.468166999999994
20
-95.4000869999999992
11
171.466194999999999
21
-94.8511009999999999
0
LINE
8
BLACK
6
CONTINUOUS
10
171.466194999999999
20
-94.8511009999999999
11
171.4661940000000016
21
-94.8511000000000024
0
LINE
8
BLACK
6
CONTINUOUS
10
171.4661940000000016
20
-94.8511000000000024
11
171.466194999999999
21
-94.8511000000000024
0
LINE
8
BLACK
6
CONTINUOUS
10
171.466194999999999
20
-94.8511000000000024
11
170.5928399999999954
21
-94.8495869999999996
0
LINE
8
BLACK
6
CONTINUOUS
10
170.5928399999999954
20
-94.8495869999999996
11
170.5617309999999804
21
-94.8383749999999992
0
LINE
8
BLACK
6
CONTINUOUS
10
170.5617309999999804
20
-94.8383749999999992
11
169.6890879999999981
21
-94.1180260000000004
0
LINE
8
BLACK
6
CONTINUOUS
10
169.6890879999999981
20
-94.1180260000000004
11
169.6856339999999932
21
-94.1148859999999985
0
LINE
8
BLACK
6
CONTINUOUS
10
169.6856339999999932
20
-94.1148859999999985
11
169.323851999999988
21
-93.7531039999999933
0
LINE
8
BLACK
6
CONTINUOUS
10
169.323851999999988
20
-93.7531039999999933
11
169.3094999999999857
21
-93.7184559999999891
0
LINE
8
BLACK
6
CONTINUOUS
10
169.3094999999999857
20
-93.7184559999999891
11
169.3094999999999857
21
-92.1022759999999892
0
LINE
8
BLACK
6
CONTINUOUS
10
169.3094999999999857
20
-92.1022759999999892
11
169.2956120000000055
21
-92.0883879999999948
0
LINE
8
BLACK
6
CONTINUOUS
10
169.2956120000000055
20
-92.0883879999999948
11
169.2800709999999924
21
-92.0694510000000008
0
LINE
8
BLACK
6
CONTINUOUS
10
169.2800709999999924
20
-92.0694510000000008
11
169.280066000000005
21
-92.0694459999999992
0
LINE
8
BLACK
6
CONTINUOUS
10
169.280066000000005
20
-92.0694459999999992
11
169.2668679999999881
21
-92.0375839999999954
0
LINE
8
BLACK
6
CONTINUOUS
10
169.2668679999999881
20
-92.0375839999999954
11
169.2614020000000039
21
-92.0243869999999902
0
LINE
8
BLACK
6
CONTINUOUS
10
169.2614020000000039
20
-92.0243869999999902
11
169.2614020000000039
21
-92.0243859999999927
0
LINE
8
BLACK
6
CONTINUOUS
10
169.2614020000000039
20
-92.0243859999999927
11
169.2589999999999861
21
-92.
0
LINE
8
BLACK
6
CONTINUOUS
10
169.2589999999999861
20
-92.
11
169.2589999999999861
21
-91.7175589999999943
0
LINE
8
BLACK
6
CONTINUOUS
10
169.2589999999999861
20
-91.7175589999999943
11
169.2559669999999983
21
-91.7155329999999935
0
LINE
8
BLACK
6
CONTINUOUS
10
169.2559669999999983
20
-91.7155329999999935
11
169.2397090000000048
21
-91.6912009999999924
0
LINE
8
BLACK
6
CONTINUOUS
10
169.2397090000000048
20
-91.6912009999999924
11
169.2339999999999804
21
-91.6624999999999943
0
LINE
8
BLACK
6
CONTINUOUS
10
169.2339999999999804
20
-91.6624999999999943
11
169.2339999999999804
21
-90.3374999999999915
0
LINE
8
BLACK
6
CONTINUOUS
10
169.2339999999999804
20
-90.3374999999999915
11
169.2397090000000048
21
-90.3087989999999934
0
LINE
8
BLACK
6
CONTINUOUS
10
169.2397090000000048
20
-90.3087989999999934
11
169.2559669999999983
21
-90.2844669999999923
0
LINE
8
BLACK
6
CONTINUOUS
10
169.2559669999999983
20
-90.2844669999999923
11
169.2802989999999852
21
-90.2682089999999988
0
LINE
8
BLACK
6
CONTINUOUS
10
169.2802989999999852
20
-90.2682089999999988
11
169.3089999999999975
21
-90.2625000000000028
0
LINE
8
BLACK
6
CONTINUOUS
10
169.3089999999999975
20
-90.2625000000000028
11
169.3287650000000042
21
-90.2625000000000028
0
LINE
8
BLACK
6
CONTINUOUS
10
169.3287650000000042
20
-90.2625000000000028
11
169.3238659999999811
21
-90.2288750000000022
0
LINE
8
BLACK
6
CONTINUOUS
10
169.3238659999999811
20
-90.2288750000000022
11
169.3229099999999789
21
-90.2269199999999927
0
LINE
8
BLACK
6
CONTINUOUS
10
169.3229099999999789
20
-90.2269199999999927
11
169.3102489999999989
21
-90.2010199999999998
0
LINE
8
BLACK
6
CONTINUOUS
10
169.3102489999999989
20
-90.2010199999999998
11
169.3079249999999831
21
-90.1635890000000018
0
LINE
8
BLACK
6
CONTINUOUS
10
169.3079249999999831
20
-90.1635890000000018
11
169.3327500000000043
21
-90.1354789999999895
0
LINE
8
BLACK
6
CONTINUOUS
10
169.3327500000000043
20
-90.1354789999999895
11
169.3542699999999854
21
-90.1304999999999978
0
LINE
8
BLACK
6
CONTINUOUS
10
169.3542699999999854
20
-90.1304999999999978
11
169.40949999999998
21
-90.1304999999999978
0
LINE
8
BLACK
6
CONTINUOUS
10
169.40949999999998
20
-90.1304999999999978
11
169.4441479999999842
21
-90.1448520000000002
0
LINE
8
BLACK
6
CONTINUOUS
10
169.4441479999999842
20
-90.1448520000000002
11
169.4584999999999866
21
-90.1794999999999902
0
LINE
8
BLACK
6
CONTINUOUS
10
169.4584999999999866
20
-90.1794999999999902
11
169.4584999999999866
21
-90.1881520000000023
0
LINE
8
BLACK
6
CONTINUOUS
10
169.4584999999999866
20
-90.1881520000000023
11
169.453520999999995
21
-90.2096719999999976
0
LINE
8
BLACK
6
CONTINUOUS
10
169.453520999999995
20
-90.2096719999999976
11
169.4441339999999911
21
-90.2288719999999955
0
LINE
8
BLACK
6
CONTINUOUS
10
169.4441339999999911
20
-90.2288719999999955
11
169.4392349999999965
21
-90.2625000000000028
0
LINE
8
BLACK
6
CONTINUOUS
10
169.4392349999999965
20
-90.2625000000000028
11
169.4590000000000032
21
-90.2625000000000028
0
LINE
8
BLACK
6
CONTINUOUS
10
169.4590000000000032
20
-90.2625000000000028
11
169.4877009999999871
21
-90.2682089999999988
0
LINE
8
BLACK
6
CONTINUOUS
10
169.4877009999999871
20
-90.2682089999999988
11
169.5120330000000024
21
-90.2844669999999923
0
LINE
8
BLACK
6
CONTINUOUS
10
169.5120330000000024
20
-90.2844669999999923
11
169.5282909999999958
21
-90.3087989999999934
0
LINE
8
BLACK
6
CONTINUOUS
10
169.5282909999999958
20
-90.3087989999999934
11
169.5339999999999918
21
-90.3374999999999915
0
LINE
8
BLACK
6
CONTINUOUS
10
169.5339999999999918
20
-90.3374999999999915
11
169.5339999999999918
21
-91.6624999999999943
0
LINE
8
BLACK
6
CONTINUOUS
10
169.5339999999999918
20
-91.6624999999999943
11
169.5282909999999958
21
-91.6912009999999924
0
LINE
8
BLACK
6
CONTINUOUS
10
169.5282909999999958
20
-91.6912009999999924
11
169.5120330000000024
21
-91.7155329999999935
0
LINE
8
BLACK
6
CONTINUOUS
10
169.5120330000000024
20
-91.7155329999999935
11
169.5089999999999861
21
-91.7175589999999943
0
LINE
8
BLACK
6
CONTINUOUS
10
169.5089999999999861
20
-91.7175589999999943
11
169.5089999999999861
21
-91.8935369999999949
0
LINE
8
BLACK
6
CONTINUOUS
10
169.5089999999999861
20
-91.8935369999999949
11
169.5877889999999866
21
-91.9723259999999954
0
LINE
8
BLACK
6
CONTINUOUS
10
169.5877889999999866
20
-91.9723259999999954
11
169.7003749999999798
21
-92.0273660000000007
0
LINE
8
BLACK
6
CONTINUOUS
10
169.7003749999999798
20
-92.0273660000000007
11
169.7520939999999996
21
-92.0349009999999907
0
LINE
8
BLACK
6
CONTINUOUS
10
169.7520939999999996
20
-92.0349009999999907
11
169.7733619999999917
21
-92.0379999999999967
0
LINE
8
BLACK
6
CONTINUOUS
10
169.7733619999999917
20
-92.0379999999999967
11
169.7733639999999866
21
-92.0379999999999967
0
LINE
8
BLACK
6
CONTINUOUS
10
169.7733639999999866
20
-92.0379999999999967
11
169.9946379999999806
21
-92.0379999999999967
0
LINE
8
BLACK
6
CONTINUOUS
10
169.9946379999999806
20
-92.0379999999999967
11
170.0132009999999809
21
-92.0352949999999908
0
LINE
8
BLACK
6
CONTINUOUS
10
170.0132009999999809
20
-92.0352949999999908
11
170.0676249999999925
21
-92.0273660000000007
0
LINE
8
BLACK
6
CONTINUOUS
10
170.0676249999999925
20
-92.0273660000000007
11
170.1802109999999857
21
-91.9723259999999954
0
LINE
8
BLACK
6
CONTINUOUS
10
170.1802109999999857
20
-91.9723259999999954
11
170.2174949999999853
21
-91.9350409999999982
0
LINE
8
BLACK
6
CONTINUOUS
10
170.2174949999999853
20
-91.9350409999999982
11
170.2521399999999971
21
-91.9206909999999908
0
LINE
8
BLACK
6
CONTINUOUS
10
170.2521399999999971
20
-91.9206909999999908
11
170.2867889999999989
21
-91.9350419999999957
0
LINE
8
BLACK
6
CONTINUOUS
10
170.2867889999999989
20
-91.9350419999999957
11
170.2977249999999856
21
-91.951714999999993
0
LINE
8
BLACK
6
CONTINUOUS
10
170.2977249999999856
20
-91.951714999999993
11
170.3231389999999976
21
-92.0161599999999993
0
LINE
8
BLACK
6
CONTINUOUS
10
170.3231389999999976
20
-92.0161599999999993
11
170.3397009999999909
21
-92.0379999999999967
0
LINE
8
BLACK
6
CONTINUOUS
10
170.3397009999999909
20
-92.0379999999999967
11
170.4124999999999943
21
-92.1340000000000003
0
LINE
8
BLACK
6
CONTINUOUS
10
170.4124999999999943
20
-92.1340000000000003
11
170.4946669999999926
21
-92.1963089999999994
0
LINE
8
BLACK
6
CONTINUOUS
10
170.4946669999999926
20
-92.1963089999999994
11
170.5230080000000044
21
-92.2178009999999944
0
LINE
8
BLACK
6
CONTINUOUS
10
170.5230080000000044
20
-92.2178009999999944
11
170.5303419999999903
21
-92.2233619999999945
0
LINE
8
BLACK
6
CONTINUOUS
10
170.5303419999999903
20
-92.2233619999999945
11
170.6679230000000018
21
-92.2776169999999922
0
LINE
8
BLACK
6
CONTINUOUS
10
170.6679230000000018
20
-92.2776169999999922
11
170.6679259999999942
21
-92.2776169999999922
0
LINE
8
BLACK
6
CONTINUOUS
10
170.6679259999999942
20
-92.2776169999999922
11
170.6679279999999892
21
-92.2776179999999897
0
LINE
8
BLACK
6
CONTINUOUS
10
170.6679279999999892
20
-92.2776179999999897
11
170.6679269999999917
21
-92.2776179999999897
0
LINE
8
BLACK
6
CONTINUOUS
10
170.6679269999999917
20
-92.2776179999999897
11
170.7543790000000001
21
-92.2879999999999967
0
LINE
8
BLACK
6
CONTINUOUS
10
170.7543790000000001
20
-92.2879999999999967
11
170.7543819999999926
21
-92.2879999999999967
0
LINE
8
BLACK
6
CONTINUOUS
10
170.7543819999999926
20
-92.2879999999999967
11
171.3136209999999835
21
-92.2879999999999967
0
LINE
8
BLACK
6
CONTINUOUS
10
171.3136209999999835
20
-92.2879999999999967
11
171.4000719999999944
21
-92.2776179999999897
0
LINE
8
BLACK
6
CONTINUOUS
10
171.4000719999999944
20
-92.2776179999999897
11
171.4000729999999919
21
-92.2776169999999922
0
LINE
8
BLACK
6
CONTINUOUS
10
171.4000729999999919
20
-92.2776169999999922
11
171.4000769999999818
21
-92.2776169999999922
0
LINE
8
BLACK
6
CONTINUOUS
10
171.4000769999999818
20
-92.2776169999999922
11
171.5376579999999933
21
-92.2233619999999945
0
LINE
8
BLACK
6
CONTINUOUS
10
171.5376579999999933
20
-92.2233619999999945
11
171.5981249999999818
21
-92.1775079999999889
0
LINE
8
BLACK
6
CONTINUOUS
10
171.5981249999999818
20
-92.1775079999999889
11
171.6344019999999944
21
-92.1680080000000004
0
LINE
8
BLACK
6
CONTINUOUS
10
171.6344019999999944
20
-92.1680080000000004
11
171.6623789999999872
21
-92.1819039999999887
0
LINE
8
BLACK
6
CONTINUOUS
10
171.6623789999999872
20
-92.1819039999999887
11
172.1591479999999876
21
-92.6786729999999892
0
LINE
8
BLACK
6
CONTINUOUS
10
172.1591479999999876
20
-92.6786729999999892
11
172.17349999999999
21
-92.7133209999999934
0
LINE
8
BLACK
6
CONTINUOUS
10
172.17349999999999
20
-92.7133209999999934
11
172.17349999999999
21
-96.0424759999999935
0
LINE
8
BLACK
6
CONTINUOUS
10
172.17349999999999
20
-96.0424759999999935
11
172.198631000000006
21
-96.1362620000000021
0
LINE
8
BLACK
6
CONTINUOUS
10
172.198631000000006
20
-96.1362620000000021
11
172.198631000000006
21
-96.1362629999999996
0
LINE
8
BLACK
6
CONTINUOUS
10
172.198631000000006
20
-96.1362629999999996
11
172.2110140000000058
21
-96.1824809999999957
0
LINE
8
BLACK
6
CONTINUOUS
10
172.2110140000000058
20
-96.1824809999999957
11
172.2110169999999982
21
-96.1824859999999973
0
LINE
8
BLACK
6
CONTINUOUS
10
172.2110169999999982
20
-96.1824859999999973
11
172.2834849999999847
21
-96.3080080000000009
0
LINE
8
BLACK
6
CONTINUOUS
10
172.2834849999999847
20
-96.3080080000000009
11
172.2834880000000055
21
-96.3080119999999908
0
LINE
8
BLACK
6
CONTINUOUS
10
172.2834880000000055
20
-96.3080119999999908
11
172.2834900000000005
21
-96.3080149999999975
0
LINE
8
BLACK
6
CONTINUOUS
10
172.2834900000000005
20
-96.3080149999999975
11
172.605985000000004
21
-96.630510000000001
0
LINE
8
BLACK
6
CONTINUOUS
10
172.605985000000004
20
-96.630510000000001
11
172.6926839999999856
21
-96.6805650000000014
0
LINE
8
BLACK
6
CONTINUOUS
10
172.6926839999999856
20
-96.6805650000000014
11
172.7315119999999808
21
-96.702982999999989
0
LINE
8
BLACK
6
CONTINUOUS
10
172.7315119999999808
20
-96.702982999999989
11
172.7315140000000042
21
-96.702982999999989
0
LINE
8
BLACK
6
CONTINUOUS
10
172.7315140000000042
20
-96.702982999999989
11
172.7315150000000017
21
-96.7029840000000007
0
LINE
8
BLACK
6
CONTINUOUS
10
172.7315150000000017
20
-96.7029840000000007
11
172.7665169999999932
21
-96.7123629999999963
0
LINE
8
BLACK
6
CONTINUOUS
10
172.7665169999999932
20
-96.7123629999999963
11
172.8715219999999988
21
-96.7404999999999973
0
LINE
8
BLACK
6
CONTINUOUS
10
172.8715219999999988
20
-96.7404999999999973
11
172.8715249999999912
21
-96.7404999999999973
0
LINE
8
BLACK
6
CONTINUOUS
10
172.8715249999999912
20
-96.7404999999999973
11
180.8414769999999976
21
-96.7404999999999973
0
LINE
8
BLACK
6
CONTINUOUS
10
180.8414769999999976
20
-96.7404999999999973
11
180.9114799999999832
21
-96.7217419999999919
0
LINE
8
BLACK
6
CONTINUOUS
10
180.9114799999999832
20
-96.7217419999999919
11
180.9814849999999922
21
-96.7029840000000007
0
LINE
8
BLACK
6
CONTINUOUS
10
180.9814849999999922
20
-96.7029840000000007
11
181.0203159999999798
21
-96.6805650000000014
0
LINE
8
BLACK
6
CONTINUOUS
10
181.0203159999999798
20
-96.6805650000000014
11
181.1070149999999899
21
-96.630510000000001
0
LINE
8
BLACK
6
CONTINUOUS
10
181.1070149999999899
20
-96.630510000000001
11
181.21450999999999
21
-96.5230150000000009
0
LINE
8
BLACK
6
CONTINUOUS
10
181.21450999999999
20
-96.5230150000000009
11
181.2869839999999897
21
-96.397484999999989
0
LINE
8
BLACK
6
CONTINUOUS
10
181.2869839999999897
20
-96.397484999999989
11
181.3231600000000014
21
-96.2624749999999949
0
LINE
8
BLACK
6
CONTINUOUS
10
181.3231600000000014
20
-96.2624749999999949
11
181.3245000000000005
21
-96.2574749999999995
0
LINE
8
BLACK
6
CONTINUOUS
10
181.3245000000000005
20
-96.2574749999999995
11
181.3245000000000005
21
-88.0743739999999917
0
LINE
8
BLACK
6
CONTINUOUS
10
181.3245000000000005
20
-88.0743739999999917
11
181.3388520000000028
21
-88.0397260000000017
0
LINE
8
BLACK
6
CONTINUOUS
10
181.3388520000000028
20
-88.0397260000000017
11
181.3888159999999914
21
-87.9897619999999989
0
LINE
8
BLACK
6
CONTINUOUS
10
181.3888159999999914
20
-87.9897619999999989
11
181.4495550000000037
21
-87.8930959999999999
0
LINE
8
BLACK
6
CONTINUOUS
10
181.4495550000000037
20
-87.8930959999999999
11
181.484786999999983
21
-87.8370259999999945
0
LINE
8
BLACK
6
CONTINUOUS
10
181.484786999999983
20
-87.8370259999999945
11
181.484786999999983
21
-87.8370239999999995
0
LINE
8
BLACK
6
CONTINUOUS
10
181.484786999999983
20
-87.8370239999999995
11
181.4847889999999779
21
-87.8370219999999904
0
LINE
8
BLACK
6
CONTINUOUS
10
181.4847889999999779
20
-87.8370219999999904
11
181.5443679999999915
21
-87.6667549999999949
0
LINE
8
BLACK
6
CONTINUOUS
10
181.5443679999999915
20
-87.6667549999999949
11
181.5645649999999875
21
-87.4874999999999972
0
LINE
8
BLACK
6
CONTINUOUS
10
181.5645649999999875
20
-87.4874999999999972
11
181.5443679999999915
21
-87.3082449999999994
0
LINE
8
BLACK
6
CONTINUOUS
10
181.5443679999999915
20
-87.3082449999999994
11
181.4847889999999779
21
-87.1379779999999897
0
LINE
8
BLACK
6
CONTINUOUS
10
181.4847889999999779
20
-87.1379779999999897
11
181.4847879999999805
21
-87.1379769999999922
0
LINE
8
BLACK
6
CONTINUOUS
10
181.4847879999999805
20
-87.1379769999999922
11
181.484786999999983
21
-87.1379730000000023
0
LINE
8
BLACK
6
CONTINUOUS
10
181.484786999999983
20
-87.1379730000000023
11
181.3888169999999889
21
-86.9852399999999903
0
LINE
8
BLACK
6
CONTINUOUS
10
181.3888169999999889
20
-86.9852399999999903
11
181.3888159999999914
21
-86.9852379999999954
0
LINE
8
BLACK
6
CONTINUOUS
10
181.3888159999999914
20
-86.9852379999999954
11
181.2612619999999879
21
-86.8576839999999919
0
LINE
8
BLACK
6
CONTINUOUS
10
181.2612619999999879
20
-86.8576839999999919
11
181.2574299999999994
21
-86.8552759999999893
0
LINE
8
BLACK
6
CONTINUOUS
10
181.2574299999999994
20
-86.8552759999999893
11
181.1574300000000051
21
-86.7924409999999966
0
LINE
8
BLACK
6
CONTINUOUS
10
181.1574300000000051
20
-86.7924409999999966
11
181.1357280000000003
21
-86.7618549999999971
0
LINE
8
BLACK
6
CONTINUOUS
10
181.1357280000000003
20
-86.7618549999999971
11
181.1345000000000027
21
-86.7509519999999981
0
LINE
8
BLACK
6
CONTINUOUS
10
181.1345000000000027
20
-86.7509519999999981
11
181.1345000000000027
21
-86.4930839999999961
0
LINE
8
BLACK
6
CONTINUOUS
10
181.1345000000000027
20
-86.4930839999999961
11
181.1488520000000051
21
-86.4584359999999919
0
LINE
8
BLACK
6
CONTINUOUS
10
181.1488520000000051
20
-86.4584359999999919
11
181.1603979999999865
21
-86.4498710000000017
0
LINE
8
BLACK
6
CONTINUOUS
10
181.1603979999999865
20
-86.4498710000000017
11
181.2954499999999882
21
-86.3776849999999996
0
LINE
8
BLACK
6
CONTINUOUS
10
181.2954499999999882
20
-86.3776849999999996
11
181.4554100000000005
21
-86.2464099999999974
0
LINE
8
BLACK
6
CONTINUOUS
10
181.4554100000000005
20
-86.2464099999999974
11
181.5866849999999886
21
-86.0864499999999992
0
LINE
8
BLACK
6
CONTINUOUS
10
181.5866849999999886
20
-86.0864499999999992
11
181.6842319999999802
21
-85.9039539999999988
0
LINE
8
BLACK
6
CONTINUOUS
10
181.6842319999999802
20
-85.9039539999999988
11
181.7442999999999813
21
-85.7059339999999992
0
LINE
8
BLACK
6
CONTINUOUS
10
181.7442999999999813
20
-85.7059339999999992
11
181.7645829999999876
21
-85.5
0
LINE
8
BLACK
6
CONTINUOUS
10
181.7645829999999876
20
-85.5
11
181.7442999999999813
21
-85.2940660000000008
0
LINE
8
BLACK
6
CONTINUOUS
10
181.7442999999999813
20
-85.2940660000000008
11
181.6842319999999802
21
-85.0960460000000012
0
LINE
8
BLACK
6
CONTINUOUS
10
181.6842319999999802
20
-85.0960460000000012
11
181.5866849999999886
21
-84.9135500000000008
0
LINE
8
BLACK
6
CONTINUOUS
10
181.5866849999999886
20
-84.9135500000000008
11
181.4554100000000005
21
-84.7535900000000026
0
LINE
8
BLACK
6
CONTINUOUS
10
181.4554100000000005
20
-84.7535900000000026
11
181.2954499999999882
21
-84.6223150000000004
0
LINE
8
BLACK
6
CONTINUOUS
10
181.2954499999999882
20
-84.6223150000000004
11
181.1303079999999852
21
-84.5340439999999944
0
LINE
8
BLACK
6
CONTINUOUS
10
181.1303079999999852
20
-84.5340439999999944
11
181.1129559999999969
21
-84.524768999999992
0
LINE
8
BLACK
6
CONTINUOUS
10
181.1129559999999969
20
-84.524768999999992
11
181.1129549999999995
21
-84.5247679999999946
0
LINE
8
BLACK
6
CONTINUOUS
10
181.1129549999999995
20
-84.5247679999999946
11
181.112954000000002
21
-84.5247679999999946
0
LINE
8
BLACK
6
CONTINUOUS
10
181.112954000000002
20
-84.5247679999999946
11
180.9149339999999881
21
-84.4646999999999935
0
LINE
8
BLACK
6
CONTINUOUS
10
180.9149339999999881
20
-84.4646999999999935
11
180.7090000000000032
21
-84.4444170000000014
0
LINE
8
BLACK
6
CONTINUOUS
10
180.7090000000000032
20
-84.4444170000000014
11
180.5030649999999923
21
-84.4646999999999935
0
LINE
8
BLACK
6
CONTINUOUS
10
180.5030649999999923
20
-84.4646999999999935
11
180.5030639999999948
21
-84.4646999999999935
0
LINE
8
BLACK
6
CONTINUOUS
10
180.5030639999999948
20
-84.4646999999999935
11
180.3050429999999835
21
-84.524768999999992
0
LINE
8
BLACK
6
CONTINUOUS
10
180.3050429999999835
20
-84.524768999999992
11
180.1225479999999948
21
-84.6223159999999979
0
LINE
8
BLACK
6
CONTINUOUS
10
180.1225479999999948
20
-84.6223159999999979
11
179.9625900000000058
21
-84.7535900000000026
0
LINE
8
BLACK
6
CONTINUOUS
10
179.9625900000000058
20
-84.7535900000000026
11
179.8313159999999868
21
-84.9135479999999916
0
LINE
8
BLACK
6
CONTINUOUS
10
179.8313159999999868
20
-84.9135479999999916
11
179.7337689999999952
21
-85.0960429999999945
0
LINE
8
BLACK
6
CONTINUOUS
10
179.7337689999999952
20
-85.0960429999999945
11
179.6736999999999966
21
-85.2940639999999917
0
LINE
8
BLACK
6
CONTINUOUS
10
179.6736999999999966
20
-85.2940639999999917
11
179.6736999999999966
21
-85.2940649999999891
0
LINE
8
BLACK
6
CONTINUOUS
10
179.6736999999999966
20
-85.2940649999999891
11
179.6534169999999904
21
-85.4999990000000025
0
LINE
8
BLACK
6
CONTINUOUS
10
179.6534169999999904
20
-85.4999990000000025
11
179.6534169999999904
21
-85.5
0
LINE
8
BLACK
6
CONTINUOUS
10
179.6534169999999904
20
-85.5
11
179.6736999999999966
21
-85.7059339999999992
0
LINE
8
BLACK
6
CONTINUOUS
10
179.6736999999999966
20
-85.7059339999999992
11
179.6736999999999966
21
-85.7059349999999966
0
LINE
8
BLACK
6
CONTINUOUS
10
179.6736999999999966
20
-85.7059349999999966
11
179.7181499999999801
21
-85.8524699999999967
0
LINE
8
BLACK
6
CONTINUOUS
10
179.7181499999999801
20
-85.8524699999999967
11
179.7144739999999956
21
-85.8897929999999974
0
LINE
8
BLACK
6
CONTINUOUS
10
179.7144739999999956
20
-85.8897929999999974
11
179.7059079999999938
21
-85.9013419999999996
0
LINE
8
BLACK
6
CONTINUOUS
10
179.7059079999999938
20
-85.9013419999999996
11
179.2596039999999959
21
-86.3476479999999924
0
LINE
8
BLACK
6
CONTINUOUS
10
179.2596039999999959
20
-86.3476479999999924
11
179.2249559999999917
21
-86.3619999999999948
0
LINE
8
BLACK
6
CONTINUOUS
10
179.2249559999999917
20
-86.3619999999999948
11
178.9834999999999923
21
-86.3619999999999948
0
LINE
8
BLACK
6
CONTINUOUS
10
178.9834999999999923
20
-86.3619999999999948
11
178.948851999999988
21
-86.3476479999999924
0
LINE
8
BLACK
6
CONTINUOUS
10
178.948851999999988
20
-86.3476479999999924
11
178.9344999999999857
21
-86.3130000000000024
0
LINE
8
BLACK
6
CONTINUOUS
10
178.9344999999999857
20
-86.3130000000000024
11
178.9344999999999857
21
-86.2207429999999988
0
LINE
8
BLACK
6
CONTINUOUS
10
178.9344999999999857
20
-86.2207429999999988
11
178.9344989999999882
21
-86.2207239999999899
0
LINE
8
BLACK
6
CONTINUOUS
10
178.9344989999999882
20
-86.2207239999999899
11
178.9316460000000006
21
-86.1903009999999909
0
LINE
8
BLACK
6
CONTINUOUS
10
178.9316460000000006
20
-86.1903009999999909
11
178.9316460000000006
21
-86.1902999999999935
0
LINE
8
BLACK
6
CONTINUOUS
10
178.9316460000000006
20
-86.1902999999999935
11
178.886794999999978
21
-86.0621229999999997
0
LINE
8
BLACK
6
CONTINUOUS
10
178.886794999999978
20
-86.0621229999999997
11
178.8867909999999881
21
-86.062113999999994
0
LINE
8
BLACK
6
CONTINUOUS
10
178.8867909999999881
20
-86.062113999999994
11
178.8061500000000024
21
-85.9528490000000005
0
LINE
8
BLACK
6
CONTINUOUS
10
178.8061500000000024
20
-85.9528490000000005
11
178.6968849999999804
21
-85.8722080000000005
0
LINE
8
BLACK
6
CONTINUOUS
10
178.6968849999999804
20
-85.8722080000000005
11
178.6968760000000032
21
-85.8722039999999964
0
LINE
8
BLACK
6
CONTINUOUS
10
178.6968760000000032
20
-85.8722039999999964
11
178.5686979999999835
21
-85.8273530000000022
0
LINE
8
BLACK
6
CONTINUOUS
10
178.5686979999999835
20
-85.8273530000000022
11
178.5382749999999987
21
-85.8245000000000005
0
LINE
8
BLACK
6
CONTINUOUS
10
178.5382749999999987
20
-85.8245000000000005
11
178.538265999999993
21
-85.8245000000000005
0
LINE
8
BLACK
6
CONTINUOUS
10
178.538265999999993
20
-85.8245000000000005
11
178.1297339999999849
21
-85.8245000000000005
0
LINE
8
BLACK
6
CONTINUOUS
10
178.1297339999999849
20
-85.8245000000000005
11
178.1297239999999817
21
-85.8245000000000005
0
LINE
8
BLACK
6
CONTINUOUS
10
178.1297239999999817
20
-85.8245000000000005
11
178.099300999999997
21
-85.8273530000000022
0
LINE
8
BLACK
6
CONTINUOUS
10
178.099300999999997
20
-85.8273530000000022
11
178.0992999999999995
21
-85.8273530000000022
0
LINE
8
BLACK
6
CONTINUOUS
10
178.0992999999999995
20
-85.8273530000000022
11
177.9711230000000057
21
-85.8722039999999964
0
LINE
8
BLACK
6
CONTINUOUS
10
177.9711230000000057
20
-85.8722039999999964
11
177.9711189999999874
21
-85.8722049999999939
0
LINE
8
BLACK
6
CONTINUOUS
10
177.9711189999999874
20
-85.8722049999999939
11
177.889790000000005
21
-85.9322289999999924
0
LINE
8
BLACK
6
CONTINUOUS
10
177.889790000000005
20
-85.9322289999999924
11
177.8533899999999903
21
-85.9412559999999957
0
LINE
8
BLACK
6
CONTINUOUS
10
177.8533899999999903
20
-85.9412559999999957
11
177.8315959999999905
21
-85.9322279999999949
0
LINE
8
BLACK
6
CONTINUOUS
10
177.8315959999999905
20
-85.9322279999999949
11
177.7468849999999918
21
-85.8697080000000028
0
LINE
8
BLACK
6
CONTINUOUS
10
177.7468849999999918
20
-85.8697080000000028
11
177.7468759999999861
21
-85.8697039999999987
0
LINE
8
BLACK
6
CONTINUOUS
10
177.7468759999999861
20
-85.8697039999999987
11
177.6186979999999949
21
-85.8248529999999903
0
LINE
8
BLACK
6
CONTINUOUS
10
177.6186979999999949
20
-85.8248529999999903
11
177.5882749999999817
21
-85.8220000000000027
0
LINE
8
BLACK
6
CONTINUOUS
10
177.5882749999999817
20
-85.8220000000000027
11
177.5882660000000044
21
-85.8220000000000027
0
LINE
8
BLACK
6
CONTINUOUS
10
177.5882660000000044
20
-85.8220000000000027
11
177.1797339999999963
21
-85.8220000000000027
0
LINE
8
BLACK
6
CONTINUOUS
10
177.1797339999999963
20
-85.8220000000000027
11
177.1797239999999931
21
-85.8220000000000027
0
LINE
8
BLACK
6
CONTINUOUS
10
177.1797239999999931
20
-85.8220000000000027
11
177.1493009999999799
21
-85.8248529999999903
0
LINE
8
BLACK
6
CONTINUOUS
10
177.1493009999999799
20
-85.8248529999999903
11
177.1492999999999824
21
-85.8248529999999903
0
LINE
8
BLACK
6
CONTINUOUS
10
177.1492999999999824
20
-85.8248529999999903
11
177.0211229999999887
21
-85.8697039999999987
0
LINE
8
BLACK
6
CONTINUOUS
10
177.0211229999999887
20
-85.8697039999999987
11
177.021113999999983
21
-85.8697080000000028
0
LINE
8
BLACK
6
CONTINUOUS
10
177.021113999999983
20
-85.8697080000000028
11
176.9364029999999843
21
-85.9322279999999949
0
LINE
8
BLACK
6
CONTINUOUS
10
176.9364029999999843
20
-85.9322279999999949
11
176.9000029999999981
21
-85.9412559999999957
0
LINE
8
BLACK
6
CONTINUOUS
10
176.9000029999999981
20
-85.9412559999999957
11
176.8782089999999982
21
-85.9322279999999949
0
LINE
8
BLACK
6
CONTINUOUS
10
176.8782089999999982
20
-85.9322279999999949
11
176.7968850000000032
21
-85.8722080000000005
0
LINE
8
BLACK
6
CONTINUOUS
10
176.7968850000000032
20
-85.8722080000000005
11
176.7968759999999975
21
-85.8722039999999964
0
LINE
8
BLACK
6
CONTINUOUS
10
176.7968759999999975
20
-85.8722039999999964
11
176.6686979999999778
21
-85.8273530000000022
0
LINE
8
BLACK
6
CONTINUOUS
10
176.6686979999999778
20
-85.8273530000000022
11
176.638274999999993
21
-85.8245000000000005
0
LINE
8
BLACK
6
CONTINUOUS
10
176.638274999999993
20
-85.8245000000000005
11
176.6382659999999873
21
-85.8245000000000005
0
LINE
8
BLACK
6
CONTINUOUS
10
176.6382659999999873
20
-85.8245000000000005
11
176.2297339999999792
21
-85.8245000000000005
0
LINE
8
BLACK
6
CONTINUOUS
10
176.2297339999999792
20
-85.8245000000000005
11
176.2297240000000045
21
-85.8245000000000005
0
LINE
8
BLACK
6
CONTINUOUS
10
176.2297240000000045
20
-85.8245000000000005
11
176.1993009999999913
21
-85.8273530000000022
0
LINE
8
BLACK
6
CONTINUOUS
10
176.1993009999999913
20
-85.8273530000000022
11
176.1992999999999938
21
-85.8273530000000022
0
LINE
8
BLACK
6
CONTINUOUS
10
176.1992999999999938
20
-85.8273530000000022
11
176.071123
21
-85.8722039999999964
0
LINE
8
BLACK
6
CONTINUOUS
10
176.071123
20
-85.8722039999999964
11
176.0711139999999943
21
-85.8722080000000005
0
LINE
8
BLACK
6
CONTINUOUS
10
176.0711139999999943
20
-85.8722080000000005
11
175.9618490000000008
21
-85.9528490000000005
0
LINE
8
BLACK
6
CONTINUOUS
10
175.9618490000000008
20
-85.9528490000000005
11
175.8812079999999867
21
-86.062113999999994
0
LINE
8
BLACK
6
CONTINUOUS
10
175.8812079999999867
20
-86.062113999999994
11
175.8812039999999968
21
-86.0621229999999997
0
LINE
8
BLACK
6
CONTINUOUS
10
175.8812039999999968
20
-86.0621229999999997
11
175.8363530000000026
21
-86.1902999999999935
0
LINE
8
BLACK
6
CONTINUOUS
10
175.8363530000000026
20
-86.1902999999999935
11
175.8363530000000026
21
-86.1903009999999909
0
LINE
8
BLACK
6
CONTINUOUS
10
175.8363530000000026
20
-86.1903009999999909
11
175.8334999999999866
21
-86.2207239999999899
0
LINE
8
BLACK
6
CONTINUOUS
10
175.8334999999999866
20
-86.2207239999999899
11
175.8334999999999866
21
-87.3542750000000012
0
LINE
8
BLACK
6
CONTINUOUS
10
175.8334999999999866
20
-87.3542750000000012
11
175.8363530000000026
21
-87.3846980000000002
0
LINE
8
BLACK
6
CONTINUOUS
10
175.8363530000000026
20
-87.3846980000000002
11
175.8363530000000026
21
-87.3846989999999977
0
LINE
8
BLACK
6
CONTINUOUS
10
175.8363530000000026
20
-87.3846989999999977
11
175.8812039999999968
21
-87.5128759999999914
0
LINE
8
BLACK
6
CONTINUOUS
10
175.8812039999999968
20
-87.5128759999999914
11
175.8812079999999867
21
-87.5128849999999971
0
LINE
8
BLACK
6
CONTINUOUS
10
175.8812079999999867
20
-87.5128849999999971
11
175.9618490000000008
21
-87.6221499999999907
0
LINE
8
BLACK
6
CONTINUOUS
10
175.9618490000000008
20
-87.6221499999999907
11
176.0711139999999943
21
-87.7027909999999906
0
LINE
8
BLACK
6
CONTINUOUS
10
176.0711139999999943
20
-87.7027909999999906
11
176.0711169999999868
21
-87.7027920000000023
0
LINE
8
BLACK
6
CONTINUOUS
10
176.0711169999999868
20
-87.7027920000000023
11
176.0711179999999842
21
-87.7027929999999998
0
LINE
8
BLACK
6
CONTINUOUS
10
176.0711179999999842
20
-87.7027929999999998
11
176.0711199999999792
21
-87.7027929999999998
0
LINE
8
BLACK
6
CONTINUOUS
10
176.0711199999999792
20
-87.7027929999999998
11
176.071123
21
-87.7027949999999947
0
LINE
8
BLACK
6
CONTINUOUS
10
176.071123
20
-87.7027949999999947
11
176.1921559999999829
21
-87.7451459999999912
0
LINE
8
BLACK
6
CONTINUOUS
10
176.1921559999999829
20
-87.7451459999999912
11
176.1993009999999913
21
-87.7476459999999889
0
LINE
8
BLACK
6
CONTINUOUS
10
176.1993009999999913
20
-87.7476459999999889
11
176.2297339999999792
21
-87.7505000000000024
0
LINE
8
BLACK
6
CONTINUOUS
10
176.2297339999999792
20
-87.7505000000000024
11
176.2297439999999824
21
-87.7505000000000024
0
LINE
8
BLACK
6
CONTINUOUS
10
176.2297439999999824
20
-87.7505000000000024
11
176.6382559999999842
21
-87.7505000000000024
0
LINE
8
BLACK
6
CONTINUOUS
10
176.6382559999999842
20
-87.7505000000000024
11
176.6382659999999873
21
-87.7505000000000024
0
LINE
8
BLACK
6
CONTINUOUS
10
176.6382659999999873
20
-87.7505000000000024
11
176.6686990000000037
21
-87.7476459999999889
0
LINE
8
BLACK
6
CONTINUOUS
10
176.6686990000000037
20
-87.7476459999999889
11
176.7968819999999823
21
-87.7027929999999998
0
LINE
8
BLACK
6
CONTINUOUS
10
176.7968819999999823
20
-87.7027929999999998
11
176.8815969999999993
21
-87.640270000000001
0
LINE
8
BLACK
6
CONTINUOUS
10
176.8815969999999993
20
-87.640270000000001
11
176.917995999999988
21
-87.6312429999999978
0
LINE
8
BLACK
6
CONTINUOUS
10
176.917995999999988
20
-87.6312429999999978
11
176.9397899999999879
21
-87.6402709999999985
0
LINE
8
BLACK
6
CONTINUOUS
10
176.9397899999999879
20
-87.6402709999999985
11
177.021113999999983
21
-87.7002909999999929
0
LINE
8
BLACK
6
CONTINUOUS
10
177.021113999999983
20
-87.7002909999999929
11
177.0211170000000038
21
-87.7002919999999904
0
LINE
8
BLACK
6
CONTINUOUS
10
177.0211170000000038
20
-87.7002919999999904
11
177.0211180000000013
21
-87.7002930000000021
0
LINE
8
BLACK
6
CONTINUOUS
10
177.0211180000000013
20
-87.7002930000000021
11
177.0211199999999963
21
-87.7002930000000021
0
LINE
8
BLACK
6
CONTINUOUS
10
177.0211199999999963
20
-87.7002930000000021
11
177.0211229999999887
21
-87.700294999999997
0
LINE
8
BLACK
6
CONTINUOUS
10
177.0211229999999887
20
-87.700294999999997
11
177.0282679999999971
21
-87.7027949999999947
0
LINE
8
BLACK
6
CONTINUOUS
10
177.0282679999999971
20
-87.7027949999999947
11
177.1493009999999799
21
-87.7451459999999912
0
LINE
8
BLACK
6
CONTINUOUS
10
177.1493009999999799
20
-87.7451459999999912
11
177.1797339999999963
21
-87.7479999999999905
0
LINE
8
BLACK
6
CONTINUOUS
10
177.1797339999999963
20
-87.7479999999999905
11
177.1797439999999995
21
-87.7479999999999905
0
LINE
8
BLACK
6
CONTINUOUS
10
177.1797439999999995
20
-87.7479999999999905
11
177.4815979999999911
21
-87.7479999999999905
0
LINE
8
BLACK
6
CONTINUOUS
10
177.4815979999999911
20
-87.7479999999999905
11
177.5162459999999953
21
-87.7623519999999928
0
LINE
8
BLACK
6
CONTINUOUS
10
177.5162459999999953
20
-87.7623519999999928
11
177.5305979999999977
21
-87.796999999999997
0
LINE
8
BLACK
6
CONTINUOUS
10
177.5305979999999977
20
-87.796999999999997
11
177.5162459999999953
21
-87.8316480000000013
0
LINE
8
BLACK
6
CONTINUOUS
10
177.5162459999999953
20
-87.8316480000000013
11
177.5076679999999953
21
-87.8384889999999956
0
LINE
8
BLACK
6
CONTINUOUS
10
177.5076679999999953
20
-87.8384889999999956
11
177.3617399999999975
21
-87.9301820000000021
0
LINE
8
BLACK
6
CONTINUOUS
10
177.3617399999999975
20
-87.9301820000000021
11
177.3617359999999792
21
-87.9301849999999945
0
LINE
8
BLACK
6
CONTINUOUS
10
177.3617359999999792
20
-87.9301849999999945
11
177.2341820000000041
21
-88.057738999999998
0
LINE
8
BLACK
6
CONTINUOUS
10
177.2341820000000041
20
-88.057738999999998
11
177.2003589999999917
21
-88.1115700000000004
0
LINE
8
BLACK
6
CONTINUOUS
10
177.2003589999999917
20
-88.1115700000000004
11
177.1697729999999922
21
-88.1332709999999935
0
LINE
8
BLACK
6
CONTINUOUS
10
177.1697729999999922
20
-88.1332709999999935
11
177.158869999999979
21
-88.1345000000000027
0
LINE
8
BLACK
6
CONTINUOUS
10
177.158869999999979
20
-88.1345000000000027
11
175.8105429999999956
21
-88.1345000000000027
0
LINE
8
BLACK
6
CONTINUOUS
10
175.8105429999999956
20
-88.1345000000000027
11
175.7758949999999913
21
-88.1201480000000004
0
LINE
8
BLACK
6
CONTINUOUS
10
175.7758949999999913
20
-88.1201480000000004
11
174.8397499999999809
21
-87.1840029999999899
0
LINE
8
BLACK
6
CONTINUOUS
10
174.8397499999999809
20
-87.1840029999999899
11
173.9027629999999931
21
-86.2470149999999904
0
LINE
8
BLACK
6
CONTINUOUS
10
173.9027629999999931
20
-86.2470149999999904
11
173.8572259999999972
21
-86.2207239999999899
0
LINE
8
BLACK
6
CONTINUOUS
10
173.8572259999999972
20
-86.2207239999999899
11
173.805737999999991
21
-86.1909969999999959
0
LINE
8
BLACK
6
CONTINUOUS
10
173.805737999999991
20
-86.1909969999999959
11
173.8001799999999832
21
-86.1895079999999894
0
LINE
8
BLACK
6
CONTINUOUS
10
173.8001799999999832
20
-86.1895079999999894
11
173.7704279999999812
21
-86.1666759999999954
0
LINE
8
BLACK
6
CONTINUOUS
10
173.7704279999999812
20
-86.1666759999999954
11
173.7655340000000024
21
-86.129493999999994
0
LINE
8
BLACK
6
CONTINUOUS
10
173.7655340000000024
20
-86.129493999999994
11
173.7782139999999913
21
-86.107531999999992
0
LINE
8
BLACK
6
CONTINUOUS
10
173.7782139999999913
20
-86.107531999999992
11
174.3494849999999872
21
-85.5362629999999911
0
LINE
8
BLACK
6
CONTINUOUS
10
174.3494849999999872
20
-85.5362629999999911
11
174.4055029999999817
21
-85.4392369999999914
0
LINE
8
BLACK
6
CONTINUOUS
10
174.4055029999999817
20
-85.4392369999999914
11
174.4344989999999882
21
-85.3310209999999927
0
LINE
8
BLACK
6
CONTINUOUS
10
174.4344989999999882
20
-85.3310209999999927
11
174.4344999999999857
21
-85.3310209999999927
0
LINE
8
BLACK
6
CONTINUOUS
10
174.4344999999999857
20
-85.3310209999999927
11
174.4344999999999857
21
-82.4778639999999967
0
LINE
8
BLACK
6
CONTINUOUS
10
174.4344999999999857
20
-82.4778639999999967
11
174.448851999999988
21
-82.4432159999999925
0
LINE
8
BLACK
6
CONTINUOUS
10
174.448851999999988
20
-82.4432159999999925
11
174.4834999999999923
21
-82.4288639999999901
0
LINE
8
BLACK
6
CONTINUOUS
10
174.4834999999999923
20
-82.4288639999999901
11
174.5014759999999967
21
-82.4322810000000032
0
LINE
8
BLACK
6
CONTINUOUS
10
174.5014759999999967
20
-82.4322810000000032
11
174.5524289999999894
21
-82.4523749999999893
0
LINE
8
BLACK
6
CONTINUOUS
10
174.5524289999999894
20
-82.4523749999999893
11
174.5524329999999793
21
-82.452376000000001
0
LINE
8
BLACK
6
CONTINUOUS
10
174.5524329999999793
20
-82.452376000000001
11
174.5524360000000001
21
-82.4523769999999985
0
LINE
8
BLACK
6
CONTINUOUS
10
174.5524360000000001
20
-82.4523769999999985
11
174.5524389999999926
21
-82.4523769999999985
0
LINE
8
BLACK
6
CONTINUOUS
10
174.5524389999999926
20
-82.4523769999999985
11
174.552441999999985
21
-82.452377999999996
0
LINE
8
BLACK
6
CONTINUOUS
10
174.552441999999985
20
-82.452377999999996
11
174.6408950000000004
21
-82.4629999999999939
0
LINE
8
BLACK
6
CONTINUOUS
10
174.6408950000000004
20
-82.4629999999999939
11
174.6408979999999929
21
-82.4629999999999939
0
LINE
8
BLACK
6
CONTINUOUS
10
174.6408979999999929
20
-82.4629999999999939
11
174.6828199999999924
21
-82.4629999999999939
0
LINE
8
BLACK
6
CONTINUOUS
10
174.6828199999999924
20
-82.4629999999999939
11
174.7174679999999967
21
-82.4773519999999962
0
LINE
8
BLACK
6
CONTINUOUS
10
174.7174679999999967
20
-82.4773519999999962
11
174.7301499999999805
21
-82.4993180000000024
0
LINE
8
BLACK
6
CONTINUOUS
10
174.7301499999999805
20
-82.4993180000000024
11
174.737495999999993
21
-82.5267359999999996
0
LINE
8
BLACK
6
CONTINUOUS
10
174.737495999999993
20
-82.5267359999999996
11
174.7374969999999905
21
-82.5267379999999946
0
LINE
8
BLACK
6
CONTINUOUS
10
174.7374969999999905
20
-82.5267379999999946
11
174.7868670000000009
21
-82.6122479999999939
0
LINE
8
BLACK
6
CONTINUOUS
10
174.7868670000000009
20
-82.6122479999999939
11
174.7935149999999851
21
-82.6237629999999967
0
LINE
8
BLACK
6
CONTINUOUS
10
174.7935149999999851
20
-82.6237629999999967
11
175.2977369999999837
21
-83.1279849999999954
0
LINE
8
BLACK
6
CONTINUOUS
10
175.2977369999999837
20
-83.1279849999999954
11
175.322466999999989
21
-83.1422629999999998
0
LINE
8
BLACK
6
CONTINUOUS
10
175.322466999999989
20
-83.1422629999999998
11
175.3947599999999909
21
-83.1840019999999924
0
LINE
8
BLACK
6
CONTINUOUS
10
175.3947599999999909
20
-83.1840019999999924
11
175.3947619999999858
21
-83.1840019999999924
0
LINE
8
BLACK
6
CONTINUOUS
10
175.3947619999999858
20
-83.1840019999999924
11
175.3947629999999833
21
-83.1840029999999899
0
LINE
8
BLACK
6
CONTINUOUS
10
175.3947629999999833
20
-83.1840029999999899
11
175.4801109999999937
21
-83.2068709999999925
0
LINE
8
BLACK
6
CONTINUOUS
10
175.4801109999999937
20
-83.2068709999999925
11
175.5029779999999846
21
-83.2129989999999964
0
LINE
8
BLACK
6
CONTINUOUS
10
175.5029779999999846
20
-83.2129989999999964
11
175.5029789999999821
21
-83.2129999999999939
0
LINE
8
BLACK
6
CONTINUOUS
10
175.5029789999999821
20
-83.2129999999999939
11
175.5029820000000029
21
-83.2129999999999939
0
LINE
8
BLACK
6
CONTINUOUS
10
175.5029820000000029
20
-83.2129999999999939
11
175.6150189999999895
21
-83.2129999999999939
0
LINE
8
BLACK
6
CONTINUOUS
10
175.6150189999999895
20
-83.2129999999999939
11
175.6714669999999785
21
-83.2129999999999939
0
LINE
8
BLACK
6
CONTINUOUS
10
175.6714669999999785
20
-83.2129999999999939
11
175.7061149999999827
21
-83.2273519999999962
0
LINE
8
BLACK
6
CONTINUOUS
10
175.7061149999999827
20
-83.2273519999999962
11
175.7170490000000029
21
-83.2440209999999894
0
LINE
8
BLACK
6
CONTINUOUS
10
175.7170490000000029
20
-83.2440209999999894
11
175.7356379999999945
21
-83.2911579999999958
0
LINE
8
BLACK
6
CONTINUOUS
10
175.7356379999999945
20
-83.2911579999999958
11
175.7356389999999919
21
-83.2911599999999908
0
LINE
8
BLACK
6
CONTINUOUS
10
175.7356389999999919
20
-83.2911599999999908
11
175.7361139999999864
21
-83.2917860000000019
0
LINE
8
BLACK
6
CONTINUOUS
10
175.7361139999999864
20
-83.2917860000000019
11
175.8249999999999886
21
-83.4089999999999918
0
LINE
8
BLACK
6
CONTINUOUS
10
175.8249999999999886
20
-83.4089999999999918
11
175.87396099999998
21
-83.4461280000000016
0
LINE
8
BLACK
6
CONTINUOUS
10
175.87396099999998
20
-83.4461280000000016
11
175.9428399999999897
21
-83.4983610000000027
0
LINE
8
BLACK
6
CONTINUOUS
10
175.9428399999999897
20
-83.4983610000000027
11
175.9428409999999872
21
-83.4983610000000027
0
LINE
8
BLACK
6
CONTINUOUS
10
175.9428409999999872
20
-83.4983610000000027
11
175.9428419999999846
21
-83.4983620000000002
0
LINE
8
BLACK
6
CONTINUOUS
10
175.9428419999999846
20
-83.4983620000000002
11
175.9774749999999983
21
-83.5120189999999951
0
LINE
8
BLACK
6
CONTINUOUS
10
175.9774749999999983
20
-83.5120189999999951
11
176.0044429999999807
21
-83.5380809999999911
0
LINE
8
BLACK
6
CONTINUOUS
10
176.0044429999999807
20
-83.5380809999999911
11
176.008499999999998
21
-83.5576030000000003
0
LINE
8
BLACK
6
CONTINUOUS
10
176.008499999999998
20
-83.5576030000000003
11
176.008499999999998
21
-83.6161829999999924
0
LINE
8
BLACK
6
CONTINUOUS
10
176.008499999999998
20
-83.6161829999999924
11
175.9941479999999956
21
-83.6508309999999966
0
LINE
8
BLACK
6
CONTINUOUS
10
175.9941479999999956
20
-83.6508309999999966
11
175.9885989999999936
21
-83.6556069999999892
0
LINE
8
BLACK
6
CONTINUOUS
10
175.9885989999999936
20
-83.6556069999999892
11
175.9618499999999983
21
-83.6753499999999946
0
LINE
8
BLACK
6
CONTINUOUS
10
175.9618499999999983
20
-83.6753499999999946
11
175.9618449999999825
21
-83.6753549999999962
0
LINE
8
BLACK
6
CONTINUOUS
10
175.9618449999999825
20
-83.6753549999999962
11
175.8812079999999867
21
-83.7846139999999906
0
LINE
8
BLACK
6
CONTINUOUS
10
175.8812079999999867
20
-83.7846139999999906
11
175.8812039999999968
21
-83.7846229999999963
0
LINE
8
BLACK
6
CONTINUOUS
10
175.8812039999999968
20
-83.7846229999999963
11
175.8363530000000026
21
-83.9127999999999901
0
LINE
8
BLACK
6
CONTINUOUS
10
175.8363530000000026
20
-83.9127999999999901
11
175.8363530000000026
21
-83.9128010000000017
0
LINE
8
BLACK
6
CONTINUOUS
10
175.8363530000000026
20
-83.9128010000000017
11
175.8334999999999866
21
-83.9432240000000007
0
LINE
8
BLACK
6
CONTINUOUS
10
175.8334999999999866
20
-83.9432240000000007
11
175.8334999999999866
21
-85.0792749999999955
0
LINE
8
BLACK
6
CONTINUOUS
10
175.8334999999999866
20
-85.0792749999999955
11
175.8363530000000026
21
-85.1096979999999945
0
LINE
8
BLACK
6
CONTINUOUS
10
175.8363530000000026
20
-85.1096979999999945
11
175.8363530000000026
21
-85.109698999999992
0
LINE
8
BLACK
6
CONTINUOUS
10
175.8363530000000026
20
-85.109698999999992
11
175.8812039999999968
21
-85.237876
0
LINE
8
BLACK
6
CONTINUOUS
10
175.8812039999999968
20
-85.237876
11
175.8812079999999867
21
-85.2378849999999915
0
LINE
8
BLACK
6
CONTINUOUS
10
175.8812079999999867
20
-85.2378849999999915
11
175.9618490000000008
21
-85.3471499999999992
0
LINE
8
BLACK
6
CONTINUOUS
10
175.9618490000000008
20
-85.3471499999999992
11
176.0711139999999943
21
-85.4277909999999991
0
LINE
8
BLACK
6
CONTINUOUS
10
176.0711139999999943
20
-85.4277909999999991
11
176.0711169999999868
21
-85.4277919999999966
0
LINE
8
BLACK
6
CONTINUOUS
10
176.0711169999999868
20
-85.4277919999999966
11
176.0711179999999842
21
-85.4277929999999941
0
LINE
8
BLACK
6
CONTINUOUS
10
176.0711179999999842
20
-85.4277929999999941
11
176.0711199999999792
21
-85.4277929999999941
0
LINE
8
BLACK
6
CONTINUOUS
10
176.0711199999999792
20
-85.4277929999999941
11
176.071123
21
-85.427794999999989
0
LINE
8
BLACK
6
CONTINUOUS
10
176.071123
20
-85.427794999999989
11
176.1993009999999913
21
-85.4726459999999975
0
LINE
8
BLACK
6
CONTINUOUS
10
176.1993009999999913
20
-85.4726459999999975
11
176.2297339999999792
21
-85.4754999999999967
0
LINE
8
BLACK
6
CONTINUOUS
10
176.2297339999999792
20
-85.4754999999999967
11
176.2297439999999824
21
-85.4754999999999967
0
LINE
8
BLACK
6
CONTINUOUS
10
176.2297439999999824
20
-85.4754999999999967
11
176.6382559999999842
21
-85.4754999999999967
0
LINE
8
BLACK
6
CONTINUOUS
10
176.6382559999999842
20
-85.4754999999999967
11
176.6382659999999873
21
-85.4754999999999967
0
LINE
8
BLACK
6
CONTINUOUS
10
176.6382659999999873
20
-85.4754999999999967
11
176.6686990000000037
21
-85.4726459999999975
0
LINE
8
BLACK
6
CONTINUOUS
10
176.6686990000000037
20
-85.4726459999999975
11
176.7968819999999823
21
-85.4277929999999941
0
LINE
8
BLACK
6
CONTINUOUS
10
176.7968819999999823
20
-85.4277929999999941
11
176.9061499999999967
21
-85.3471499999999992
0
LINE
8
BLACK
6
CONTINUOUS
10
176.9061499999999967
20
-85.3471499999999992
11
176.9622589999999889
21
-85.2711249999999978
0
LINE
8
BLACK
6
CONTINUOUS
10
176.9622589999999889
20
-85.2711249999999978
11
176.9867909999999824
21
-85.2378849999999915
0
LINE
8
BLACK
6
CONTINUOUS
10
176.9867909999999824
20
-85.2378849999999915
11
176.9867909999999824
21
-85.237883999999994
0
LINE
8
BLACK
6
CONTINUOUS
10
176.9867909999999824
20
-85.237883999999994
11
176.9867930000000058
21
-85.237881999999999
0
LINE
8
BLACK
6
CONTINUOUS
10
176.9867930000000058
20
-85.237881999999999
11
177.031645999999995
21
-85.109698999999992
0
LINE
8
BLACK
6
CONTINUOUS
10
177.031645999999995
20
-85.109698999999992
11
177.03449999999998
21
-85.0792659999999898
0
LINE
8
BLACK
6
CONTINUOUS
10
177.03449999999998
20
-85.0792659999999898
11
177.03449999999998
21
-83.9457340000000016
0
LINE
8
BLACK
6
CONTINUOUS
10
177.03449999999998
20
-83.9457340000000016
11
177.03449999999998
21
-83.9432339999999897
0
LINE
8
BLACK
6
CONTINUOUS
10
177.03449999999998
20
-83.9432339999999897
11
177.031645999999995
21
-83.9128010000000017
0
LINE
8
BLACK
6
CONTINUOUS
10
177.031645999999995
20
-83.9128010000000017
11
177.0285209999999836
21
-83.9038709999999952
0
LINE
8
BLACK
6
CONTINUOUS
10
177.0285209999999836
20
-83.9038709999999952
11
176.9867950000000008
21
-83.7846229999999963
0
LINE
8
BLACK
6
CONTINUOUS
10
176.9867950000000008
20
-83.7846229999999963
11
176.9867909999999824
21
-83.7846139999999906
0
LINE
8
BLACK
6
CONTINUOUS
10
176.9867909999999824
20
-83.7846139999999906
11
176.9061539999999866
21
-83.6753549999999962
0
LINE
8
BLACK
6
CONTINUOUS
10
176.9061539999999866
20
-83.6753549999999962
11
176.9061519999999916
21
-83.6753530000000012
0
LINE
8
BLACK
6
CONTINUOUS
10
176.9061519999999916
20
-83.6753530000000012
11
176.9061499999999967
21
-83.6753499999999946
0
LINE
8
BLACK
6
CONTINUOUS
10
176.9061499999999967
20
-83.6753499999999946
11
176.8880619999999908
21
-83.6619999999999919
0
LINE
8
BLACK
6
CONTINUOUS
10
176.8880619999999908
20
-83.6619999999999919
11
176.8794010000000014
21
-83.6556069999999892
0
LINE
8
BLACK
6
CONTINUOUS
10
176.8794010000000014
20
-83.6556069999999892
11
176.8600469999999802
21
-83.6234839999999906
0
LINE
8
BLACK
6
CONTINUOUS
10
176.8600469999999802
20
-83.6234839999999906
11
176.859499999999997
21
-83.6161829999999924
0
LINE
8
BLACK
6
CONTINUOUS
10
176.859499999999997
20
-83.6161829999999924
11
176.859499999999997
21
-83.6054599999999937
0
LINE
8
BLACK
6
CONTINUOUS
10
176.859499999999997
20
-83.6054599999999937
11
176.8738519999999994
21
-83.5708119999999894
0
LINE
8
BLACK
6
CONTINUOUS
10
176.8738519999999994
20
-83.5708119999999894
11
176.9026549999999816
21
-83.5568099999999987
0
LINE
8
BLACK
6
CONTINUOUS
10
176.9026549999999816
20
-83.5568099999999987
11
176.9375770000000045
21
-83.5526169999999979
0
LINE
8
BLACK
6
CONTINUOUS
10
176.9375770000000045
20
-83.5526169999999979
11
177.0751579999999876
21
-83.4983620000000002
0
LINE
8
BLACK
6
CONTINUOUS
10
177.0751579999999876
20
-83.4983620000000002
11
177.1929999999999836
21
-83.4089999999999918
0
LINE
8
BLACK
6
CONTINUOUS
10
177.1929999999999836
20
-83.4089999999999918
11
177.2823619999999778
21
-83.2911579999999958
0
LINE
8
BLACK
6
CONTINUOUS
10
177.2823619999999778
20
-83.2911579999999958
11
177.3366169999999897
21
-83.1535769999999985
0
LINE
8
BLACK
6
CONTINUOUS
10
177.3366169999999897
20
-83.1535769999999985
11
177.3379769999999951
21
-83.1422589999999957
0
LINE
8
BLACK
6
CONTINUOUS
10
177.3379769999999951
20
-83.1422589999999957
11
177.34699999999998
21
-83.0671210000000002
0
LINE
8
BLACK
6
CONTINUOUS
10
177.34699999999998
20
-83.0671210000000002
11
177.34699999999998
21
-82.5715440000000029
0
LINE
8
BLACK
6
CONTINUOUS
10
177.34699999999998
20
-82.5715440000000029
11
177.3613519999999824
21
-82.5368959999999987
0
LINE
8
BLACK
6
CONTINUOUS
10
177.3613519999999824
20
-82.5368959999999987
11
177.470895999999982
21
-82.4273519999999991
0
LINE
8
BLACK
6
CONTINUOUS
10
177.470895999999982
20
-82.4273519999999991
11
177.5055439999999862
21
-82.4129999999999967
0
LINE
8
BLACK
6
CONTINUOUS
10
177.5055439999999862
20
-82.4129999999999967
11
177.7453899999999862
21
-82.4129999999999967
0
LINE
8
BLACK
6
CONTINUOUS
10
177.7453899999999862
20
-82.4129999999999967
11
177.7660620000000051
21
-82.3820619999999906
0
LINE
8
BLACK
6
CONTINUOUS
10
177.7660620000000051
20
-82.3820619999999906
11
177.8431129999999882
21
-82.3305790000000002
0
LINE
8
BLACK
6
CONTINUOUS
10
177.8431129999999882
20
-82.3305790000000002
11
177.9339999999999975
21
-82.3125
0
LINE
8
BLACK
6
CONTINUOUS
10
177.9339999999999975
20
-82.3125
11
178.5339999999999918
21
-82.3125
0
LINE
8
BLACK
6
CONTINUOUS
10
178.5339999999999918
20
-82.3125
11
178.6248870000000011
21
-82.3305790000000002
0
LINE
8
BLACK
6
CONTINUOUS
10
178.6248870000000011
20
-82.3305790000000002
11
178.7019379999999842
21
-82.3820619999999906
0
LINE
8
BLACK
6
CONTINUOUS
10
178.7019379999999842
20
-82.3820619999999906
11
178.753421000000003
21
-82.4591130000000021
0
LINE
8
BLACK
6
CONTINUOUS
10
178.753421000000003
20
-82.4591130000000021
11
178.7715000000000032
21
-82.5499999999999972
0
LINE
8
BLACK
6
CONTINUOUS
10
178.7715000000000032
20
-82.5499999999999972
11
178.7715000000000032
21
-83.0249999999999915
0
LINE
8
BLACK
6
CONTINUOUS
10
178.7715000000000032
20
-83.0249999999999915
11
178.753421000000003
21
-83.1158870000000007
0
LINE
8
BLACK
6
CONTINUOUS
10
178.753421000000003
20
-83.1158870000000007
11
178.7019379999999842
21
-83.1929379999999981
0
LINE
8
BLACK
6
CONTINUOUS
10
178.7019379999999842
20
-83.1929379999999981
11
178.6709999999999923
21
-83.2136089999999911
0
LINE
8
BLACK
6
CONTINUOUS
10
178.6709999999999923
20
-83.2136089999999911
11
178.6709999999999923
21
-83.5190910000000031
0
LINE
8
BLACK
6
CONTINUOUS
10
178.6709999999999923
20
-83.5190910000000031
11
178.6566479999999899
21
-83.5537389999999931
0
LINE
8
BLACK
6
CONTINUOUS
10
178.6566479999999899
20
-83.5537389999999931
11
178.6219999999999857
21
-83.5680909999999955
0
LINE
8
BLACK
6
CONTINUOUS
10
178.6219999999999857
20
-83.5680909999999955
11
178.6058170000000018
21
-83.5653420000000011
0
LINE
8
BLACK
6
CONTINUOUS
10
178.6058170000000018
20
-83.5653420000000011
11
178.5892439999999795
21
-83.5595429999999908
0
LINE
8
BLACK
6
CONTINUOUS
10
178.5892439999999795
20
-83.5595429999999908
11
178.568698999999981
21
-83.552353999999994
0
LINE
8
BLACK
6
CONTINUOUS
10
178.568698999999981
20
-83.552353999999994
11
178.568696999999986
21
-83.5523529999999965
0
LINE
8
BLACK
6
CONTINUOUS
10
178.568696999999986
20
-83.5523529999999965
11
178.5686949999999911
21
-83.5523529999999965
0
LINE
8
BLACK
6
CONTINUOUS
10
178.5686949999999911
20
-83.5523529999999965
11
178.5382749999999987
21
-83.5494999999999948
0
LINE
8
BLACK
6
CONTINUOUS
10
178.5382749999999987
20
-83.5494999999999948
11
178.538265999999993
21
-83.5494999999999948
0
LINE
8
BLACK
6
CONTINUOUS
10
178.538265999999993
20
-83.5494999999999948
11
178.1297339999999849
21
-83.5494999999999948
0
LINE
8
BLACK
6
CONTINUOUS
10
178.1297339999999849
20
-83.5494999999999948
11
178.1297239999999817
21
-83.5494999999999948
0
LINE
8
BLACK
6
CONTINUOUS
10
178.1297239999999817
20
-83.5494999999999948
11
178.099300999999997
21
-83.5523529999999965
0
LINE
8
BLACK
6
CONTINUOUS
10
178.099300999999997
20
-83.5523529999999965
11
178.0992999999999995
21
-83.5523529999999965
0
LINE
8
BLACK
6
CONTINUOUS
10
178.0992999999999995
20
-83.5523529999999965
11
177.9711230000000057
21
-83.5972039999999907
0
LINE
8
BLACK
6
CONTINUOUS
10
177.9711230000000057
20
-83.5972039999999907
11
177.971114
21
-83.5972079999999949
0
LINE
8
BLACK
6
CONTINUOUS
10
177.971114
20
-83.5972079999999949
11
177.8618489999999781
21
-83.6778489999999948
0
LINE
8
BLACK
6
CONTINUOUS
10
177.8618489999999781
20
-83.6778489999999948
11
177.7812079999999924
21
-83.7871140000000025
0
LINE
8
BLACK
6
CONTINUOUS
10
177.7812079999999924
20
-83.7871140000000025
11
177.7812040000000025
21
-83.787122999999994
0
LINE
8
BLACK
6
CONTINUOUS
10
177.7812040000000025
20
-83.787122999999994
11
177.7363529999999798
21
-83.915300000000002
0
LINE
8
BLACK
6
CONTINUOUS
10
177.7363529999999798
20
-83.915300000000002
11
177.7363529999999798
21
-83.9153009999999995
0
LINE
8
BLACK
6
CONTINUOUS
10
177.7363529999999798
20
-83.9153009999999995
11
177.7334999999999923
21
-83.9457239999999985
0
LINE
8
BLACK
6
CONTINUOUS
10
177.7334999999999923
20
-83.9457239999999985
11
177.7334999999999923
21
-85.0792749999999955
0
LINE
8
BLACK
6
CONTINUOUS
10
177.7334999999999923
20
-85.0792749999999955
11
177.7363529999999798
21
-85.1096979999999945
0
LINE
8
BLACK
6
CONTINUOUS
10
177.7363529999999798
20
-85.1096979999999945
11
177.7363529999999798
21
-85.109698999999992
0
LINE
8
BLACK
6
CONTINUOUS
10
177.7363529999999798
20
-85.109698999999992
11
177.7812040000000025
21
-85.237876
0
LINE
8
BLACK
6
CONTINUOUS
10
177.7812040000000025
20
-85.237876
11
177.7812079999999924
21
-85.2378849999999915
0
LINE
8
BLACK
6
CONTINUOUS
10
177.7812079999999924
20
-85.2378849999999915
11
177.8618489999999781
21
-85.3471499999999992
0
LINE
8
BLACK
6
CONTINUOUS
10
177.8618489999999781
20
-85.3471499999999992
11
177.971114
21
-85.4277909999999991
0
LINE
8
BLACK
6
CONTINUOUS
10
177.971114
20
-85.4277909999999991
11
177.9711169999999925
21
-85.4277919999999966
0
LINE
8
BLACK
6
CONTINUOUS
10
177.9711169999999925
20
-85.4277919999999966
11
177.9711179999999899
21
-85.4277929999999941
0
LINE
8
BLACK
6
CONTINUOUS
10
177.9711179999999899
20
-85.4277929999999941
11
177.9711199999999849
21
-85.4277929999999941
0
LINE
8
BLACK
6
CONTINUOUS
10
177.9711199999999849
20
-85.4277929999999941
11
177.9711230000000057
21
-85.427794999999989
0
LINE
8
BLACK
6
CONTINUOUS
10
177.9711230000000057
20
-85.427794999999989
11
178.099300999999997
21
-85.4726459999999975
0
LINE
8
BLACK
6
CONTINUOUS
10
178.099300999999997
20
-85.4726459999999975
11
178.1297339999999849
21
-85.4754999999999967
0
LINE
8
BLACK
6
CONTINUOUS
10
178.1297339999999849
20
-85.4754999999999967
11
178.1297439999999881
21
-85.4754999999999967
0
LINE
8
BLACK
6
CONTINUOUS
10
178.1297439999999881
20
-85.4754999999999967
11
178.5382559999999899
21
-85.4754999999999967
0
LINE
8
BLACK
6
CONTINUOUS
10
178.5382559999999899
20
-85.4754999999999967
11
178.538265999999993
21
-85.4754999999999967
0
LINE
8
BLACK
6
CONTINUOUS
10
178.538265999999993
20
-85.4754999999999967
11
178.568698999999981
21
-85.4726459999999975
0
LINE
8
BLACK
6
CONTINUOUS
10
178.568698999999981
20
-85.4726459999999975
11
178.696881999999988
21
-85.4277929999999941
0
LINE
8
BLACK
6
CONTINUOUS
10
178.696881999999988
20
-85.4277929999999941
11
178.8061500000000024
21
-85.3471499999999992
0
LINE
8
BLACK
6
CONTINUOUS
10
178.8061500000000024
20
-85.3471499999999992
11
178.8622589999999946
21
-85.2711249999999978
0
LINE
8
BLACK
6
CONTINUOUS
10
178.8622589999999946
20
-85.2711249999999978
11
178.8867909999999881
21
-85.2378849999999915
0
LINE
8
BLACK
6
CONTINUOUS
10
178.8867909999999881
20
-85.2378849999999915
11
178.8867909999999881
21
-85.237883999999994
0
LINE
8
BLACK
6
CONTINUOUS
10
178.8867909999999881
20
-85.237883999999994
11
178.8867929999999831
21
-85.237881999999999
0
LINE
8
BLACK
6
CONTINUOUS
10
178.8867929999999831
20
-85.237881999999999
11
178.9316460000000006
21
-85.109698999999992
0
LINE
8
BLACK
6
CONTINUOUS
10
178.9316460000000006
20
-85.109698999999992
11
178.9344999999999857
21
-85.0792659999999898
0
LINE
8
BLACK
6
CONTINUOUS
10
178.9344999999999857
20
-85.0792659999999898
11
178.9344999999999857
21
-84.5340439999999944
0
LINE
8
BLACK
6
CONTINUOUS
10
178.9344999999999857
20
-84.5340439999999944
11
178.948851999999988
21
-84.4993959999999902
0
LINE
8
BLACK
6
CONTINUOUS
10
178.948851999999988
20
-84.4993959999999902
11
179.4111729999999909
21
-84.0370750000000015
0
LINE
8
BLACK
6
CONTINUOUS
10
179.4111729999999909
20
-84.0370750000000015
11
179.4369839999999954
21
-84.0112639999999971
0
LINE
8
BLACK
6
CONTINUOUS
10
179.4369839999999954
20
-84.0112639999999971
11
179.4369849999999929
21
-84.0112629999999996
0
LINE
8
BLACK
6
CONTINUOUS
10
179.4369849999999929
20
-84.0112629999999996
11
179.4930029999999874
21
-83.914237
0
LINE
8
BLACK
6
CONTINUOUS
10
179.4930029999999874
20
-83.914237
11
179.5219989999999939
21
-83.8060210000000012
0
LINE
8
BLACK
6
CONTINUOUS
10
179.5219989999999939
20
-83.8060210000000012
11
179.5219999999999914
21
-83.8060210000000012
0
LINE
8
BLACK
6
CONTINUOUS
10
179.5219999999999914
20
-83.8060210000000012
11
179.5219999999999914
21
-83.1749989999999997
0
LINE
8
BLACK
6
CONTINUOUS
10
179.5219999999999914
20
-83.1749989999999997
11
179.5219999999999914
21
-82.3129229999999978
0
LINE
8
BLACK
6
CONTINUOUS
10
179.5219999999999914
20
-82.3129229999999978
11
179.5219999999999914
21
-82.2544029999999964
0
LINE
8
BLACK
6
CONTINUOUS
10
179.5219999999999914
20
-82.2544029999999964
11
179.5219989999999939
21
-82.2544019999999989
0
LINE
8
BLACK
6
CONTINUOUS
10
179.5219989999999939
20
-82.2544019999999989
11
179.5158710000000042
21
-82.2315349999999938
0
LINE
8
BLACK
6
CONTINUOUS
10
179.5158710000000042
20
-82.2315349999999938
11
179.4930029999999874
21
-82.1461869999999976
0
LINE
8
BLACK
6
CONTINUOUS
10
179.4930029999999874
20
-82.1461869999999976
11
179.4930019999999899
21
-82.1461860000000001
0
LINE
8
BLACK
6
CONTINUOUS
10
179.4930019999999899
20
-82.1461860000000001
11
179.4930019999999899
21
-82.146183999999991
0
LINE
8
BLACK
6
CONTINUOUS
10
179.4930019999999899
20
-82.146183999999991
11
179.4369839999999954
21
-82.0491600000000005
0
LINE
8
BLACK
6
CONTINUOUS
10
179.4369839999999954
20
-82.0491600000000005
11
179.0348390000000052
21
-81.6470149999999961
0
LINE
8
BLACK
6
CONTINUOUS
10
179.0348390000000052
20
-81.6470149999999961
11
178.9378150000000005
21
-81.5909970000000015
0
LINE
8
BLACK
6
CONTINUOUS
10
178.9378150000000005
20
-81.5909970000000015
11
178.9378109999999822
21
-81.5909959999999899
0
LINE
8
BLACK
6
CONTINUOUS
10
178.9378109999999822
20
-81.5909959999999899
11
178.8295969999999784
21
-81.5619999999999976
0
LINE
8
BLACK
6
CONTINUOUS
10
178.8295969999999784
20
-81.5619999999999976
11
178.829593999999986
21
-81.5619999999999976
0
LINE
8
BLACK
6
CONTINUOUS
10
178.829593999999986
20
-81.5619999999999976
11
177.3650189999999895
21
-81.5619999999999976
0
LINE
8
BLACK
6
CONTINUOUS
10
177.3650189999999895
20
-81.5619999999999976
11
177.2529820000000029
21
-81.5619999999999976
0
LINE
8
BLACK
6
CONTINUOUS
10
177.2529820000000029
20
-81.5619999999999976
11
177.2529789999999821
21
-81.5619999999999976
0
LINE
8
BLACK
6
CONTINUOUS
10
177.2529789999999821
20
-81.5619999999999976
11
177.1447639999999808
21
-81.5909959999999899
0
LINE
8
BLACK
6
CONTINUOUS
10
177.1447639999999808
20
-81.5909959999999899
11
177.1447599999999909
21
-81.5909970000000015
0
LINE
8
BLACK
6
CONTINUOUS
10
177.1447599999999909
20
-81.5909970000000015
11
177.0477359999999862
21
-81.6470149999999961
0
LINE
8
BLACK
6
CONTINUOUS
10
177.0477359999999862
20
-81.6470149999999961
11
177.0477359999999862
21
-81.6470159999999936
0
LINE
8
BLACK
6
CONTINUOUS
10
177.0477359999999862
20
-81.6470159999999936
11
176.6971039999999959
21
-81.9976479999999981
0
LINE
8
BLACK
6
CONTINUOUS
10
176.6971039999999959
20
-81.9976479999999981
11
176.6624559999999917
21
-82.0120000000000005
0
LINE
8
BLACK
6
CONTINUOUS
10
176.6624559999999917
20
-82.0120000000000005
11
176.1829639999999984
21
-82.0120000000000005
0
LINE
8
BLACK
6
CONTINUOUS
10
176.1829639999999984
20
-82.0120000000000005
11
176.1483159999999941
21
-81.9976479999999981
0
LINE
8
BLACK
6
CONTINUOUS
10
176.1483159999999941
20
-81.9976479999999981
11
176.1339639999999918
21
-81.9629999999999939
0
LINE
8
BLACK
6
CONTINUOUS
10
176.1339639999999918
20
-81.9629999999999939
11
176.1343129999999917
21
-81.9571629999999942
0
LINE
8
BLACK
6
CONTINUOUS
10
176.1343129999999917
20
-81.9571629999999942
11
176.1345000000000027
21
-81.9556039999999939
0
LINE
8
BLACK
6
CONTINUOUS
10
176.1345000000000027
20
-81.9556039999999939
11
176.1345000000000027
21
-81.1693939999999969
0
LINE
8
BLACK
6
CONTINUOUS
10
176.1345000000000027
20
-81.1693939999999969
11
176.1238779999999906
21
-81.0809429999999907
0
LINE
8
BLACK
6
CONTINUOUS
10
176.1238779999999906
20
-81.0809429999999907
11
176.1238769999999931
21
-81.0809419999999932
0
LINE
8
BLACK
6
CONTINUOUS
10
176.1238769999999931
20
-81.0809419999999932
11
176.1238769999999931
21
-81.0809359999999941
0
LINE
8
BLACK
6
CONTINUOUS
10
176.1238769999999931
20
-81.0809359999999941
11
176.0683609999999817
21
-80.9401579999999967
0
LINE
8
BLACK
6
CONTINUOUS
10
176.0683609999999817
20
-80.9401579999999967
11
176.0631219999999928
21
-80.933250000000001
0
LINE
8
BLACK
6
CONTINUOUS
10
176.0631219999999928
20
-80.933250000000001
11
176.0386659999999779
21
-80.9009999999999962
0
LINE
8
BLACK
6
CONTINUOUS
10
176.0386659999999779
20
-80.9009999999999962
11
175.9769220000000018
21
-80.8195779999999928
0
LINE
8
BLACK
6
CONTINUOUS
10
175.9769220000000018
20
-80.8195779999999928
11
175.8812139999999999
21
-80.7469999999999999
0
LINE
8
BLACK
6
CONTINUOUS
10
175.8812139999999999
20
-80.7469999999999999
11
175.8563439999999787
21
-80.7281399999999962
0
LINE
8
BLACK
6
CONTINUOUS
10
175.8563439999999787
20
-80.7281399999999962
11
175.8563419999999837
21
-80.7281389999999988
0
LINE
8
BLACK
6
CONTINUOUS
10
175.8563419999999837
20
-80.7281389999999988
11
175.7155640000000005
21
-80.6726230000000015
0
LINE
8
BLACK
6
CONTINUOUS
10
175.7155640000000005
20
-80.6726230000000015
11
175.7155599999999822
21
-80.6726219999999898
0
LINE
8
BLACK
6
CONTINUOUS
10
175.7155599999999822
20
-80.6726219999999898
11
175.7155559999999923
21
-80.6726209999999924
0
LINE
8
BLACK
6
CONTINUOUS
10
175.7155559999999923
20
-80.6726209999999924
11
175.6271050000000002
21
-80.6619999999999919
0
LINE
8
BLACK
6
CONTINUOUS
10
175.6271050000000002
20
-80.6619999999999919
11
175.6271019999999794
21
-80.6619999999999919
0
LINE
8
BLACK
6
CONTINUOUS
10
175.6271019999999794
20
-80.6619999999999919
11
174.6408979999999929
21
-80.6619999999999919
0
LINE
8
BLACK
6
CONTINUOUS
10
174.6408979999999929
20
-80.6619999999999919
11
174.6408950000000004
21
-80.6619999999999919
0
LINE
8
BLACK
6
CONTINUOUS
10
174.6408950000000004
20
-80.6619999999999919
11
174.5524429999999825
21
-80.6726209999999924
0
LINE
8
BLACK
6
CONTINUOUS
10
174.5524429999999825
20
-80.6726209999999924
11
174.5524340000000052
21
-80.6726230000000015
0
LINE
8
BLACK
6
CONTINUOUS
10
174.5524340000000052
20
-80.6726230000000015
11
174.5014749999999992
21
-80.6927189999999968
0
LINE
8
BLACK
6
CONTINUOUS
10
174.5014749999999992
20
-80.6927189999999968
11
174.4639779999999973
21
-80.6920779999999951
0
LINE
8
BLACK
6
CONTINUOUS
10
174.4639779999999973
20
-80.6920779999999951
11
174.4379160000000013
21
-80.6651099999999985
0
LINE
8
BLACK
6
CONTINUOUS
10
174.4379160000000013
20
-80.6651099999999985
11
174.4344999999999857
21
-80.6471349999999916
0
LINE
8
BLACK
6
CONTINUOUS
10
174.4344999999999857
20
-80.6471349999999916
11
174.4344999999999857
21
-80.4778639999999967
0
LINE
8
BLACK
6
CONTINUOUS
10
174.4344999999999857
20
-80.4778639999999967
11
174.448851999999988
21
-80.4432159999999925
0
LINE
8
BLACK
6
CONTINUOUS
10
174.448851999999988
20
-80.4432159999999925
11
174.4834999999999923
21
-80.4288639999999901
0
LINE
8
BLACK
6
CONTINUOUS
10
174.4834999999999923
20
-80.4288639999999901
11
174.5014759999999967
21
-80.4322810000000032
0
LINE
8
BLACK
6
CONTINUOUS
10
174.5014759999999967
20
-80.4322810000000032
11
174.5524289999999894
21
-80.4523749999999893
0
LINE
8
BLACK
6
CONTINUOUS
10
174.5524289999999894
20
-80.4523749999999893
11
174.5524329999999793
21
-80.452376000000001
0
LINE
8
BLACK
6
CONTINUOUS
10
174.5524329999999793
20
-80.452376000000001
11
174.5524360000000001
21
-80.4523769999999985
0
LINE
8
BLACK
6
CONTINUOUS
10
174.5524360000000001
20
-80.4523769999999985
11
174.5524389999999926
21
-80.4523769999999985
0
LINE
8
BLACK
6
CONTINUOUS
10
174.5524389999999926
20
-80.4523769999999985
11
174.552441999999985
21
-80.452377999999996
0
LINE
8
BLACK
6
CONTINUOUS
10
174.552441999999985
20
-80.452377999999996
11
174.6408950000000004
21
-80.4629999999999939
0
LINE
8
BLACK
6
CONTINUOUS
10
174.6408950000000004
20
-80.4629999999999939
11
174.6408979999999929
21
-80.4629999999999939
0
LINE
8
BLACK
6
CONTINUOUS
10
174.6408979999999929
20
-80.4629999999999939
11
175.6271050000000002
21
-80.4629999999999939
0
LINE
8
BLACK
6
CONTINUOUS
10
175.6271050000000002
20
-80.4629999999999939
11
175.7155559999999923
21
-80.452377999999996
0
LINE
8
BLACK
6
CONTINUOUS
10
175.7155559999999923
20
-80.452377999999996
11
175.7155559999999923
21
-80.4523769999999985
0
LINE
8
BLACK
6
CONTINUOUS
10
175.7155559999999923
20
-80.4523769999999985
11
175.7155640000000005
21
-80.4523769999999985
0
LINE
8
BLACK
6
CONTINUOUS
10
175.7155640000000005
20
-80.4523769999999985
11
175.8563419999999837
21
-80.3968610000000012
0
LINE
8
BLACK
6
CONTINUOUS
10
175.8563419999999837
20
-80.3968610000000012
11
175.9769220000000018
21
-80.305421999999993
0
LINE
8
BLACK
6
CONTINUOUS
10
175.9769220000000018
20
-80.305421999999993
11
176.0683609999999817
21
-80.1848420000000033
0
LINE
8
BLACK
6
CONTINUOUS
10
176.0683609999999817
20
-80.1848420000000033
11
176.1238769999999931
21
-80.0440639999999917
0
LINE
8
BLACK
6
CONTINUOUS
10
176.1238769999999931
20
-80.0440639999999917
11
176.1289139999999804
21
-80.0021179999999958
0
LINE
8
BLACK
6
CONTINUOUS
10
176.1289139999999804
20
-80.0021179999999958
11
176.1345000000000027
21
-79.9556049999999914
0
LINE
8
BLACK
6
CONTINUOUS
10
176.1345000000000027
20
-79.9556049999999914
11
176.1345000000000027
21
-79.2494999999999976
0
LINE
8
BLACK
6
CONTINUOUS
10
176.1345000000000027
20
-79.2494999999999976
11
176.1488520000000051
21
-79.2148519999999934
0
LINE
8
BLACK
6
CONTINUOUS
10
176.1488520000000051
20
-79.2148519999999934
11
176.1834999999999809
21
-79.200499999999991
0
LINE
8
BLACK
6
CONTINUOUS
10
176.1834999999999809
20
-79.200499999999991
11
176.3892329999999902
21
-79.200499999999991
0
LINE
8
BLACK
6
CONTINUOUS
10
176.3892329999999902
20
-79.200499999999991
11
176.4238809999999944
21
-79.2148519999999934
0
LINE
8
BLACK
6
CONTINUOUS
10
176.4238809999999944
20
-79.2148519999999934
11
176.4570290000000057
21
-79.2479999999999905
0
LINE
8
BLACK
6
CONTINUOUS
10
176.4570290000000057
20
-79.2479999999999905
11
176.4612349999999878
21
-79.252206000000001
0
LINE
8
BLACK
6
CONTINUOUS
10
176.4612349999999878
20
-79.252206000000001
11
176.5640059999999778
21
-79.2975840000000005
0
LINE
8
BLACK
6
CONTINUOUS
10
176.5640059999999778
20
-79.2975840000000005
11
176.5640089999999987
21
-79.297584999999998
0
LINE
8
BLACK
6
CONTINUOUS
10
176.5640089999999987
20
-79.297584999999998
11
176.5891349999999989
21
-79.3004999999999995
0
LINE
8
BLACK
6
CONTINUOUS
10
176.5891349999999989
20
-79.3004999999999995
11
176.6339999999999861
21
-79.3004990000000021
0
LINE
8
BLACK
6
CONTINUOUS
10
176.6339999999999861
20
-79.3004990000000021
11
176.6339999999999861
21
-79.25
0
LINE
8
BLACK
6
CONTINUOUS
10
176.6339999999999861
20
-79.25
11
178.1839999999999975
21
-79.25
0
LINE
8
BLACK
6
CONTINUOUS
10
178.1839999999999975
20
-79.25
11
178.1839999999999975
21
-79.2534270000000021
0
LINE
8
BLACK
6
CONTINUOUS
10
178.1839999999999975
20
-79.2534270000000021
11
178.1868359999999996
21
-79.252174999999994
0
LINE
8
BLACK
6
CONTINUOUS
10
178.1868359999999996
20
-79.252174999999994
11
178.2066279999999949
21
-79.2479999999999905
0
LINE
8
BLACK
6
CONTINUOUS
10
178.2066279999999949
20
-79.2479999999999905
11
178.8160000000000025
21
-79.2479999999999905
0
LINE
8
BLACK
6
CONTINUOUS
10
178.8160000000000025
20
-79.2479999999999905
11
178.8160000000000025
21
-75.945999999999998
0
LINE
8
BLACK
6
CONTINUOUS
10
178.8160000000000025
20
-75.945999999999998
11
178.054000000000002
21
-75.945999999999998
0
LINE
8
BLACK
6
CONTINUOUS
10
178.054000000000002
20
-75.945999999999998
11
178.054000000000002
21
-76.2505000000000024
0
LINE
8
BLACK
6
CONTINUOUS
10
178.054000000000002
20
-76.2505000000000024
11
178.0396479999999997
21
-76.2851479999999924
0
LINE
8
BLACK
6
CONTINUOUS
10
178.0396479999999997
20
-76.2851479999999924
11
178.0139999999999816
21
-76.295771000000002
0
LINE
8
BLACK
6
CONTINUOUS
10
178.0139999999999816
20
-76.295771000000002
11
178.0139999999999816
21
-76.3999999999999915
0
LINE
8
BLACK
6
CONTINUOUS
10
178.0139999999999816
20
-76.3999999999999915
11
176.6339999999999861
21
-76.3999999999999915
0
LINE
8
BLACK
6
CONTINUOUS
10
176.6339999999999861
20
-76.3999999999999915
11
176.6339999999999861
21
-76.2994999999999948
0
LINE
8
BLACK
6
CONTINUOUS
10
176.6339999999999861
20
-76.2994999999999948
11
176.5891409999999837
21
-76.2994999999999948
0
LINE
8
BLACK
6
CONTINUOUS
10
176.5891409999999837
20
-76.2994999999999948
11
176.5891309999999805
21
-76.2995009999999922
0
LINE
8
BLACK
6
CONTINUOUS
10
176.5891309999999805
20
-76.2995009999999922
11
176.5640070000000037
21
-76.3024149999999963
0
LINE
8
BLACK
6
CONTINUOUS
10
176.5640070000000037
20
-76.3024149999999963
11
176.4612349999999878
21
-76.3477929999999958
0
LINE
8
BLACK
6
CONTINUOUS
10
176.4612349999999878
20
-76.3477929999999958
11
176.4469249999999931
21
-76.3621040000000022
0
LINE
8
BLACK
6
CONTINUOUS
10
176.4469249999999931
20
-76.3621040000000022
11
176.4238799999999969
21
-76.3851480000000009
0
LINE
8
BLACK
6
CONTINUOUS
10
176.4238799999999969
20
-76.3851480000000009
11
176.3892339999999876
21
-76.3995000000000033
0
LINE
8
BLACK
6
CONTINUOUS
10
176.3892339999999876
20
-76.3995000000000033
11
176.0265369999999905
21
-76.3995000000000033
0
LINE
8
BLACK
6
CONTINUOUS
10
176.0265369999999905
20
-76.3995000000000033
11
175.9918889999999863
21
-76.3851480000000009
0
LINE
8
BLACK
6
CONTINUOUS
10
175.9918889999999863
20
-76.3851480000000009
11
175.9778450000000021
21
-76.3559860000000015
0
LINE
8
BLACK
6
CONTINUOUS
10
175.9778450000000021
20
-76.3559860000000015
11
175.9769220000000018
21
-76.3477929999999958
0
LINE
8
BLACK
6
CONTINUOUS
10
175.9769220000000018
20
-76.3477929999999958
11
175.9693680000000029
21
-76.280744999999996
0
LINE
8
BLACK
6
CONTINUOUS
10
175.9693680000000029
20
-76.280744999999996
11
175.9097889999999893
21
-76.1104780000000005
0
LINE
8
BLACK
6
CONTINUOUS
10
175.9097889999999893
20
-76.1104780000000005
11
175.9097879999999918
21
-76.110477000000003
0
LINE
8
BLACK
6
CONTINUOUS
10
175.9097879999999918
20
-76.110477000000003
11
175.9097869999999944
21
-76.1104729999999989
0
LINE
8
BLACK
6
CONTINUOUS
10
175.9097869999999944
20
-76.1104729999999989
11
175.8138170000000002
21
-75.9577400000000011
0
LINE
8
BLACK
6
CONTINUOUS
10
175.8138170000000002
20
-75.9577400000000011
11
175.8138160000000028
21
-75.957737999999992
0
LINE
8
BLACK
6
CONTINUOUS
10
175.8138160000000028
20
-75.957737999999992
11
175.6862619999999993
21
-75.8301840000000027
0
LINE
8
BLACK
6
CONTINUOUS
10
175.6862619999999993
20
-75.8301840000000027
11
175.6862589999999784
21
-75.8301819999999935
0
LINE
8
BLACK
6
CONTINUOUS
10
175.6862589999999784
20
-75.8301819999999935
11
175.5335259999999948
21
-75.7342119999999994
0
LINE
8
BLACK
6
CONTINUOUS
10
175.5335259999999948
20
-75.7342119999999994
11
175.3632580000000019
21
-75.674633
0
LINE
8
BLACK
6
CONTINUOUS
10
175.3632580000000019
20
-75.674633
11
175.3632570000000044
21
-75.6746320000000026
0
LINE
8
BLACK
6
CONTINUOUS
10
175.3632570000000044
20
-75.6746320000000026
11
175.363254999999981
21
-75.6746320000000026
0
LINE
8
BLACK
6
CONTINUOUS
10
175.363254999999981
20
-75.6746320000000026
11
175.3632509999999911
21
-75.6746309999999909
0
LINE
8
BLACK
6
CONTINUOUS
10
175.3632509999999911
20
-75.6746309999999909
11
175.3632489999999962
21
-75.6746309999999909
0
LINE
8
BLACK
6
CONTINUOUS
10
175.3632489999999962
20
-75.6746309999999909
11
175.1839999999999975
21
-75.6544349999999923
0
LINE
8
BLACK
6
CONTINUOUS
10
175.1839999999999975
20
-75.6544349999999923
11
175.0047500000000014
21
-75.6746309999999909
0
LINE
8
BLACK
6
CONTINUOUS
10
175.0047500000000014
20
-75.6746309999999909
11
175.0047409999999957
21
-75.674633
0
LINE
8
BLACK
6
CONTINUOUS
10
175.0047409999999957
20
-75.674633
11
174.8344730000000027
21
-75.7342119999999994
0
LINE
8
BLACK
6
CONTINUOUS
10
174.8344730000000027
20
-75.7342119999999994
11
174.6817399999999907
21
-75.8301819999999935
0
LINE
8
BLACK
6
CONTINUOUS
10
174.6817399999999907
20
-75.8301819999999935
11
174.6817360000000008
21
-75.8301850000000002
0
LINE
8
BLACK
6
CONTINUOUS
10
174.6817360000000008
20
-75.8301850000000002
11
174.5541849999999897
21
-75.957735999999997
0
LINE
8
BLACK
6
CONTINUOUS
10
174.5541849999999897
20
-75.957735999999997
11
174.5541819999999973
21
-75.9577400000000011
0
LINE
8
BLACK
6
CONTINUOUS
10
174.5541819999999973
20
-75.9577400000000011
11
174.4582120000000032
21
-76.1104729999999989
0
LINE
8
BLACK
6
CONTINUOUS
10
174.4582120000000032
20
-76.1104729999999989
11
174.3986329999999896
21
-76.2807409999999919
0
LINE
8
BLACK
6
CONTINUOUS
10
174.3986329999999896
20
-76.2807409999999919
11
174.3986309999999946
21
-76.2807499999999976
0
LINE
8
BLACK
6
CONTINUOUS
10
174.3986309999999946
20
-76.2807499999999976
11
174.3784349999999961
21
-76.4599999999999937
0
LINE
8
BLACK
6
CONTINUOUS
10
174.3784349999999961
20
-76.4599999999999937
11
174.3986309999999946
21
-76.6392489999999924
0
LINE
8
BLACK
6
CONTINUOUS
10
174.3986309999999946
20
-76.6392489999999924
11
174.3986329999999896
21
-76.6392579999999981
0
LINE
8
BLACK
6
CONTINUOUS
10
174.3986329999999896
20
-76.6392579999999981
11
174.4582120000000032
21
-76.8095259999999911
0
LINE
8
BLACK
6
CONTINUOUS
10
174.4582120000000032
20
-76.8095259999999911
11
174.5541819999999973
21
-76.9622590000000031
0
LINE
8
BLACK
6
CONTINUOUS
10
174.5541819999999973
20
-76.9622590000000031
11
174.5541849999999897
21
-76.962262999999993
0
LINE
8
BLACK
6
CONTINUOUS
10
174.5541849999999897
20
-76.962262999999993
11
174.5761609999999848
21
-76.9842390000000023
0
LINE
8
BLACK
6
CONTINUOUS
10
174.5761609999999848
20
-76.9842390000000023
11
174.5905129999999872
21
-77.0188869999999923
0
LINE
8
BLACK
6
CONTINUOUS
10
174.5905129999999872
20
-77.0188869999999923
11
174.5761609999999848
21
-77.0535349999999966
0
LINE
8
BLACK
6
CONTINUOUS
10
174.5761609999999848
20
-77.0535349999999966
11
174.5541949999999929
21
-77.0662169999999946
0
LINE
8
BLACK
6
CONTINUOUS
10
174.5541949999999929
20
-77.0662169999999946
11
174.5083679999999902
21
-77.0784960000000012
0
LINE
8
BLACK
6
CONTINUOUS
10
174.5083679999999902
20
-77.0784960000000012
11
174.5083640000000003
21
-77.0784969999999987
0
LINE
8
BLACK
6
CONTINUOUS
10
174.5083640000000003
20
-77.0784969999999987
11
174.4113399999999956
21
-77.1345149999999933
0
LINE
8
BLACK
6
CONTINUOUS
10
174.4113399999999956
20
-77.1345149999999933
11
174.4113399999999956
21
-77.1345159999999908
0
LINE
8
BLACK
6
CONTINUOUS
10
174.4113399999999956
20
-77.1345159999999908
11
173.2185159999999939
21
-78.3273399999999924
0
LINE
8
BLACK
6
CONTINUOUS
10
173.2185159999999939
20
-78.3273399999999924
11
173.2185149999999965
21
-78.3273399999999924
0
LINE
8
BLACK
6
CONTINUOUS
10
173.2185149999999965
20
-78.3273399999999924
11
173.1624970000000019
21
-78.4243639999999971
0
LINE
8
BLACK
6
CONTINUOUS
10
173.1624970000000019
20
-78.4243639999999971
11
173.1624960000000044
21
-78.4243680000000012
0
LINE
8
BLACK
6
CONTINUOUS
10
173.1624960000000044
20
-78.4243680000000012
11
173.133499999999998
21
-78.5325819999999908
0
LINE
8
BLACK
6
CONTINUOUS
10
173.133499999999998
20
-78.5325819999999908
11
173.133499999999998
21
-78.8204980000000006
0
LINE
8
BLACK
6
CONTINUOUS
10
173.133499999999998
20
-78.8204980000000006
11
173.1191479999999956
21
-78.8551459999999906
0
LINE
8
BLACK
6
CONTINUOUS
10
173.1191479999999956
20
-78.8551459999999906
11
173.0844999999999914
21
-78.869497999999993
0
LINE
8
BLACK
6
CONTINUOUS
10
173.0844999999999914
20
-78.869497999999993
11
173.0584299999999871
21
-78.8619869999999992
0
LINE
8
BLACK
6
CONTINUOUS
10
173.0584299999999871
20
-78.8619869999999992
11
172.9585260000000062
21
-78.7992119999999971
0
LINE
8
BLACK
6
CONTINUOUS
10
172.9585260000000062
20
-78.7992119999999971
11
172.7882579999999848
21
-78.7396329999999978
0
LINE
8
BLACK
6
CONTINUOUS
10
172.7882579999999848
20
-78.7396329999999978
11
172.7882569999999873
21
-78.7396320000000003
0
LINE
8
BLACK
6
CONTINUOUS
10
172.7882569999999873
20
-78.7396320000000003
11
172.7882549999999924
21
-78.7396320000000003
0
LINE
8
BLACK
6
CONTINUOUS
10
172.7882549999999924
20
-78.7396320000000003
11
172.7882510000000025
21
-78.7396310000000028
0
LINE
8
BLACK
6
CONTINUOUS
10
172.7882510000000025
20
-78.7396310000000028
11
172.7882489999999791
21
-78.7396310000000028
0
LINE
8
BLACK
6
CONTINUOUS
10
172.7882489999999791
20
-78.7396310000000028
11
172.6089999999999804
21
-78.7194349999999901
0
LINE
8
BLACK
6
CONTINUOUS
10
172.6089999999999804
20
-78.7194349999999901
11
172.4297499999999843
21
-78.7396310000000028
0
LINE
8
BLACK
6
CONTINUOUS
10
172.4297499999999843
20
-78.7396310000000028
11
172.4297409999999786
21
-78.7396329999999978
0
LINE
8
BLACK
6
CONTINUOUS
10
172.4297409999999786
20
-78.7396329999999978
11
172.2594729999999856
21
-78.7992119999999971
0
LINE
8
BLACK
6
CONTINUOUS
10
172.2594729999999856
20
-78.7992119999999971
11
172.1067400000000021
21
-78.8951819999999913
0
LINE
8
BLACK
6
CONTINUOUS
10
172.1067400000000021
20
-78.8951819999999913
11
172.1067359999999837
21
-78.8951849999999979
0
LINE
8
BLACK
6
CONTINUOUS
10
172.1067359999999837
20
-78.8951849999999979
11
171.9791850000000011
21
-79.0227359999999948
0
LINE
8
BLACK
6
CONTINUOUS
10
171.9791850000000011
20
-79.0227359999999948
11
171.9791819999999802
21
-79.0227399999999989
0
LINE
8
BLACK
6
CONTINUOUS
10
171.9791819999999802
20
-79.0227399999999989
11
171.8832119999999861
21
-79.1754729999999967
0
LINE
8
BLACK
6
CONTINUOUS
10
171.8832119999999861
20
-79.1754729999999967
11
171.8236330000000009
21
-79.3457409999999896
0
LINE
8
BLACK
6
CONTINUOUS
10
171.8236330000000009
20
-79.3457409999999896
11
171.823631000000006
21
-79.3457499999999953
0
LINE
8
BLACK
6
CONTINUOUS
10
171.823631000000006
20
-79.3457499999999953
11
171.803434999999979
21
-79.5249999999999915
0
LINE
8
BLACK
6
CONTINUOUS
10
171.803434999999979
20
-79.5249999999999915
11
171.823631000000006
21
-79.7042489999999901
0
LINE
8
BLACK
6
CONTINUOUS
10
171.823631000000006
20
-79.7042489999999901
11
171.8236330000000009
21
-79.7042579999999958
0
LINE
8
BLACK
6
CONTINUOUS
10
171.8236330000000009
20
-79.7042579999999958
11
171.8832119999999861
21
-79.874526000000003
0
LINE
8
BLACK
6
CONTINUOUS
10
171.8832119999999861
20
-79.874526000000003
11
171.9458499999999788
21
-79.9742119999999943
0
LINE
8
BLACK
6
CONTINUOUS
10
171.9458499999999788
20
-79.9742119999999943
11
171.9791840000000036
21
-80.0272619999999932
0
LINE
8
BLACK
6
CONTINUOUS
10
171.9791840000000036
20
-80.0272619999999932
11
172.1067379999999787
21
-80.1548159999999967
0
LINE
8
BLACK
6
CONTINUOUS
10
172.1067379999999787
20
-80.1548159999999967
11
172.1067400000000021
21
-80.1548169999999942
0
LINE
8
BLACK
6
CONTINUOUS
10
172.1067400000000021
20
-80.1548169999999942
11
172.2594729999999856
21
-80.2507870000000025
0
LINE
8
BLACK
6
CONTINUOUS
10
172.2594729999999856
20
-80.2507870000000025
11
172.259477000000004
21
-80.250788
0
LINE
8
BLACK
6
CONTINUOUS
10
172.259477000000004
20
-80.250788
11
172.2594780000000014
21
-80.2507889999999975
0
LINE
8
BLACK
6
CONTINUOUS
10
172.2594780000000014
20
-80.2507889999999975
11
172.4297449999999969
21
-80.3103679999999969
0
LINE
8
BLACK
6
CONTINUOUS
10
172.4297449999999969
20
-80.3103679999999969
11
172.6089999999999804
21
-80.3305649999999929
0
LINE
8
BLACK
6
CONTINUOUS
10
172.6089999999999804
20
-80.3305649999999929
11
172.6290139999999838
21
-80.3283089999999902
0
LINE
8
BLACK
6
CONTINUOUS
10
172.6290139999999838
20
-80.3283089999999902
11
172.665048999999982
21
-80.3386899999999997
0
LINE
8
BLACK
6
CONTINUOUS
10
172.665048999999982
20
-80.3386899999999997
11
172.6831919999999911
21
-80.3715129999999931
0
LINE
8
BLACK
6
CONTINUOUS
10
172.6831919999999911
20
-80.3715129999999931
11
172.6834999999999809
21
-80.3770009999999928
0
LINE
8
BLACK
6
CONTINUOUS
10
172.6834999999999809
20
-80.3770009999999928
11
172.6834999999999809
21
-84.6129999999999995
0
LINE
8
BLACK
6
CONTINUOUS
10
172.6834999999999809
20
-84.6129999999999995
11
172.6691479999999785
21
-84.6476479999999896
0
LINE
8
BLACK
6
CONTINUOUS
10
172.6691479999999785
20
-84.6476479999999896
11
172.6345000000000027
21
-84.6619999999999919
0
LINE
8
BLACK
6
CONTINUOUS
10
172.6345000000000027
20
-84.6619999999999919
11
172.201960999999983
21
-84.6619999999999919
0
LINE
8
BLACK
6
CONTINUOUS
10
172.201960999999983
20
-84.6619999999999919
11
172.1880730000000028
21
-84.6758880000000005
0
LINE
8
BLACK
6
CONTINUOUS
10
172.1880730000000028
20
-84.6758880000000005
11
172.1691359999999804
21
-84.6914280000000019
0
LINE
8
BLACK
6
CONTINUOUS
10
172.1691359999999804
20
-84.6914280000000019
11
172.169130999999993
21
-84.691434000000001
0
LINE
8
BLACK
6
CONTINUOUS
10
172.169130999999993
20
-84.691434000000001
11
172.1372690000000034
21
-84.704630999999992
0
LINE
8
BLACK
6
CONTINUOUS
10
172.1372690000000034
20
-84.704630999999992
11
172.124071999999984
21
-84.7100980000000021
0
LINE
8
BLACK
6
CONTINUOUS
10
172.124071999999984
20
-84.7100980000000021
11
172.1240709999999865
21
-84.7100980000000021
0
LINE
8
BLACK
6
CONTINUOUS
10
172.1240709999999865
20
-84.7100980000000021
11
172.0996849999999938
21
-84.7124999999999915
0
LINE
8
BLACK
6
CONTINUOUS
10
172.0996849999999938
20
-84.7124999999999915
11
172.0140600000000006
21
-84.7124999999999915
0
LINE
8
BLACK
6
CONTINUOUS
10
172.0140600000000006
20
-84.7124999999999915
11
172.0120330000000024
21
-84.7155329999999935
0
LINE
8
BLACK
6
CONTINUOUS
10
172.0120330000000024
20
-84.7155329999999935
11
171.9877009999999871
21
-84.7317910000000012
0
LINE
8
BLACK
6
CONTINUOUS
10
171.9877009999999871
20
-84.7317910000000012
11
171.9590000000000032
21
-84.7374999999999972
0
LINE
8
BLACK
6
CONTINUOUS
10
171.9590000000000032
20
-84.7374999999999972
11
170.6339999999999861
21
-84.7374999999999972
0
LINE
8
BLACK
6
CONTINUOUS
10
170.6339999999999861
20
-84.7374999999999972
11
170.6052990000000023
21
-84.7317910000000012
0
LINE
8
BLACK
6
CONTINUOUS
10
170.6052990000000023
20
-84.7317910000000012
11
170.5809669999999869
21
-84.7155329999999935
0
LINE
8
BLACK
6
CONTINUOUS
10
170.5809669999999869
20
-84.7155329999999935
11
170.5647089999999935
21
-84.6912009999999924
0
LINE
8
BLACK
6
CONTINUOUS
10
170.5647089999999935
20
-84.6912009999999924
11
170.5589999999999975
21
-84.6624999999999943
0
LINE
8
BLACK
6
CONTINUOUS
10
170.5589999999999975
20
-84.6624999999999943
11
170.5589999999999975
21
-84.6427339999999901
0
LINE
8
BLACK
6
CONTINUOUS
10
170.5589999999999975
20
-84.6427339999999901
11
170.5253730000000019
21
-84.6476339999999965
0
LINE
8
BLACK
6
CONTINUOUS
10
170.5253730000000019
20
-84.6476339999999965
11
170.5253679999999861
21
-84.6476359999999914
0
LINE
8
BLACK
6
CONTINUOUS
10
170.5253679999999861
20
-84.6476359999999914
11
170.4550199999999904
21
-84.6820269999999908
0
LINE
8
BLACK
6
CONTINUOUS
10
170.4550199999999904
20
-84.6820269999999908
11
170.4175899999999899
21
-84.6843509999999924
0
LINE
8
BLACK
6
CONTINUOUS
10
170.4175899999999899
20
-84.6843509999999924
11
170.3894789999999944
21
-84.6595259999999996
0
LINE
8
BLACK
6
CONTINUOUS
10
170.3894789999999944
20
-84.6595259999999996
11
170.3845000000000027
21
-84.6380059999999901
0
LINE
8
BLACK
6
CONTINUOUS
10
170.3845000000000027
20
-84.6380059999999901
11
170.3845000000000027
21
-84.5619999999999976
0
LINE
8
BLACK
6
CONTINUOUS
10
170.3845000000000027
20
-84.5619999999999976
11
170.3988520000000051
21
-84.5273519999999934
0
LINE
8
BLACK
6
CONTINUOUS
10
170.3988520000000051
20
-84.5273519999999934
11
170.4334999999999809
21
-84.512999999999991
0
LINE
8
BLACK
6
CONTINUOUS
10
170.4334999999999809
20
-84.512999999999991
11
170.4846529999999802
21
-84.512999999999991
0
LINE
8
BLACK
6
CONTINUOUS
10
170.4846529999999802
20
-84.512999999999991
11
170.5061729999999898
21
-84.5179789999999969
0
LINE
8
BLACK
6
CONTINUOUS
10
170.5061729999999898
20
-84.5179789999999969
11
170.5200609999999983
21
-84.5247679999999946
0
LINE
8
BLACK
6
CONTINUOUS
10
170.5200609999999983
20
-84.5247679999999946
11
170.5253749999999968
21
-84.5273660000000007
0
LINE
8
BLACK
6
CONTINUOUS
10
170.5253749999999968
20
-84.5273660000000007
11
170.5589999999999975
21
-84.5322639999999978
0
LINE
8
BLACK
6
CONTINUOUS
10
170.5589999999999975
20
-84.5322639999999978
11
170.5589999999999975
21
-84.5125000000000028
0
LINE
8
BLACK
6
CONTINUOUS
10
170.5589999999999975
20
-84.5125000000000028
11
170.5647089999999935
21
-84.4837989999999905
0
LINE
8
BLACK
6
CONTINUOUS
10
170.5647089999999935
20
-84.4837989999999905
11
170.5809669999999869
21
-84.4594669999999894
0
LINE
8
BLACK
6
CONTINUOUS
10
170.5809669999999869
20
-84.4594669999999894
11
170.6052990000000023
21
-84.443208999999996
0
LINE
8
BLACK
6
CONTINUOUS
10
170.6052990000000023
20
-84.443208999999996
11
170.6339999999999861
21
-84.4375
0
LINE
8
BLACK
6
CONTINUOUS
10
170.6339999999999861
20
-84.4375
11
171.9590000000000032
21
-84.4375
0
LINE
8
BLACK
6
CONTINUOUS
10
171.9590000000000032
20
-84.4375
11
171.9877009999999871
21
-84.443208999999996
0
LINE
8
BLACK
6
CONTINUOUS
10
171.9877009999999871
20
-84.443208999999996
11
172.0120330000000024
21
-84.4594669999999894
0
LINE
8
BLACK
6
CONTINUOUS
10
172.0120330000000024
20
-84.4594669999999894
11
172.0140600000000006
21
-84.4624999999999915
0
LINE
8
BLACK
6
CONTINUOUS
10
172.0140600000000006
20
-84.4624999999999915
11
172.0479090000000042
21
-84.4624999999999915
0
LINE
8
BLACK
6
CONTINUOUS
10
172.0479090000000042
20
-84.4624999999999915
11
172.2339999999999804
21
-84.276409000000001
0
LINE
8
BLACK
6
CONTINUOUS
10
172.2339999999999804
20
-84.276409000000001
11
172.2339999999999804
21
-83.7564629999999966
0
LINE
8
BLACK
6
CONTINUOUS
10
172.2339999999999804
20
-83.7564629999999966
11
172.1802109999999857
21
-83.7026740000000018
0
LINE
8
BLACK
6
CONTINUOUS
10
172.1802109999999857
20
-83.7026740000000018
11
172.1802099999999882
21
-83.7026729999999901
0
LINE
8
BLACK
6
CONTINUOUS
10
172.1802099999999882
20
-83.7026729999999901
11
172.1802079999999933
21
-83.7026719999999926
0
LINE
8
BLACK
6
CONTINUOUS
10
172.1802079999999933
20
-83.7026719999999926
11
172.0676279999999849
21
-83.647634999999994
0
LINE
8
BLACK
6
CONTINUOUS
10
172.0676279999999849
20
-83.647634999999994
11
172.06762599999999
21
-83.6476339999999965
0
LINE
8
BLACK
6
CONTINUOUS
10
172.06762599999999
20
-83.6476339999999965
11
171.9946379999999806
21
-83.6370000000000005
0
LINE
8
BLACK
6
CONTINUOUS
10
171.9946379999999806
20
-83.6370000000000005
11
171.9946359999999856
21
-83.6370000000000005
0
LINE
8
BLACK
6
CONTINUOUS
10
171.9946359999999856
20
-83.6370000000000005
11
171.7709999999999866
21
-83.6370000000000005
0
LINE
8
BLACK
6
CONTINUOUS
10
171.7709999999999866
20
-83.6370000000000005
11
171.7363519999999824
21
-83.6226479999999981
0
LINE
8
BLACK
6
CONTINUOUS
10
171.7363519999999824
20
-83.6226479999999981
11
171.72199999999998
21
-83.5879999999999939
0
LINE
8
BLACK
6
CONTINUOUS
10
171.72199999999998
20
-83.5879999999999939
11
171.72199999999998
21
-83.2643739999999895
0
LINE
8
BLACK
6
CONTINUOUS
10
171.72199999999998
20
-83.2643739999999895
11
171.7363519999999824
21
-83.2297259999999994
0
LINE
8
BLACK
6
CONTINUOUS
10
171.7363519999999824
20
-83.2297259999999994
11
171.7530789999999854
21
-83.2129989999999964
0
LINE
8
BLACK
6
CONTINUOUS
10
171.7530789999999854
20
-83.2129989999999964
11
171.8238159999999937
21
-83.1422620000000023
0
LINE
8
BLACK
6
CONTINUOUS
10
171.8238159999999937
20
-83.1422620000000023
11
171.9124209999999948
21
-83.0012479999999897
0
LINE
8
BLACK
6
CONTINUOUS
10
171.9124209999999948
20
-83.0012479999999897
11
171.9197869999999853
21
-82.9895259999999979
0
LINE
8
BLACK
6
CONTINUOUS
10
171.9197869999999853
20
-82.9895259999999979
11
171.9197869999999853
21
-82.989524000000003
0
LINE
8
BLACK
6
CONTINUOUS
10
171.9197869999999853
20
-82.989524000000003
11
171.9197889999999802
21
-82.9895219999999938
0
LINE
8
BLACK
6
CONTINUOUS
10
171.9197889999999802
20
-82.9895219999999938
11
171.9793679999999938
21
-82.8192549999999983
0
LINE
8
BLACK
6
CONTINUOUS
10
171.9793679999999938
20
-82.8192549999999983
11
171.9995649999999898
21
-82.6400000000000006
0
LINE
8
BLACK
6
CONTINUOUS
10
171.9995649999999898
20
-82.6400000000000006
11
171.9793679999999938
21
-82.4607450000000028
0
LINE
8
BLACK
6
CONTINUOUS
10
171.9793679999999938
20
-82.4607450000000028
11
171.9197889999999802
21
-82.2904779999999931
0
LINE
8
BLACK
6
CONTINUOUS
10
171.9197889999999802
20
-82.2904779999999931
11
171.9197879999999827
21
-82.2904769999999957
0
LINE
8
BLACK
6
CONTINUOUS
10
171.9197879999999827
20
-82.2904769999999957
11
171.9197869999999853
21
-82.2904729999999915
0
LINE
8
BLACK
6
CONTINUOUS
10
171.9197869999999853
20
-82.2904729999999915
11
171.8238169999999911
21
-82.1377399999999938
0
LINE
8
BLACK
6
CONTINUOUS
10
171.8238169999999911
20
-82.1377399999999938
11
171.8238159999999937
21
-82.1377379999999988
0
LINE
8
BLACK
6
CONTINUOUS
10
171.8238159999999937
20
-82.1377379999999988
11
171.6962619999999902
21
-82.0101839999999953
0
LINE
8
BLACK
6
CONTINUOUS
10
171.6962619999999902
20
-82.0101839999999953
11
171.6962589999999977
21
-82.0101820000000004
0
LINE
8
BLACK
6
CONTINUOUS
10
171.6962589999999977
20
-82.0101820000000004
11
171.5435259999999857
21
-81.914211999999992
0
LINE
8
BLACK
6
CONTINUOUS
10
171.5435259999999857
20
-81.914211999999992
11
171.3732579999999928
21
-81.8546329999999926
0
LINE
8
BLACK
6
CONTINUOUS
10
171.3732579999999928
20
-81.8546329999999926
11
171.3732569999999953
21
-81.8546319999999952
0
LINE
8
BLACK
6
CONTINUOUS
10
171.3732569999999953
20
-81.8546319999999952
11
171.3732550000000003
21
-81.8546319999999952
0
LINE
8
BLACK
6
CONTINUOUS
10
171.3732550000000003
20
-81.8546319999999952
11
171.373250999999982
21
-81.8546309999999977
0
LINE
8
BLACK
6
CONTINUOUS
10
171.373250999999982
20
-81.8546309999999977
11
171.3732489999999871
21
-81.8546309999999977
0
LINE
8
BLACK
6
CONTINUOUS
10
171.3732489999999871
20
-81.8546309999999977
11
171.1939999999999884
21
-81.8344349999999991
0
LINE
8
BLACK
6
CONTINUOUS
10
171.1939999999999884
20
-81.8344349999999991
11
171.0147499999999923
21
-81.8546309999999977
0
LINE
8
BLACK
6
CONTINUOUS
10
171.0147499999999923
20
-81.8546309999999977
11
171.0147409999999866
21
-81.8546329999999926
0
LINE
8
BLACK
6
CONTINUOUS
10
171.0147409999999866
20
-81.8546329999999926
11
170.8444729999999936
21
-81.914211999999992
0
LINE
8
BLACK
6
CONTINUOUS
10
170.8444729999999936
20
-81.914211999999992
11
170.6917399999999816
21
-82.0101820000000004
0
LINE
8
BLACK
6
CONTINUOUS
10
170.6917399999999816
20
-82.0101820000000004
11
170.6917359999999917
21
-82.0101849999999928
0
LINE
8
BLACK
6
CONTINUOUS
10
170.6917359999999917
20
-82.0101849999999928
11
170.5641849999999806
21
-82.1377359999999896
0
LINE
8
BLACK
6
CONTINUOUS
10
170.5641849999999806
20
-82.1377359999999896
11
170.5641819999999882
21
-82.1377399999999938
0
LINE
8
BLACK
6
CONTINUOUS
10
170.5641819999999882
20
-82.1377399999999938
11
170.4682119999999941
21
-82.2904729999999915
0
LINE
8
BLACK
6
CONTINUOUS
10
170.4682119999999941
20
-82.2904729999999915
11
170.4297499999999843
21
-82.400392999999994
0
LINE
8
BLACK
6
CONTINUOUS
10
170.4297499999999843
20
-82.400392999999994
11
170.4047599999999818
21
-82.4283569999999912
0
LINE
8
BLACK
6
CONTINUOUS
10
170.4047599999999818
20
-82.4283569999999912
11
170.3673159999999882
21
-82.430458999999999
0
LINE
8
BLACK
6
CONTINUOUS
10
170.3673159999999882
20
-82.430458999999999
11
170.339351999999991
21
-82.4054689999999965
0
LINE
8
BLACK
6
CONTINUOUS
10
170.339351999999991
20
-82.4054689999999965
11
170.3344999999999914
21
-82.3842089999999985
0
LINE
8
BLACK
6
CONTINUOUS
10
170.3344999999999914
20
-82.3842089999999985
11
170.3344999999999914
21
-81.976861999999997
0
LINE
8
BLACK
6
CONTINUOUS
10
170.3344999999999914
20
-81.976861999999997
11
170.3253719999999873
21
-81.914211999999992
0
LINE
8
BLACK
6
CONTINUOUS
10
170.3253719999999873
20
-81.914211999999992
11
170.3238659999999811
21
-81.9038749999999993
0
LINE
8
BLACK
6
CONTINUOUS
10
170.3238659999999811
20
-81.9038749999999993
11
170.3238649999999836
21
-81.9038719999999927
0
LINE
8
BLACK
6
CONTINUOUS
10
170.3238649999999836
20
-81.9038719999999927
11
170.3144790000000057
21
-81.8846719999999948
0
LINE
8
BLACK
6
CONTINUOUS
10
170.3144790000000057
20
-81.8846719999999948
11
170.3094999999999857
21
-81.8631519999999995
0
LINE
8
BLACK
6
CONTINUOUS
10
170.3094999999999857
20
-81.8631519999999995
11
170.3094999999999857
21
-81.5379179999999906
0
LINE
8
BLACK
6
CONTINUOUS
10
170.3094999999999857
20
-81.5379179999999906
11
170.323851999999988
21
-81.5032700000000006
0
LINE
8
BLACK
6
CONTINUOUS
10
170.323851999999988
20
-81.5032700000000006
11
170.3584999999999923
21
-81.4889179999999982
0
LINE
8
BLACK
6
CONTINUOUS
10
170.3584999999999923
20
-81.4889179999999982
11
170.3639859999999828
21
-81.4892260000000022
0
LINE
8
BLACK
6
CONTINUOUS
10
170.3639859999999828
20
-81.4892260000000022
11
170.5089999999999861
21
-81.5055649999999901
0
LINE
8
BLACK
6
CONTINUOUS
10
170.5089999999999861
20
-81.5055649999999901
11
170.6882549999999981
21
-81.485367999999994
0
LINE
8
BLACK
6
CONTINUOUS
10
170.6882549999999981
20
-81.485367999999994
11
170.8585219999999936
21
-81.4257889999999946
0
LINE
8
BLACK
6
CONTINUOUS
10
170.8585219999999936
20
-81.4257889999999946
11
170.8585239999999885
21
-81.4257869999999997
0
LINE
8
BLACK
6
CONTINUOUS
10
170.8585239999999885
20
-81.4257869999999997
11
170.8585259999999835
21
-81.4257869999999997
0
LINE
8
BLACK
6
CONTINUOUS
10
170.8585259999999835
20
-81.4257869999999997
11
170.9145959999999889
21
-81.390554999999992
0
LINE
8
BLACK
6
CONTINUOUS
10
170.9145959999999889
20
-81.390554999999992
11
171.0112619999999879
21
-81.3298159999999939
0
LINE
8
BLACK
6
CONTINUOUS
10
171.0112619999999879
20
-81.3298159999999939
11
171.1388159999999914
21
-81.2022619999999904
0
LINE
8
BLACK
6
CONTINUOUS
10
171.1388159999999914
20
-81.2022619999999904
11
171.2278909999999996
21
-81.0604999999999905
0
LINE
8
BLACK
6
CONTINUOUS
10
171.2278909999999996
20
-81.0604999999999905
11
171.234786999999983
21
-81.0495260000000002
0
LINE
8
BLACK
6
CONTINUOUS
10
171.234786999999983
20
-81.0495260000000002
11
171.234786999999983
21
-81.049523999999991
0
LINE
8
BLACK
6
CONTINUOUS
10
171.234786999999983
20
-81.049523999999991
11
171.2347890000000064
21
-81.0495219999999961
0
LINE
8
BLACK
6
CONTINUOUS
10
171.2347890000000064
20
-81.0495219999999961
11
171.2943679999999915
21
-80.8792550000000006
0
LINE
8
BLACK
6
CONTINUOUS
10
171.2943679999999915
20
-80.8792550000000006
11
171.3145649999999875
21
-80.7000000000000028
0
LINE
8
BLACK
6
CONTINUOUS
10
171.3145649999999875
20
-80.7000000000000028
11
171.2943679999999915
21
-80.5207449999999909
0
LINE
8
BLACK
6
CONTINUOUS
10
171.2943679999999915
20
-80.5207449999999909
11
171.2347890000000064
21
-80.3504779999999954
0
LINE
8
BLACK
6
CONTINUOUS
10
171.2347890000000064
20
-80.3504779999999954
11
171.2347879999999805
21
-80.3504769999999979
0
LINE
8
BLACK
6
CONTINUOUS
10
171.2347879999999805
20
-80.3504769999999979
11
171.234786999999983
21
-80.3504729999999938
0
LINE
8
BLACK
6
CONTINUOUS
10
171.234786999999983
20
-80.3504729999999938
11
171.1488779999999963
21
-80.2137519999999995
0
LINE
8
BLACK
6
CONTINUOUS
10
171.1488779999999963
20
-80.2137519999999995
11
171.1388159999999914
21
-80.1977380000000011
0
LINE
8
BLACK
6
CONTINUOUS
10
171.1388159999999914
20
-80.1977380000000011
11
171.0112619999999879
21
-80.0701839999999976
0
LINE
8
BLACK
6
CONTINUOUS
10
171.0112619999999879
20
-80.0701839999999976
11
171.0112589999999955
21
-80.0701820000000026
0
LINE
8
BLACK
6
CONTINUOUS
10
171.0112589999999955
20
-80.0701820000000026
11
170.8585259999999835
21
-79.9742119999999943
0
LINE
8
BLACK
6
CONTINUOUS
10
170.8585259999999835
20
-79.9742119999999943
11
170.6882579999999905
21
-79.9146329999999949
0
LINE
8
BLACK
6
CONTINUOUS
10
170.6882579999999905
20
-79.9146329999999949
11
170.688256999999993
21
-79.9146319999999974
0
LINE
8
BLACK
6
CONTINUOUS
10
170.688256999999993
20
-79.9146319999999974
11
170.6882549999999981
21
-79.9146319999999974
0
LINE
8
BLACK
6
CONTINUOUS
10
170.6882549999999981
20
-79.9146319999999974
11
170.6882509999999797
21
-79.914631
0
LINE
8
BLACK
6
CONTINUOUS
10
170.6882509999999797
20
-79.914631
11
170.6882489999999848
21
-79.914631
0
LINE
8
BLACK
6
CONTINUOUS
10
170.6882489999999848
20
-79.914631
11
170.5089999999999861
21
-79.8944350000000014
0
LINE
8
BLACK
6
CONTINUOUS
10
170.5089999999999861
20
-79.8944350000000014
11
170.32974999999999
21
-79.914631
0
LINE
8
BLACK
6
CONTINUOUS
10
170.32974999999999
20
-79.914631
11
170.3297409999999843
21
-79.9146329999999949
0
LINE
8
BLACK
6
CONTINUOUS
10
170.3297409999999843
20
-79.9146329999999949
11
170.1594729999999913
21
-79.9742119999999943
0
LINE
8
BLACK
6
CONTINUOUS
10
170.1594729999999913
20
-79.9742119999999943
11
170.0067399999999793
21
-80.0701820000000026
0
LINE
8
BLACK
6
CONTINUOUS
10
170.0067399999999793
20
-80.0701820000000026
11
170.0067359999999894
21
-80.0701849999999951
0
LINE
8
BLACK
6
CONTINUOUS
10
170.0067359999999894
20
-80.0701849999999951
11
169.8931479999999965
21
-80.1837739999999997
0
LINE
8
BLACK
6
CONTINUOUS
10
169.8931479999999965
20
-80.1837739999999997
11
169.8584999999999923
21
-80.198126000000002
0
LINE
8
BLACK
6
CONTINUOUS
10
169.8584999999999923
20
-80.198126000000002
11
169.823851999999988
21
-80.1837739999999997
0
LINE
8
BLACK
6
CONTINUOUS
10
169.823851999999988
20
-80.1837739999999997
11
169.8094999999999857
21
-80.1491259999999954
0
LINE
8
BLACK
6
CONTINUOUS
10
169.8094999999999857
20
-80.1491259999999954
11
169.8094999999999857
21
-79.7265429999999924
0
LINE
8
BLACK
6
CONTINUOUS
10
169.8094999999999857
20
-79.7265429999999924
11
169.8238509999999906
21
-79.6918959999999998
0
LINE
8
BLACK
6
CONTINUOUS
10
169.8238509999999906
20
-79.6918959999999998
11
174.2089909999999975
21
-75.3067549999999954
0
LINE
8
BLACK
6
CONTINUOUS
10
174.2089909999999975
20
-75.3067549999999954
11
174.2436380000000042
21
-75.2924039999999906
0
LINE
8
BLACK
6
CONTINUOUS
10
174.2436380000000042
20
-75.2924039999999906
11
174.2598169999999982
21
-75.2951529999999991
0
LINE
8
BLACK
6
CONTINUOUS
10
174.2598169999999982
20
-75.2951529999999991
11
174.3747449999999901
21
-75.3353680000000026
0
LINE
8
BLACK
6
CONTINUOUS
10
174.3747449999999901
20
-75.3353680000000026
11
174.554000000000002
21
-75.3555649999999986
0
LINE
8
BLACK
6
CONTINUOUS
10
174.554000000000002
20
-75.3555649999999986
11
174.6978679999999997
21
-75.3393549999999976
0
LINE
8
BLACK
6
CONTINUOUS
10
174.6978679999999997
20
-75.3393549999999976
11
175.2631119999999783
21
-74.7741109999999907
0
LINE
8
BLACK
6
CONTINUOUS
10
175.2631119999999783
20
-74.7741109999999907
11
175.282053999999988
21
-74.7585660000000018
0
LINE
8
BLACK
6
CONTINUOUS
10
175.282053999999988
20
-74.7585660000000018
11
175.3271139999999946
21
-74.7399020000000007
0
LINE
8
BLACK
6
CONTINUOUS
10
175.3271139999999946
20
-74.7399020000000007
11
175.3359459999999785
21
-74.7390309999999971
0
LINE
8
BLACK
6
CONTINUOUS
10
175.3359459999999785
20
-74.7390309999999971
11
175.339367999999979
21
-74.7292549999999949
0
LINE
8
BLACK
6
CONTINUOUS
10
175.339367999999979
20
-74.7292549999999949
11
175.3595650000000035
21
-74.5499999999999972
0
LINE
8
BLACK
6
CONTINUOUS
10
175.3595650000000035
20
-74.5499999999999972
11
175.339367999999979
21
-74.3707449999999994
0
LINE
8
BLACK
6
CONTINUOUS
10
175.339367999999979
20
-74.3707449999999994
11
175.2797889999999938
21
-74.2004779999999897
0
LINE
8
BLACK
6
CONTINUOUS
10
175.2797889999999938
20
-74.2004779999999897
11
175.2797879999999964
21
-74.2004769999999922
0
LINE
8
BLACK
6
CONTINUOUS
10
175.2797879999999964
20
-74.2004769999999922
11
175.2797869999999989
21
-74.2004730000000023
0
LINE
8
BLACK
6
CONTINUOUS
10
175.2797869999999989
20
-74.2004730000000023
11
175.1838170000000048
21
-74.0477399999999903
0
LINE
8
BLACK
6
CONTINUOUS
10
175.1838170000000048
20
-74.0477399999999903
11
175.1838159999999789
21
-74.0477379999999954
0
LINE
8
BLACK
6
CONTINUOUS
10
175.1838159999999789
20
-74.0477379999999954
11
175.1233519999999828
21
-73.9872739999999993
0
LINE
8
BLACK
6
CONTINUOUS
10
175.1233519999999828
20
-73.9872739999999993
11
175.1089999999999804
21
-73.9526259999999951
0
LINE
8
BLACK
6
CONTINUOUS
10
175.1089999999999804
20
-73.9526259999999951
11
175.1089999999999804
21
-73.8400000000000034
0
LINE
8
BLACK
6
CONTINUOUS
10
175.1089999999999804
20
-73.8400000000000034
11
175.108998999999983
21
-73.8399989999999917
0
LINE
8
BLACK
6
CONTINUOUS
10
175.108998999999983
20
-73.8399989999999917
11
174.9421399999999949
21
-73.8396669999999915
0
LINE
8
BLACK
6
CONTINUOUS
10
174.9421399999999949
20
-73.8396669999999915
11
174.9161699999999939
21
-73.8321569999999952
0
LINE
8
BLACK
6
CONTINUOUS
10
174.9161699999999939
20
-73.8321569999999952
11
174.9035299999999893
21
-73.8242149999999953
0
LINE
8
BLACK
6
CONTINUOUS
10
174.9035299999999893
20
-73.8242149999999953
11
174.9035240000000044
21
-73.8242120000000028
0
LINE
8
BLACK
6
CONTINUOUS
10
174.9035240000000044
20
-73.8242120000000028
11
174.9035219999999811
21
-73.8242109999999911
0
LINE
8
BLACK
6
CONTINUOUS
10
174.9035219999999811
20
-73.8242109999999911
11
174.7332549999999856
21
-73.7646319999999918
0
LINE
8
BLACK
6
CONTINUOUS
10
174.7332549999999856
20
-73.7646319999999918
11
174.7332509999999957
21
-73.7646309999999943
0
LINE
8
BLACK
6
CONTINUOUS
10
174.7332509999999957
20
-73.7646309999999943
11
174.7332490000000007
21
-73.7646309999999943
0
LINE
8
BLACK
6
CONTINUOUS
10
174.7332490000000007
20
-73.7646309999999943
11
174.554000000000002
21
-73.7444349999999957
0
LINE
8
BLACK
6
CONTINUOUS
10
174.554000000000002
20
-73.7444349999999957
11
174.3747500000000059
21
-73.7646309999999943
0
LINE
8
BLACK
6
CONTINUOUS
10
174.3747500000000059
20
-73.7646309999999943
11
174.3747459999999876
21
-73.7646309999999943
0
LINE
8
BLACK
6
CONTINUOUS
10
174.3747459999999876
20
-73.7646309999999943
11
174.3747449999999901
21
-73.7646319999999918
0
LINE
8
BLACK
6
CONTINUOUS
10
174.3747449999999901
20
-73.7646319999999918
11
174.3747419999999977
21
-73.7646319999999918
0
LINE
8
BLACK
6
CONTINUOUS
10
174.3747419999999977
20
-73.7646319999999918
11
174.3747379999999794
21
-73.7646340000000009
0
LINE
8
BLACK
6
CONTINUOUS
10
174.3747379999999794
20
-73.7646340000000009
11
174.204480999999987
21
-73.8242079999999987
0
LINE
8
BLACK
6
CONTINUOUS
10
174.204480999999987
20
-73.8242079999999987
11
174.1942729999999813
21
-73.8306219999999911
0
LINE
8
BLACK
6
CONTINUOUS
10
174.1942729999999813
20
-73.8306219999999911
11
174.1681099999999844
21
-73.8381299999999925
0
LINE
8
BLACK
6
CONTINUOUS
10
174.1681099999999844
20
-73.8381299999999925
11
173.1615129999999851
21
-73.8361309999999946
0
LINE
8
BLACK
6
CONTINUOUS
10
173.1615129999999851
20
-73.8361309999999946
11
173.1355429999999842
21
-73.8286219999999958
0
LINE
8
BLACK
6
CONTINUOUS
10
173.1355429999999842
20
-73.8286219999999958
11
173.1285239999999988
21
-73.8242120000000028
0
LINE
8
BLACK
6
CONTINUOUS
10
173.1285239999999988
20
-73.8242120000000028
11
173.1285230000000013
21
-73.8242109999999911
0
LINE
8
BLACK
6
CONTINUOUS
10
173.1285230000000013
20
-73.8242109999999911
11
173.1285220000000038
21
-73.8242109999999911
0
LINE
8
BLACK
6
CONTINUOUS
10
173.1285220000000038
20
-73.8242109999999911
11
172.9582549999999799
21
-73.7646319999999918
0
LINE
8
BLACK
6
CONTINUOUS
10
172.9582549999999799
20
-73.7646319999999918
11
172.95825099999999
21
-73.7646309999999943
0
LINE
8
BLACK
6
CONTINUOUS
10
172.95825099999999
20
-73.7646309999999943
11
172.958248999999995
21
-73.7646309999999943
0
LINE
8
BLACK
6
CONTINUOUS
10
172.958248999999995
20
-73.7646309999999943
11
172.7789999999999964
21
-73.7444349999999957
0
LINE
8
BLACK
6
CONTINUOUS
10
172.7789999999999964
20
-73.7444349999999957
11
172.5997500000000002
21
-73.7646309999999943
0
LINE
8
BLACK
6
CONTINUOUS
10
172.5997500000000002
20
-73.7646309999999943
11
172.5997409999999945
21
-73.7646330000000034
0
LINE
8
BLACK
6
CONTINUOUS
10
172.5997409999999945
20
-73.7646330000000034
11
172.4294799999999839
21
-73.8242099999999937
0
LINE
8
BLACK
6
CONTINUOUS
10
172.4294799999999839
20
-73.8242099999999937
11
172.4294679999999858
21
-73.8242159999999927
0
LINE
8
BLACK
6
CONTINUOUS
10
172.4294679999999858
20
-73.8242159999999927
11
172.4248649999999827
21
-73.8271079999999955
0
LINE
8
BLACK
6
CONTINUOUS
10
172.4248649999999827
20
-73.8271079999999955
11
172.3987029999999834
21
-73.8346159999999969
0
LINE
8
BLACK
6
CONTINUOUS
10
172.3987029999999834
20
-73.8346159999999969
11
171.4709569999999985
21
-73.8327730000000031
0
LINE
8
BLACK
6
CONTINUOUS
10
171.4709569999999985
20
-73.8327730000000031
11
171.4449850000000026
21
-73.8252629999999925
0
LINE
8
BLACK
6
CONTINUOUS
10
171.4449850000000026
20
-73.8252629999999925
11
171.4035259999999994
21
-73.7992129999999946
0
LINE
8
BLACK
6
CONTINUOUS
10
171.4035259999999994
20
-73.7992129999999946
11
171.4035229999999785
21
-73.7992109999999997
0
LINE
8
BLACK
6
CONTINUOUS
10
171.4035229999999785
20
-73.7992109999999997
11
171.4035219999999811
21
-73.7992109999999997
0
LINE
8
BLACK
6
CONTINUOUS
10
171.4035219999999811
20
-73.7992109999999997
11
171.2332549999999856
21
-73.7396320000000003
0
LINE
8
BLACK
6
CONTINUOUS
10
171.2332549999999856
20
-73.7396320000000003
11
171.2332509999999957
21
-73.7396310000000028
0
LINE
8
BLACK
6
CONTINUOUS
10
171.2332509999999957
20
-73.7396310000000028
11
171.2332490000000007
21
-73.7396310000000028
0
LINE
8
BLACK
6
CONTINUOUS
10
171.2332490000000007
20
-73.7396310000000028
11
171.054000000000002
21
-73.7194349999999901
0
LINE
8
BLACK
6
CONTINUOUS
10
171.054000000000002
20
-73.7194349999999901
11
170.8747500000000059
21
-73.7396310000000028
0
LINE
8
BLACK
6
CONTINUOUS
10
170.8747500000000059
20
-73.7396310000000028
11
170.8747410000000002
21
-73.7396329999999978
0
LINE
8
BLACK
6
CONTINUOUS
10
170.8747410000000002
20
-73.7396329999999978
11
170.7044799999999896
21
-73.7992100000000022
0
LINE
8
BLACK
6
CONTINUOUS
10
170.7044799999999896
20
-73.7992100000000022
11
170.7044729999999788
21
-73.7992129999999946
0
LINE
8
BLACK
6
CONTINUOUS
10
170.7044729999999788
20
-73.7992129999999946
11
170.6656419999999912
21
-73.8236119999999971
0
LINE
8
BLACK
6
CONTINUOUS
10
170.6656419999999912
20
-73.8236119999999971
11
170.6394760000000019
21
-73.8311219999999935
0
LINE
8
BLACK
6
CONTINUOUS
10
170.6394760000000019
20
-73.8311219999999935
11
169.674982
21
-73.8292059999999992
0
LINE
8
BLACK
6
CONTINUOUS
10
169.674982
20
-73.8292059999999992
11
169.6561939999999993
21
-73.824899000000002
0
LINE
8
BLACK
6
CONTINUOUS
10
169.6561939999999993
20
-73.824899000000002
11
169.6561179999999922
21
-73.8251190000000008
0
LINE
8
BLACK
6
CONTINUOUS
10
169.6561179999999922
20
-73.8251190000000008
11
169.6541540000000055
21
-73.8244320000000016
0
LINE
8
BLACK
6
CONTINUOUS
10
169.6541540000000055
20
-73.8244320000000016
11
169.6538229999999885
21
-73.8243559999999945
0
LINE
8
BLACK
6
CONTINUOUS
10
169.6538229999999885
20
-73.8243559999999945
11
169.6535179999999912
21
-73.8242089999999962
0
LINE
8
BLACK
6
CONTINUOUS
10
169.6535179999999912
20
-73.8242089999999962
11
169.4832580000000064
21
-73.7646330000000034
0
LINE
8
BLACK
6
CONTINUOUS
10
169.4832580000000064
20
-73.7646330000000034
11
169.4832569999999805
21
-73.7646319999999918
0
LINE
8
BLACK
6
CONTINUOUS
10
169.4832569999999805
20
-73.7646319999999918
11
169.4832549999999856
21
-73.7646319999999918
0
LINE
8
BLACK
6
CONTINUOUS
10
169.4832549999999856
20
-73.7646319999999918
11
169.4832509999999957
21
-73.7646309999999943
0
LINE
8
BLACK
6
CONTINUOUS
10
169.4832509999999957
20
-73.7646309999999943
11
169.4832490000000007
21
-73.7646309999999943
0
LINE
8
BLACK
6
CONTINUOUS
10
169.4832490000000007
20
-73.7646309999999943
11
169.304000000000002
21
-73.7444349999999957
0
LINE
8
BLACK
6
CONTINUOUS
10
169.304000000000002
20
-73.7444349999999957
11
169.1247500000000059
21
-73.7646309999999943
0
LINE
8
BLACK
6
CONTINUOUS
10
169.1247500000000059
20
-73.7646309999999943
11
169.1247459999999876
21
-73.7646309999999943
0
LINE
8
BLACK
6
CONTINUOUS
10
169.1247459999999876
20
-73.7646309999999943
11
169.1247449999999901
21
-73.7646319999999918
0
LINE
8
BLACK
6
CONTINUOUS
10
169.1247449999999901
20
-73.7646319999999918
11
169.1247419999999977
21
-73.7646319999999918
0
LINE
8
BLACK
6
CONTINUOUS
10
169.1247419999999977
20
-73.7646319999999918
11
169.1247379999999794
21
-73.7646340000000009
0
LINE
8
BLACK
6
CONTINUOUS
10
169.1247379999999794
20
-73.7646340000000009
11
168.9522509999999897
21
-73.8249890000000022
0
LINE
8
BLACK
6
CONTINUOUS
10
168.9522509999999897
20
-73.8249890000000022
11
168.935970999999995
21
-73.827738999999994
0
LINE
8
BLACK
6
CONTINUOUS
10
168.935970999999995
20
-73.827738999999994
11
167.9160439999999994
21
-73.8257129999999933
0
LINE
8
BLACK
6
CONTINUOUS
10
167.9160439999999994
20
-73.8257129999999933
11
167.8999570000000006
21
-73.8229630000000014
0
LINE
8
BLACK
6
CONTINUOUS
10
167.8999570000000006
20
-73.8229630000000014
11
167.7332580000000064
21
-73.7646330000000034
0
LINE
8
BLACK
6
CONTINUOUS
10
167.7332580000000064
20
-73.7646330000000034
11
167.7332569999999805
21
-73.7646319999999918
0
LINE
8
BLACK
6
CONTINUOUS
10
167.7332569999999805
20
-73.7646319999999918
11
167.7332549999999856
21
-73.7646319999999918
0
LINE
8
BLACK
6
CONTINUOUS
10
167.7332549999999856
20
-73.7646319999999918
11
167.7332509999999957
21
-73.7646309999999943
0
LINE
8
BLACK
6
CONTINUOUS
10
167.7332509999999957
20
-73.7646309999999943
11
167.7332490000000007
21
-73.7646309999999943
0
LINE
8
BLACK
6
CONTINUOUS
10
167.7332490000000007
20
-73.7646309999999943
11
167.554000000000002
21
-73.7444349999999957
0
LINE
8
BLACK
6
CONTINUOUS
10
167.554000000000002
20
-73.7444349999999957
11
167.3747500000000059
21
-73.7646309999999943
0
LINE
8
BLACK
6
CONTINUOUS
10
167.3747500000000059
20
-73.7646309999999943
11
167.3747410000000002
21
-73.7646330000000034
0
LINE
8
BLACK
6
CONTINUOUS
10
167.3747410000000002
20
-73.7646330000000034
11
167.2121300000000019
21
-73.8215330000000023
0
LINE
8
BLACK
6
CONTINUOUS
10
167.2121300000000019
20
-73.8215330000000023
11
167.1958489999999813
21
-73.8242829999999941
0
LINE
8
BLACK
6
CONTINUOUS
10
167.1958489999999813
20
-73.8242829999999941
11
166.0590579999999932
21
-73.8220249999999965
0
LINE
8
BLACK
6
CONTINUOUS
10
166.0590579999999932
20
-73.8220249999999965
11
166.0429719999999918
21
-73.8192749999999904
0
LINE
8
BLACK
6
CONTINUOUS
10
166.0429719999999918
20
-73.8192749999999904
11
165.9582609999999931
21
-73.7896339999999924
0
LINE
8
BLACK
6
CONTINUOUS
10
165.9582609999999931
20
-73.7896339999999924
11
165.9582599999999957
21
-73.7896329999999949
0
LINE
8
BLACK
6
CONTINUOUS
10
165.9582599999999957
20
-73.7896329999999949
11
165.9582549999999799
21
-73.7896319999999974
0
LINE
8
BLACK
6
CONTINUOUS
10
165.9582549999999799
20
-73.7896319999999974
11
165.95825099999999
21
-73.789631
0
LINE
8
BLACK
6
CONTINUOUS
10
165.95825099999999
20
-73.789631
11
165.958248999999995
21
-73.789631
0
LINE
8
BLACK
6
CONTINUOUS
10
165.958248999999995
20
-73.789631
11
165.7789999999999964
21
-73.7694350000000014
0
LINE
8
BLACK
6
CONTINUOUS
10
165.7789999999999964
20
-73.7694350000000014
11
165.5997500000000002
21
-73.789631
0
LINE
8
BLACK
6
CONTINUOUS
10
165.5997500000000002
20
-73.789631
11
165.5997459999999819
21
-73.789631
0
LINE
8
BLACK
6
CONTINUOUS
10
165.5997459999999819
20
-73.789631
11
165.5997449999999844
21
-73.7896319999999974
0
LINE
8
BLACK
6
CONTINUOUS
10
165.5997449999999844
20
-73.7896319999999974
11
165.599741999999992
21
-73.7896319999999974
0
LINE
8
BLACK
6
CONTINUOUS
10
165.599741999999992
20
-73.7896319999999974
11
165.5997380000000021
21
-73.7896339999999924
0
LINE
8
BLACK
6
CONTINUOUS
10
165.5997380000000021
20
-73.7896339999999924
11
165.5181879999999808
21
-73.8181689999999975
0
LINE
8
BLACK
6
CONTINUOUS
10
165.5181879999999808
20
-73.8181689999999975
11
165.501907999999986
21
-73.8209190000000035
0
LINE
8
BLACK
6
CONTINUOUS
10
165.501907999999986
20
-73.8209190000000035
11
165.0389999999999873
21
-73.8199999999999932
0
LINE
8
BLACK
6
CONTINUOUS
10
165.0389999999999873
20
-73.8199999999999932
11
165.0389999999999873
21
-74.257764999999992
0
LINE
8
BLACK
6
CONTINUOUS
10
165.0389999999999873
20
-74.257764999999992
11
165.0362499999999955
21
-74.2739490000000018
0
LINE
8
BLACK
6
CONTINUOUS
10
165.0362499999999955
20
-74.2739490000000018
11
164.9936329999999884
21
-74.395741000000001
0
LINE
8
BLACK
6
CONTINUOUS
10
164.9936329999999884
20
-74.395741000000001
11
164.9936309999999935
21
-74.3957499999999925
0
LINE
8
BLACK
6
CONTINUOUS
10
164.9936309999999935
20
-74.3957499999999925
11
164.9734349999999949
21
-74.5750000000000028
0
LINE
8
BLACK
6
CONTINUOUS
10
164.9734349999999949
20
-74.5750000000000028
11
164.9911789999999883
21
-74.7324890000000011
0
LINE
8
BLACK
6
CONTINUOUS
10
164.9911789999999883
20
-74.7324890000000011
11
164.993631999999991
21
-74.7542550000000006
0
LINE
8
BLACK
6
CONTINUOUS
10
164.993631999999991
20
-74.7542550000000006
11
165.0141169999999988
21
-74.8127989999999983
0
LINE
8
BLACK
6
CONTINUOUS
10
165.0141169999999988
20
-74.8127989999999983
11
165.0362499999999955
21
-74.8760489999999947
0
LINE
8
BLACK
6
CONTINUOUS
10
165.0362499999999955
20
-74.8760489999999947
11
165.0389999999999873
21
-74.8922329999999903
0
LINE
8
BLACK
6
CONTINUOUS
10
165.0389999999999873
20
-74.8922329999999903
11
165.0389999999999873
21
-75.2199999999999989
0
LINE
8
BLACK
6
CONTINUOUS
10
165.0389999999999873
20
-75.2199999999999989
11
165.2846009999999808
21
-75.2187789999999978
0
LINE
8
BLACK
6
CONTINUOUS
10
165.2846009999999808
20
-75.2187789999999978
11
165.3109110000000044
21
-75.2262879999999967
0
LINE
8
BLACK
6
CONTINUOUS
10
165.3109110000000044
20
-75.2262879999999967
11
165.4294779999999889
21
-75.3007889999999946
0
LINE
8
BLACK
6
CONTINUOUS
10
165.4294779999999889
20
-75.3007889999999946
11
165.5997449999999844
21
-75.360367999999994
0
LINE
8
BLACK
6
CONTINUOUS
10
165.5997449999999844
20
-75.360367999999994
11
165.7789999999999964
21
-75.3805649999999901
0
LINE
8
BLACK
6
CONTINUOUS
10
165.7789999999999964
20
-75.3805649999999901
11
165.9278520000000015
21
-75.3637930000000011
0
LINE
8
BLACK
6
CONTINUOUS
10
165.9278520000000015
20
-75.3637930000000011
11
165.9387299999999925
21
-75.362567999999996
0
LINE
8
BLACK
6
CONTINUOUS
10
165.9387299999999925
20
-75.362567999999996
11
165.9747669999999857
21
-75.372950000000003
0
LINE
8
BLACK
6
CONTINUOUS
10
165.9747669999999857
20
-75.372950000000003
11
165.9788639999999873
21
-75.3766119999999944
0
LINE
8
BLACK
6
CONTINUOUS
10
165.9788639999999873
20
-75.3766119999999944
11
166.4441479999999842
21
-75.8418959999999913
0
LINE
8
BLACK
6
CONTINUOUS
10
166.4441479999999842
20
-75.8418959999999913
11
166.4584999999999866
21
-75.8765439999999955
0
LINE
8
BLACK
6
CONTINUOUS
10
166.4584999999999866
20
-75.8765439999999955
11
166.4584999999999866
21
-77.4120379999999955
0
LINE
8
BLACK
6
CONTINUOUS
10
166.4584999999999866
20
-77.4120379999999955
11
166.4441479999999842
21
-77.4466859999999997
0
LINE
8
BLACK
6
CONTINUOUS
10
166.4441479999999842
20
-77.4466859999999997
11
166.40949999999998
21
-77.4610380000000021
0
LINE
8
BLACK
6
CONTINUOUS
10
166.40949999999998
20
-77.4610380000000021
11
166.3798929999999814
21
-77.4510819999999995
0
LINE
8
BLACK
6
CONTINUOUS
10
166.3798929999999814
20
-77.4510819999999995
11
166.3552269999999851
21
-77.4323779999999999
0
LINE
8
BLACK
6
CONTINUOUS
10
166.3552269999999851
20
-77.4323779999999999
11
166.3476579999999956
21
-77.426637999999997
0
LINE
8
BLACK
6
CONTINUOUS
10
166.3476579999999956
20
-77.426637999999997
11
166.2100769999999841
21
-77.3723829999999992
0
LINE
8
BLACK
6
CONTINUOUS
10
166.2100769999999841
20
-77.3723829999999992
11
166.2100749999999891
21
-77.3723820000000018
0
LINE
8
BLACK
6
CONTINUOUS
10
166.2100749999999891
20
-77.3723820000000018
11
166.2100709999999992
21
-77.3723809999999901
0
LINE
8
BLACK
6
CONTINUOUS
10
166.2100709999999992
20
-77.3723809999999901
11
166.2100719999999967
21
-77.3723809999999901
0
LINE
8
BLACK
6
CONTINUOUS
10
166.2100719999999967
20
-77.3723809999999901
11
166.1236209999999858
21
-77.3619999999999948
0
LINE
8
BLACK
6
CONTINUOUS
10
166.1236209999999858
20
-77.3619999999999948
11
166.1236179999999933
21
-77.3619999999999948
0
LINE
8
BLACK
6
CONTINUOUS
10
166.1236179999999933
20
-77.3619999999999948
11
165.5643819999999948
21
-77.3619999999999948
0
LINE
8
BLACK
6
CONTINUOUS
10
165.5643819999999948
20
-77.3619999999999948
11
165.5643790000000024
21
-77.3619999999999948
0
LINE
8
BLACK
6
CONTINUOUS
10
165.5643790000000024
20
-77.3619999999999948
11
165.477926999999994
21
-77.3723809999999901
0
LINE
8
BLACK
6
CONTINUOUS
10
165.477926999999994
20
-77.3723809999999901
11
165.3403390000000002
21
-77.4266389999999944
0
LINE
8
BLACK
6
CONTINUOUS
10
165.3403390000000002
20
-77.4266389999999944
11
165.2224999999999966
21
-77.5159999999999911
0
LINE
8
BLACK
6
CONTINUOUS
10
165.2224999999999966
20
-77.5159999999999911
11
165.1331389999999999
21
-77.6338389999999947
0
LINE
8
BLACK
6
CONTINUOUS
10
165.1331389999999999
20
-77.6338389999999947
11
165.0788809999999955
21
-77.7714270000000027
0
LINE
8
BLACK
6
CONTINUOUS
10
165.0788809999999955
20
-77.7714270000000027
11
165.0685000000000002
21
-77.8578779999999995
0
LINE
8
BLACK
6
CONTINUOUS
10
165.0685000000000002
20
-77.8578779999999995
11
165.0685000000000002
21
-78.4421210000000002
0
LINE
8
BLACK
6
CONTINUOUS
10
165.0685000000000002
20
-78.4421210000000002
11
165.0788809999999955
21
-78.5285719999999969
0
LINE
8
BLACK
6
CONTINUOUS
10
165.0788809999999955
20
-78.5285719999999969
11
165.0788829999999905
21
-78.5285769999999985
0
LINE
8
BLACK
6
CONTINUOUS
10
165.0788829999999905
20
-78.5285769999999985
11
165.106851000000006
21
-78.5994999999999919
0
LINE
8
BLACK
6
CONTINUOUS
10
165.106851000000006
20
-78.5994999999999919
11
165.1331389999999999
21
-78.6661599999999908
0
LINE
8
BLACK
6
CONTINUOUS
10
165.1331389999999999
20
-78.6661599999999908
11
165.1693489999999827
21
-78.7139099999999985
0
LINE
8
BLACK
6
CONTINUOUS
10
165.1693489999999827
20
-78.7139099999999985
11
165.2224999999999966
21
-78.7839999999999918
0
LINE
8
BLACK
6
CONTINUOUS
10
165.2224999999999966
20
-78.7839999999999918
11
165.274799999999999
21
-78.8236599999999896
0
LINE
8
BLACK
6
CONTINUOUS
10
165.274799999999999
20
-78.8236599999999896
11
165.3403399999999976
21
-78.8733610000000027
0
LINE
8
BLACK
6
CONTINUOUS
10
165.3403399999999976
20
-78.8733610000000027
11
165.3403409999999951
21
-78.8733610000000027
0
LINE
8
BLACK
6
CONTINUOUS
10
165.3403409999999951
20
-78.8733610000000027
11
165.3403419999999926
21
-78.8733620000000002
0
LINE
8
BLACK
6
CONTINUOUS
10
165.3403419999999926
20
-78.8733620000000002
11
165.4024759999999787
21
-78.897863000000001
0
LINE
8
BLACK
6
CONTINUOUS
10
165.4024759999999787
20
-78.897863000000001
11
165.429442999999992
21
-78.923924999999997
0
LINE
8
BLACK
6
CONTINUOUS
10
165.429442999999992
20
-78.923924999999997
11
165.4334999999999809
21
-78.9434469999999919
0
LINE
8
BLACK
6
CONTINUOUS
10
165.4334999999999809
20
-78.9434469999999919
11
165.4334999999999809
21
-78.9948689999999942
0
LINE
8
BLACK
6
CONTINUOUS
10
165.4334999999999809
20
-78.9948689999999942
11
165.4191479999999785
21
-79.0295169999999985
0
LINE
8
BLACK
6
CONTINUOUS
10
165.4191479999999785
20
-79.0295169999999985
11
165.4105699999999786
21
-79.0363579999999928
0
LINE
8
BLACK
6
CONTINUOUS
10
165.4105699999999786
20
-79.0363579999999928
11
165.3567400000000021
21
-79.0701820000000026
0
LINE
8
BLACK
6
CONTINUOUS
10
165.3567400000000021
20
-79.0701820000000026
11
165.3567359999999837
21
-79.0701849999999951
0
LINE
8
BLACK
6
CONTINUOUS
10
165.3567359999999837
20
-79.0701849999999951
11
165.2291850000000011
21
-79.1977359999999919
0
LINE
8
BLACK
6
CONTINUOUS
10
165.2291850000000011
20
-79.1977359999999919
11
165.2291819999999802
21
-79.197739999999996
0
LINE
8
BLACK
6
CONTINUOUS
10
165.2291819999999802
20
-79.197739999999996
11
165.1332119999999861
21
-79.3504729999999938
0
LINE
8
BLACK
6
CONTINUOUS
10
165.1332119999999861
20
-79.3504729999999938
11
165.0736330000000009
21
-79.520741000000001
0
LINE
8
BLACK
6
CONTINUOUS
10
165.0736330000000009
20
-79.520741000000001
11
165.073631000000006
21
-79.52075099999999
0
LINE
8
BLACK
6
CONTINUOUS
10
165.073631000000006
20
-79.52075099999999
11
165.0622259999999812
21
-79.6219710000000021
0
LINE
8
BLACK
6
CONTINUOUS
10
165.0622259999999812
20
-79.6219710000000021
11
165.0440849999999955
21
-79.6547949999999929
0
LINE
8
BLACK
6
CONTINUOUS
10
165.0440849999999955
20
-79.6547949999999929
11
165.0080480000000023
21
-79.6651769999999999
0
LINE
8
BLACK
6
CONTINUOUS
10
165.0080480000000023
20
-79.6651769999999999
11
164.9788859999999886
21
-79.6511330000000015
0
LINE
8
BLACK
6
CONTINUOUS
10
164.9788859999999886
20
-79.6511330000000015
11
164.4538519999999835
21
-79.1260989999999964
0
LINE
8
BLACK
6
CONTINUOUS
10
164.4538519999999835
20
-79.1260989999999964
11
164.4394999999999811
21
-79.0914509999999922
0
LINE
8
BLACK
6
CONTINUOUS
10
164.4394999999999811
20
-79.0914509999999922
11
164.4394999999999811
21
-75.0989799999999974
0
LINE
8
BLACK
6
CONTINUOUS
10
164.4394999999999811
20
-75.0989799999999974
11
164.4269809999999836
21
-75.0522619999999989
0
LINE
8
BLACK
6
CONTINUOUS
10
164.4269809999999836
20
-75.0522619999999989
11
164.4269809999999836
21
-75.0522610000000014
0
LINE
8
BLACK
6
CONTINUOUS
10
164.4269809999999836
20
-75.0522610000000014
11
164.4105030000000056
21
-74.9907639999999986
0
LINE
8
BLACK
6
CONTINUOUS
10
164.4105030000000056
20
-74.9907639999999986
11
164.4105030000000056
21
-74.9907630000000012
0
LINE
8
BLACK
6
CONTINUOUS
10
164.4105030000000056
20
-74.9907630000000012
11
164.384949000000006
21
-74.9465029999999928
0
LINE
8
BLACK
6
CONTINUOUS
10
164.384949000000006
20
-74.9465029999999928
11
164.3544849999999826
21
-74.8937370000000016
0
LINE
8
BLACK
6
CONTINUOUS
10
164.3544849999999826
20
-74.8937370000000016
11
164.2752629999999954
21
-74.8145150000000001
0
LINE
8
BLACK
6
CONTINUOUS
10
164.2752629999999954
20
-74.8145150000000001
11
164.2735569999999825
21
-74.8128090000000014
0
LINE
8
BLACK
6
CONTINUOUS
10
164.2735569999999825
20
-74.8128090000000014
11
164.2735459999999819
21
-74.8127989999999983
0
LINE
8
BLACK
6
CONTINUOUS
10
164.2735459999999819
20
-74.8127989999999983
11
164.2106119999999976
21
-74.7498649999999998
0
LINE
8
BLACK
6
CONTINUOUS
10
164.2106119999999976
20
-74.7498649999999998
11
164.1962599999999952
21
-74.7152169999999956
0
LINE
8
BLACK
6
CONTINUOUS
10
164.1962599999999952
20
-74.7152169999999956
11
164.196567999999985
21
-74.7097309999999908
0
LINE
8
BLACK
6
CONTINUOUS
10
164.196567999999985
20
-74.7097309999999908
11
164.1994909999999948
21
-74.6837799999999987
0
LINE
8
BLACK
6
CONTINUOUS
10
164.1994909999999948
20
-74.6837799999999987
11
164.2145649999999932
21
-74.5499999999999972
0
LINE
8
BLACK
6
CONTINUOUS
10
164.2145649999999932
20
-74.5499999999999972
11
164.1943679999999972
21
-74.3707449999999994
0
LINE
8
BLACK
6
CONTINUOUS
10
164.1943679999999972
20
-74.3707449999999994
11
164.1347889999999836
21
-74.2004779999999897
0
LINE
8
BLACK
6
CONTINUOUS
10
164.1347889999999836
20
-74.2004779999999897
11
164.1322020000000066
21
-74.196360999999996
0
LINE
8
BLACK
6
CONTINUOUS
10
164.1322020000000066
20
-74.196360999999996
11
164.1246950000000027
21
-74.1700639999999964
0
LINE
8
BLACK
6
CONTINUOUS
10
164.1246950000000027
20
-74.1700639999999964
11
164.1255579999999838
21
-73.9872739999999993
0
LINE
8
BLACK
6
CONTINUOUS
10
164.1255579999999838
20
-73.9872739999999993
11
164.126499999999993
21
-73.7874999999999943
0
LINE
8
BLACK
6
CONTINUOUS
10
164.126499999999993
20
-73.7874999999999943
11
163.6587020000000052
21
-73.7864089999999919
0
LINE
8
BLACK
6
CONTINUOUS
10
163.6587020000000052
20
-73.7864089999999919
11
163.6426329999999894
21
-73.7836590000000001
0
LINE
8
BLACK
6
CONTINUOUS
10
163.6426329999999894
20
-73.7836590000000001
11
163.5882609999999886
21
-73.7646340000000009
0
LINE
8
BLACK
6
CONTINUOUS
10
163.5882609999999886
20
-73.7646340000000009
11
163.5882599999999911
21
-73.7646330000000034
0
LINE
8
BLACK
6
CONTINUOUS
10
163.5882599999999911
20
-73.7646330000000034
11
163.5882550000000037
21
-73.7646319999999918
0
LINE
8
BLACK
6
CONTINUOUS
10
163.5882550000000037
20
-73.7646319999999918
11
163.5882509999999854
21
-73.7646309999999943
0
LINE
8
BLACK
6
CONTINUOUS
10
163.5882509999999854
20
-73.7646309999999943
11
163.5882489999999905
21
-73.7646309999999943
0
LINE
8
BLACK
6
CONTINUOUS
10
163.5882489999999905
20
-73.7646309999999943
11
163.4089999999999918
21
-73.7444349999999957
0
LINE
8
BLACK
6
CONTINUOUS
10
163.4089999999999918
20
-73.7444349999999957
11
163.2297499999999957
21
-73.7646309999999943
0
LINE
8
BLACK
6
CONTINUOUS
10
163.2297499999999957
20
-73.7646309999999943
11
163.2297460000000058
21
-73.7646309999999943
0
LINE
8
BLACK
6
CONTINUOUS
10
163.2297460000000058
20
-73.7646309999999943
11
163.2297449999999799
21
-73.7646319999999918
0
LINE
8
BLACK
6
CONTINUOUS
10
163.2297449999999799
20
-73.7646319999999918
11
163.1797489999999868
21
-73.782125999999991
0
LINE
8
BLACK
6
CONTINUOUS
10
163.1797489999999868
20
-73.782125999999991
11
163.1786720000000059
21
-73.7825029999999913
0
LINE
8
BLACK
6
CONTINUOUS
10
163.1786720000000059
20
-73.7825029999999913
11
163.1623749999999973
21
-73.7852519999999998
0
LINE
8
BLACK
6
CONTINUOUS
10
163.1623749999999973
20
-73.7852519999999998
11
161.8214609999999993
21
-73.782125999999991
0
LINE
8
BLACK
6
CONTINUOUS
10
161.8214609999999993
20
-73.782125999999991
11
161.8053929999999809
21
-73.7793759999999992
0
LINE
8
BLACK
6
CONTINUOUS
10
161.8053929999999809
20
-73.7793759999999992
11
161.7632549999999867
21
-73.7646319999999918
0
LINE
8
BLACK
6
CONTINUOUS
10
161.7632549999999867
20
-73.7646319999999918
11
161.7632509999999968
21
-73.7646309999999943
0
LINE
8
BLACK
6
CONTINUOUS
10
161.7632509999999968
20
-73.7646309999999943
11
161.7632490000000018
21
-73.7646309999999943
0
LINE
8
BLACK
6
CONTINUOUS
10
161.7632490000000018
20
-73.7646309999999943
11
161.5840000000000032
21
-73.7444349999999957
0
LINE
8
BLACK
6
CONTINUOUS
10
161.5840000000000032
20
-73.7444349999999957
11
161.4047499999999786
21
-73.7646309999999943
0
LINE
8
BLACK
6
CONTINUOUS
10
161.4047499999999786
20
-73.7646309999999943
11
161.4047459999999887
21
-73.7646309999999943
0
LINE
8
BLACK
6
CONTINUOUS
10
161.4047459999999887
20
-73.7646309999999943
11
161.4047449999999913
21
-73.7646319999999918
0
LINE
8
BLACK
6
CONTINUOUS
10
161.4047449999999913
20
-73.7646319999999918
11
161.3657489999999939
21
-73.7782770000000028
0
LINE
8
BLACK
6
CONTINUOUS
10
161.3657489999999939
20
-73.7782770000000028
11
161.3494519999999852
21
-73.7810259999999971
0
LINE
8
BLACK
6
CONTINUOUS
10
161.3494519999999852
20
-73.7810259999999971
11
160.9089999999999918
21
-73.7799990000000037
0
LINE
8
BLACK
6
CONTINUOUS
10
160.9089999999999918
20
-73.7799990000000037
11
160.9054160000000024
21
-74.1117559999999997
0
LINE
8
BLACK
6
CONTINUOUS
10
160.9054160000000024
20
-74.1117559999999997
11
160.8979089999999985
21
-74.1372959999999921
0
LINE
8
BLACK
6
CONTINUOUS
10
160.8979089999999985
20
-74.1372959999999921
11
160.8582130000000063
21
-74.2004730000000023
0
LINE
8
BLACK
6
CONTINUOUS
10
160.8582130000000063
20
-74.2004730000000023
11
160.8582099999999855
21
-74.2004799999999989
0
LINE
8
BLACK
6
CONTINUOUS
10
160.8582099999999855
20
-74.2004799999999989
11
160.7986329999999953
21
-74.3707409999999953
0
LINE
8
BLACK
6
CONTINUOUS
10
160.7986329999999953
20
-74.3707409999999953
11
160.7986310000000003
21
-74.370750000000001
0
LINE
8
BLACK
6
CONTINUOUS
10
160.7986310000000003
20
-74.370750000000001
11
160.7784350000000018
21
-74.5499999999999972
0
LINE
8
BLACK
6
CONTINUOUS
10
160.7784350000000018
20
-74.5499999999999972
11
160.7986310000000003
21
-74.7292489999999958
0
LINE
8
BLACK
6
CONTINUOUS
10
160.7986310000000003
20
-74.7292489999999958
11
160.7986329999999953
21
-74.7292580000000015
0
LINE
8
BLACK
6
CONTINUOUS
10
160.7986329999999953
20
-74.7292580000000015
11
160.8582119999999804
21
-74.8995259999999945
0
LINE
8
BLACK
6
CONTINUOUS
10
160.8582119999999804
20
-74.8995259999999945
11
160.954182000000003
21
-75.0522589999999923
0
LINE
8
BLACK
6
CONTINUOUS
10
160.954182000000003
20
-75.0522589999999923
11
160.9541830000000004
21
-75.0522610000000014
0
LINE
8
BLACK
6
CONTINUOUS
10
160.9541830000000004
20
-75.0522610000000014
11
160.9860449999999901
21
-75.0841229999999911
0
LINE
8
BLACK
6
CONTINUOUS
10
160.9860449999999901
20
-75.0841229999999911
11
160.9930229999999938
21
-75.0929189999999949
0
LINE
8
BLACK
6
CONTINUOUS
10
160.9930229999999938
20
-75.0929189999999949
11
161.0719469999999944
21
-75.2199999999999989
0
LINE
8
BLACK
6
CONTINUOUS
10
161.0719469999999944
20
-75.2199999999999989
11
161.4865000000000066
21
-75.8875000000000028
0
LINE
8
BLACK
6
CONTINUOUS
10
161.4865000000000066
20
-75.8875000000000028
11
162.3060600000000022
21
-75.893732
0
LINE
8
BLACK
6
CONTINUOUS
10
162.3060600000000022
20
-75.893732
11
162.3403349999999818
21
-75.9080829999999906
0
LINE
8
BLACK
6
CONTINUOUS
10
162.3403349999999818
20
-75.9080829999999906
11
163.124147999999991
21
-76.6918959999999998
0
LINE
8
BLACK
6
CONTINUOUS
10
163.124147999999991
20
-76.6918959999999998
11
163.1384999999999934
21
-76.7265439999999899
0
LINE
8
BLACK
6
CONTINUOUS
10
163.1384999999999934
20
-76.7265439999999899
11
163.1384999999999934
21
-79.5304119999999983
0
LINE
8
BLACK
6
CONTINUOUS
10
163.1384999999999934
20
-79.5304119999999983
11
163.1674959999999999
21
-79.6386260000000021
0
LINE
8
BLACK
6
CONTINUOUS
10
163.1674959999999999
20
-79.6386260000000021
11
163.1674969999999973
21
-79.638629999999992
0
LINE
8
BLACK
6
CONTINUOUS
10
163.1674969999999973
20
-79.638629999999992
11
163.2235149999999919
21
-79.7356539999999967
0
LINE
8
BLACK
6
CONTINUOUS
10
163.2235149999999919
20
-79.7356539999999967
11
164.9441479999999842
21
-81.4562870000000032
0
LINE
8
BLACK
6
CONTINUOUS
10
164.9441479999999842
20
-81.4562870000000032
11
164.9584999999999866
21
-81.4909349999999932
0
LINE
8
BLACK
6
CONTINUOUS
10
164.9584999999999866
20
-81.4909349999999932
11
164.9584999999999866
21
-81.6077229999999929
0
LINE
8
BLACK
6
CONTINUOUS
10
164.9584999999999866
20
-81.6077229999999929
11
164.9723879999999951
21
-81.6216110000000015
0
LINE
8
BLACK
6
CONTINUOUS
10
164.9723879999999951
20
-81.6216110000000015
11
164.9879329999999982
21
-81.640552999999997
0
LINE
8
BLACK
6
CONTINUOUS
10
164.9879329999999982
20
-81.640552999999997
11
164.9879339999999956
21
-81.6405539999999945
0
LINE
8
BLACK
6
CONTINUOUS
10
164.9879339999999956
20
-81.6405539999999945
11
165.0065979999999968
21
-81.6856140000000011
0
LINE
8
BLACK
6
CONTINUOUS
10
165.0065979999999968
20
-81.6856140000000011
11
165.0089999999999861
21
-81.7099999999999937
0
LINE
8
BLACK
6
CONTINUOUS
10
165.0089999999999861
20
-81.7099999999999937
11
165.0089999999999861
21
-81.9574399999999912
0
LINE
8
BLACK
6
CONTINUOUS
10
165.0089999999999861
20
-81.9574399999999912
11
165.0120330000000024
21
-81.9594669999999894
0
LINE
8
BLACK
6
CONTINUOUS
10
165.0120330000000024
20
-81.9594669999999894
11
165.0282909999999958
21
-81.9837989999999905
0
LINE
8
BLACK
6
CONTINUOUS
10
165.0282909999999958
20
-81.9837989999999905
11
165.0339999999999918
21
-82.0125000000000028
0
LINE
8
BLACK
6
CONTINUOUS
10
165.0339999999999918
20
-82.0125000000000028
11
165.0339999999999918
21
-83.3374999999999915
0
LINE
8
BLACK
6
CONTINUOUS
10
165.0339999999999918
20
-83.3374999999999915
11
165.0282909999999958
21
-83.3662009999999896
0
LINE
8
BLACK
6
CONTINUOUS
10
165.0282909999999958
20
-83.3662009999999896
11
165.0120330000000024
21
-83.3905329999999907
0
LINE
8
BLACK
6
CONTINUOUS
10
165.0120330000000024
20
-83.3905329999999907
11
164.9877009999999871
21
-83.4067909999999983
0
LINE
8
BLACK
6
CONTINUOUS
10
164.9877009999999871
20
-83.4067909999999983
11
164.9590000000000032
21
-83.4124999999999943
0
LINE
8
BLACK
6
CONTINUOUS
10
164.9590000000000032
20
-83.4124999999999943
11
164.8089999999999975
21
-83.4124999999999943
0
LINE
8
BLACK
6
CONTINUOUS
10
164.8089999999999975
20
-83.4124999999999943
11
164.7802989999999852
21
-83.4067909999999983
0
LINE
8
BLACK
6
CONTINUOUS
10
164.7802989999999852
20
-83.4067909999999983
11
164.7559669999999983
21
-83.3905329999999907
0
LINE
8
BLACK
6
CONTINUOUS
10
164.7559669999999983
20
-83.3905329999999907
11
164.7397090000000048
21
-83.3662009999999896
0
LINE
8
BLACK
6
CONTINUOUS
10
164.7397090000000048
20
-83.3662009999999896
11
164.7339999999999804
21
-83.3374999999999915
0
LINE
8
BLACK
6
CONTINUOUS
10
164.7339999999999804
20
-83.3374999999999915
11
164.7339999999999804
21
-82.0125000000000028
0
LINE
8
BLACK
6
CONTINUOUS
10
164.7339999999999804
20
-82.0125000000000028
11
164.7397090000000048
21
-81.9837989999999905
0
LINE
8
BLACK
6
CONTINUOUS
10
164.7397090000000048
20
-81.9837989999999905
11
164.7559669999999983
21
-81.9594669999999894
0
LINE
8
BLACK
6
CONTINUOUS
10
164.7559669999999983
20
-81.9594669999999894
11
164.7589999999999861
21
-81.9574399999999912
0
LINE
8
BLACK
6
CONTINUOUS
10
164.7589999999999861
20
-81.9574399999999912
11
164.7589999999999861
21
-81.7814630000000022
0
LINE
8
BLACK
6
CONTINUOUS
10
164.7589999999999861
20
-81.7814630000000022
11
164.6802109999999857
21
-81.7026740000000018
0
LINE
8
BLACK
6
CONTINUOUS
10
164.6802109999999857
20
-81.7026740000000018
11
164.6802099999999882
21
-81.7026729999999901
0
LINE
8
BLACK
6
CONTINUOUS
10
164.6802099999999882
20
-81.7026729999999901
11
164.6802079999999933
21
-81.7026719999999926
0
LINE
8
BLACK
6
CONTINUOUS
10
164.6802079999999933
20
-81.7026719999999926
11
164.5676279999999849
21
-81.647634999999994
0
LINE
8
BLACK
6
CONTINUOUS
10
164.5676279999999849
20
-81.647634999999994
11
164.56762599999999
21
-81.6476339999999965
0
LINE
8
BLACK
6
CONTINUOUS
10
164.56762599999999
20
-81.6476339999999965
11
164.4946379999999806
21
-81.6370000000000005
0
LINE
8
BLACK
6
CONTINUOUS
10
164.4946379999999806
20
-81.6370000000000005
11
164.4946359999999856
21
-81.6370000000000005
0
LINE
8
BLACK
6
CONTINUOUS
10
164.4946359999999856
20
-81.6370000000000005
11
164.2733639999999866
21
-81.6370000000000005
0
LINE
8
BLACK
6
CONTINUOUS
10
164.2733639999999866
20
-81.6370000000000005
11
164.2733619999999917
21
-81.6370000000000005
0
LINE
8
BLACK
6
CONTINUOUS
10
164.2733619999999917
20
-81.6370000000000005
11
164.2003729999999848
21
-81.6476339999999965
0
LINE
8
BLACK
6
CONTINUOUS
10
164.2003729999999848
20
-81.6476339999999965
11
164.2003709999999899
21
-81.647634999999994
0
LINE
8
BLACK
6
CONTINUOUS
10
164.2003709999999899
20
-81.647634999999994
11
164.0877909999999815
21
-81.7026719999999926
0
LINE
8
BLACK
6
CONTINUOUS
10
164.0877909999999815
20
-81.7026719999999926
11
164.0877859999999941
21
-81.7026759999999967
0
LINE
8
BLACK
6
CONTINUOUS
10
164.0877859999999941
20
-81.7026759999999967
11
163.9977529999999888
21
-81.7927090000000021
0
LINE
8
BLACK
6
CONTINUOUS
10
163.9977529999999888
20
-81.7927090000000021
11
163.9631049999999846
21
-81.8070609999999903
0
LINE
8
BLACK
6
CONTINUOUS
10
163.9631049999999846
20
-81.8070609999999903
11
163.9284569999999803
21
-81.7927090000000021
0
LINE
8
BLACK
6
CONTINUOUS
10
163.9284569999999803
20
-81.7927090000000021
11
163.4481119999999805
21
-81.3123640000000023
0
LINE
8
BLACK
6
CONTINUOUS
10
163.4481119999999805
20
-81.3123640000000023
11
163.4337600000000066
21
-81.2777159999999981
0
LINE
8
BLACK
6
CONTINUOUS
10
163.4337600000000066
20
-81.2777159999999981
11
163.4340679999999963
21
-81.2722299999999933
0
LINE
8
BLACK
6
CONTINUOUS
10
163.4340679999999963
20
-81.2722299999999933
11
163.4352930000000015
21
-81.2613520000000022
0
LINE
8
BLACK
6
CONTINUOUS
10
163.4352930000000015
20
-81.2613520000000022
11
163.4520650000000046
21
-81.1124999999999972
0
LINE
8
BLACK
6
CONTINUOUS
10
163.4520650000000046
20
-81.1124999999999972
11
163.4318679999999802
21
-80.9332449999999994
0
LINE
8
BLACK
6
CONTINUOUS
10
163.4318679999999802
20
-80.9332449999999994
11
163.372288999999995
21
-80.7629779999999897
0
LINE
8
BLACK
6
CONTINUOUS
10
163.372288999999995
20
-80.7629779999999897
11
163.3722879999999975
21
-80.7629769999999922
0
LINE
8
BLACK
6
CONTINUOUS
10
163.3722879999999975
20
-80.7629769999999922
11
163.372287
21
-80.7629730000000023
0
LINE
8
BLACK
6
CONTINUOUS
10
163.372287
20
-80.7629730000000023
11
163.2763170000000059
21
-80.6102399999999903
0
LINE
8
BLACK
6
CONTINUOUS
10
163.2763170000000059
20
-80.6102399999999903
11
163.27631599999998
21
-80.6102379999999954
0
LINE
8
BLACK
6
CONTINUOUS
10
163.27631599999998
20
-80.6102379999999954
11
163.1487620000000049
21
-80.4826839999999919
0
LINE
8
BLACK
6
CONTINUOUS
10
163.1487620000000049
20
-80.4826839999999919
11
163.1410909999999888
21
-80.4778639999999967
0
LINE
8
BLACK
6
CONTINUOUS
10
163.1410909999999888
20
-80.4778639999999967
11
162.9960260000000005
21
-80.3867120000000028
0
LINE
8
BLACK
6
CONTINUOUS
10
162.9960260000000005
20
-80.3867120000000028
11
162.8257579999999791
21
-80.3271330000000034
0
LINE
8
BLACK
6
CONTINUOUS
10
162.8257579999999791
20
-80.3271330000000034
11
162.8257569999999816
21
-80.3271319999999918
0
LINE
8
BLACK
6
CONTINUOUS
10
162.8257569999999816
20
-80.3271319999999918
11
162.8257549999999867
21
-80.3271319999999918
0
LINE
8
BLACK
6
CONTINUOUS
10
162.8257549999999867
20
-80.3271319999999918
11
162.8257509999999968
21
-80.3271309999999943
0
LINE
8
BLACK
6
CONTINUOUS
10
162.8257509999999968
20
-80.3271309999999943
11
162.8257490000000018
21
-80.3271309999999943
0
LINE
8
BLACK
6
CONTINUOUS
10
162.8257490000000018
20
-80.3271309999999943
11
162.6465000000000032
21
-80.3069349999999957
0
LINE
8
BLACK
6
CONTINUOUS
10
162.6465000000000032
20
-80.3069349999999957
11
162.4867699999999786
21
-80.3249319999999898
0
LINE
8
BLACK
6
CONTINUOUS
10
162.4867699999999786
20
-80.3249319999999898
11
162.4507329999999854
21
-80.314549999999997
0
LINE
8
BLACK
6
CONTINUOUS
10
162.4507329999999854
20
-80.314549999999997
11
162.4466359999999838
21
-80.3108879999999914
0
LINE
8
BLACK
6
CONTINUOUS
10
162.4466359999999838
20
-80.3108879999999914
11
162.3638519999999801
21
-80.2281040000000019
0
LINE
8
BLACK
6
CONTINUOUS
10
162.3638519999999801
20
-80.2281040000000019
11
162.3495000000000061
21
-80.1934559999999976
0
LINE
8
BLACK
6
CONTINUOUS
10
162.3495000000000061
20
-80.1934559999999976
11
162.3495000000000061
21
-79.1147500000000008
0
LINE
8
BLACK
6
CONTINUOUS
10
162.3495000000000061
20
-79.1147500000000008
11
162.3638519999999801
21
-79.0801019999999966
0
LINE
8
BLACK
6
CONTINUOUS
10
162.3638519999999801
20
-79.0801019999999966
11
162.3805209999999875
21
-79.0691669999999931
0
LINE
8
BLACK
6
CONTINUOUS
10
162.3805209999999875
20
-79.0691669999999931
11
162.477657999999991
21
-79.0308619999999991
0
LINE
8
BLACK
6
CONTINUOUS
10
162.477657999999991
20
-79.0308619999999991
11
162.595499999999987
21
-78.9414999999999907
0
LINE
8
BLACK
6
CONTINUOUS
10
162.595499999999987
20
-78.9414999999999907
11
162.6848619999999812
21
-78.8236579999999947
0
LINE
8
BLACK
6
CONTINUOUS
10
162.6848619999999812
20
-78.8236579999999947
11
162.7391169999999931
21
-78.6860769999999974
0
LINE
8
BLACK
6
CONTINUOUS
10
162.7391169999999931
20
-78.6860769999999974
11
162.7420089999999959
21
-78.6619999999999919
0
LINE
8
BLACK
6
CONTINUOUS
10
162.7420089999999959
20
-78.6619999999999919
11
162.7494999999999834
21
-78.5996209999999991
0
LINE
8
BLACK
6
CONTINUOUS
10
162.7494999999999834
20
-78.5996209999999991
11
162.7494999999999834
21
-78.0403779999999898
0
LINE
8
BLACK
6
CONTINUOUS
10
162.7494999999999834
20
-78.0403779999999898
11
162.7391179999999906
21
-77.9539269999999931
0
LINE
8
BLACK
6
CONTINUOUS
10
162.7391179999999906
20
-77.9539269999999931
11
162.7391169999999931
21
-77.9539249999999981
0
LINE
8
BLACK
6
CONTINUOUS
10
162.7391169999999931
20
-77.9539249999999981
11
162.7391169999999931
21
-77.9539230000000032
0
LINE
8
BLACK
6
CONTINUOUS
10
162.7391169999999931
20
-77.9539230000000032
11
162.6848619999999812
21
-77.8163419999999917
0
LINE
8
BLACK
6
CONTINUOUS
10
162.6848619999999812
20
-77.8163419999999917
11
162.595499999999987
21
-77.6984999999999957
0
LINE
8
BLACK
6
CONTINUOUS
10
162.595499999999987
20
-77.6984999999999957
11
162.4795119999999997
21
-77.6105439999999902
0
LINE
8
BLACK
6
CONTINUOUS
10
162.4795119999999997
20
-77.6105439999999902
11
162.4776569999999936
21
-77.6091369999999898
0
LINE
8
BLACK
6
CONTINUOUS
10
162.4776569999999936
20
-77.6091369999999898
11
162.3905239999999992
21
-77.5747750000000025
0
LINE
8
BLACK
6
CONTINUOUS
10
162.3905239999999992
20
-77.5747750000000025
11
162.3635559999999884
21
-77.5487129999999922
0
LINE
8
BLACK
6
CONTINUOUS
10
162.3635559999999884
20
-77.5487129999999922
11
162.359499999999997
21
-77.5291919999999948
0
LINE
8
BLACK
6
CONTINUOUS
10
162.359499999999997
20
-77.5291919999999948
11
162.359499999999997
21
-77.5051289999999966
0
LINE
8
BLACK
6
CONTINUOUS
10
162.359499999999997
20
-77.5051289999999966
11
162.3738519999999994
21
-77.4704809999999924
0
LINE
8
BLACK
6
CONTINUOUS
10
162.3738519999999994
20
-77.4704809999999924
11
162.3824259999999811
21
-77.463641999999993
0
LINE
8
BLACK
6
CONTINUOUS
10
162.3824259999999811
20
-77.463641999999993
11
162.4362619999999993
21
-77.4298160000000024
0
LINE
8
BLACK
6
CONTINUOUS
10
162.4362619999999993
20
-77.4298160000000024
11
162.5638160000000028
21
-77.3022619999999989
0
LINE
8
BLACK
6
CONTINUOUS
10
162.5638160000000028
20
-77.3022619999999989
11
162.6357779999999877
21
-77.187736000000001
0
LINE
8
BLACK
6
CONTINUOUS
10
162.6357779999999877
20
-77.187736000000001
11
162.6597869999999944
21
-77.1495259999999945
0
LINE
8
BLACK
6
CONTINUOUS
10
162.6597869999999944
20
-77.1495259999999945
11
162.6597869999999944
21
-77.1495239999999995
0
LINE
8
BLACK
6
CONTINUOUS
10
162.6597869999999944
20
-77.1495239999999995
11
162.6597889999999893
21
-77.1495219999999904
0
LINE
8
BLACK
6
CONTINUOUS
10
162.6597889999999893
20
-77.1495219999999904
11
162.7193680000000029
21
-76.9792549999999949
0
LINE
8
BLACK
6
CONTINUOUS
10
162.7193680000000029
20
-76.9792549999999949
11
162.7395649999999989
21
-76.7999999999999972
0
LINE
8
BLACK
6
CONTINUOUS
10
162.7395649999999989
20
-76.7999999999999972
11
162.7193680000000029
21
-76.6207449999999994
0
LINE
8
BLACK
6
CONTINUOUS
10
162.7193680000000029
20
-76.6207449999999994
11
162.6597889999999893
21
-76.4504779999999897
0
LINE
8
BLACK
6
CONTINUOUS
10
162.6597889999999893
20
-76.4504779999999897
11
162.6597879999999918
21
-76.4504769999999922
0
LINE
8
BLACK
6
CONTINUOUS
10
162.6597879999999918
20
-76.4504769999999922
11
162.6597869999999944
21
-76.4504730000000023
0
LINE
8
BLACK
6
CONTINUOUS
10
162.6597869999999944
20
-76.4504730000000023
11
162.5638170000000002
21
-76.2977399999999903
0
LINE
8
BLACK
6
CONTINUOUS
10
162.5638170000000002
20
-76.2977399999999903
11
162.5638160000000028
21
-76.2977379999999954
0
LINE
8
BLACK
6
CONTINUOUS
10
162.5638160000000028
20
-76.2977379999999954
11
162.4362619999999993
21
-76.1701839999999919
0
LINE
8
BLACK
6
CONTINUOUS
10
162.4362619999999993
20
-76.1701839999999919
11
162.4362590000000068
21
-76.1701819999999969
0
LINE
8
BLACK
6
CONTINUOUS
10
162.4362590000000068
20
-76.1701819999999969
11
162.2835259999999948
21
-76.0742120000000028
0
LINE
8
BLACK
6
CONTINUOUS
10
162.2835259999999948
20
-76.0742120000000028
11
162.1132580000000019
21
-76.0146330000000034
0
LINE
8
BLACK
6
CONTINUOUS
10
162.1132580000000019
20
-76.0146330000000034
11
162.1132570000000044
21
-76.0146319999999918
0
LINE
8
BLACK
6
CONTINUOUS
10
162.1132570000000044
20
-76.0146319999999918
11
162.113254999999981
21
-76.0146319999999918
0
LINE
8
BLACK
6
CONTINUOUS
10
162.113254999999981
20
-76.0146319999999918
11
162.1132509999999911
21
-76.0146309999999943
0
LINE
8
BLACK
6
CONTINUOUS
10
162.1132509999999911
20
-76.0146309999999943
11
162.1132489999999962
21
-76.0146309999999943
0
LINE
8
BLACK
6
CONTINUOUS
10
162.1132489999999962
20
-76.0146309999999943
11
161.9339999999999975
21
-75.9944349999999957
0
LINE
8
BLACK
6
CONTINUOUS
10
161.9339999999999975
20
-75.9944349999999957
11
161.7547500000000014
21
-76.0146309999999943
0
LINE
8
BLACK
6
CONTINUOUS
10
161.7547500000000014
20
-76.0146309999999943
11
161.7547409999999957
21
-76.0146330000000034
0
LINE
8
BLACK
6
CONTINUOUS
10
161.7547409999999957
20
-76.0146330000000034
11
161.5844730000000027
21
-76.0742120000000028
0
LINE
8
BLACK
6
CONTINUOUS
10
161.5844730000000027
20
-76.0742120000000028
11
161.4317399999999907
21
-76.1701819999999969
0
LINE
8
BLACK
6
CONTINUOUS
10
161.4317399999999907
20
-76.1701819999999969
11
161.4317360000000008
21
-76.1701850000000036
0
LINE
8
BLACK
6
CONTINUOUS
10
161.4317360000000008
20
-76.1701850000000036
11
161.3041849999999897
21
-76.2977360000000004
0
LINE
8
BLACK
6
CONTINUOUS
10
161.3041849999999897
20
-76.2977360000000004
11
161.3041819999999973
21
-76.2977399999999903
0
LINE
8
BLACK
6
CONTINUOUS
10
161.3041819999999973
20
-76.2977399999999903
11
161.2082120000000032
21
-76.4504730000000023
0
LINE
8
BLACK
6
CONTINUOUS
10
161.2082120000000032
20
-76.4504730000000023
11
161.1486329999999896
21
-76.6207409999999953
0
LINE
8
BLACK
6
CONTINUOUS
10
161.1486329999999896
20
-76.6207409999999953
11
161.1486309999999946
21
-76.620750000000001
0
LINE
8
BLACK
6
CONTINUOUS
10
161.1486309999999946
20
-76.620750000000001
11
161.1284349999999961
21
-76.7999999999999972
0
LINE
8
BLACK
6
CONTINUOUS
10
161.1284349999999961
20
-76.7999999999999972
11
161.1486309999999946
21
-76.9792489999999958
0
LINE
8
BLACK
6
CONTINUOUS
10
161.1486309999999946
20
-76.9792489999999958
11
161.1486329999999896
21
-76.9792580000000015
0
LINE
8
BLACK
6
CONTINUOUS
10
161.1486329999999896
20
-76.9792580000000015
11
161.2082120000000032
21
-77.1495259999999945
0
LINE
8
BLACK
6
CONTINUOUS
10
161.2082120000000032
20
-77.1495259999999945
11
161.2966509999999971
21
-77.2902739999999966
0
LINE
8
BLACK
6
CONTINUOUS
10
161.2966509999999971
20
-77.2902739999999966
11
161.3041839999999922
21
-77.3022619999999989
0
LINE
8
BLACK
6
CONTINUOUS
10
161.3041839999999922
20
-77.3022619999999989
11
161.4317379999999957
21
-77.4298160000000024
0
LINE
8
BLACK
6
CONTINUOUS
10
161.4317379999999957
20
-77.4298160000000024
11
161.4855689999999981
21
-77.4636399999999981
0
LINE
8
BLACK
6
CONTINUOUS
10
161.4855689999999981
20
-77.4636399999999981
11
161.5072710000000029
21
-77.4942250000000001
0
LINE
8
BLACK
6
CONTINUOUS
10
161.5072710000000029
20
-77.4942250000000001
11
161.508499999999998
21
-77.5051289999999966
0
LINE
8
BLACK
6
CONTINUOUS
10
161.508499999999998
20
-77.5051289999999966
11
161.508499999999998
21
-77.5213049999999981
0
LINE
8
BLACK
6
CONTINUOUS
10
161.508499999999998
20
-77.5213049999999981
11
161.4941479999999956
21
-77.5559530000000024
0
LINE
8
BLACK
6
CONTINUOUS
10
161.4941479999999956
20
-77.5559530000000024
11
161.4774759999999958
21
-77.5668879999999916
0
LINE
8
BLACK
6
CONTINUOUS
10
161.4774759999999958
20
-77.5668879999999916
11
161.3703419999999937
21
-77.6091369999999898
0
LINE
8
BLACK
6
CONTINUOUS
10
161.3703419999999937
20
-77.6091369999999898
11
161.2524999999999977
21
-77.6984999999999957
0
LINE
8
BLACK
6
CONTINUOUS
10
161.2524999999999977
20
-77.6984999999999957
11
161.163139000000001
21
-77.8163389999999993
0
LINE
8
BLACK
6
CONTINUOUS
10
161.163139000000001
20
-77.8163389999999993
11
161.1088809999999967
21
-77.9539269999999931
0
LINE
8
BLACK
6
CONTINUOUS
10
161.1088809999999967
20
-77.9539269999999931
11
161.0985000000000014
21
-78.0403779999999898
0
LINE
8
BLACK
6
CONTINUOUS
10
161.0985000000000014
20
-78.0403779999999898
11
161.0985000000000014
21
-78.5996209999999991
0
LINE
8
BLACK
6
CONTINUOUS
10
161.0985000000000014
20
-78.5996209999999991
11
161.1088809999999967
21
-78.6860719999999958
0
LINE
8
BLACK
6
CONTINUOUS
10
161.1088809999999967
20
-78.6860719999999958
11
161.1088829999999916
21
-78.6860769999999974
0
LINE
8
BLACK
6
CONTINUOUS
10
161.1088829999999916
20
-78.6860769999999974
11
161.1534969999999873
21
-78.7992109999999997
0
LINE
8
BLACK
6
CONTINUOUS
10
161.1534969999999873
20
-78.7992109999999997
11
161.163139000000001
21
-78.8236599999999896
0
LINE
8
BLACK
6
CONTINUOUS
10
161.163139000000001
20
-78.8236599999999896
11
161.1750879999999881
21
-78.8394169999999974
0
LINE
8
BLACK
6
CONTINUOUS
10
161.1750879999999881
20
-78.8394169999999974
11
161.2524999999999977
21
-78.9414999999999907
0
LINE
8
BLACK
6
CONTINUOUS
10
161.2524999999999977
20
-78.9414999999999907
11
161.3228780000000029
21
-78.9948689999999942
0
LINE
8
BLACK
6
CONTINUOUS
10
161.3228780000000029
20
-78.9948689999999942
11
161.3652259999999785
21
-79.0269830000000013
0
LINE
8
BLACK
6
CONTINUOUS
10
161.3652259999999785
20
-79.0269830000000013
11
161.3703419999999937
21
-79.0308619999999991
0
LINE
8
BLACK
6
CONTINUOUS
10
161.3703419999999937
20
-79.0308619999999991
11
161.4674770000000024
21
-79.0691669999999931
0
LINE
8
BLACK
6
CONTINUOUS
10
161.4674770000000024
20
-79.0691669999999931
11
161.4944429999999898
21
-79.0952279999999917
0
LINE
8
BLACK
6
CONTINUOUS
10
161.4944429999999898
20
-79.0952279999999917
11
161.4984999999999786
21
-79.1147500000000008
0
LINE
8
BLACK
6
CONTINUOUS
10
161.4984999999999786
20
-79.1147500000000008
11
161.4984999999999786
21
-80.4460210000000018
0
LINE
8
BLACK
6
CONTINUOUS
10
161.4984999999999786
20
-80.4460210000000018
11
161.5274959999999851
21
-80.5542349999999914
0
LINE
8
BLACK
6
CONTINUOUS
10
161.5274959999999851
20
-80.5542349999999914
11
161.5274969999999826
21
-80.5542389999999955
0
LINE
8
BLACK
6
CONTINUOUS
10
161.5274969999999826
20
-80.5542389999999955
11
161.5835150000000056
21
-80.6512630000000001
0
LINE
8
BLACK
6
CONTINUOUS
10
161.5835150000000056
20
-80.6512630000000001
11
161.8448879999999974
21
-80.912635999999992
0
LINE
8
BLACK
6
CONTINUOUS
10
161.8448879999999974
20
-80.912635999999992
11
161.8592399999999998
21
-80.9472839999999962
0
LINE
8
BLACK
6
CONTINUOUS
10
161.8592399999999998
20
-80.9472839999999962
11
161.8589319999999816
21
-80.952770000000001
0
LINE
8
BLACK
6
CONTINUOUS
10
161.8589319999999816
20
-80.952770000000001
11
161.8409350000000018
21
-81.1124999999999972
0
LINE
8
BLACK
6
CONTINUOUS
10
161.8409350000000018
20
-81.1124999999999972
11
161.8611310000000003
21
-81.2917489999999958
0
LINE
8
BLACK
6
CONTINUOUS
10
161.8611310000000003
20
-81.2917489999999958
11
161.8611329999999953
21
-81.2917580000000015
0
LINE
8
BLACK
6
CONTINUOUS
10
161.8611329999999953
20
-81.2917580000000015
11
161.9207119999999804
21
-81.4620259999999945
0
LINE
8
BLACK
6
CONTINUOUS
10
161.9207119999999804
20
-81.4620259999999945
11
162.0017509999999845
21
-81.5909970000000015
0
LINE
8
BLACK
6
CONTINUOUS
10
162.0017509999999845
20
-81.5909970000000015
11
162.0166839999999979
21
-81.6147619999999989
0
LINE
8
BLACK
6
CONTINUOUS
10
162.0166839999999979
20
-81.6147619999999989
11
162.1442380000000014
21
-81.7423160000000024
0
LINE
8
BLACK
6
CONTINUOUS
10
162.1442380000000014
20
-81.7423160000000024
11
162.1442399999999964
21
-81.7423169999999999
0
LINE
8
BLACK
6
CONTINUOUS
10
162.1442399999999964
20
-81.7423169999999999
11
162.2969729999999799
21
-81.838286999999994
0
LINE
8
BLACK
6
CONTINUOUS
10
162.2969729999999799
20
-81.838286999999994
11
162.2969769999999983
21
-81.8382879999999915
0
LINE
8
BLACK
6
CONTINUOUS
10
162.2969769999999983
20
-81.8382879999999915
11
162.2969779999999957
21
-81.8382890000000032
0
LINE
8
BLACK
6
CONTINUOUS
10
162.2969779999999957
20
-81.8382890000000032
11
162.4672449999999913
21
-81.8978680000000026
0
LINE
8
BLACK
6
CONTINUOUS
10
162.4672449999999913
20
-81.8978680000000026
11
162.6465000000000032
21
-81.9180649999999986
0
LINE
8
BLACK
6
CONTINUOUS
10
162.6465000000000032
20
-81.9180649999999986
11
162.7953519999999799
21
-81.9012929999999955
0
LINE
8
BLACK
6
CONTINUOUS
10
162.7953519999999799
20
-81.9012929999999955
11
162.8062299999999993
21
-81.9000679999999903
0
LINE
8
BLACK
6
CONTINUOUS
10
162.8062299999999993
20
-81.9000679999999903
11
162.8422669999999925
21
-81.9104499999999973
0
LINE
8
BLACK
6
CONTINUOUS
10
162.8422669999999925
20
-81.9104499999999973
11
162.8463639999999941
21
-81.9141120000000029
0
LINE
8
BLACK
6
CONTINUOUS
10
162.8463639999999941
20
-81.9141120000000029
11
163.9191479999999785
21
-82.9868960000000015
0
LINE
8
BLACK
6
CONTINUOUS
10
163.9191479999999785
20
-82.9868960000000015
11
163.9334999999999809
21
-83.0215439999999916
0
LINE
8
BLACK
6
CONTINUOUS
10
163.9334999999999809
20
-83.0215439999999916
11
163.9334999999999809
21
-83.3731369999999998
0
LINE
8
BLACK
6
CONTINUOUS
10
163.9334999999999809
20
-83.3731369999999998
11
163.9359179999999867
21
-83.3897300000000001
0
LINE
8
BLACK
6
CONTINUOUS
10
163.9359179999999867
20
-83.3897300000000001
11
163.9441339999999911
21
-83.446124999999995
0
LINE
8
BLACK
6
CONTINUOUS
10
163.9441339999999911
20
-83.446124999999995
11
163.9441339999999911
21
-83.4461259999999925
0
LINE
8
BLACK
6
CONTINUOUS
10
163.9441339999999911
20
-83.4461259999999925
11
163.9441349999999886
21
-83.4461280000000016
0
LINE
8
BLACK
6
CONTINUOUS
10
163.9441349999999886
20
-83.4461280000000016
11
163.953520999999995
21
-83.465327000000002
0
LINE
8
BLACK
6
CONTINUOUS
10
163.953520999999995
20
-83.465327000000002
11
163.9584999999999866
21
-83.4868469999999974
0
LINE
8
BLACK
6
CONTINUOUS
10
163.9584999999999866
20
-83.4868469999999974
11
163.9584999999999866
21
-83.5342059999999975
0
LINE
8
BLACK
6
CONTINUOUS
10
163.9584999999999866
20
-83.5342059999999975
11
163.987495999999993
21
-83.6424200000000013
0
LINE
8
BLACK
6
CONTINUOUS
10
163.987495999999993
20
-83.6424200000000013
11
163.9874969999999905
21
-83.6424239999999912
0
LINE
8
BLACK
6
CONTINUOUS
10
163.9874969999999905
20
-83.6424239999999912
11
164.0435149999999851
21
-83.7394479999999959
0
LINE
8
BLACK
6
CONTINUOUS
10
164.0435149999999851
20
-83.7394479999999959
11
164.4964719999999829
21
-84.1924049999999937
0
LINE
8
BLACK
6
CONTINUOUS
10
164.4964719999999829
20
-84.1924049999999937
11
164.5091539999999952
21
-84.2143709999999999
0
LINE
8
BLACK
6
CONTINUOUS
10
164.5091539999999952
20
-84.2143709999999999
11
164.5269219999999848
21
-84.2806849999999912
0
LINE
8
BLACK
6
CONTINUOUS
10
164.5269219999999848
20
-84.2806849999999912
11
164.5269229999999823
21
-84.2806879999999978
0
LINE
8
BLACK
6
CONTINUOUS
10
164.5269229999999823
20
-84.2806879999999978
11
164.58640299999999
21
-84.3837079999999986
0
LINE
8
BLACK
6
CONTINUOUS
10
164.58640299999999
20
-84.3837079999999986
11
164.5928150000000016
21
-84.3948139999999967
0
LINE
8
BLACK
6
CONTINUOUS
10
164.5928150000000016
20
-84.3948139999999967
11
164.6860010000000045
21
-84.4879999999999995
0
LINE
8
BLACK
6
CONTINUOUS
10
164.6860010000000045
20
-84.4879999999999995
11
164.7277719999999874
21
-84.5121169999999893
0
LINE
8
BLACK
6
CONTINUOUS
10
164.7277719999999874
20
-84.5121169999999893
11
164.8001260000000059
21
-84.553890999999993
0
LINE
8
BLACK
6
CONTINUOUS
10
164.8001260000000059
20
-84.553890999999993
11
164.8001280000000008
21
-84.553890999999993
0
LINE
8
BLACK
6
CONTINUOUS
10
164.8001280000000008
20
-84.553890999999993
11
164.8001289999999983
21
-84.5538919999999905
0
LINE
8
BLACK
6
CONTINUOUS
10
164.8001289999999983
20
-84.5538919999999905
11
164.824735000000004
21
-84.5604849999999999
0
LINE
8
BLACK
6
CONTINUOUS
10
164.824735000000004
20
-84.5604849999999999
11
164.9274189999999862
21
-84.5879989999999964
0
LINE
8
BLACK
6
CONTINUOUS
10
164.9274189999999862
20
-84.5879989999999964
11
164.9274199999999837
21
-84.5879999999999939
0
LINE
8
BLACK
6
CONTINUOUS
10
164.9274199999999837
20
-84.5879999999999939
11
164.9274230000000045
21
-84.5879999999999939
0
LINE
8
BLACK
6
CONTINUOUS
10
164.9274230000000045
20
-84.5879999999999939
11
169.3344999999999914
21
-84.5879999999999939
0
LINE
8
BLACK
6
CONTINUOUS
10
169.3344999999999914
20
-84.5879999999999939
11
169.3691479999999956
21
-84.6023519999999962
0
LINE
8
BLACK
6
CONTINUOUS
10
169.3691479999999956
20
-84.6023519999999962
11
169.383499999999998
21
-84.6370000000000005
0
LINE
8
BLACK
6
CONTINUOUS
10
169.383499999999998
20
-84.6370000000000005
11
169.383499999999998
21
-89.0805000000000007
0
LINE
8
BLACK
6
CONTINUOUS
10
169.383499999999998
20
-89.0805000000000007
11
169.3691479999999956
21
-89.1151479999999907
0
LINE
8
BLACK
6
CONTINUOUS
10
169.3691479999999956
20
-89.1151479999999907
11
169.3344999999999914
21
-89.1294999999999931
0
LINE
8
BLACK
6
CONTINUOUS
10
169.3344999999999914
20
-89.1294999999999931
11
164.2381049999999902
21
-89.1294999999999931
0
LINE
8
BLACK
6
CONTINUOUS
10
164.2381049999999902
20
-89.1294999999999931
11
164.1108179999999948
21
-89.1636060000000015
0
LINE
8
BLACK
6
CONTINUOUS
10
164.1108179999999948
20
-89.1636060000000015
11
164.1108140000000049
21
-89.1636079999999964
0
LINE
8
BLACK
6
CONTINUOUS
10
164.1108140000000049
20
-89.1636079999999964
11
164.0829980000000035
21
-89.1796669999999949
0
LINE
8
BLACK
6
CONTINUOUS
10
164.0829980000000035
20
-89.1796669999999949
11
164.0458169999999996
21
-89.1845610000000022
0
LINE
8
BLACK
6
CONTINUOUS
10
164.0458169999999996
20
-89.1845610000000022
11
164.0160640000000001
21
-89.1617299999999915
0
LINE
8
BLACK
6
CONTINUOUS
10
164.0160640000000001
20
-89.1617299999999915
11
164.0095000000000027
21
-89.1372309999999999
0
LINE
8
BLACK
6
CONTINUOUS
10
164.0095000000000027
20
-89.1372309999999999
11
164.0095000000000027
21
-88.976861999999997
0
LINE
8
BLACK
6
CONTINUOUS
10
164.0095000000000027
20
-88.976861999999997
11
164.0070999999999799
21
-88.9603929999999963
0
LINE
8
BLACK
6
CONTINUOUS
10
164.0070999999999799
20
-88.9603929999999963
11
163.9988659999999925
21
-88.9038749999999993
0
LINE
8
BLACK
6
CONTINUOUS
10
163.9988659999999925
20
-88.9038749999999993
11
163.9769359999999949
21
-88.8590179999999918
0
LINE
8
BLACK
6
CONTINUOUS
10
163.9769359999999949
20
-88.8590179999999918
11
163.9746130000000051
21
-88.8215900000000005
0
LINE
8
BLACK
6
CONTINUOUS
10
163.9746130000000051
20
-88.8215900000000005
11
163.9769309999999791
21
-88.8159929999999918
0
LINE
8
BLACK
6
CONTINUOUS
10
163.9769309999999791
20
-88.8159929999999918
11
163.9988659999999925
21
-88.7711249999999978
0
LINE
8
BLACK
6
CONTINUOUS
10
163.9988659999999925
20
-88.7711249999999978
11
164.0095000000000027
21
-88.698135999999991
0
LINE
8
BLACK
6
CONTINUOUS
10
164.0095000000000027
20
-88.698135999999991
11
164.0095000000000027
21
-88.476863999999992
0
LINE
8
BLACK
6
CONTINUOUS
10
164.0095000000000027
20
-88.476863999999992
11
163.9988659999999925
21
-88.4038749999999993
0
LINE
8
BLACK
6
CONTINUOUS
10
163.9988659999999925
20
-88.4038749999999993
11
163.9769359999999949
21
-88.3590179999999918
0
LINE
8
BLACK
6
CONTINUOUS
10
163.9769359999999949
20
-88.3590179999999918
11
163.9746130000000051
21
-88.3215900000000005
0
LINE
8
BLACK
6
CONTINUOUS
10
163.9746130000000051
20
-88.3215900000000005
11
163.9769309999999791
21
-88.3159929999999918
0
LINE
8
BLACK
6
CONTINUOUS
10
163.9769309999999791
20
-88.3159929999999918
11
163.9988659999999925
21
-88.2711249999999978
0
LINE
8
BLACK
6
CONTINUOUS
10
163.9988659999999925
20
-88.2711249999999978
11
164.0095000000000027
21
-88.198135999999991
0
LINE
8
BLACK
6
CONTINUOUS
10
164.0095000000000027
20
-88.198135999999991
11
164.0095000000000027
21
-87.976863999999992
0
LINE
8
BLACK
6
CONTINUOUS
10
164.0095000000000027
20
-87.976863999999992
11
163.9988659999999925
21
-87.9038749999999993
0
LINE
8
BLACK
6
CONTINUOUS
10
163.9988659999999925
20
-87.9038749999999993
11
163.9438260000000014
21
-87.7912889999999919
0
LINE
8
BLACK
6
CONTINUOUS
10
163.9438260000000014
20
-87.7912889999999919
11
163.8650370000000009
21
-87.7124999999999915
0
LINE
8
BLACK
6
CONTINUOUS
10
163.8650370000000009
20
-87.7124999999999915
11
163.6890599999999836
21
-87.7124999999999915
0
LINE
8
BLACK
6
CONTINUOUS
10
163.6890599999999836
20
-87.7124999999999915
11
163.6870329999999853
21
-87.7155329999999935
0
LINE
8
BLACK
6
CONTINUOUS
10
163.6870329999999853
20
-87.7155329999999935
11
163.6627009999999984
21
-87.7317910000000012
0
LINE
8
BLACK
6
CONTINUOUS
10
163.6627009999999984
20
-87.7317910000000012
11
163.6339999999999861
21
-87.7374999999999972
0
LINE
8
BLACK
6
CONTINUOUS
10
163.6339999999999861
20
-87.7374999999999972
11
162.3089999999999975
21
-87.7374999999999972
0
LINE
8
BLACK
6
CONTINUOUS
10
162.3089999999999975
20
-87.7374999999999972
11
162.2802989999999852
21
-87.7317910000000012
0
LINE
8
BLACK
6
CONTINUOUS
10
162.2802989999999852
20
-87.7317910000000012
11
162.2559669999999983
21
-87.7155329999999935
0
LINE
8
BLACK
6
CONTINUOUS
10
162.2559669999999983
20
-87.7155329999999935
11
162.2539400000000001
21
-87.7124999999999915
0
LINE
8
BLACK
6
CONTINUOUS
10
162.2539400000000001
20
-87.7124999999999915
11
158.5200159999999983
21
-87.7124999999999915
0
LINE
8
BLACK
6
CONTINUOUS
10
158.5200159999999983
20
-87.7124999999999915
11
158.4602359999999805
21
-87.7470149999999904
0
LINE
8
BLACK
6
CONTINUOUS
10
158.4602359999999805
20
-87.7470149999999904
11
158.4602359999999805
21
-87.7470160000000021
0
LINE
8
BLACK
6
CONTINUOUS
10
158.4602359999999805
20
-87.7470160000000021
11
158.020828999999992
21
-88.1864209999999957
0
LINE
8
BLACK
6
CONTINUOUS
10
158.020828999999992
20
-88.1864209999999957
11
157.9861809999999878
21
-88.2007729999999981
0
LINE
8
BLACK
6
CONTINUOUS
10
157.9861809999999878
20
-88.2007729999999981
11
157.961104000000006
21
-88.1923379999999923
0
LINE
8
BLACK
6
CONTINUOUS
10
157.961104000000006
20
-88.1923379999999923
11
157.9605760000000032
21
-88.1932789999999898
0
LINE
8
BLACK
6
CONTINUOUS
10
157.9605760000000032
20
-88.1932789999999898
11
157.9576600000000042
21
-88.191638999999995
0
LINE
8
BLACK
6
CONTINUOUS
10
157.9576600000000042
20
-88.191638999999995
11
157.9576579999999808
21
-88.1916379999999975
0
LINE
8
BLACK
6
CONTINUOUS
10
157.9576579999999808
20
-88.1916379999999975
11
157.8200769999999977
21
-88.1373829999999998
0
LINE
8
BLACK
6
CONTINUOUS
10
157.8200769999999977
20
-88.1373829999999998
11
157.8200750000000028
21
-88.1373820000000023
0
LINE
8
BLACK
6
CONTINUOUS
10
157.8200750000000028
20
-88.1373820000000023
11
157.8200709999999845
21
-88.1373809999999906
0
LINE
8
BLACK
6
CONTINUOUS
10
157.8200709999999845
20
-88.1373809999999906
11
157.8200719999999819
21
-88.1373809999999906
0
LINE
8
BLACK
6
CONTINUOUS
10
157.8200719999999819
20
-88.1373809999999906
11
157.7336209999999994
21
-88.1269999999999953
0
LINE
8
BLACK
6
CONTINUOUS
10
157.7336209999999994
20
-88.1269999999999953
11
157.733618000000007
21
-88.1269999999999953
0
LINE
8
BLACK
6
CONTINUOUS
10
157.733618000000007
20
-88.1269999999999953
11
157.1743819999999801
21
-88.1269999999999953
0
LINE
8
BLACK
6
CONTINUOUS
10
157.1743819999999801
20
-88.1269999999999953
11
157.1743789999999876
21
-88.1269999999999953
0
LINE
8
BLACK
6
CONTINUOUS
10
157.1743789999999876
20
-88.1269999999999953
11
157.0879269999999792
21
-88.1373809999999906
0
LINE
8
BLACK
6
CONTINUOUS
10
157.0879269999999792
20
-88.1373809999999906
11
156.9503389999999854
21
-88.191638999999995
0
LINE
8
BLACK
6
CONTINUOUS
10
156.9503389999999854
20
-88.191638999999995
11
156.8324999999999818
21
-88.2809999999999917
0
LINE
8
BLACK
6
CONTINUOUS
10
156.8324999999999818
20
-88.2809999999999917
11
156.7431389999999851
21
-88.3988389999999953
0
LINE
8
BLACK
6
CONTINUOUS
10
156.7431389999999851
20
-88.3988389999999953
11
156.6888809999999808
21
-88.5364269999999891
0
LINE
8
BLACK
6
CONTINUOUS
10
156.6888809999999808
20
-88.5364269999999891
11
156.6784999999999854
21
-88.622878
0
LINE
8
BLACK
6
CONTINUOUS
10
156.6784999999999854
20
-88.622878
11
156.6784999999999854
21
-89.3071209999999951
0
LINE
8
BLACK
6
CONTINUOUS
10
156.6784999999999854
20
-89.3071209999999951
11
156.6888809999999808
21
-89.3935719999999918
0
LINE
8
BLACK
6
CONTINUOUS
10
156.6888809999999808
20
-89.3935719999999918
11
156.6888830000000041
21
-89.3935769999999934
0
LINE
8
BLACK
6
CONTINUOUS
10
156.6888830000000041
20
-89.3935769999999934
11
156.7359769999999912
21
-89.512999999999991
0
LINE
8
BLACK
6
CONTINUOUS
10
156.7359769999999912
20
-89.512999999999991
11
156.7431389999999851
21
-89.5311599999999999
0
LINE
8
BLACK
6
CONTINUOUS
10
156.7431389999999851
20
-89.5311599999999999
11
156.7793489999999963
21
-89.5789099999999934
0
LINE
8
BLACK
6
CONTINUOUS
10
156.7793489999999963
20
-89.5789099999999934
11
156.8324999999999818
21
-89.6490000000000009
0
LINE
8
BLACK
6
CONTINUOUS
10
156.8324999999999818
20
-89.6490000000000009
11
156.8895609999999863
21
-89.692270999999991
0
LINE
8
BLACK
6
CONTINUOUS
10
156.8895609999999863
20
-89.692270999999991
11
156.9381309999999985
21
-89.7291029999999949
0
LINE
8
BLACK
6
CONTINUOUS
10
156.9381309999999985
20
-89.7291029999999949
11
156.957066999999995
21
-89.7614739999999927
0
LINE
8
BLACK
6
CONTINUOUS
10
156.957066999999995
20
-89.7614739999999927
11
156.9475659999999948
21
-89.7977539999999976
0
LINE
8
BLACK
6
CONTINUOUS
10
156.9475659999999948
20
-89.7977539999999976
11
156.9265010000000018
21
-89.813728999999995
0
LINE
8
BLACK
6
CONTINUOUS
10
156.9265010000000018
20
-89.813728999999995
11
156.9216559999999845
21
-89.8156389999999902
0
LINE
8
BLACK
6
CONTINUOUS
10
156.9216559999999845
20
-89.8156389999999902
11
156.8010779999999897
21
-89.9070779999999985
0
LINE
8
BLACK
6
CONTINUOUS
10
156.8010779999999897
20
-89.9070779999999985
11
156.709639999999979
21
-90.0276549999999958
0
LINE
8
BLACK
6
CONTINUOUS
10
156.709639999999979
20
-90.0276549999999958
11
156.6999009999999828
21
-90.0523519999999991
0
LINE
8
BLACK
6
CONTINUOUS
10
156.6999009999999828
20
-90.0523519999999991
11
156.6560350000000028
21
-90.1635890000000018
0
LINE
8
BLACK
6
CONTINUOUS
10
156.6560350000000028
20
-90.1635890000000018
11
156.6541229999999985
21
-90.1684369999999973
0
LINE
8
BLACK
6
CONTINUOUS
10
156.6541229999999985
20
-90.1684369999999973
11
156.6541210000000035
21
-90.1684439999999938
0
LINE
8
BLACK
6
CONTINUOUS
10
156.6541210000000035
20
-90.1684439999999938
11
156.6449039999999968
21
-90.245198000000002
0
LINE
8
BLACK
6
CONTINUOUS
10
156.6449039999999968
20
-90.245198000000002
11
156.6265239999999892
21
-90.2778879999999901
0
LINE
8
BLACK
6
CONTINUOUS
10
156.6265239999999892
20
-90.2778879999999901
11
156.6207550000000026
21
-90.2817909999999983
0
LINE
8
BLACK
6
CONTINUOUS
10
156.6207550000000026
20
-90.2817909999999983
11
156.5727399999999818
21
-90.3095129999999955
0
LINE
8
BLACK
6
CONTINUOUS
10
156.5727399999999818
20
-90.3095129999999955
11
156.5727329999999995
21
-90.3095179999999971
0
LINE
8
BLACK
6
CONTINUOUS
10
156.5727329999999995
20
-90.3095179999999971
11
155.9638630000000035
21
-90.9183869999999956
0
LINE
8
BLACK
6
CONTINUOUS
10
155.9638630000000035
20
-90.9183869999999956
11
155.9292149999999992
21
-90.932738999999998
0
LINE
8
BLACK
6
CONTINUOUS
10
155.9292149999999992
20
-90.932738999999998
11
155.9237289999999803
21
-90.932430999999994
0
LINE
8
BLACK
6
CONTINUOUS
10
155.9237289999999803
20
-90.932430999999994
11
155.7639999999999816
21
-90.9144349999999974
0
LINE
8
BLACK
6
CONTINUOUS
10
155.7639999999999816
20
-90.9144349999999974
11
155.5847499999999854
21
-90.934630999999996
0
LINE
8
BLACK
6
CONTINUOUS
10
155.5847499999999854
20
-90.934630999999996
11
155.5847409999999797
21
-90.9346329999999909
0
LINE
8
BLACK
6
CONTINUOUS
10
155.5847409999999797
20
-90.9346329999999909
11
155.4144729999999868
21
-90.9942119999999903
0
LINE
8
BLACK
6
CONTINUOUS
10
155.4144729999999868
20
-90.9942119999999903
11
155.2617400000000032
21
-91.0901819999999987
0
LINE
8
BLACK
6
CONTINUOUS
10
155.2617400000000032
20
-91.0901819999999987
11
155.2617359999999849
21
-91.0901849999999911
0
LINE
8
BLACK
6
CONTINUOUS
10
155.2617359999999849
20
-91.0901849999999911
11
155.1341850000000022
21
-91.2177360000000022
0
LINE
8
BLACK
6
CONTINUOUS
10
155.1341850000000022
20
-91.2177360000000022
11
155.1341819999999814
21
-91.2177399999999921
0
LINE
8
BLACK
6
CONTINUOUS
10
155.1341819999999814
20
-91.2177399999999921
11
155.0382119999999873
21
-91.3704729999999898
0
LINE
8
BLACK
6
CONTINUOUS
10
155.0382119999999873
20
-91.3704729999999898
11
154.9786330000000021
21
-91.540740999999997
0
LINE
8
BLACK
6
CONTINUOUS
10
154.9786330000000021
20
-91.540740999999997
11
154.9780189999999891
21
-91.5434319999999957
0
LINE
8
BLACK
6
CONTINUOUS
10
154.9780189999999891
20
-91.5434319999999957
11
154.9771199999999851
21
-91.54322599999999
0
LINE
8
BLACK
6
CONTINUOUS
10
154.9771199999999851
20
-91.54322599999999
11
154.9605159999999842
21
-91.5732500000000016
0
LINE
8
BLACK
6
CONTINUOUS
10
154.9605159999999842
20
-91.5732500000000016
11
154.9244759999999985
21
-91.5836219999999912
0
LINE
8
BLACK
6
CONTINUOUS
10
154.9244759999999985
20
-91.5836219999999912
11
154.8953280000000063
21
-91.569580000000002
0
LINE
8
BLACK
6
CONTINUOUS
10
154.8953280000000063
20
-91.569580000000002
11
153.7638519999999858
21
-90.4381039999999956
0
LINE
8
BLACK
6
CONTINUOUS
10
153.7638519999999858
20
-90.4381039999999956
11
153.7494999999999834
21
-90.4034559999999914
0
LINE
8
BLACK
6
CONTINUOUS
10
153.7494999999999834
20
-90.4034559999999914
11
153.7494999999999834
21
-86.0142960000000016
0
LINE
8
BLACK
6
CONTINUOUS
10
153.7494999999999834
20
-86.0142960000000016
11
153.7638519999999858
21
-85.9796479999999974
0
LINE
8
BLACK
6
CONTINUOUS
10
153.7638519999999858
20
-85.9796479999999974
11
153.79849999999999
21
-85.965295999999995
0
LINE
8
BLACK
6
CONTINUOUS
10
153.79849999999999
20
-85.965295999999995
11
153.8331479999999942
21
-85.9796479999999974
0
LINE
8
BLACK
6
CONTINUOUS
10
153.8331479999999942
20
-85.9796479999999974
11
153.8349979999999846
21
-85.981498000000002
0
LINE
8
BLACK
6
CONTINUOUS
10
153.8349979999999846
20
-85.981498000000002
11
153.8349999999999795
21
-85.9814999999999969
0
LINE
8
BLACK
6
CONTINUOUS
10
153.8349999999999795
20
-85.9814999999999969
11
153.8529979999999853
21
-85.9951480000000004
0
LINE
8
BLACK
6
CONTINUOUS
10
153.8529979999999853
20
-85.9951480000000004
11
153.9281550000000038
21
-86.0521419999999893
0
LINE
8
BLACK
6
CONTINUOUS
10
153.9281550000000038
20
-86.0521419999999893
11
153.9470910000000003
21
-86.0845130000000012
0
LINE
8
BLACK
6
CONTINUOUS
10
153.9470910000000003
20
-86.0845130000000012
11
153.9375900000000001
21
-86.1207929999999919
0
LINE
8
BLACK
6
CONTINUOUS
10
153.9375900000000001
20
-86.1207929999999919
11
153.933195999999981
21
-86.1258320000000026
0
LINE
8
BLACK
6
CONTINUOUS
10
153.933195999999981
20
-86.1258320000000026
11
153.9217960000000005
21
-86.1372319999999974
0
LINE
8
BLACK
6
CONTINUOUS
10
153.9217960000000005
20
-86.1372319999999974
11
153.9217919999999822
21
-86.1372379999999964
0
LINE
8
BLACK
6
CONTINUOUS
10
153.9217919999999822
20
-86.1372379999999964
11
153.8764149999999802
21
-86.2400059999999939
0
LINE
8
BLACK
6
CONTINUOUS
10
153.8764149999999802
20
-86.2400059999999939
11
153.873500000000007
21
-86.2651339999999891
0
LINE
8
BLACK
6
CONTINUOUS
10
153.873500000000007
20
-86.2651339999999891
11
153.873500000000007
21
-87.2548579999999987
0
LINE
8
BLACK
6
CONTINUOUS
10
153.873500000000007
20
-87.2548579999999987
11
153.8735010000000045
21
-87.2548680000000019
0
LINE
8
BLACK
6
CONTINUOUS
10
153.8735010000000045
20
-87.2548680000000019
11
153.8764149999999802
21
-87.2799919999999929
0
LINE
8
BLACK
6
CONTINUOUS
10
153.8764149999999802
20
-87.2799919999999929
11
153.9217940000000056
21
-87.3827659999999895
0
LINE
8
BLACK
6
CONTINUOUS
10
153.9217940000000056
20
-87.3827659999999895
11
154.0012329999999849
21
-87.4622049999999973
0
LINE
8
BLACK
6
CONTINUOUS
10
154.0012329999999849
20
-87.4622049999999973
11
154.1040059999999983
21
-87.5075839999999943
0
LINE
8
BLACK
6
CONTINUOUS
10
154.1040059999999983
20
-87.5075839999999943
11
154.1040089999999907
21
-87.5075849999999917
0
LINE
8
BLACK
6
CONTINUOUS
10
154.1040089999999907
20
-87.5075849999999917
11
154.1291349999999909
21
-87.5104999999999933
0
LINE
8
BLACK
6
CONTINUOUS
10
154.1291349999999909
20
-87.5104999999999933
11
155.918863999999985
21
-87.5104989999999958
0
LINE
8
BLACK
6
CONTINUOUS
10
155.918863999999985
20
-87.5104989999999958
11
155.9439909999999827
21
-87.5075849999999917
0
LINE
8
BLACK
6
CONTINUOUS
10
155.9439909999999827
20
-87.5075849999999917
11
156.0467649999999935
21
-87.4622059999999948
0
LINE
8
BLACK
6
CONTINUOUS
10
156.0467649999999935
20
-87.4622059999999948
11
156.1262059999999963
21
-87.382764999999992
0
LINE
8
BLACK
6
CONTINUOUS
10
156.1262059999999963
20
-87.382764999999992
11
156.1715849999999932
21
-87.2799909999999954
0
LINE
8
BLACK
6
CONTINUOUS
10
156.1715849999999932
20
-87.2799909999999954
11
156.1744999999999948
21
-87.2548649999999952
0
LINE
8
BLACK
6
CONTINUOUS
10
156.1744999999999948
20
-87.2548649999999952
11
156.1744989999999973
21
-86.5095429999999936
0
LINE
8
BLACK
6
CONTINUOUS
10
156.1744989999999973
20
-86.5095429999999936
11
156.1888509999999997
21
-86.4748960000000011
0
LINE
8
BLACK
6
CONTINUOUS
10
156.1888509999999997
20
-86.4748960000000011
11
156.2138769999999965
21
-86.44986999999999
0
LINE
8
BLACK
6
CONTINUOUS
10
156.2138769999999965
20
-86.44986999999999
11
156.2964849999999899
21
-86.3672629999999941
0
LINE
8
BLACK
6
CONTINUOUS
10
156.2964849999999899
20
-86.3672629999999941
11
156.3525029999999845
21
-86.2702369999999945
0
LINE
8
BLACK
6
CONTINUOUS
10
156.3525029999999845
20
-86.2702369999999945
11
156.3657699999999977
21
-86.2207239999999899
0
LINE
8
BLACK
6
CONTINUOUS
10
156.3657699999999977
20
-86.2207239999999899
11
156.3788749999999936
21
-86.1718180000000018
0
LINE
8
BLACK
6
CONTINUOUS
10
156.3788749999999936
20
-86.1718180000000018
11
156.4017049999999927
21
-86.1420650000000023
0
LINE
8
BLACK
6
CONTINUOUS
10
156.4017049999999927
20
-86.1420650000000023
11
156.4262049999999817
21
-86.1354999999999933
0
LINE
8
BLACK
6
CONTINUOUS
10
156.4262049999999817
20
-86.1354999999999933
11
156.5861209999999915
21
-86.1354999999999933
0
LINE
8
BLACK
6
CONTINUOUS
10
156.5861209999999915
20
-86.1354999999999933
11
156.6725720000000024
21
-86.1251180000000005
0
LINE
8
BLACK
6
CONTINUOUS
10
156.6725720000000024
20
-86.1251180000000005
11
156.6725729999999999
21
-86.125117000000003
0
LINE
8
BLACK
6
CONTINUOUS
10
156.6725729999999999
20
-86.125117000000003
11
156.6725769999999898
21
-86.125117000000003
0
LINE
8
BLACK
6
CONTINUOUS
10
156.6725769999999898
20
-86.125117000000003
11
156.8101580000000013
21
-86.0708619999999911
0
LINE
8
BLACK
6
CONTINUOUS
10
156.8101580000000013
20
-86.0708619999999911
11
156.9279999999999973
21
-85.9814999999999969
0
LINE
8
BLACK
6
CONTINUOUS
10
156.9279999999999973
20
-85.9814999999999969
11
157.0173619999999914
21
-85.8636580000000009
0
LINE
8
BLACK
6
CONTINUOUS
10
157.0173619999999914
20
-85.8636580000000009
11
157.035948999999988
21
-85.8165229999999895
0
LINE
8
BLACK
6
CONTINUOUS
10
157.035948999999988
20
-85.8165229999999895
11
157.0620109999999841
21
-85.7895570000000021
0
LINE
8
BLACK
6
CONTINUOUS
10
157.0620109999999841
20
-85.7895570000000021
11
157.081532999999979
21
-85.785499999999999
0
LINE
8
BLACK
6
CONTINUOUS
10
157.081532999999979
20
-85.785499999999999
11
157.5018719999999917
21
-85.785499999999999
0
LINE
8
BLACK
6
CONTINUOUS
10
157.5018719999999917
20
-85.785499999999999
11
157.5365199999999959
21
-85.7998520000000013
0
LINE
8
BLACK
6
CONTINUOUS
10
157.5365199999999959
20
-85.7998520000000013
11
158.416214999999994
21
-86.679546000000002
0
LINE
8
BLACK
6
CONTINUOUS
10
158.416214999999994
20
-86.679546000000002
11
158.4162199999999814
21
-86.679552000000001
0
LINE
8
BLACK
6
CONTINUOUS
10
158.4162199999999814
20
-86.679552000000001
11
158.4179309999999816
21
-86.6812630000000013
0
LINE
8
BLACK
6
CONTINUOUS
10
158.4179309999999816
20
-86.6812630000000013
11
158.4971529999999973
21
-86.7604850000000027
0
LINE
8
BLACK
6
CONTINUOUS
10
158.4971529999999973
20
-86.7604850000000027
11
158.5933379999999886
21
-86.8160170000000022
0
LINE
8
BLACK
6
CONTINUOUS
10
158.5933379999999886
20
-86.8160170000000022
11
158.5933379999999886
21
-86.8160179999999997
0
LINE
8
BLACK
6
CONTINUOUS
10
158.5933379999999886
20
-86.8160179999999997
11
158.5938229999999862
21
-86.8162969999999916
0
LINE
8
BLACK
6
CONTINUOUS
10
158.5938229999999862
20
-86.8162969999999916
11
158.5941789999999969
21
-86.8165029999999973
0
LINE
8
BLACK
6
CONTINUOUS
10
158.5941789999999969
20
-86.8165029999999973
11
158.5941809999999919
21
-86.8165029999999973
0
LINE
8
BLACK
6
CONTINUOUS
10
158.5941809999999919
20
-86.8165029999999973
11
158.5941819999999893
21
-86.8165039999999948
0
LINE
8
BLACK
6
CONTINUOUS
10
158.5941819999999893
20
-86.8165039999999948
11
158.7023930000000007
21
-86.8454989999999896
0
LINE
8
BLACK
6
CONTINUOUS
10
158.7023930000000007
20
-86.8454989999999896
11
158.7023939999999982
21
-86.8455000000000013
0
LINE
8
BLACK
6
CONTINUOUS
10
158.7023939999999982
20
-86.8455000000000013
11
158.7023969999999906
21
-86.8455000000000013
0
LINE
8
BLACK
6
CONTINUOUS
10
158.7023969999999906
20
-86.8455000000000013
11
158.7023979999999881
21
-86.8455000000000013
0
LINE
8
BLACK
6
CONTINUOUS
10
158.7023979999999881
20
-86.8455000000000013
11
159.4754759999999862
21
-86.8455000000000013
0
LINE
8
BLACK
6
CONTINUOUS
10
159.4754759999999862
20
-86.8455000000000013
11
159.5101239999999905
21
-86.8598519999999894
0
LINE
8
BLACK
6
CONTINUOUS
10
159.5101239999999905
20
-86.8598519999999894
11
159.9990349999999921
21
-87.3487629999999911
0
LINE
8
BLACK
6
CONTINUOUS
10
159.9990349999999921
20
-87.3487629999999911
11
160.0782569999999794
21
-87.4279849999999925
0
LINE
8
BLACK
6
CONTINUOUS
10
160.0782569999999794
20
-87.4279849999999925
11
160.1137689999999907
21
-87.4484879999999976
0
LINE
8
BLACK
6
CONTINUOUS
10
160.1137689999999907
20
-87.4484879999999976
11
160.1380379999999946
21
-87.4624999999999915
0
LINE
8
BLACK
6
CONTINUOUS
10
160.1380379999999946
20
-87.4624999999999915
11
162.2539400000000001
21
-87.4624999999999915
0
LINE
8
BLACK
6
CONTINUOUS
10
162.2539400000000001
20
-87.4624999999999915
11
162.2559669999999983
21
-87.4594669999999894
0
LINE
8
BLACK
6
CONTINUOUS
10
162.2559669999999983
20
-87.4594669999999894
11
162.2802989999999852
21
-87.443208999999996
0
LINE
8
BLACK
6
CONTINUOUS
10
162.2802989999999852
20
-87.443208999999996
11
162.3089999999999975
21
-87.4375
0
LINE
8
BLACK
6
CONTINUOUS
10
162.3089999999999975
20
-87.4375
11
163.6339999999999861
21
-87.4375
0
LINE
8
BLACK
6
CONTINUOUS
10
163.6339999999999861
20
-87.4375
11
163.6627009999999984
21
-87.443208999999996
0
LINE
8
BLACK
6
CONTINUOUS
10
163.6627009999999984
20
-87.443208999999996
11
163.6870329999999853
21
-87.4594669999999894
0
LINE
8
BLACK
6
CONTINUOUS
10
163.6870329999999853
20
-87.4594669999999894
11
163.6890599999999836
21
-87.4624999999999915
0
LINE
8
BLACK
6
CONTINUOUS
10
163.6890599999999836
20
-87.4624999999999915
11
163.8650370000000009
21
-87.4624999999999915
0
LINE
8
BLACK
6
CONTINUOUS
10
163.8650370000000009
20
-87.4624999999999915
11
163.9438260000000014
21
-87.383710999999991
0
LINE
8
BLACK
6
CONTINUOUS
10
163.9438260000000014
20
-87.383710999999991
11
163.9988659999999925
21
-87.2711249999999978
0
LINE
8
BLACK
6
CONTINUOUS
10
163.9988659999999925
20
-87.2711249999999978
11
164.0095000000000027
21
-87.198135999999991
0
LINE
8
BLACK
6
CONTINUOUS
10
164.0095000000000027
20
-87.198135999999991
11
164.0095000000000027
21
-86.976863999999992
0
LINE
8
BLACK
6
CONTINUOUS
10
164.0095000000000027
20
-86.976863999999992
11
163.9988659999999925
21
-86.9038749999999993
0
LINE
8
BLACK
6
CONTINUOUS
10
163.9988659999999925
20
-86.9038749999999993
11
163.9769359999999949
21
-86.8590179999999918
0
LINE
8
BLACK
6
CONTINUOUS
10
163.9769359999999949
20
-86.8590179999999918
11
163.9746130000000051
21
-86.8215900000000005
0
LINE
8
BLACK
6
CONTINUOUS
10
163.9746130000000051
20
-86.8215900000000005
11
163.9769309999999791
21
-86.8159929999999918
0
LINE
8
BLACK
6
CONTINUOUS
10
163.9769309999999791
20
-86.8159929999999918
11
163.9988659999999925
21
-86.7711249999999978
0
LINE
8
BLACK
6
CONTINUOUS
10
163.9988659999999925
20
-86.7711249999999978
11
164.0095000000000027
21
-86.698135999999991
0
LINE
8
BLACK
6
CONTINUOUS
10
164.0095000000000027
20
-86.698135999999991
11
164.0095000000000027
21
-86.476863999999992
0
LINE
8
BLACK
6
CONTINUOUS
10
164.0095000000000027
20
-86.476863999999992
11
164.0092129999999884
21
-86.4748960000000011
0
LINE
8
BLACK
6
CONTINUOUS
10
164.0092129999999884
20
-86.4748960000000011
11
164.005566999999985
21
-86.44986999999999
0
LINE
8
BLACK
6
CONTINUOUS
10
164.005566999999985
20
-86.44986999999999
11
163.9988659999999925
21
-86.4038749999999993
0
LINE
8
BLACK
6
CONTINUOUS
10
163.9988659999999925
20
-86.4038749999999993
11
163.9769359999999949
21
-86.3590179999999918
0
LINE
8
BLACK
6
CONTINUOUS
10
163.9769359999999949
20
-86.3590179999999918
11
163.9746130000000051
21
-86.3215900000000005
0
LINE
8
BLACK
6
CONTINUOUS
10
163.9746130000000051
20
-86.3215900000000005
11
163.9769309999999791
21
-86.3159929999999918
0
LINE
8
BLACK
6
CONTINUOUS
10
163.9769309999999791
20
-86.3159929999999918
11
163.9988659999999925
21
-86.2711249999999978
0
LINE
8
BLACK
6
CONTINUOUS
10
163.9988659999999925
20
-86.2711249999999978
11
164.0095000000000027
21
-86.198135999999991
0
LINE
8
BLACK
6
CONTINUOUS
10
164.0095000000000027
20
-86.198135999999991
11
164.0095000000000027
21
-85.976863999999992
0
LINE
8
BLACK
6
CONTINUOUS
10
164.0095000000000027
20
-85.976863999999992
11
163.9988659999999925
21
-85.9038749999999993
0
LINE
8
BLACK
6
CONTINUOUS
10
163.9988659999999925
20
-85.9038749999999993
11
163.9769359999999949
21
-85.8590179999999918
0
LINE
8
BLACK
6
CONTINUOUS
10
163.9769359999999949
20
-85.8590179999999918
11
163.9746130000000051
21
-85.8215900000000005
0
LINE
8
BLACK
6
CONTINUOUS
10
163.9746130000000051
20
-85.8215900000000005
11
163.9769309999999791
21
-85.8159929999999918
0
LINE
8
BLACK
6
CONTINUOUS
10
163.9769309999999791
20
-85.8159929999999918
11
163.9988659999999925
21
-85.7711249999999978
0
LINE
8
BLACK
6
CONTINUOUS
10
163.9988659999999925
20
-85.7711249999999978
11
164.0095000000000027
21
-85.698135999999991
0
LINE
8
BLACK
6
CONTINUOUS
10
164.0095000000000027
20
-85.698135999999991
11
164.0095000000000027
21
-85.476863999999992
0
LINE
8
BLACK
6
CONTINUOUS
10
164.0095000000000027
20
-85.476863999999992
11
164.0093009999999936
21
-85.4754999999999967
0
LINE
8
BLACK
6
CONTINUOUS
10
164.0093009999999936
20
-85.4754999999999967
11
164.0040180000000021
21
-85.4392369999999914
0
LINE
8
BLACK
6
CONTINUOUS
10
164.0040180000000021
20
-85.4392369999999914
11
163.9988659999999925
21
-85.4038749999999993
0
LINE
8
BLACK
6
CONTINUOUS
10
163.9988659999999925
20
-85.4038749999999993
11
163.9769359999999949
21
-85.3590179999999918
0
LINE
8
BLACK
6
CONTINUOUS
10
163.9769359999999949
20
-85.3590179999999918
11
163.9746130000000051
21
-85.3215900000000005
0
LINE
8
BLACK
6
CONTINUOUS
10
163.9746130000000051
20
-85.3215900000000005
11
163.9769309999999791
21
-85.3159929999999918
0
LINE
8
BLACK
6
CONTINUOUS
10
163.9769309999999791
20
-85.3159929999999918
11
163.9988659999999925
21
-85.2711249999999978
0
LINE
8
BLACK
6
CONTINUOUS
10
163.9988659999999925
20
-85.2711249999999978
11
164.0095000000000027
21
-85.198135999999991
0
LINE
8
BLACK
6
CONTINUOUS
10
164.0095000000000027
20
-85.198135999999991
11
164.0095000000000027
21
-84.976863999999992
0
LINE
8
BLACK
6
CONTINUOUS
10
164.0095000000000027
20
-84.976863999999992
11
163.9988659999999925
21
-84.9038749999999993
0
LINE
8
BLACK
6
CONTINUOUS
10
163.9988659999999925
20
-84.9038749999999993
11
163.9769359999999949
21
-84.8590179999999918
0
LINE
8
BLACK
6
CONTINUOUS
10
163.9769359999999949
20
-84.8590179999999918
11
163.9746130000000051
21
-84.8215900000000005
0
LINE
8
BLACK
6
CONTINUOUS
10
163.9746130000000051
20
-84.8215900000000005
11
163.9769309999999791
21
-84.8159929999999918
0
LINE
8
BLACK
6
CONTINUOUS
10
163.9769309999999791
20
-84.8159929999999918
11
163.9988659999999925
21
-84.7711249999999978
0
LINE
8
BLACK
6
CONTINUOUS
10
163.9988659999999925
20
-84.7711249999999978
11
164.0095000000000027
21
-84.698135999999991
0
LINE
8
BLACK
6
CONTINUOUS
10
164.0095000000000027
20
-84.698135999999991
11
164.0095000000000027
21
-84.476863999999992
0
LINE
8
BLACK
6
CONTINUOUS
10
164.0095000000000027
20
-84.476863999999992
11
163.9988659999999925
21
-84.4038749999999993
0
LINE
8
BLACK
6
CONTINUOUS
10
163.9988659999999925
20
-84.4038749999999993
11
163.9769359999999949
21
-84.3590179999999918
0
LINE
8
BLACK
6
CONTINUOUS
10
163.9769359999999949
20
-84.3590179999999918
11
163.9746130000000051
21
-84.3215900000000005
0
LINE
8
BLACK
6
CONTINUOUS
10
163.9746130000000051
20
-84.3215900000000005
11
163.9769309999999791
21
-84.3159929999999918
0
LINE
8
BLACK
6
CONTINUOUS
10
163.9769309999999791
20
-84.3159929999999918
11
163.9988659999999925
21
-84.2711249999999978
0
LINE
8
BLACK
6
CONTINUOUS
10
163.9988659999999925
20
-84.2711249999999978
11
164.0095000000000027
21
-84.198135999999991
0
LINE
8
BLACK
6
CONTINUOUS
10
164.0095000000000027
20
-84.198135999999991
11
164.0095000000000027
21
-83.976863999999992
0
LINE
8
BLACK
6
CONTINUOUS
10
164.0095000000000027
20
-83.976863999999992
11
163.9988659999999925
21
-83.9038749999999993
0
LINE
8
BLACK
6
CONTINUOUS
10
163.9988659999999925
20
-83.9038749999999993
11
163.9438260000000014
21
-83.7912889999999919
0
LINE
8
BLACK
6
CONTINUOUS
10
163.9438260000000014
20
-83.7912889999999919
11
163.8552109999999971
21
-83.7026740000000018
0
LINE
8
BLACK
6
CONTINUOUS
10
163.8552109999999971
20
-83.7026740000000018
11
163.8552099999999996
21
-83.7026729999999901
0
LINE
8
BLACK
6
CONTINUOUS
10
163.8552099999999996
20
-83.7026729999999901
11
163.8552080000000046
21
-83.7026719999999926
0
LINE
8
BLACK
6
CONTINUOUS
10
163.8552080000000046
20
-83.7026719999999926
11
163.7426279999999963
21
-83.647634999999994
0
LINE
8
BLACK
6
CONTINUOUS
10
163.7426279999999963
20
-83.647634999999994
11
163.7426260000000013
21
-83.6476339999999965
0
LINE
8
BLACK
6
CONTINUOUS
10
163.7426260000000013
20
-83.6476339999999965
11
163.669637999999992
21
-83.6370000000000005
0
LINE
8
BLACK
6
CONTINUOUS
10
163.669637999999992
20
-83.6370000000000005
11
163.669635999999997
21
-83.6370000000000005
0
LINE
8
BLACK
6
CONTINUOUS
10
163.669635999999997
20
-83.6370000000000005
11
163.1430440000000033
21
-83.6370000000000005
0
LINE
8
BLACK
6
CONTINUOUS
10
163.1430440000000033
20
-83.6370000000000005
11
163.108395999999999
21
-83.6226479999999981
0
LINE
8
BLACK
6
CONTINUOUS
10
163.108395999999999
20
-83.6226479999999981
11
162.1572929999999815
21
-82.6715449999999947
0
LINE
8
BLACK
6
CONTINUOUS
10
162.1572929999999815
20
-82.6715449999999947
11
162.1456909999999993
21
-82.6530810000000002
0
LINE
8
BLACK
6
CONTINUOUS
10
162.1456909999999993
20
-82.6530810000000002
11
162.1404650000000061
21
-82.6381469999999894
0
LINE
8
BLACK
6
CONTINUOUS
10
162.1404650000000061
20
-82.6381469999999894
11
162.1097890000000064
21
-82.5504779999999982
0
LINE
8
BLACK
6
CONTINUOUS
10
162.1097890000000064
20
-82.5504779999999982
11
162.1097879999999805
21
-82.5504770000000008
0
LINE
8
BLACK
6
CONTINUOUS
10
162.1097879999999805
20
-82.5504770000000008
11
162.109786999999983
21
-82.5504729999999967
0
LINE
8
BLACK
6
CONTINUOUS
10
162.109786999999983
20
-82.5504729999999967
11
162.0186740000000043
21
-82.4054689999999965
0
LINE
8
BLACK
6
CONTINUOUS
10
162.0186740000000043
20
-82.4054689999999965
11
162.0138159999999914
21
-82.3977379999999897
0
LINE
8
BLACK
6
CONTINUOUS
10
162.0138159999999914
20
-82.3977379999999897
11
161.8862619999999879
21
-82.2701840000000004
0
LINE
8
BLACK
6
CONTINUOUS
10
161.8862619999999879
20
-82.2701840000000004
11
161.8862589999999955
21
-82.2701819999999913
0
LINE
8
BLACK
6
CONTINUOUS
10
161.8862589999999955
20
-82.2701819999999913
11
161.7335259999999835
21
-82.1742119999999971
0
LINE
8
BLACK
6
CONTINUOUS
10
161.7335259999999835
20
-82.1742119999999971
11
161.5632579999999905
21
-82.1146329999999978
0
LINE
8
BLACK
6
CONTINUOUS
10
161.5632579999999905
20
-82.1146329999999978
11
161.563256999999993
21
-82.1146320000000003
0
LINE
8
BLACK
6
CONTINUOUS
10
161.563256999999993
20
-82.1146320000000003
11
161.5632549999999981
21
-82.1146320000000003
0
LINE
8
BLACK
6
CONTINUOUS
10
161.5632549999999981
20
-82.1146320000000003
11
161.5632509999999797
21
-82.1146310000000028
0
LINE
8
BLACK
6
CONTINUOUS
10
161.5632509999999797
20
-82.1146310000000028
11
161.5632489999999848
21
-82.1146310000000028
0
LINE
8
BLACK
6
CONTINUOUS
10
161.5632489999999848
20
-82.1146310000000028
11
161.3839999999999861
21
-82.0944349999999901
0
LINE
8
BLACK
6
CONTINUOUS
10
161.3839999999999861
20
-82.0944349999999901
11
161.20474999999999
21
-82.1146310000000028
0
LINE
8
BLACK
6
CONTINUOUS
10
161.20474999999999
20
-82.1146310000000028
11
161.2047409999999843
21
-82.1146329999999978
0
LINE
8
BLACK
6
CONTINUOUS
10
161.2047409999999843
20
-82.1146329999999978
11
161.0344729999999913
21
-82.1742119999999971
0
LINE
8
BLACK
6
CONTINUOUS
10
161.0344729999999913
20
-82.1742119999999971
11
160.8817399999999793
21
-82.2701819999999913
0
LINE
8
BLACK
6
CONTINUOUS
10
160.8817399999999793
20
-82.2701819999999913
11
160.8817359999999894
21
-82.2701849999999979
0
LINE
8
BLACK
6
CONTINUOUS
10
160.8817359999999894
20
-82.2701849999999979
11
160.7541850000000068
21
-82.3977359999999948
0
LINE
8
BLACK
6
CONTINUOUS
10
160.7541850000000068
20
-82.3977359999999948
11
160.7541819999999859
21
-82.3977399999999989
0
LINE
8
BLACK
6
CONTINUOUS
10
160.7541819999999859
20
-82.3977399999999989
11
160.6582119999999918
21
-82.5504729999999967
0
LINE
8
BLACK
6
CONTINUOUS
10
160.6582119999999918
20
-82.5504729999999967
11
160.5986330000000066
21
-82.7207409999999896
0
LINE
8
BLACK
6
CONTINUOUS
10
160.5986330000000066
20
-82.7207409999999896
11
160.5986309999999833
21
-82.7207499999999953
0
LINE
8
BLACK
6
CONTINUOUS
10
160.5986309999999833
20
-82.7207499999999953
11
160.5784349999999847
21
-82.8999999999999915
0
LINE
8
BLACK
6
CONTINUOUS
10
160.5784349999999847
20
-82.8999999999999915
11
160.5986309999999833
21
-83.0792489999999901
0
LINE
8
BLACK
6
CONTINUOUS
10
160.5986309999999833
20
-83.0792489999999901
11
160.5986330000000066
21
-83.0792579999999958
0
LINE
8
BLACK
6
CONTINUOUS
10
160.5986330000000066
20
-83.0792579999999958
11
160.6582119999999918
21
-83.249526000000003
0
LINE
8
BLACK
6
CONTINUOUS
10
160.6582119999999918
20
-83.249526000000003
11
160.7497569999999882
21
-83.3952159999999907
0
LINE
8
BLACK
6
CONTINUOUS
10
160.7497569999999882
20
-83.3952159999999907
11
160.7541839999999809
21
-83.4022619999999932
0
LINE
8
BLACK
6
CONTINUOUS
10
160.7541839999999809
20
-83.4022619999999932
11
160.8817379999999844
21
-83.5298159999999967
0
LINE
8
BLACK
6
CONTINUOUS
10
160.8817379999999844
20
-83.5298159999999967
11
160.8817399999999793
21
-83.5298169999999942
0
LINE
8
BLACK
6
CONTINUOUS
10
160.8817399999999793
20
-83.5298169999999942
11
161.0344729999999913
21
-83.6257870000000025
0
LINE
8
BLACK
6
CONTINUOUS
10
161.0344729999999913
20
-83.6257870000000025
11
161.0344769999999812
21
-83.625788
0
LINE
8
BLACK
6
CONTINUOUS
10
161.0344769999999812
20
-83.625788
11
161.0344779999999787
21
-83.6257889999999975
0
LINE
8
BLACK
6
CONTINUOUS
10
161.0344779999999787
20
-83.6257889999999975
11
161.2047450000000026
21
-83.6853679999999969
0
LINE
8
BLACK
6
CONTINUOUS
10
161.2047450000000026
20
-83.6853679999999969
11
161.3839999999999861
21
-83.7055649999999929
0
LINE
8
BLACK
6
CONTINUOUS
10
161.3839999999999861
20
-83.7055649999999929
11
161.5632549999999981
21
-83.6853679999999969
0
LINE
8
BLACK
6
CONTINUOUS
10
161.5632549999999981
20
-83.6853679999999969
11
161.7335219999999936
21
-83.6257889999999975
0
LINE
8
BLACK
6
CONTINUOUS
10
161.7335219999999936
20
-83.6257889999999975
11
161.8076099999999826
21
-83.5792339999999996
0
LINE
8
BLACK
6
CONTINUOUS
10
161.8076099999999826
20
-83.5792339999999996
11
161.8445830000000001
21
-83.5729520000000008
0
LINE
8
BLACK
6
CONTINUOUS
10
161.8445830000000001
20
-83.5729520000000008
11
161.8683279999999911
21
-83.5860759999999914
0
LINE
8
BLACK
6
CONTINUOUS
10
161.8683279999999911
20
-83.5860759999999914
11
162.0017079999999794
21
-83.7194559999999939
0
LINE
8
BLACK
6
CONTINUOUS
10
162.0017079999999794
20
-83.7194559999999939
11
162.0160599999999818
21
-83.7541039999999981
0
LINE
8
BLACK
6
CONTINUOUS
10
162.0160599999999818
20
-83.7541039999999981
11
162.0017149999999901
21
-83.7887460000000033
0
LINE
8
BLACK
6
CONTINUOUS
10
162.0017149999999901
20
-83.7887460000000033
11
161.9991770000000031
21
-83.7912839999999903
0
LINE
8
BLACK
6
CONTINUOUS
10
161.9991770000000031
20
-83.7912839999999903
11
161.9991729999999848
21
-83.7912889999999919
0
LINE
8
BLACK
6
CONTINUOUS
10
161.9991729999999848
20
-83.7912889999999919
11
161.9441349999999886
21
-83.9038709999999952
0
LINE
8
BLACK
6
CONTINUOUS
10
161.9441349999999886
20
-83.9038709999999952
11
161.9441339999999911
21
-83.9038729999999902
0
LINE
8
BLACK
6
CONTINUOUS
10
161.9441339999999911
20
-83.9038729999999902
11
161.9334999999999809
21
-83.976861999999997
0
LINE
8
BLACK
6
CONTINUOUS
10
161.9334999999999809
20
-83.976861999999997
11
161.9334999999999809
21
-84.1129999999999995
0
LINE
8
BLACK
6
CONTINUOUS
10
161.9334999999999809
20
-84.1129999999999995
11
161.9191479999999785
21
-84.1476479999999896
0
LINE
8
BLACK
6
CONTINUOUS
10
161.9191479999999785
20
-84.1476479999999896
11
161.8845000000000027
21
-84.1619999999999919
0
LINE
8
BLACK
6
CONTINUOUS
10
161.8845000000000027
20
-84.1619999999999919
11
161.2180439999999919
21
-84.1619999999999919
0
LINE
8
BLACK
6
CONTINUOUS
10
161.2180439999999919
20
-84.1619999999999919
11
161.1833959999999877
21
-84.1476479999999896
0
LINE
8
BLACK
6
CONTINUOUS
10
161.1833959999999877
20
-84.1476479999999896
11
160.465611999999993
21
-83.4298639999999949
0
LINE
8
BLACK
6
CONTINUOUS
10
160.465611999999993
20
-83.4298639999999949
11
160.4512599999999907
21
-83.3952159999999907
0
LINE
8
BLACK
6
CONTINUOUS
10
160.4512599999999907
20
-83.3952159999999907
11
160.4515679999999804
21
-83.3897300000000001
0
LINE
8
BLACK
6
CONTINUOUS
10
160.4515679999999804
20
-83.3897300000000001
11
160.4608169999999916
21
-83.3076409999999896
0
LINE
8
BLACK
6
CONTINUOUS
10
160.4608169999999916
20
-83.3076409999999896
11
160.4695649999999887
21
-83.2299999999999898
0
LINE
8
BLACK
6
CONTINUOUS
10
160.4695649999999887
20
-83.2299999999999898
11
160.4493679999999927
21
-83.050744999999992
0
LINE
8
BLACK
6
CONTINUOUS
10
160.4493679999999927
20
-83.050744999999992
11
160.3897889999999791
21
-82.8804779999999965
0
LINE
8
BLACK
6
CONTINUOUS
10
160.3897889999999791
20
-82.8804779999999965
11
160.3897879999999816
21
-82.8804769999999991
0
LINE
8
BLACK
6
CONTINUOUS
10
160.3897879999999816
20
-82.8804769999999991
11
160.3897869999999841
21
-82.880472999999995
0
LINE
8
BLACK
6
CONTINUOUS
10
160.3897869999999841
20
-82.880472999999995
11
160.3105189999999993
21
-82.7543209999999902
0
LINE
8
BLACK
6
CONTINUOUS
10
160.3105189999999993
20
-82.7543209999999902
11
160.2938159999999925
21
-82.7277380000000022
0
LINE
8
BLACK
6
CONTINUOUS
10
160.2938159999999925
20
-82.7277380000000022
11
160.166261999999989
21
-82.6001839999999987
0
LINE
8
BLACK
6
CONTINUOUS
10
160.166261999999989
20
-82.6001839999999987
11
160.1662589999999966
21
-82.6001819999999896
0
LINE
8
BLACK
6
CONTINUOUS
10
160.1662589999999966
20
-82.6001819999999896
11
160.1124299999999891
21
-82.5663579999999939
0
LINE
8
BLACK
6
CONTINUOUS
10
160.1124299999999891
20
-82.5663579999999939
11
160.0907279999999844
21
-82.5357719999999944
0
LINE
8
BLACK
6
CONTINUOUS
10
160.0907279999999844
20
-82.5357719999999944
11
160.0894999999999868
21
-82.5248689999999954
0
LINE
8
BLACK
6
CONTINUOUS
10
160.0894999999999868
20
-82.5248689999999954
11
160.0894999999999868
21
-82.3719999999999999
0
LINE
8
BLACK
6
CONTINUOUS
10
160.0894999999999868
20
-82.3719999999999999
11
160.1038519999999892
21
-82.3373519999999957
0
LINE
8
BLACK
6
CONTINUOUS
10
160.1038519999999892
20
-82.3373519999999957
11
160.1384999999999934
21
-82.3229999999999933
0
LINE
8
BLACK
6
CONTINUOUS
10
160.1384999999999934
20
-82.3229999999999933
11
160.3736209999999858
21
-82.3229999999999933
0
LINE
8
BLACK
6
CONTINUOUS
10
160.3736209999999858
20
-82.3229999999999933
11
160.4600719999999967
21
-82.3126180000000005
0
LINE
8
BLACK
6
CONTINUOUS
10
160.4600719999999967
20
-82.3126180000000005
11
160.4600729999999942
21
-82.312617000000003
0
LINE
8
BLACK
6
CONTINUOUS
10
160.4600729999999942
20
-82.312617000000003
11
160.4600769999999841
21
-82.312617000000003
0
LINE
8
BLACK
6
CONTINUOUS
10
160.4600769999999841
20
-82.312617000000003
11
160.5976579999999956
21
-82.2583619999999911
0
LINE
8
BLACK
6
CONTINUOUS
10
160.5976579999999956
20
-82.2583619999999911
11
160.7154999999999916
21
-82.1689999999999969
0
LINE
8
BLACK
6
CONTINUOUS
10
160.7154999999999916
20
-82.1689999999999969
11
160.8048619999999858
21
-82.0511580000000009
0
LINE
8
BLACK
6
CONTINUOUS
10
160.8048619999999858
20
-82.0511580000000009
11
160.8591169999999977
21
-81.9135769999999894
0
LINE
8
BLACK
6
CONTINUOUS
10
160.8591169999999977
20
-81.9135769999999894
11
160.8596699999999942
21
-81.9089779999999905
0
LINE
8
BLACK
6
CONTINUOUS
10
160.8596699999999942
20
-81.9089779999999905
11
160.8694999999999879
21
-81.8271209999999911
0
LINE
8
BLACK
6
CONTINUOUS
10
160.8694999999999879
20
-81.8271209999999911
11
160.8694999999999879
21
-81.2428779999999904
0
LINE
8
BLACK
6
CONTINUOUS
10
160.8694999999999879
20
-81.2428779999999904
11
160.8591179999999952
21
-81.1564269999999937
0
LINE
8
BLACK
6
CONTINUOUS
10
160.8591179999999952
20
-81.1564269999999937
11
160.8591169999999977
21
-81.1564249999999987
0
LINE
8
BLACK
6
CONTINUOUS
10
160.8591169999999977
20
-81.1564249999999987
11
160.8591169999999977
21
-81.1564229999999895
0
LINE
8
BLACK
6
CONTINUOUS
10
160.8591169999999977
20
-81.1564229999999895
11
160.8048619999999858
21
-81.0188419999999923
0
LINE
8
BLACK
6
CONTINUOUS
10
160.8048619999999858
20
-81.0188419999999923
11
160.7154999999999916
21
-80.9009999999999962
0
LINE
8
BLACK
6
CONTINUOUS
10
160.7154999999999916
20
-80.9009999999999962
11
160.608128999999991
21
-80.8195779999999928
0
LINE
8
BLACK
6
CONTINUOUS
10
160.608128999999991
20
-80.8195779999999928
11
160.5976599999999905
21
-80.8116389999999996
0
LINE
8
BLACK
6
CONTINUOUS
10
160.5976599999999905
20
-80.8116389999999996
11
160.5976579999999956
21
-80.8116380000000021
0
LINE
8
BLACK
6
CONTINUOUS
10
160.5976579999999956
20
-80.8116380000000021
11
160.4600769999999841
21
-80.7573829999999901
0
LINE
8
BLACK
6
CONTINUOUS
10
160.4600769999999841
20
-80.7573829999999901
11
160.4600749999999891
21
-80.7573819999999927
0
LINE
8
BLACK
6
CONTINUOUS
10
160.4600749999999891
20
-80.7573819999999927
11
160.4600709999999992
21
-80.7573809999999952
0
LINE
8
BLACK
6
CONTINUOUS
10
160.4600709999999992
20
-80.7573809999999952
11
160.4600719999999967
21
-80.7573809999999952
0
LINE
8
BLACK
6
CONTINUOUS
10
160.4600719999999967
20
-80.7573809999999952
11
160.3736209999999858
21
-80.7469999999999999
0
LINE
8
BLACK
6
CONTINUOUS
10
160.3736209999999858
20
-80.7469999999999999
11
160.3736179999999933
21
-80.7469999999999999
0
LINE
8
BLACK
6
CONTINUOUS
10
160.3736179999999933
20
-80.7469999999999999
11
159.8143819999999948
21
-80.7469999999999999
0
LINE
8
BLACK
6
CONTINUOUS
10
159.8143819999999948
20
-80.7469999999999999
11
159.8143790000000024
21
-80.7469999999999999
0
LINE
8
BLACK
6
CONTINUOUS
10
159.8143790000000024
20
-80.7469999999999999
11
159.727926999999994
21
-80.7573809999999952
0
LINE
8
BLACK
6
CONTINUOUS
10
159.727926999999994
20
-80.7573809999999952
11
159.5903390000000002
21
-80.8116389999999996
0
LINE
8
BLACK
6
CONTINUOUS
10
159.5903390000000002
20
-80.8116389999999996
11
159.4724999999999966
21
-80.9009999999999962
0
LINE
8
BLACK
6
CONTINUOUS
10
159.4724999999999966
20
-80.9009999999999962
11
159.3831389999999999
21
-81.0188389999999998
0
LINE
8
BLACK
6
CONTINUOUS
10
159.3831389999999999
20
-81.0188389999999998
11
159.3288809999999955
21
-81.1564269999999937
0
LINE
8
BLACK
6
CONTINUOUS
10
159.3288809999999955
20
-81.1564269999999937
11
159.3185000000000002
21
-81.2428779999999904
0
LINE
8
BLACK
6
CONTINUOUS
10
159.3185000000000002
20
-81.2428779999999904
11
159.3185000000000002
21
-81.6992929999999973
0
LINE
8
BLACK
6
CONTINUOUS
10
159.3185000000000002
20
-81.6992929999999973
11
159.3119350000000054
21
-81.7237930000000006
0
LINE
8
BLACK
6
CONTINUOUS
10
159.3119350000000054
20
-81.7237930000000006
11
159.2674969999999917
21
-81.8007599999999968
0
LINE
8
BLACK
6
CONTINUOUS
10
159.2674969999999917
20
-81.8007599999999968
11
159.2674959999999942
21
-81.8007640000000009
0
LINE
8
BLACK
6
CONTINUOUS
10
159.2674959999999942
20
-81.8007640000000009
11
159.2384999999999877
21
-81.9089779999999905
0
LINE
8
BLACK
6
CONTINUOUS
10
159.2384999999999877
20
-81.9089779999999905
11
159.2384999999999877
21
-82.5248689999999954
0
LINE
8
BLACK
6
CONTINUOUS
10
159.2384999999999877
20
-82.5248689999999954
11
159.2241479999999854
21
-82.5595169999999996
0
LINE
8
BLACK
6
CONTINUOUS
10
159.2241479999999854
20
-82.5595169999999996
11
159.2155699999999854
21
-82.5663579999999939
0
LINE
8
BLACK
6
CONTINUOUS
10
159.2155699999999854
20
-82.5663579999999939
11
159.1617399999999805
21
-82.6001819999999896
0
LINE
8
BLACK
6
CONTINUOUS
10
159.1617399999999805
20
-82.6001819999999896
11
159.1617359999999906
21
-82.6001849999999962
0
LINE
8
BLACK
6
CONTINUOUS
10
159.1617359999999906
20
-82.6001849999999962
11
159.0341849999999795
21
-82.7277359999999931
0
LINE
8
BLACK
6
CONTINUOUS
10
159.0341849999999795
20
-82.7277359999999931
11
159.0341819999999871
21
-82.7277399999999972
0
LINE
8
BLACK
6
CONTINUOUS
10
159.0341819999999871
20
-82.7277399999999972
11
159.002081000000004
21
-82.7788269999999926
0
LINE
8
BLACK
6
CONTINUOUS
10
159.002081000000004
20
-82.7788269999999926
11
158.971494000000007
21
-82.8005289999999974
0
LINE
8
BLACK
6
CONTINUOUS
10
158.971494000000007
20
-82.8005289999999974
11
158.934521999999987
21
-82.7942460000000011
0
LINE
8
BLACK
6
CONTINUOUS
10
158.934521999999987
20
-82.7942460000000011
11
158.9128199999999822
21
-82.7636589999999899
0
LINE
8
BLACK
6
CONTINUOUS
10
158.9128199999999822
20
-82.7636589999999899
11
158.9119189999999833
21
-82.7471079999999972
0
LINE
8
BLACK
6
CONTINUOUS
10
158.9119189999999833
20
-82.7471079999999972
11
158.9144990000000064
21
-82.7248769999999922
0
LINE
8
BLACK
6
CONTINUOUS
10
158.9144990000000064
20
-82.7248769999999922
11
158.9144990000000064
21
-82.7248730000000023
0
LINE
8
BLACK
6
CONTINUOUS
10
158.9144990000000064
20
-82.7248730000000023
11
158.9145000000000039
21
-82.7248649999999941
0
LINE
8
BLACK
6
CONTINUOUS
10
158.9145000000000039
20
-82.7248649999999941
11
158.9144990000000064
21
-80.5351359999999943
0
LINE
8
BLACK
6
CONTINUOUS
10
158.9144990000000064
20
-80.5351359999999943
11
158.9115850000000023
21
-80.5100089999999966
0
LINE
8
BLACK
6
CONTINUOUS
10
158.9115850000000023
20
-80.5100089999999966
11
158.8662060000000054
21
-80.407235
0
LINE
8
BLACK
6
CONTINUOUS
10
158.8662060000000054
20
-80.407235
11
158.8662049999999795
21
-80.4072340000000025
0
LINE
8
BLACK
6
CONTINUOUS
10
158.8662049999999795
20
-80.4072340000000025
11
158.8662049999999795
21
-80.4072329999999909
0
LINE
8
BLACK
6
CONTINUOUS
10
158.8662049999999795
20
-80.4072329999999909
11
158.7867650000000026
21
-80.3277929999999998
0
LINE
8
BLACK
6
CONTINUOUS
10
158.7867650000000026
20
-80.3277929999999998
11
158.7687059999999803
21
-80.3198189999999954
0
LINE
8
BLACK
6
CONTINUOUS
10
158.7687059999999803
20
-80.3198189999999954
11
158.7428079999999966
21
-80.2926939999999973
0
LINE
8
BLACK
6
CONTINUOUS
10
158.7428079999999966
20
-80.2926939999999973
11
158.7394999999999925
21
-80.2749949999999899
0
LINE
8
BLACK
6
CONTINUOUS
10
158.7394999999999925
20
-80.2749949999999899
11
158.7394999999999925
21
-79.4178780000000017
0
LINE
8
BLACK
6
CONTINUOUS
10
158.7394999999999925
20
-79.4178780000000017
11
158.7394999999999925
21
-77.6105439999999902
0
LINE
8
BLACK
6
CONTINUOUS
10
158.7394999999999925
20
-77.6105439999999902
11
158.7538519999999949
21
-77.5758960000000002
0
LINE
8
BLACK
6
CONTINUOUS
10
158.7538519999999949
20
-77.5758960000000002
11
159.358395999999999
21
-76.971351999999996
0
LINE
8
BLACK
6
CONTINUOUS
10
159.358395999999999
20
-76.971351999999996
11
159.3930440000000033
21
-76.9569999999999936
0
LINE
8
BLACK
6
CONTINUOUS
10
159.3930440000000033
20
-76.9569999999999936
11
159.8886210000000005
21
-76.9569999999999936
0
LINE
8
BLACK
6
CONTINUOUS
10
159.8886210000000005
20
-76.9569999999999936
11
159.9750719999999831
21
-76.9466180000000008
0
LINE
8
BLACK
6
CONTINUOUS
10
159.9750719999999831
20
-76.9466180000000008
11
159.9750729999999805
21
-76.9466170000000034
0
LINE
8
BLACK
6
CONTINUOUS
10
159.9750729999999805
20
-76.9466170000000034
11
159.9750769999999989
21
-76.9466170000000034
0
LINE
8
BLACK
6
CONTINUOUS
10
159.9750769999999989
20
-76.9466170000000034
11
160.1126579999999819
21
-76.8923619999999914
0
LINE
8
BLACK
6
CONTINUOUS
10
160.1126579999999819
20
-76.8923619999999914
11
160.2305000000000064
21
-76.8029999999999973
0
LINE
8
BLACK
6
CONTINUOUS
10
160.2305000000000064
20
-76.8029999999999973
11
160.3198620000000005
21
-76.6851580000000013
0
LINE
8
BLACK
6
CONTINUOUS
10
160.3198620000000005
20
-76.6851580000000013
11
160.374116999999984
21
-76.5475769999999898
0
LINE
8
BLACK
6
CONTINUOUS
10
160.374116999999984
20
-76.5475769999999898
11
160.3757990000000007
21
-76.533576999999994
0
LINE
8
BLACK
6
CONTINUOUS
10
160.3757990000000007
20
-76.533576999999994
11
160.3845000000000027
21
-76.4611209999999915
0
LINE
8
BLACK
6
CONTINUOUS
10
160.3845000000000027
20
-76.4611209999999915
11
160.3845000000000027
21
-75.7768779999999964
0
LINE
8
BLACK
6
CONTINUOUS
10
160.3845000000000027
20
-75.7768779999999964
11
160.3741179999999815
21
-75.6904269999999997
0
LINE
8
BLACK
6
CONTINUOUS
10
160.3741179999999815
20
-75.6904269999999997
11
160.374116999999984
21
-75.6904249999999905
0
LINE
8
BLACK
6
CONTINUOUS
10
160.374116999999984
20
-75.6904249999999905
11
160.374116999999984
21
-75.6904229999999956
0
LINE
8
BLACK
6
CONTINUOUS
10
160.374116999999984
20
-75.6904229999999956
11
160.3198620000000005
21
-75.5528419999999983
0
LINE
8
BLACK
6
CONTINUOUS
10
160.3198620000000005
20
-75.5528419999999983
11
160.2305000000000064
21
-75.4350000000000023
0
LINE
8
BLACK
6
CONTINUOUS
10
160.2305000000000064
20
-75.4350000000000023
11
160.1535039999999981
21
-75.3766119999999944
0
LINE
8
BLACK
6
CONTINUOUS
10
160.1535039999999981
20
-75.3766119999999944
11
160.1126600000000053
21
-75.3456389999999914
0
LINE
8
BLACK
6
CONTINUOUS
10
160.1126600000000053
20
-75.3456389999999914
11
160.1126579999999819
21
-75.3456379999999939
0
LINE
8
BLACK
6
CONTINUOUS
10
160.1126579999999819
20
-75.3456379999999939
11
159.9750769999999989
21
-75.2913829999999962
0
LINE
8
BLACK
6
CONTINUOUS
10
159.9750769999999989
20
-75.2913829999999962
11
159.9750750000000039
21
-75.2913819999999987
0
LINE
8
BLACK
6
CONTINUOUS
10
159.9750750000000039
20
-75.2913819999999987
11
159.9750709999999856
21
-75.2913810000000012
0
LINE
8
BLACK
6
CONTINUOUS
10
159.9750709999999856
20
-75.2913810000000012
11
159.9750719999999831
21
-75.2913810000000012
0
LINE
8
BLACK
6
CONTINUOUS
10
159.9750719999999831
20
-75.2913810000000012
11
159.8886210000000005
21
-75.2809999999999917
0
LINE
8
BLACK
6
CONTINUOUS
10
159.8886210000000005
20
-75.2809999999999917
11
159.8886179999999797
21
-75.2809999999999917
0
LINE
8
BLACK
6
CONTINUOUS
10
159.8886179999999797
20
-75.2809999999999917
11
159.3293819999999812
21
-75.2809999999999917
0
LINE
8
BLACK
6
CONTINUOUS
10
159.3293819999999812
20
-75.2809999999999917
11
159.3293789999999888
21
-75.2809999999999917
0
LINE
8
BLACK
6
CONTINUOUS
10
159.3293789999999888
20
-75.2809999999999917
11
159.2429269999999804
21
-75.2913810000000012
0
LINE
8
BLACK
6
CONTINUOUS
10
159.2429269999999804
20
-75.2913810000000012
11
159.1053389999999865
21
-75.3456389999999914
0
LINE
8
BLACK
6
CONTINUOUS
10
159.1053389999999865
20
-75.3456389999999914
11
158.9874999999999829
21
-75.4350000000000023
0
LINE
8
BLACK
6
CONTINUOUS
10
158.9874999999999829
20
-75.4350000000000023
11
158.8981389999999863
21
-75.5528389999999916
0
LINE
8
BLACK
6
CONTINUOUS
10
158.8981389999999863
20
-75.5528389999999916
11
158.8438809999999819
21
-75.6904269999999997
0
LINE
8
BLACK
6
CONTINUOUS
10
158.8438809999999819
20
-75.6904269999999997
11
158.8334999999999866
21
-75.7768779999999964
0
LINE
8
BLACK
6
CONTINUOUS
10
158.8334999999999866
20
-75.7768779999999964
11
158.8334999999999866
21
-76.2724559999999911
0
LINE
8
BLACK
6
CONTINUOUS
10
158.8334999999999866
20
-76.2724559999999911
11
158.8191479999999842
21
-76.3071039999999954
0
LINE
8
BLACK
6
CONTINUOUS
10
158.8191479999999842
20
-76.3071039999999954
11
157.9735159999999894
21
-77.1527359999999902
0
LINE
8
BLACK
6
CONTINUOUS
10
157.9735159999999894
20
-77.1527359999999902
11
157.9735149999999919
21
-77.1527359999999902
0
LINE
8
BLACK
6
CONTINUOUS
10
157.9735149999999919
20
-77.1527359999999902
11
157.9174969999999973
21
-77.2497599999999949
0
LINE
8
BLACK
6
CONTINUOUS
10
157.9174969999999973
20
-77.2497599999999949
11
157.9174969999999973
21
-77.2497619999999898
0
LINE
8
BLACK
6
CONTINUOUS
10
157.9174969999999973
20
-77.2497619999999898
11
157.9066399999999817
21
-77.2902780000000007
0
LINE
8
BLACK
6
CONTINUOUS
10
157.9066399999999817
20
-77.2902780000000007
11
157.8838089999999852
21
-77.3200310000000002
0
LINE
8
BLACK
6
CONTINUOUS
10
157.8838089999999852
20
-77.3200310000000002
11
157.8466269999999838
21
-77.3249249999999932
0
LINE
8
BLACK
6
CONTINUOUS
10
157.8466269999999838
20
-77.3249249999999932
11
157.8168739999999843
21
-77.3020939999999968
0
LINE
8
BLACK
6
CONTINUOUS
10
157.8168739999999843
20
-77.3020939999999968
11
157.8119800000000055
21
-77.2902780000000007
0
LINE
8
BLACK
6
CONTINUOUS
10
157.8119800000000055
20
-77.2902780000000007
11
157.8105029999999829
21
-77.2847629999999981
0
LINE
8
BLACK
6
CONTINUOUS
10
157.8105029999999829
20
-77.2847629999999981
11
157.7907209999999907
21
-77.2505000000000024
0
LINE
8
BLACK
6
CONTINUOUS
10
157.7907209999999907
20
-77.2505000000000024
11
157.7544849999999883
21
-77.1877369999999985
0
LINE
8
BLACK
6
CONTINUOUS
10
157.7544849999999883
20
-77.1877369999999985
11
157.6752630000000011
21
-77.108514999999997
0
LINE
8
BLACK
6
CONTINUOUS
10
157.6752630000000011
20
-77.108514999999997
11
157.6735569999999882
21
-77.1068089999999984
0
LINE
8
BLACK
6
CONTINUOUS
10
157.6735569999999882
20
-77.1068089999999984
11
157.6735459999999875
21
-77.1067989999999952
0
LINE
8
BLACK
6
CONTINUOUS
10
157.6735459999999875
20
-77.1067989999999952
11
156.9288520000000062
21
-76.3621040000000022
0
LINE
8
BLACK
6
CONTINUOUS
10
156.9288520000000062
20
-76.3621040000000022
11
156.9145000000000039
21
-76.327455999999998
0
LINE
8
BLACK
6
CONTINUOUS
10
156.9145000000000039
20
-76.327455999999998
11
156.9145000000000039
21
-75.7628780000000006
0
LINE
8
BLACK
6
CONTINUOUS
10
156.9145000000000039
20
-75.7628780000000006
11
156.9041179999999827
21
-75.6764269999999897
0
LINE
8
BLACK
6
CONTINUOUS
10
156.9041179999999827
20
-75.6764269999999897
11
156.9041169999999852
21
-75.6764249999999947
0
LINE
8
BLACK
6
CONTINUOUS
10
156.9041169999999852
20
-75.6764249999999947
11
156.9041169999999852
21
-75.6764229999999998
0
LINE
8
BLACK
6
CONTINUOUS
10
156.9041169999999852
20
-75.6764229999999998
11
156.8498620000000017
21
-75.5388420000000025
0
LINE
8
BLACK
6
CONTINUOUS
10
156.8498620000000017
20
-75.5388420000000025
11
156.7604999999999791
21
-75.4209999999999923
0
LINE
8
BLACK
6
CONTINUOUS
10
156.7604999999999791
20
-75.4209999999999923
11
156.6742109999999855
21
-75.3555649999999986
0
LINE
8
BLACK
6
CONTINUOUS
10
156.6742109999999855
20
-75.3555649999999986
11
156.6426600000000064
21
-75.3316389999999956
0
LINE
8
BLACK
6
CONTINUOUS
10
156.6426600000000064
20
-75.3316389999999956
11
156.6426579999999831
21
-75.3316379999999981
0
LINE
8
BLACK
6
CONTINUOUS
10
156.6426579999999831
20
-75.3316379999999981
11
156.505077
21
-75.2773830000000004
0
LINE
8
BLACK
6
CONTINUOUS
10
156.505077
20
-75.2773830000000004
11
156.505075000000005
21
-75.2773820000000029
0
LINE
8
BLACK
6
CONTINUOUS
10
156.505075000000005
20
-75.2773820000000029
11
156.5050709999999867
21
-75.2773809999999912
0
LINE
8
BLACK
6
CONTINUOUS
10
156.5050709999999867
20
-75.2773809999999912
11
156.5050719999999842
21
-75.2773809999999912
0
LINE
8
BLACK
6
CONTINUOUS
10
156.5050719999999842
20
-75.2773809999999912
11
156.4186210000000017
21
-75.2669999999999959
0
LINE
8
BLACK
6
CONTINUOUS
10
156.4186210000000017
20
-75.2669999999999959
11
156.4186179999999808
21
-75.2669999999999959
0
LINE
8
BLACK
6
CONTINUOUS
10
156.4186179999999808
20
-75.2669999999999959
11
155.8593819999999823
21
-75.2669999999999959
0
LINE
8
BLACK
6
CONTINUOUS
10
155.8593819999999823
20
-75.2669999999999959
11
155.8593789999999899
21
-75.2669999999999959
0
LINE
8
BLACK
6
CONTINUOUS
10
155.8593789999999899
20
-75.2669999999999959
11
155.7729269999999815
21
-75.2773809999999912
0
LINE
8
BLACK
6
CONTINUOUS
10
155.7729269999999815
20
-75.2773809999999912
11
155.6353389999999877
21
-75.3316389999999956
0
LINE
8
BLACK
6
CONTINUOUS
10
155.6353389999999877
20
-75.3316389999999956
11
155.5174999999999841
21
-75.4209999999999923
0
LINE
8
BLACK
6
CONTINUOUS
10
155.5174999999999841
20
-75.4209999999999923
11
155.4281389999999874
21
-75.5388389999999958
0
LINE
8
BLACK
6
CONTINUOUS
10
155.4281389999999874
20
-75.5388389999999958
11
155.373880999999983
21
-75.6764269999999897
0
LINE
8
BLACK
6
CONTINUOUS
10
155.373880999999983
20
-75.6764269999999897
11
155.3634999999999877
21
-75.7628780000000006
0
LINE
8
BLACK
6
CONTINUOUS
10
155.3634999999999877
20
-75.7628780000000006
11
155.3634999999999877
21
-76.4471209999999957
0
LINE
8
BLACK
6
CONTINUOUS
10
155.3634999999999877
20
-76.4471209999999957
11
155.373880999999983
21
-76.5335719999999924
0
LINE
8
BLACK
6
CONTINUOUS
10
155.373880999999983
20
-76.5335719999999924
11
155.4281389999999874
21
-76.6711600000000004
0
LINE
8
BLACK
6
CONTINUOUS
10
155.4281389999999874
20
-76.6711600000000004
11
155.4387539999999888
21
-76.6851580000000013
0
LINE
8
BLACK
6
CONTINUOUS
10
155.4387539999999888
20
-76.6851580000000013
11
155.5174999999999841
21
-76.7890000000000015
0
LINE
8
BLACK
6
CONTINUOUS
10
155.5174999999999841
20
-76.7890000000000015
11
155.6353419999999801
21
-76.8783619999999956
0
LINE
8
BLACK
6
CONTINUOUS
10
155.6353419999999801
20
-76.8783619999999956
11
155.7729229999999916
21
-76.9326169999999934
0
LINE
8
BLACK
6
CONTINUOUS
10
155.7729229999999916
20
-76.9326169999999934
11
155.772925999999984
21
-76.9326169999999934
0
LINE
8
BLACK
6
CONTINUOUS
10
155.772925999999984
20
-76.9326169999999934
11
155.772927999999979
21
-76.9326179999999908
0
LINE
8
BLACK
6
CONTINUOUS
10
155.772927999999979
20
-76.9326179999999908
11
155.7729269999999815
21
-76.9326179999999908
0
LINE
8
BLACK
6
CONTINUOUS
10
155.7729269999999815
20
-76.9326179999999908
11
155.8593789999999899
21
-76.9429999999999978
0
LINE
8
BLACK
6
CONTINUOUS
10
155.8593789999999899
20
-76.9429999999999978
11
155.8593819999999823
21
-76.9429999999999978
0
LINE
8
BLACK
6
CONTINUOUS
10
155.8593819999999823
20
-76.9429999999999978
11
156.2859559999999988
21
-76.9429999999999978
0
LINE
8
BLACK
6
CONTINUOUS
10
156.2859559999999988
20
-76.9429999999999978
11
156.320604000000003
21
-76.9573520000000002
0
LINE
8
BLACK
6
CONTINUOUS
10
156.320604000000003
20
-76.9573520000000002
11
156.9741479999999854
21
-77.6108949999999993
0
LINE
8
BLACK
6
CONTINUOUS
10
156.9741479999999854
20
-77.6108949999999993
11
156.9884999999999877
21
-77.6455430000000035
0
LINE
8
BLACK
6
CONTINUOUS
10
156.9884999999999877
20
-77.6455430000000035
11
156.9884999999999877
21
-78.3478240000000028
0
LINE
8
BLACK
6
CONTINUOUS
10
156.9884999999999877
20
-78.3478240000000028
11
156.9741479999999854
21
-78.3824719999999928
0
LINE
8
BLACK
6
CONTINUOUS
10
156.9741479999999854
20
-78.3824719999999928
11
156.9394999999999811
21
-78.3968239999999952
0
LINE
8
BLACK
6
CONTINUOUS
10
156.9394999999999811
20
-78.3968239999999952
11
156.9101349999999968
21
-78.3870500000000021
0
LINE
8
BLACK
6
CONTINUOUS
10
156.9101349999999968
20
-78.3870500000000021
11
156.8160910000000001
21
-78.3166480000000007
0
LINE
8
BLACK
6
CONTINUOUS
10
156.8160910000000001
20
-78.3166480000000007
11
156.6813729999999794
21
-78.2664010000000019
0
LINE
8
BLACK
6
CONTINUOUS
10
156.6813729999999794
20
-78.2664010000000019
11
156.6218340000000069
21
-78.2599999999999909
0
LINE
8
BLACK
6
CONTINUOUS
10
156.6218340000000069
20
-78.2599999999999909
11
156.3239999999999839
21
-78.2599999999999909
0
LINE
8
BLACK
6
CONTINUOUS
10
156.3239999999999839
20
-78.2599999999999909
11
156.3239999999999839
21
-78.7599999999999909
0
LINE
8
BLACK
6
CONTINUOUS
10
156.3239999999999839
20
-78.7599999999999909
11
156.5739999999999839
21
-78.7599999999999909
0
LINE
8
BLACK
6
CONTINUOUS
10
156.5739999999999839
20
-78.7599999999999909
11
156.5739999999999839
21
-80.1599999999999966
0
LINE
8
BLACK
6
CONTINUOUS
10
156.5739999999999839
20
-80.1599999999999966
11
155.7007759999999905
21
-80.1599999999999966
0
LINE
8
BLACK
6
CONTINUOUS
10
155.7007759999999905
20
-80.1599999999999966
11
154.8739999999999952
21
-80.9867759999999919
0
LINE
8
BLACK
6
CONTINUOUS
10
154.8739999999999952
20
-80.9867759999999919
11
154.8739999999999952
21
-82.3599999999999994
0
LINE
8
BLACK
6
CONTINUOUS
10
154.8739999999999952
20
-82.3599999999999994
11
154.5240000000000009
21
-82.3599999999999994
0
LINE
8
BLACK
6
CONTINUOUS
10
154.5240000000000009
20
-82.3599999999999994
11
154.5240000000000009
21
-82.402000000000001
0
LINE
8
BLACK
6
CONTINUOUS
10
154.5240000000000009
20
-82.402000000000001
11
154.5250599999999963
21
-82.4030599999999964
0
LINE
8
BLACK
6
CONTINUOUS
10
154.5250599999999963
20
-82.4030599999999964
11
154.5571479999999838
21
-82.4163519999999892
0
LINE
8
BLACK
6
CONTINUOUS
10
154.5571479999999838
20
-82.4163519999999892
11
154.5714999999999861
21
-82.4509999999999934
0
LINE
8
BLACK
6
CONTINUOUS
10
154.5714999999999861
20
-82.4509999999999934
11
154.5714999999999861
21
-82.9449999999999932
0
LINE
8
BLACK
6
CONTINUOUS
10
154.5714999999999861
20
-82.9449999999999932
11
154.6214999999999975
21
-82.9449999999999932
0
LINE
8
BLACK
6
CONTINUOUS
10
154.6214999999999975
20
-82.9449999999999932
11
154.7123870000000068
21
-82.9630789999999934
0
LINE
8
BLACK
6
CONTINUOUS
10
154.7123870000000068
20
-82.9630789999999934
11
154.7894379999999899
21
-83.014561999999998
0
LINE
8
BLACK
6
CONTINUOUS
10
154.7894379999999899
20
-83.014561999999998
11
154.8409209999999803
21
-83.0916129999999953
0
LINE
8
BLACK
6
CONTINUOUS
10
154.8409209999999803
20
-83.0916129999999953
11
154.8589999999999804
21
-83.1824999999999903
0
LINE
8
BLACK
6
CONTINUOUS
10
154.8589999999999804
20
-83.1824999999999903
11
154.8589999999999804
21
-83.6574999999999989
0
LINE
8
BLACK
6
CONTINUOUS
10
154.8589999999999804
20
-83.6574999999999989
11
154.8409209999999803
21
-83.7483869999999939
0
LINE
8
BLACK
6
CONTINUOUS
10
154.8409209999999803
20
-83.7483869999999939
11
154.7894379999999899
21
-83.8254379999999912
0
LINE
8
BLACK
6
CONTINUOUS
10
154.7894379999999899
20
-83.8254379999999912
11
154.7123870000000068
21
-83.8769209999999958
0
LINE
8
BLACK
6
CONTINUOUS
10
154.7123870000000068
20
-83.8769209999999958
11
154.6214999999999975
21
-83.894999999999996
0
LINE
8
BLACK
6
CONTINUOUS
10
154.6214999999999975
20
-83.894999999999996
11
154.0215000000000032
21
-83.894999999999996
0
LINE
8
BLACK
6
CONTINUOUS
10
154.0215000000000032
20
-83.894999999999996
11
153.9306129999999939
21
-83.8769209999999958
0
LINE
8
BLACK
6
CONTINUOUS
10
153.9306129999999939
20
-83.8769209999999958
11
153.8535619999999824
21
-83.8254379999999912
0
LINE
8
BLACK
6
CONTINUOUS
10
153.8535619999999824
20
-83.8254379999999912
11
153.802078999999992
21
-83.7483869999999939
0
LINE
8
BLACK
6
CONTINUOUS
10
153.802078999999992
20
-83.7483869999999939
11
153.7839999999999918
21
-83.6574999999999989
0
LINE
8
BLACK
6
CONTINUOUS
10
153.7839999999999918
20
-83.6574999999999989
11
153.7839999999999918
21
-83.1824999999999903
0
LINE
8
BLACK
6
CONTINUOUS
10
153.7839999999999918
20
-83.1824999999999903
11
153.802078999999992
21
-83.0916129999999953
0
LINE
8
BLACK
6
CONTINUOUS
10
153.802078999999992
20
-83.0916129999999953
11
153.8535619999999824
21
-83.014561999999998
0
LINE
8
BLACK
6
CONTINUOUS
10
153.8535619999999824
20
-83.014561999999998
11
153.9306129999999939
21
-82.9630789999999934
0
LINE
8
BLACK
6
CONTINUOUS
10
153.9306129999999939
20
-82.9630789999999934
11
154.0215000000000032
21
-82.9449999999999932
0
LINE
8
BLACK
6
CONTINUOUS
10
154.0215000000000032
20
-82.9449999999999932
11
154.0714999999999861
21
-82.9449999999999932
0
LINE
8
BLACK
6
CONTINUOUS
10
154.0714999999999861
20
-82.9449999999999932
11
154.0714999999999861
21
-82.9029999999999916
0
LINE
8
BLACK
6
CONTINUOUS
10
154.0714999999999861
20
-82.9029999999999916
11
154.0704389999999933
21
-82.9019389999999987
0
LINE
8
BLACK
6
CONTINUOUS
10
154.0704389999999933
20
-82.9019389999999987
11
154.0383520000000033
21
-82.8886479999999892
0
LINE
8
BLACK
6
CONTINUOUS
10
154.0383520000000033
20
-82.8886479999999892
11
154.0240000000000009
21
-82.8539999999999992
0
LINE
8
BLACK
6
CONTINUOUS
10
154.0240000000000009
20
-82.8539999999999992
11
154.0240000000000009
21
-82.3599999999999994
0
LINE
8
BLACK
6
CONTINUOUS
10
154.0240000000000009
20
-82.3599999999999994
11
153.6740000000000066
21
-82.3599999999999994
0
LINE
8
BLACK
6
CONTINUOUS
10
153.6740000000000066
20
-82.3599999999999994
11
153.6740000000000066
21
-80.9599999999999937
0
LINE
8
BLACK
6
CONTINUOUS
10
153.6740000000000066
20
-80.9599999999999937
11
154.5472239999999999
21
-80.9599999999999937
0
LINE
8
BLACK
6
CONTINUOUS
10
154.5472239999999999
20
-80.9599999999999937
11
155.3739999999999952
21
-80.1332239999999985
0
LINE
8
BLACK
6
CONTINUOUS
10
155.3739999999999952
20
-80.1332239999999985
11
155.3739999999999952
21
-78.7599999999999909
0
LINE
8
BLACK
6
CONTINUOUS
10
155.3739999999999952
20
-78.7599999999999909
11
155.7239999999999895
21
-78.7599999999999909
0
LINE
8
BLACK
6
CONTINUOUS
10
155.7239999999999895
20
-78.7599999999999909
11
155.7239999999999895
21
-78.2599999999999909
0
LINE
8
BLACK
6
CONTINUOUS
10
155.7239999999999895
20
-78.2599999999999909
11
155.3261660000000006
21
-78.2599999999999909
0
LINE
8
BLACK
6
CONTINUOUS
10
155.3261660000000006
20
-78.2599999999999909
11
155.2666269999999997
21
-78.2664010000000019
0
LINE
8
BLACK
6
CONTINUOUS
10
155.2666269999999997
20
-78.2664010000000019
11
155.2666260000000023
21
-78.2664010000000019
0
LINE
8
BLACK
6
CONTINUOUS
10
155.2666260000000023
20
-78.2664010000000019
11
155.131908999999979
21
-78.3166480000000007
0
LINE
8
BLACK
6
CONTINUOUS
10
155.131908999999979
20
-78.3166480000000007
11
155.0960000000000036
21
-78.3435289999999895
0
LINE
8
BLACK
6
CONTINUOUS
10
155.0960000000000036
20
-78.3435289999999895
11
155.059662000000003
21
-78.3528029999999944
0
LINE
8
BLACK
6
CONTINUOUS
10
155.059662000000003
20
-78.3528029999999944
11
155.0274090000000058
21
-78.3336659999999938
0
LINE
8
BLACK
6
CONTINUOUS
10
155.0274090000000058
20
-78.3336659999999938
11
155.0181350000000009
21
-78.2973279999999932
0
LINE
8
BLACK
6
CONTINUOUS
10
155.0181350000000009
20
-78.2973279999999932
11
155.0275919999999985
21
-78.2746959999999916
0
LINE
8
BLACK
6
CONTINUOUS
10
155.0275919999999985
20
-78.2746959999999916
11
155.0723619999999983
21
-78.2156579999999906
0
LINE
8
BLACK
6
CONTINUOUS
10
155.0723619999999983
20
-78.2156579999999906
11
155.1266169999999818
21
-78.0780769999999933
0
LINE
8
BLACK
6
CONTINUOUS
10
155.1266169999999818
20
-78.0780769999999933
11
155.1311450000000036
21
-78.0403779999999898
0
LINE
8
BLACK
6
CONTINUOUS
10
155.1311450000000036
20
-78.0403779999999898
11
155.1370000000000005
21
-77.991620999999995
0
LINE
8
BLACK
6
CONTINUOUS
10
155.1370000000000005
20
-77.991620999999995
11
155.1370000000000005
21
-77.4323779999999999
0
LINE
8
BLACK
6
CONTINUOUS
10
155.1370000000000005
20
-77.4323779999999999
11
155.1266179999999792
21
-77.3459270000000032
0
LINE
8
BLACK
6
CONTINUOUS
10
155.1266179999999792
20
-77.3459270000000032
11
155.1266169999999818
21
-77.345924999999994
0
LINE
8
BLACK
6
CONTINUOUS
10
155.1266169999999818
20
-77.345924999999994
11
155.1266169999999818
21
-77.3459229999999991
0
LINE
8
BLACK
6
CONTINUOUS
10
155.1266169999999818
20
-77.3459229999999991
11
155.0723619999999983
21
-77.2083420000000018
0
LINE
8
BLACK
6
CONTINUOUS
10
155.0723619999999983
20
-77.2083420000000018
11
154.9830000000000041
21
-77.0904999999999916
0
LINE
8
BLACK
6
CONTINUOUS
10
154.9830000000000041
20
-77.0904999999999916
11
154.8885640000000024
21
-77.0188869999999923
0
LINE
8
BLACK
6
CONTINUOUS
10
154.8885640000000024
20
-77.0188869999999923
11
154.865160000000003
21
-77.0011389999999949
0
LINE
8
BLACK
6
CONTINUOUS
10
154.865160000000003
20
-77.0011389999999949
11
154.8651579999999797
21
-77.0011379999999974
0
LINE
8
BLACK
6
CONTINUOUS
10
154.8651579999999797
20
-77.0011379999999974
11
154.7275769999999966
21
-76.9468829999999997
0
LINE
8
BLACK
6
CONTINUOUS
10
154.7275769999999966
20
-76.9468829999999997
11
154.7275750000000016
21
-76.9468820000000022
0
LINE
8
BLACK
6
CONTINUOUS
10
154.7275750000000016
20
-76.9468820000000022
11
154.7275709999999833
21
-76.9468809999999905
0
LINE
8
BLACK
6
CONTINUOUS
10
154.7275709999999833
20
-76.9468809999999905
11
154.7275719999999808
21
-76.9468809999999905
0
LINE
8
BLACK
6
CONTINUOUS
10
154.7275719999999808
20
-76.9468809999999905
11
154.6411209999999983
21
-76.9364999999999952
0
LINE
8
BLACK
6
CONTINUOUS
10
154.6411209999999983
20
-76.9364999999999952
11
154.6411180000000058
21
-76.9364999999999952
0
LINE
8
BLACK
6
CONTINUOUS
10
154.6411180000000058
20
-76.9364999999999952
11
153.9568819999999789
21
-76.9364999999999952
0
LINE
8
BLACK
6
CONTINUOUS
10
153.9568819999999789
20
-76.9364999999999952
11
153.9568789999999865
21
-76.9364999999999952
0
LINE
8
BLACK
6
CONTINUOUS
10
153.9568789999999865
20
-76.9364999999999952
11
153.8704270000000065
21
-76.9468809999999905
0
LINE
8
BLACK
6
CONTINUOUS
10
153.8704270000000065
20
-76.9468809999999905
11
153.7328389999999843
21
-77.0011389999999949
0
LINE
8
BLACK
6
CONTINUOUS
10
153.7328389999999843
20
-77.0011389999999949
11
153.6149999999999807
21
-77.0904999999999916
0
LINE
8
BLACK
6
CONTINUOUS
10
153.6149999999999807
20
-77.0904999999999916
11
153.525638999999984
21
-77.2083389999999952
0
LINE
8
BLACK
6
CONTINUOUS
10
153.525638999999984
20
-77.2083389999999952
11
153.4713809999999796
21
-77.3459270000000032
0
LINE
8
BLACK
6
CONTINUOUS
10
153.4713809999999796
20
-77.3459270000000032
11
153.4609999999999843
21
-77.4323779999999999
0
LINE
8
BLACK
6
CONTINUOUS
10
153.4609999999999843
20
-77.4323779999999999
11
153.4609999999999843
21
-77.991620999999995
0
LINE
8
BLACK
6
CONTINUOUS
10
153.4609999999999843
20
-77.991620999999995
11
153.4713809999999796
21
-78.0780719999999917
0
LINE
8
BLACK
6
CONTINUOUS
10
153.4713809999999796
20
-78.0780719999999917
11
153.471383000000003
21
-78.0780769999999933
0
LINE
8
BLACK
6
CONTINUOUS
10
153.471383000000003
20
-78.0780769999999933
11
153.5230530000000044
21
-78.2091039999999964
0
LINE
8
BLACK
6
CONTINUOUS
10
153.5230530000000044
20
-78.2091039999999964
11
153.525638999999984
21
-78.2156599999999997
0
LINE
8
BLACK
6
CONTINUOUS
10
153.525638999999984
20
-78.2156599999999997
11
153.6149989999999832
21
-78.3334990000000033
0
LINE
8
BLACK
6
CONTINUOUS
10
153.6149989999999832
20
-78.3334990000000033
11
153.6149999999999807
21
-78.3335000000000008
0
LINE
8
BLACK
6
CONTINUOUS
10
153.6149999999999807
20
-78.3335000000000008
11
153.6650539999999978
21
-78.3714559999999949
0
LINE
8
BLACK
6
CONTINUOUS
10
153.6650539999999978
20
-78.3714559999999949
11
153.6839909999999918
21
-78.4038269999999926
0
LINE
8
BLACK
6
CONTINUOUS
10
153.6839909999999918
20
-78.4038269999999926
11
153.6744909999999891
21
-78.4401069999999976
0
LINE
8
BLACK
6
CONTINUOUS
10
153.6744909999999891
20
-78.4401069999999976
11
153.6421200000000056
21
-78.4590439999999916
0
LINE
8
BLACK
6
CONTINUOUS
10
153.6421200000000056
20
-78.4590439999999916
11
153.6354529999999841
21
-78.4594999999999914
0
LINE
8
BLACK
6
CONTINUOUS
10
153.6354529999999841
20
-78.4594999999999914
11
153.6291429999999991
21
-78.4594999999999914
0
LINE
8
BLACK
6
CONTINUOUS
10
153.6291429999999991
20
-78.4594999999999914
11
153.6291329999999959
21
-78.459501000000003
0
LINE
8
BLACK
6
CONTINUOUS
10
153.6291329999999959
20
-78.459501000000003
11
153.6040069999999957
21
-78.4624149999999929
0
LINE
8
BLACK
6
CONTINUOUS
10
153.6040069999999957
20
-78.4624149999999929
11
153.5012329999999849
21
-78.5077939999999899
0
LINE
8
BLACK
6
CONTINUOUS
10
153.5012329999999849
20
-78.5077939999999899
11
153.4217940000000056
21
-78.5872329999999977
0
LINE
8
BLACK
6
CONTINUOUS
10
153.4217940000000056
20
-78.5872329999999977
11
153.3764149999999802
21
-78.6900059999999968
0
LINE
8
BLACK
6
CONTINUOUS
10
153.3764149999999802
20
-78.6900059999999968
11
153.373500000000007
21
-78.7151339999999919
0
LINE
8
BLACK
6
CONTINUOUS
10
153.373500000000007
20
-78.7151339999999919
11
153.373500000000007
21
-78.7151369999999986
0
LINE
8
BLACK
6
CONTINUOUS
10
153.373500000000007
20
-78.7151369999999986
11
153.3735010000000045
21
-80.160499999999999
0
LINE
8
BLACK
6
CONTINUOUS
10
153.3735010000000045
20
-80.160499999999999
11
153.3591490000000022
21
-80.1951480000000032
0
LINE
8
BLACK
6
CONTINUOUS
10
153.3591490000000022
20
-80.1951480000000032
11
153.3245009999999979
21
-80.2094999999999914
0
LINE
8
BLACK
6
CONTINUOUS
10
153.3245009999999979
20
-80.2094999999999914
11
153.2929790000000025
21
-80.2094999999999914
0
LINE
8
BLACK
6
CONTINUOUS
10
153.2929790000000025
20
-80.2094999999999914
11
153.1847640000000013
21
-80.2384959999999978
0
LINE
8
BLACK
6
CONTINUOUS
10
153.1847640000000013
20
-80.2384959999999978
11
153.1847599999999829
21
-80.2384969999999953
0
LINE
8
BLACK
6
CONTINUOUS
10
153.1847599999999829
20
-80.2384969999999953
11
153.0877360000000067
21
-80.2945149999999899
0
LINE
8
BLACK
6
CONTINUOUS
10
153.0877360000000067
20
-80.2945149999999899
11
153.0877360000000067
21
-80.2945160000000016
0
LINE
8
BLACK
6
CONTINUOUS
10
153.0877360000000067
20
-80.2945160000000016
11
153.008515999999986
21
-80.3737359999999939
0
LINE
8
BLACK
6
CONTINUOUS
10
153.008515999999986
20
-80.3737359999999939
11
153.0085149999999885
21
-80.3737359999999939
0
LINE
8
BLACK
6
CONTINUOUS
10
153.0085149999999885
20
-80.3737359999999939
11
152.9524969999999939
21
-80.4707599999999985
0
LINE
8
BLACK
6
CONTINUOUS
10
152.9524969999999939
20
-80.4707599999999985
11
152.9524959999999965
21
-80.4707640000000026
0
LINE
8
BLACK
6
CONTINUOUS
10
152.9524959999999965
20
-80.4707640000000026
11
152.92349999999999
21
-80.5789779999999922
0
LINE
8
BLACK
6
CONTINUOUS
10
152.92349999999999
20
-80.5789779999999922
11
152.92349999999999
21
-83.8365160000000031
0
LINE
8
BLACK
6
CONTINUOUS
10
152.92349999999999
20
-83.8365160000000031
11
152.9524959999999965
21
-83.9447299999999927
0
LINE
8
BLACK
6
CONTINUOUS
10
152.9524959999999965
20
-83.9447299999999927
11
152.9524969999999939
21
-83.9447339999999969
0
LINE
8
BLACK
6
CONTINUOUS
10
152.9524969999999939
20
-83.9447339999999969
11
152.9944779999999867
21
-84.0174459999999925
0
LINE
8
BLACK
6
CONTINUOUS
10
152.9944779999999867
20
-84.0174459999999925
11
153.0085149999999885
21
-84.0417580000000015
0
LINE
8
BLACK
6
CONTINUOUS
10
153.0085149999999885
20
-84.0417580000000015
11
153.5272420000000011
21
-84.5604849999999999
0
LINE
8
BLACK
6
CONTINUOUS
10
153.5272420000000011
20
-84.5604849999999999
11
153.562753999999984
21
-84.5809879999999907
0
LINE
8
BLACK
6
CONTINUOUS
10
153.562753999999984
20
-84.5809879999999907
11
153.6242649999999799
21
-84.616501999999997
0
LINE
8
BLACK
6
CONTINUOUS
10
153.6242649999999799
20
-84.616501999999997
11
153.6242670000000032
21
-84.616501999999997
0
LINE
8
BLACK
6
CONTINUOUS
10
153.6242670000000032
20
-84.616501999999997
11
153.6242680000000007
21
-84.6165029999999945
0
LINE
8
BLACK
6
CONTINUOUS
10
153.6242680000000007
20
-84.6165029999999945
11
153.6459629999999947
21
-84.6223159999999979
0
LINE
8
BLACK
6
CONTINUOUS
10
153.6459629999999947
20
-84.6223159999999979
11
153.732483000000002
21
-84.6454990000000009
0
LINE
8
BLACK
6
CONTINUOUS
10
153.732483000000002
20
-84.6454990000000009
11
153.7324839999999995
21
-84.6454999999999984
0
LINE
8
BLACK
6
CONTINUOUS
10
153.7324839999999995
20
-84.6454999999999984
11
153.7324869999999919
21
-84.6454999999999984
0
LINE
8
BLACK
6
CONTINUOUS
10
153.7324869999999919
20
-84.6454999999999984
11
153.8119289999999921
21
-84.6454999999999984
0
LINE
8
BLACK
6
CONTINUOUS
10
153.8119289999999921
20
-84.6454999999999984
11
153.8465769999999964
21
-84.6598520000000008
0
LINE
8
BLACK
6
CONTINUOUS
10
153.8465769999999964
20
-84.6598520000000008
11
153.8609289999999987
21
-84.6944999999999908
0
LINE
8
BLACK
6
CONTINUOUS
10
153.8609289999999987
20
-84.6944999999999908
11
153.8465769999999964
21
-84.729147999999995
0
LINE
8
BLACK
6
CONTINUOUS
10
153.8465769999999964
20
-84.729147999999995
11
153.8415369999999882
21
-84.7335429999999974
0
LINE
8
BLACK
6
CONTINUOUS
10
153.8415369999999882
20
-84.7335429999999974
11
153.8349999999999795
21
-84.7385000000000019
0
LINE
8
BLACK
6
CONTINUOUS
10
153.8349999999999795
20
-84.7385000000000019
11
153.7456389999999828
21
-84.8563389999999913
0
LINE
8
BLACK
6
CONTINUOUS
10
153.7456389999999828
20
-84.8563389999999913
11
153.7408649999999852
21
-84.8684449999999941
0
LINE
8
BLACK
6
CONTINUOUS
10
153.7408649999999852
20
-84.8684449999999941
11
153.7270499999999913
21
-84.9034759999999977
0
LINE
8
BLACK
6
CONTINUOUS
10
153.7270499999999913
20
-84.9034759999999977
11
153.7009889999999928
21
-84.9304429999999968
0
LINE
8
BLACK
6
CONTINUOUS
10
153.7009889999999928
20
-84.9304429999999968
11
153.6814669999999978
21
-84.9344999999999999
0
LINE
8
BLACK
6
CONTINUOUS
10
153.6814669999999978
20
-84.9344999999999999
11
153.6479779999999948
21
-84.9344999999999999
0
LINE
8
BLACK
6
CONTINUOUS
10
153.6479779999999948
20
-84.9344999999999999
11
153.539763999999991
21
-84.9634959999999921
0
LINE
8
BLACK
6
CONTINUOUS
10
153.539763999999991
20
-84.9634959999999921
11
153.5397600000000011
21
-84.9634969999999896
0
LINE
8
BLACK
6
CONTINUOUS
10
153.5397600000000011
20
-84.9634969999999896
11
153.4427359999999965
21
-85.0195149999999984
0
LINE
8
BLACK
6
CONTINUOUS
10
153.4427359999999965
20
-85.0195149999999984
11
153.4427359999999965
21
-85.0195159999999959
0
LINE
8
BLACK
6
CONTINUOUS
10
153.4427359999999965
20
-85.0195159999999959
11
152.9835159999999803
21
-85.4787359999999978
0
LINE
8
BLACK
6
CONTINUOUS
10
152.9835159999999803
20
-85.4787359999999978
11
152.9835149999999828
21
-85.4787359999999978
0
LINE
8
BLACK
6
CONTINUOUS
10
152.9835149999999828
20
-85.4787359999999978
11
152.9274969999999882
21
-85.5757600000000025
0
LINE
8
BLACK
6
CONTINUOUS
10
152.9274969999999882
20
-85.5757600000000025
11
152.9274959999999908
21
-85.5757639999999924
0
LINE
8
BLACK
6
CONTINUOUS
10
152.9274959999999908
20
-85.5757639999999924
11
152.8984999999999843
21
-85.6839779999999962
0
LINE
8
BLACK
6
CONTINUOUS
10
152.8984999999999843
20
-85.6839779999999962
11
152.8984999999999843
21
-90.6560209999999955
0
LINE
8
BLACK
6
CONTINUOUS
10
159.3185000000000002
20
-80.0021210000000025
11
159.3288809999999955
21
-80.0885719999999992
0
LINE
8
BLACK
6
CONTINUOUS
10
159.3288809999999955
20
-80.0885719999999992
11
159.3288829999999905
21
-80.0885770000000008
0
LINE
8
BLACK
6
CONTINUOUS
10
159.3288829999999905
20
-80.0885770000000008
11
159.3719309999999894
21
-80.197739999999996
0
LINE
8
BLACK
6
CONTINUOUS
10
159.3719309999999894
20
-80.197739999999996
11
159.3831389999999999
21
-80.226159999999993
0
LINE
8
BLACK
6
CONTINUOUS
10
159.3831389999999999
20
-80.226159999999993
11
159.4018159999999966
21
-80.2507889999999975
0
LINE
8
BLACK
6
CONTINUOUS
10
159.4018159999999966
20
-80.2507889999999975
11
159.4724999999999966
21
-80.3439999999999941
0
LINE
8
BLACK
6
CONTINUOUS
10
159.4724999999999966
20
-80.3439999999999941
11
159.5903419999999926
21
-80.4333620000000025
0
LINE
8
BLACK
6
CONTINUOUS
10
159.5903419999999926
20
-80.4333620000000025
11
159.7279230000000041
21
-80.4876170000000002
0
LINE
8
BLACK
6
CONTINUOUS
10
159.7279230000000041
20
-80.4876170000000002
11
159.7279259999999965
21
-80.4876170000000002
0
LINE
8
BLACK
6
CONTINUOUS
10
159.7279259999999965
20
-80.4876170000000002
11
159.7279279999999915
21
-80.4876179999999977
0
LINE
8
BLACK
6
CONTINUOUS
10
159.7279279999999915
20
-80.4876179999999977
11
159.727926999999994
21
-80.4876179999999977
0
LINE
8
BLACK
6
CONTINUOUS
10
159.727926999999994
20
-80.4876179999999977
11
159.8143790000000024
21
-80.4979999999999905
0
LINE
8
BLACK
6
CONTINUOUS
10
159.8143790000000024
20
-80.4979999999999905
11
159.8143819999999948
21
-80.4979999999999905
0
LINE
8
BLACK
6
CONTINUOUS
10
159.8143819999999948
20
-80.4979999999999905
11
160.3736209999999858
21
-80.4979999999999905
0
LINE
8
BLACK
6
CONTINUOUS
10
160.3736209999999858
20
-80.4979999999999905
11
160.4600719999999967
21
-80.4876179999999977
0
LINE
8
BLACK
6
CONTINUOUS
10
160.4600719999999967
20
-80.4876179999999977
11
160.4600729999999942
21
-80.4876170000000002
0
LINE
8
BLACK
6
CONTINUOUS
10
160.4600729999999942
20
-80.4876170000000002
11
160.4600769999999841
21
-80.4876170000000002
0
LINE
8
BLACK
6
CONTINUOUS
10
160.4600769999999841
20
-80.4876170000000002
11
160.5976579999999956
21
-80.4333620000000025
0
LINE
8
BLACK
6
CONTINUOUS
10
160.5976579999999956
20
-80.4333620000000025
11
160.7154999999999916
21
-80.3439999999999941
0
LINE
8
BLACK
6
CONTINUOUS
10
160.7154999999999916
20
-80.3439999999999941
11
160.8048619999999858
21
-80.2261579999999981
0
LINE
8
BLACK
6
CONTINUOUS
10
160.8048619999999858
20
-80.2261579999999981
11
160.8591169999999977
21
-80.0885770000000008
0
LINE
8
BLACK
6
CONTINUOUS
10
160.8591169999999977
20
-80.0885770000000008
11
160.8664809999999932
21
-80.0272629999999907
0
LINE
8
BLACK
6
CONTINUOUS
10
160.8664809999999932
20
-80.0272629999999907
11
160.8694999999999879
21
-80.0021210000000025
0
LINE
8
BLACK
6
CONTINUOUS
10
160.8694999999999879
20
-80.0021210000000025
11
160.8694999999999879
21
-79.4178780000000017
0
LINE
8
BLACK
6
CONTINUOUS
10
160.8694999999999879
20
-79.4178780000000017
11
160.8591179999999952
21
-79.3314269999999908
0
LINE
8
BLACK
6
CONTINUOUS
10
160.8591179999999952
20
-79.3314269999999908
11
160.8591169999999977
21
-79.3314249999999959
0
LINE
8
BLACK
6
CONTINUOUS
10
160.8591169999999977
20
-79.3314249999999959
11
160.8591169999999977
21
-79.3314230000000009
0
LINE
8
BLACK
6
CONTINUOUS
10
160.8591169999999977
20
-79.3314230000000009
11
160.8048619999999858
21
-79.1938419999999894
0
LINE
8
BLACK
6
CONTINUOUS
10
160.8048619999999858
20
-79.1938419999999894
11
160.790931999999998
21
-79.1754729999999967
0
LINE
8
BLACK
6
CONTINUOUS
10
160.790931999999998
20
-79.1754729999999967
11
160.7448849999999823
21
-79.1147500000000008
0
LINE
8
BLACK
6
CONTINUOUS
10
160.7448849999999823
20
-79.1147500000000008
11
160.7278129999999976
21
-79.0922379999999947
0
LINE
8
BLACK
6
CONTINUOUS
10
160.7278129999999976
20
-79.0922379999999947
11
160.7183129999999949
21
-79.0559590000000014
0
LINE
8
BLACK
6
CONTINUOUS
10
160.7183129999999949
20
-79.0559590000000014
11
160.7372479999999939
21
-79.0235890000000012
0
LINE
8
BLACK
6
CONTINUOUS
10
160.7372479999999939
20
-79.0235890000000012
11
160.845499999999987
21
-78.9414999999999907
0
LINE
8
BLACK
6
CONTINUOUS
10
160.845499999999987
20
-78.9414999999999907
11
160.9348619999999812
21
-78.8236579999999947
0
LINE
8
BLACK
6
CONTINUOUS
10
160.9348619999999812
20
-78.8236579999999947
11
160.9891169999999931
21
-78.6860769999999974
0
LINE
8
BLACK
6
CONTINUOUS
10
160.9891169999999931
20
-78.6860769999999974
11
160.9920089999999959
21
-78.6619999999999919
0
LINE
8
BLACK
6
CONTINUOUS
10
160.9920089999999959
20
-78.6619999999999919
11
160.9994999999999834
21
-78.5996209999999991
0
LINE
8
BLACK
6
CONTINUOUS
10
160.9994999999999834
20
-78.5996209999999991
11
160.9994999999999834
21
-78.0403779999999898
0
LINE
8
BLACK
6
CONTINUOUS
10
160.9994999999999834
20
-78.0403779999999898
11
160.9891179999999906
21
-77.9539269999999931
0
LINE
8
BLACK
6
CONTINUOUS
10
160.9891179999999906
20
-77.9539269999999931
11
160.9891169999999931
21
-77.9539249999999981
0
LINE
8
BLACK
6
CONTINUOUS
10
160.9891169999999931
20
-77.9539249999999981
11
160.9891169999999931
21
-77.9539230000000032
0
LINE
8
BLACK
6
CONTINUOUS
10
160.9891169999999931
20
-77.9539230000000032
11
160.9348619999999812
21
-77.8163419999999917
0
LINE
8
BLACK
6
CONTINUOUS
10
160.9348619999999812
20
-77.8163419999999917
11
160.845499999999987
21
-77.6984999999999957
0
LINE
8
BLACK
6
CONTINUOUS
10
160.845499999999987
20
-77.6984999999999957
11
160.7602349999999944
21
-77.6338420000000013
0
LINE
8
BLACK
6
CONTINUOUS
10
160.7602349999999944
20
-77.6338420000000013
11
160.727659999999986
21
-77.609138999999999
0
LINE
8
BLACK
6
CONTINUOUS
10
160.727659999999986
20
-77.609138999999999
11
160.727657999999991
21
-77.6091380000000015
0
LINE
8
BLACK
6
CONTINUOUS
10
160.727657999999991
20
-77.6091380000000015
11
160.5900769999999795
21
-77.5548829999999896
0
LINE
8
BLACK
6
CONTINUOUS
10
160.5900769999999795
20
-77.5548829999999896
11
160.5900749999999846
21
-77.5548819999999921
0
LINE
8
BLACK
6
CONTINUOUS
10
160.5900749999999846
20
-77.5548819999999921
11
160.5900709999999947
21
-77.5548809999999946
0
LINE
8
BLACK
6
CONTINUOUS
10
160.5900709999999947
20
-77.5548809999999946
11
160.5900719999999922
21
-77.5548809999999946
0
LINE
8
BLACK
6
CONTINUOUS
10
160.5900719999999922
20
-77.5548809999999946
11
160.5036209999999812
21
-77.5444999999999993
0
LINE
8
BLACK
6
CONTINUOUS
10
160.5036209999999812
20
-77.5444999999999993
11
160.5036179999999888
21
-77.5444999999999993
0
LINE
8
BLACK
6
CONTINUOUS
10
160.5036179999999888
20
-77.5444999999999993
11
159.844381999999996
21
-77.5444999999999993
0
LINE
8
BLACK
6
CONTINUOUS
10
159.844381999999996
20
-77.5444999999999993
11
159.8443790000000035
21
-77.5444999999999993
0
LINE
8
BLACK
6
CONTINUOUS
10
159.8443790000000035
20
-77.5444999999999993
11
159.7579269999999951
21
-77.5548809999999946
0
LINE
8
BLACK
6
CONTINUOUS
10
159.7579269999999951
20
-77.5548809999999946
11
159.6203390000000013
21
-77.609138999999999
0
LINE
8
BLACK
6
CONTINUOUS
10
159.6203390000000013
20
-77.609138999999999
11
159.5024999999999977
21
-77.6984999999999957
0
LINE
8
BLACK
6
CONTINUOUS
10
159.5024999999999977
20
-77.6984999999999957
11
159.413139000000001
21
-77.8163389999999993
0
LINE
8
BLACK
6
CONTINUOUS
10
159.413139000000001
20
-77.8163389999999993
11
159.3588809999999967
21
-77.9539269999999931
0
LINE
8
BLACK
6
CONTINUOUS
10
159.3588809999999967
20
-77.9539269999999931
11
159.3485000000000014
21
-78.0403779999999898
0
LINE
8
BLACK
6
CONTINUOUS
10
159.3485000000000014
20
-78.0403779999999898
11
159.3485000000000014
21
-78.5996209999999991
0
LINE
8
BLACK
6
CONTINUOUS
10
159.3485000000000014
20
-78.5996209999999991
11
159.3588809999999967
21
-78.6860719999999958
0
LINE
8
BLACK
6
CONTINUOUS
10
159.3588809999999967
20
-78.6860719999999958
11
159.3588829999999916
21
-78.6860769999999974
0
LINE
8
BLACK
6
CONTINUOUS
10
159.3588829999999916
20
-78.6860769999999974
11
159.4034969999999873
21
-78.7992109999999997
0
LINE
8
BLACK
6
CONTINUOUS
10
159.4034969999999873
20
-78.7992109999999997
11
159.413139000000001
21
-78.8236599999999896
0
LINE
8
BLACK
6
CONTINUOUS
10
159.413139000000001
20
-78.8236599999999896
11
159.4250879999999881
21
-78.8394169999999974
0
LINE
8
BLACK
6
CONTINUOUS
10
159.4250879999999881
20
-78.8394169999999974
11
159.5024999999999977
21
-78.9414999999999907
0
LINE
8
BLACK
6
CONTINUOUS
10
159.5024999999999977
20
-78.9414999999999907
11
159.5211679999999888
21
-78.9556559999999905
0
LINE
8
BLACK
6
CONTINUOUS
10
159.5211679999999888
20
-78.9556559999999905
11
159.5246960000000058
21
-78.9583319999999986
0
LINE
8
BLACK
6
CONTINUOUS
10
159.5246960000000058
20
-78.9583319999999986
11
159.5436320000000023
21
-78.9907029999999963
0
LINE
8
BLACK
6
CONTINUOUS
10
159.5436320000000023
20
-78.9907029999999963
11
159.5341310000000021
21
-79.0269830000000013
0
LINE
8
BLACK
6
CONTINUOUS
10
159.5341310000000021
20
-79.0269830000000013
11
159.5246960000000058
21
-79.0364179999999976
0
LINE
8
BLACK
6
CONTINUOUS
10
159.5246960000000058
20
-79.0364179999999976
11
159.4724999999999966
21
-79.0759999999999934
0
LINE
8
BLACK
6
CONTINUOUS
10
159.4724999999999966
20
-79.0759999999999934
11
159.3831389999999999
21
-79.193838999999997
0
LINE
8
BLACK
6
CONTINUOUS
10
159.3831389999999999
20
-79.193838999999997
11
159.3288809999999955
21
-79.3314269999999908
0
LINE
8
BLACK
6
CONTINUOUS
10
159.3288809999999955
20
-79.3314269999999908
11
159.3185000000000002
21
-79.4178780000000017
0
LINE
8
BLACK
6
CONTINUOUS
10
159.3185000000000002
20
-79.4178780000000017
11
159.3185000000000002
21
-80.0021210000000025
0
LINE
8
BLACK
6
CONTINUOUS
10
181.1244599999999991
20
-84.1033469999999994
11
181.1244669999999815
21
-84.1033499999999918
0
LINE
8
BLACK
6
CONTINUOUS
10
181.1244669999999815
20
-84.1033499999999918
11
181.3129610000000014
21
-84.1605289999999968
0
LINE
8
BLACK
6
CONTINUOUS
10
181.3129610000000014
20
-84.1605289999999968
11
181.3129689999999812
21
-84.1605309999999918
0
LINE
8
BLACK
6
CONTINUOUS
10
181.3129689999999812
20
-84.1605309999999918
11
181.5089999999999861
21
-84.1798390000000012
0
LINE
8
BLACK
6
CONTINUOUS
10
181.5089999999999861
20
-84.1798390000000012
11
181.7050299999999936
21
-84.1605309999999918
0
LINE
8
BLACK
6
CONTINUOUS
10
181.7050299999999936
20
-84.1605309999999918
11
181.7050380000000018
21
-84.1605289999999968
0
LINE
8
BLACK
6
CONTINUOUS
10
181.7050380000000018
20
-84.1605289999999968
11
181.8935319999999933
21
-84.1033499999999918
0
LINE
8
BLACK
6
CONTINUOUS
10
181.8935319999999933
20
-84.1033499999999918
11
181.8935390000000041
21
-84.1033469999999994
0
LINE
8
BLACK
6
CONTINUOUS
10
181.8935390000000041
20
-84.1033469999999994
11
182.0175219999999854
21
-84.0370750000000015
0
LINE
8
BLACK
6
CONTINUOUS
10
182.0175219999999854
20
-84.0370750000000015
11
182.0175229999999829
21
-84.0370750000000015
0
LINE
8
BLACK
6
CONTINUOUS
10
182.0175229999999829
20
-84.0370750000000015
11
181.6344239999999957
21
-83.6539760000000001
0
LINE
8
BLACK
6
CONTINUOUS
10
181.6344239999999957
20
-83.6539760000000001
11
181.5801569999999856
21
-83.669910999999999
0
LINE
8
BLACK
6
CONTINUOUS
10
181.5801569999999856
20
-83.669910999999999
11
181.4378429999999867
21
-83.669910999999999
0
LINE
8
BLACK
6
CONTINUOUS
10
181.4378429999999867
20
-83.669910999999999
11
181.3835749999999791
21
-83.6539760000000001
0
LINE
8
BLACK
6
CONTINUOUS
10
181.3835749999999791
20
-83.6539760000000001
11
181.0004749999999945
21
-84.0370750000000015
0
LINE
8
BLACK
6
CONTINUOUS
10
181.0004749999999945
20
-84.0370750000000015
11
181.1244599999999991
21
-84.1033469999999994
0
LINE
8
BLACK
6
CONTINUOUS
10
180.5041609999999821
20
-83.1749999999999972
11
180.5234679999999798
21
-83.3710299999999904
0
LINE
8
BLACK
6
CONTINUOUS
10
180.5234679999999798
20
-83.3710299999999904
11
180.5234700000000032
21
-83.3710379999999986
0
LINE
8
BLACK
6
CONTINUOUS
10
180.5234700000000032
20
-83.3710379999999986
11
180.580648999999994
21
-83.5595309999999927
0
LINE
8
BLACK
6
CONTINUOUS
10
180.580648999999994
20
-83.5595309999999927
11
180.5806539999999814
21
-83.5595429999999908
0
LINE
8
BLACK
6
CONTINUOUS
10
180.5806539999999814
20
-83.5595429999999908
11
180.6469219999999893
21
-83.6835219999999964
0
LINE
8
BLACK
6
CONTINUOUS
10
180.6469219999999893
20
-83.6835219999999964
11
180.6469229999999868
21
-83.6835229999999939
0
LINE
8
BLACK
6
CONTINUOUS
10
180.6469229999999868
20
-83.6835229999999939
11
181.0274090000000058
21
-83.3030370000000033
0
LINE
8
BLACK
6
CONTINUOUS
10
181.0274090000000058
20
-83.3030370000000033
11
181.0089999999999861
21
-83.1749999999999972
0
LINE
8
BLACK
6
CONTINUOUS
10
181.0089999999999861
20
-83.1749999999999972
11
181.0274090000000058
21
-83.046960999999996
0
LINE
8
BLACK
6
CONTINUOUS
10
181.0274090000000058
20
-83.046960999999996
11
180.6469229999999868
21
-82.6664749999999913
0
LINE
8
BLACK
6
CONTINUOUS
10
180.6469229999999868
20
-82.6664749999999913
11
180.6469219999999893
21
-82.666476000000003
0
LINE
8
BLACK
6
CONTINUOUS
10
180.6469219999999893
20
-82.666476000000003
11
180.5806539999999814
21
-82.7904559999999918
0
LINE
8
BLACK
6
CONTINUOUS
10
180.5806539999999814
20
-82.7904559999999918
11
180.580648999999994
21
-82.79046799999999
0
LINE
8
BLACK
6
CONTINUOUS
10
180.580648999999994
20
-82.79046799999999
11
180.5234700000000032
21
-82.9789609999999982
0
LINE
8
BLACK
6
CONTINUOUS
10
180.5234700000000032
20
-82.9789609999999982
11
180.5234679999999798
21
-82.9789689999999922
0
LINE
8
BLACK
6
CONTINUOUS
10
180.5234679999999798
20
-82.9789689999999922
11
180.5041609999999821
21
-83.1749989999999997
0
LINE
8
BLACK
6
CONTINUOUS
10
180.5041609999999821
20
-83.1749989999999997
11
180.5041609999999821
21
-83.1749999999999972
0
LINE
8
BLACK
6
CONTINUOUS
10
181.3835749999999791
20
-82.6960229999999967
11
181.4378429999999867
21
-82.6800889999999953
0
LINE
8
BLACK
6
CONTINUOUS
10
181.4378429999999867
20
-82.6800889999999953
11
181.5801569999999856
21
-82.6800889999999953
0
LINE
8
BLACK
6
CONTINUOUS
10
181.5801569999999856
20
-82.6800889999999953
11
181.6344239999999957
21
-82.6960229999999967
0
LINE
8
BLACK
6
CONTINUOUS
10
181.6344239999999957
20
-82.6960229999999967
11
182.0175229999999829
21
-82.3129229999999978
0
LINE
8
BLACK
6
CONTINUOUS
10
182.0175229999999829
20
-82.3129229999999978
11
182.0175219999999854
21
-82.3129220000000004
0
LINE
8
BLACK
6
CONTINUOUS
10
182.0175219999999854
20
-82.3129220000000004
11
181.893542999999994
21
-82.2466539999999924
0
LINE
8
BLACK
6
CONTINUOUS
10
181.893542999999994
20
-82.2466539999999924
11
181.8935309999999959
21
-82.2466489999999908
0
LINE
8
BLACK
6
CONTINUOUS
10
181.8935309999999959
20
-82.2466489999999908
11
181.7050380000000018
21
-82.18947
0
LINE
8
BLACK
6
CONTINUOUS
10
181.7050380000000018
20
-82.18947
11
181.7050299999999936
21
-82.1894679999999909
0
LINE
8
BLACK
6
CONTINUOUS
10
181.7050299999999936
20
-82.1894679999999909
11
181.5089999999999861
21
-82.1701609999999931
0
LINE
8
BLACK
6
CONTINUOUS
10
181.5089999999999861
20
-82.1701609999999931
11
181.3129689999999812
21
-82.1894679999999909
0
LINE
8
BLACK
6
CONTINUOUS
10
181.3129689999999812
20
-82.1894679999999909
11
181.3129610000000014
21
-82.18947
0
LINE
8
BLACK
6
CONTINUOUS
10
181.3129610000000014
20
-82.18947
11
181.1244679999999789
21
-82.2466489999999908
0
LINE
8
BLACK
6
CONTINUOUS
10
181.1244679999999789
20
-82.2466489999999908
11
181.1244559999999808
21
-82.2466539999999924
0
LINE
8
BLACK
6
CONTINUOUS
10
181.1244559999999808
20
-82.2466539999999924
11
181.0004759999999919
21
-82.3129220000000004
0
LINE
8
BLACK
6
CONTINUOUS
10
181.0004759999999919
20
-82.3129220000000004
11
181.0004749999999945
21
-82.3129229999999978
0
LINE
8
BLACK
6
CONTINUOUS
10
181.0004749999999945
20
-82.3129229999999978
11
181.3835749999999791
21
-82.6960229999999967
  0
ENDSEC
  0
EOF
